frame,point_idx,x1,y1,z1,x2,y2,z2
0,0,0.5133175849914551,0.495632529258728,-0.928788423538208,0.5133175849914551,0.495632529258728,-0.928788423538208
0,1,0.5203031301498413,0.48174887895584106,-0.9063395857810974,0.5203031301498413,0.48174887895584106,-0.9063395857810974
0,2,0.5267979502677917,0.4805547297000885,-0.9062761068344116,0.5267979502677917,0.4805547297000885,-0.9062761068344116
0,3,0.5332455039024353,0.47941887378692627,-0.9065401554107666,0.5332455039024353,0.47941887378692627,-0.9065401554107666
0,4,0.4965849220752716,0.4828598201274872,-0.9152624011039734,0.4965849220752716,0.4828598201274872,-0.9152624011039734
0,5,0.4843563139438629,0.4822034537792206,-0.9154174327850342,0.4843563139438629,0.4822034537792206,-0.9154174327850342
0,6,0.47318387031555176,0.481570839881897,-0.9153708815574646,0.47318387031555176,0.481570839881897,-0.9153708815574646
0,7,0.537585973739624,0.47722071409225464,-0.6645490527153015,0.537585973739624,0.47722071409225464,-0.6645490527153015
0,8,0.4520717263221741,0.48210805654525757,-0.703198254108429,0.4520717263221741,0.48210805654525757,-0.703198254108429
0,9,0.5214803814888,0.5064352750778198,-0.8271397948265076,0.5214803814888,0.5064352750778198,-0.8271397948265076
0,10,0.4967091381549835,0.5076533555984497,-0.8385323882102966,0.4967091381549835,0.5076533555984497,-0.8385323882102966
0,11,0.5976897478103638,0.5234492421150208,-0.39420726895332336,0.5976897478103638,0.5234492421150208,-0.39420726895332336
0,12,0.3817320466041565,0.548349916934967,-0.49804890155792236,0.3817320466041565,0.548349916934967,-0.49804890155792236
0,13,0.6773064732551575,0.5800397992134094,-0.12215635925531387,0.6773064732551575,0.5800397992134094,-0.12215635925531387
0,14,0.33520233631134033,0.6363620758056641,-0.40842363238334656,0.33520233631134033,0.6363620758056641,-0.40842363238334656
0,15,0.7015042304992676,0.6505172848701477,-0.15325704216957092,0.7015042304992676,0.6505172848701477,-0.15325704216957092
0,16,0.37597525119781494,0.7093076109886169,-0.5573065280914307,0.37597525119781494,0.7093076109886169,-0.5573065280914307
0,17,0.7103882431983948,0.6730657815933228,-0.160855233669281,0.7103882431983948,0.6730657815933228,-0.160855233669281
0,18,0.37242600321769714,0.7337592244148254,-0.600709855556488,0.37242600321769714,0.7337592244148254,-0.600709855556488
0,19,0.6907764673233032,0.6706861257553101,-0.221914142370224,0.6907764673233032,0.6706861257553101,-0.221914142370224
0,20,0.401930570602417,0.7234934568405151,-0.6446537375450134,0.401930570602417,0.7234934568405151,-0.6446537375450134
0,21,0.6846241354942322,0.6636067628860474,-0.17156082391738892,0.6846241354942322,0.6636067628860474,-0.17156082391738892
0,22,0.40550851821899414,0.7143110632896423,-0.5709102749824524,0.40550851821899414,0.7143110632896423,-0.5709102749824524
0,23,0.5747523903846741,0.6786720156669617,0.015575637109577656,0.5747523903846741,0.6786720156669617,0.015575637109577656
0,24,0.4640185832977295,0.6897478699684143,-0.015970200300216675,0.4640185832977295,0.6897478699684143,-0.015970200300216675
0,25,0.6930906772613525,0.7701791524887085,-0.3419169485569,0.6930906772613525,0.7701791524887085,-0.3419169485569
0,26,0.4268675744533539,0.8027698993682861,-0.11216948181390762,0.4268675744533539,0.8027698993682861,-0.11216948181390762
0,27,0.6264786720275879,0.7772845029830933,0.030953753739595413,0.6264786720275879,0.7772845029830933,0.030953753739595413
0,28,0.5158376097679138,0.7527968287467957,0.4414915442466736,0.5158376097679138,0.7527968287467957,0.4414915442466736
0,29,0.6082426309585571,0.7720668315887451,0.07417202740907669,0.6082426309585571,0.7720668315887451,0.07417202740907669
0,30,0.5359121561050415,0.7410083413124084,0.5038833022117615,0.5359121561050415,0.7410083413124084,0.5038833022117615
0,31,0.6217809319496155,0.800876259803772,-0.01276300847530365,0.6217809319496155,0.800876259803772,-0.01276300847530365
0,32,0.5314701795578003,0.7601180076599121,0.4779081642627716,0.5314701795578003,0.7601180076599121,0.4779081642627716
1,0,0.5363674163818359,0.49648022651672363,-1.0620393753051758,0.5363674163818359,0.49648022651672363,-1.0620393753051758
1,1,0.5456844568252563,0.4817968010902405,-1.0377159118652344,0.5456844568252563,0.4817968010902405,-1.0377159118652344
1,2,0.5523325800895691,0.4804115891456604,-1.037724256515503,0.5523325800895691,0.4804115891456604,-1.037724256515503
1,3,0.5588410496711731,0.4789775311946869,-1.03797447681427,0.5588410496711731,0.4789775311946869,-1.03797447681427
1,4,0.5185822248458862,0.48302197456359863,-1.0454797744750977,0.5185822248458862,0.48302197456359863,-1.0454797744750977
1,5,0.5072977542877197,0.48216551542282104,-1.0456695556640625,0.5072977542877197,0.48216551542282104,-1.0456695556640625
1,6,0.49757325649261475,0.48131030797958374,-1.0456271171569824,0.49757325649261475,0.48131030797958374,-1.0456271171569824
1,7,0.5652992725372314,0.47545933723449707,-0.7833319306373596,0.5652992725372314,0.47545933723449707,-0.7833319306373596
1,8,0.48074522614479065,0.48108065128326416,-0.8171244859695435,0.48074522614479065,0.48108065128326416,-0.8171244859695435
1,9,0.5478312373161316,0.5071011185646057,-0.9558033347129822,0.5478312373161316,0.5071011185646057,-0.9558033347129822
1,10,0.5195567607879639,0.5085128545761108,-0.9658133387565613,0.5195567607879639,0.5085128545761108,-0.9658133387565613
1,11,0.6259046196937561,0.5254293084144592,-0.4894762635231018,0.6259046196937561,0.5254293084144592,-0.4894762635231018
1,12,0.4085472822189331,0.5458989143371582,-0.6119396686553955,0.4085472822189331,0.5458989143371582,-0.6119396686553955
1,13,0.7001389861106873,0.5840639472007751,-0.2805984616279602,0.7001389861106873,0.5840639472007751,-0.2805984616279602
1,14,0.3631872236728668,0.630756139755249,-0.5491302609443665,0.3631872236728668,0.630756139755249,-0.5491302609443665
1,15,0.7178677320480347,0.6512874960899353,-0.39141613245010376,0.7178677320480347,0.6512874960899353,-0.39141613245010376
1,16,0.40210676193237305,0.7033432722091675,-0.7230291962623596,0.40210676193237305,0.7033432722091675,-0.7230291962623596
1,17,0.723953366279602,0.6735312342643738,-0.42812487483024597,0.723953366279602,0.6735312342643738,-0.42812487483024597
1,18,0.40277886390686035,0.7271458506584167,-0.7866573333740234,0.40277886390686035,0.7271458506584167,-0.7866573333740234
1,19,0.7038228511810303,0.6711259484291077,-0.4922550618648529,0.7038228511810303,0.6711259484291077,-0.4922550618648529
1,20,0.4265536069869995,0.7203693985939026,-0.8263006210327148,0.4265536069869995,0.7203693985939026,-0.8263006210327148
1,21,0.6973035931587219,0.6641658544540405,-0.41484755277633667,0.6973035931587219,0.6641658544540405,-0.41484755277633667
1,22,0.43059587478637695,0.7124717831611633,-0.7361806035041809,0.43059587478637695,0.7124717831611633,-0.7361806035041809
1,23,0.5863348245620728,0.6738730072975159,0.029595497995615005,0.5863348245620728,0.6738730072975159,0.029595497995615005
1,24,0.47618386149406433,0.6790902018547058,-0.03006824478507042,0.47618386149406433,0.6790902018547058,-0.03006824478507042
1,25,0.7015162110328674,0.7643703818321228,-0.12274078279733658,0.7015162110328674,0.7643703818321228,-0.12274078279733658
1,26,0.4096803665161133,0.769001305103302,0.032566577196121216,0.4096803665161133,0.769001305103302,0.032566577196121216
1,27,0.6565473079681396,0.7504318356513977,0.45593562722206116,0.6565473079681396,0.7504318356513977,0.45593562722206116
1,28,0.35319411754608154,0.730305016040802,0.6382128000259399,0.35319411754608154,0.730305016040802,0.6382128000259399
1,29,0.6385212540626526,0.7438262701034546,0.5207020044326782,0.6385212540626526,0.7438262701034546,0.5207020044326782
1,30,0.36102160811424255,0.7242881655693054,0.7055967450141907,0.36102160811424255,0.7242881655693054,0.7055967450141907
1,31,0.6810194253921509,0.772197961807251,0.4905022978782654,0.6810194253921509,0.772197961807251,0.4905022978782654
1,32,0.2831888794898987,0.7408419251441956,0.6956384778022766,0.2831888794898987,0.7408419251441956,0.6956384778022766
2,0,0.5631430149078369,0.4904303252696991,-0.9251627326011658,0.5631430149078369,0.4904303252696991,-0.9251627326011658
2,1,0.5728339552879333,0.4755600690841675,-0.8982140421867371,0.5728339552879333,0.4755600690841675,-0.8982140421867371
2,2,0.5794867873191833,0.47458094358444214,-0.8982430100440979,0.5794867873191833,0.47458094358444214,-0.8982430100440979
2,3,0.5854097008705139,0.47357386350631714,-0.8984367251396179,0.5854097008705139,0.47357386350631714,-0.8984367251396179
2,4,0.5457605719566345,0.476418137550354,-0.9074596762657166,0.5457605719566345,0.476418137550354,-0.9074596762657166
2,5,0.5337878465652466,0.4756543040275574,-0.9076138138771057,0.5337878465652466,0.4756543040275574,-0.9076138138771057
2,6,0.5238290429115295,0.4747394919395447,-0.9076007008552551,0.5238290429115295,0.4747394919395447,-0.9076007008552551
2,7,0.591755747795105,0.472262442111969,-0.6507852673530579,0.591755747795105,0.472262442111969,-0.6507852673530579
2,8,0.5080758929252625,0.47571396827697754,-0.6935333609580994,0.5080758929252625,0.47571396827697754,-0.6935333609580994
2,9,0.5727331638336182,0.5021440982818604,-0.8238717913627625,0.5727331638336182,0.5021440982818604,-0.8238717913627625
2,10,0.5446357131004333,0.5026453733444214,-0.8363392353057861,0.5446357131004333,0.5026453733444214,-0.8363392353057861
2,11,0.6540045738220215,0.5267311334609985,-0.3866153955459595,0.6540045738220215,0.5267311334609985,-0.3866153955459595
2,12,0.4323730170726776,0.5437737107276917,-0.5189439654350281,0.4323730170726776,0.5437737107276917,-0.5189439654350281
2,13,0.7168111205101013,0.5864851474761963,-0.18570910394191742,0.7168111205101013,0.5864851474761963,-0.18570910394191742
2,14,0.38464686274528503,0.6273109316825867,-0.44040393829345703,0.38464686274528503,0.6273109316825867,-0.44040393829345703
2,15,0.730334460735321,0.6516168117523193,-0.30908867716789246,0.730334460735321,0.6516168117523193,-0.30908867716789246
2,16,0.41549885272979736,0.7012288570404053,-0.6062091588973999,0.41549885272979736,0.7012288570404053,-0.6062091588973999
2,17,0.7322272062301636,0.6745652556419373,-0.33531707525253296,0.7322272062301636,0.6745652556419373,-0.33531707525253296
2,18,0.4106648862361908,0.7238741517066956,-0.6610321402549744,0.4106648862361908,0.7238741517066956,-0.6610321402549744
2,19,0.7151412963867188,0.6705386638641357,-0.40315866470336914,0.7151412963867188,0.6705386638641357,-0.40315866470336914
2,20,0.43827736377716064,0.7170983552932739,-0.7028293609619141,0.43827736377716064,0.7170983552932739,-0.7028293609619141
2,21,0.71072918176651,0.6634951233863831,-0.3339022696018219,0.71072918176651,0.6634951233863831,-0.3339022696018219
2,22,0.4412824511528015,0.7087950706481934,-0.6197193264961243,0.4412824511528015,0.7087950706481934,-0.6197193264961243
2,23,0.6078759431838989,0.6801252365112305,0.03817032277584076,0.6078759431838989,0.6801252365112305,0.03817032277584076
2,24,0.49557092785835266,0.681182324886322,-0.03889118880033493,0.49557092785835266,0.681182324886322,-0.03889118880033493
2,25,0.7313587069511414,0.7827635407447815,-0.07897991687059402,0.7313587069511414,0.7827635407447815,-0.07897991687059402
2,26,0.3930243253707886,0.7807849049568176,-0.0864141434431076,0.3930243253707886,0.7807849049568176,-0.0864141434431076
2,27,0.670222282409668,0.7431278824806213,0.49890756607055664,0.670222282409668,0.7431278824806213,0.49890756607055664
2,28,0.3949330151081085,0.7238834500312805,0.5194558501243591,0.3949330151081085,0.7238834500312805,0.5194558501243591
2,29,0.6531203985214233,0.7305839657783508,0.5668872594833374,0.6531203985214233,0.7305839657783508,0.5668872594833374
2,30,0.40995660424232483,0.7134064435958862,0.5911891460418701,0.40995660424232483,0.7134064435958862,0.5911891460418701
2,31,0.6791671514511108,0.7601531744003296,0.5934807658195496,0.6791671514511108,0.7601531744003296,0.5934807658195496
2,32,0.36383670568466187,0.7309871912002563,0.6291350722312927,0.36383670568466187,0.7309871912002563,0.6291350722312927
3,0,0.581947386264801,0.4891974627971649,-0.9778110980987549,0.581947386264801,0.4891974627971649,-0.9778110980987549
3,1,0.5926370024681091,0.47555410861968994,-0.9492741823196411,0.5926370024681091,0.47555410861968994,-0.9492741823196411
3,2,0.5992792844772339,0.4751335382461548,-0.9492731690406799,0.5992792844772339,0.4751335382461548,-0.9492731690406799
3,3,0.6059396266937256,0.4746941924095154,-0.9494566917419434,0.6059396266937256,0.4746941924095154,-0.9494566917419434
3,4,0.566973865032196,0.47494083642959595,-0.9576730728149414,0.566973865032196,0.47494083642959595,-0.9576730728149414
3,5,0.5565797686576843,0.47416940331459045,-0.957858681678772,0.5565797686576843,0.47416940331459045,-0.957858681678772
3,6,0.5473986268043518,0.4733195900917053,-0.9578700661659241,0.5473986268043518,0.4733195900917053,-0.9578700661659241
3,7,0.6136789321899414,0.4741969108581543,-0.6891670823097229,0.6136789321899414,0.4741969108581543,-0.6891670823097229
3,8,0.5335816144943237,0.4742951989173889,-0.724101722240448,0.5335816144943237,0.4742951989173889,-0.724101722240448
3,9,0.591741144657135,0.500221848487854,-0.8717628717422485,0.591741144657135,0.500221848487854,-0.8717628717422485
3,10,0.5626856684684753,0.49937477707862854,-0.8820424675941467,0.5626856684684753,0.49937477707862854,-0.8820424675941467
3,11,0.6699801087379456,0.524175226688385,-0.40306591987609863,0.6699801087379456,0.524175226688385,-0.40306591987609863
3,12,0.453412801027298,0.5384742617607117,-0.5331194400787354,0.453412801027298,0.5384742617607117,-0.5331194400787354
3,13,0.7264022827148438,0.5864814519882202,-0.2225150316953659,0.7264022827148438,0.5864814519882202,-0.2225150316953659
3,14,0.4085965156555176,0.6226220726966858,-0.48190200328826904,0.4085965156555176,0.6226220726966858,-0.48190200328826904
3,15,0.7395408153533936,0.6522709131240845,-0.39811959862709045,0.7395408153533936,0.6522709131240845,-0.39811959862709045
3,16,0.4363114833831787,0.6935823559761047,-0.6799336075782776,0.4363114833831787,0.6935823559761047,-0.6799336075782776
3,17,0.7432290315628052,0.6740687489509583,-0.4427091181278229,0.7432290315628052,0.6740687489509583,-0.4427091181278229
3,18,0.4319014847278595,0.7172125577926636,-0.7466568946838379,0.4319014847278595,0.7172125577926636,-0.7466568946838379
3,19,0.7251537442207336,0.6716408729553223,-0.5114251375198364,0.7251537442207336,0.6716408729553223,-0.5114251375198364
3,20,0.45539426803588867,0.71295565366745,-0.7888751029968262,0.45539426803588867,0.71295565366745,-0.7888751029968262
3,21,0.7197328805923462,0.6656684875488281,-0.4255990982055664,0.7197328805923462,0.6656684875488281,-0.4255990982055664
3,22,0.46084851026535034,0.7061331868171692,-0.6938794255256653,0.46084851026535034,0.7061331868171692,-0.6938794255256653
3,23,0.608527421951294,0.6788586974143982,0.034813739359378815,0.608527421951294,0.6788586974143982,0.034813739359378815
3,24,0.5022387504577637,0.6733604073524475,-0.03545214235782623,0.5022387504577637,0.6733604073524475,-0.03545214235782623
3,25,0.7228991985321045,0.7855650186538696,-0.17696411907672882,0.7228991985321045,0.7855650186538696,-0.17696411907672882
3,26,0.41340750455856323,0.7292003035545349,-0.11211088299751282,0.41340750455856323,0.7292003035545349,-0.11211088299751282
3,27,0.6625180244445801,0.7715772390365601,0.3695926070213318,0.6625180244445801,0.7715772390365601,0.3695926070213318
3,28,0.3572379946708679,0.721072256565094,0.4853062629699707,0.3572379946708679,0.721072256565094,0.4853062629699707
3,29,0.6457323431968689,0.7616624236106873,0.429165780544281,0.6457323431968689,0.7616624236106873,0.429165780544281
3,30,0.36704152822494507,0.717258632183075,0.5498104691505432,0.36704152822494507,0.717258632183075,0.5498104691505432
3,31,0.6658065915107727,0.8002456426620483,0.38202816247940063,0.6658065915107727,0.8002456426620483,0.38202816247940063
3,32,0.2948971390724182,0.7443451285362244,0.5241152048110962,0.2948971390724182,0.7443451285362244,0.5241152048110962
4,0,0.6095490455627441,0.48592284321784973,-0.9325318336486816,0.6095490455627441,0.48592284321784973,-0.9325318336486816
4,1,0.6196789741516113,0.4722023010253906,-0.899761438369751,0.6196789741516113,0.4722023010253906,-0.899761438369751
4,2,0.626089334487915,0.4719807505607605,-0.899789035320282,0.626089334487915,0.4719807505607605,-0.899789035320282
4,3,0.6320024132728577,0.47180092334747314,-0.8999878168106079,0.6320024132728577,0.47180092334747314,-0.8999878168106079
4,4,0.5945442914962769,0.47090965509414673,-0.9154809713363647,0.5945442914962769,0.47090965509414673,-0.9154809713363647
4,5,0.5838460326194763,0.46993741393089294,-0.9156669974327087,0.5838460326194763,0.46993741393089294,-0.9156669974327087
4,6,0.5740305185317993,0.46893125772476196,-0.91567462682724,0.5740305185317993,0.46893125772476196,-0.91567462682724
4,7,0.6355988383293152,0.4716509282588959,-0.6297306418418884,0.6355988383293152,0.4716509282588959,-0.6297306418418884
4,8,0.5552653670310974,0.4703083038330078,-0.6996782422065735,0.5552653670310974,0.4703083038330078,-0.6996782422065735
4,9,0.6164802312850952,0.4972834289073944,-0.8234508633613586,0.6164802312850952,0.4972834289073944,-0.8234508633613586
4,10,0.5890665054321289,0.4956563711166382,-0.8436984419822693,0.5890665054321289,0.4956563711166382,-0.8436984419822693
4,11,0.6807955503463745,0.5223356485366821,-0.34680306911468506,0.6807955503463745,0.5223356485366821,-0.34680306911468506
4,12,0.46996641159057617,0.5330822467803955,-0.5378565192222595,0.46996641159057617,0.5330822467803955,-0.5378565192222595
4,13,0.7361035346984863,0.5857840776443481,-0.1693664938211441,0.7361035346984863,0.5857840776443481,-0.1693664938211441
4,14,0.4201156497001648,0.6175629496574402,-0.48478227853775024,0.4201156497001648,0.6175629496574402,-0.48478227853775024
4,15,0.746022641658783,0.6527268290519714,-0.34830912947654724,0.746022641658783,0.6527268290519714,-0.34830912947654724
4,16,0.4502726197242737,0.6920418739318848,-0.6518687605857849,0.4502726197242737,0.6920418739318848,-0.6518687605857849
4,17,0.7498264312744141,0.6743475794792175,-0.3906349539756775,0.7498264312744141,0.6743475794792175,-0.3906349539756775
4,18,0.4469873011112213,0.7143868803977966,-0.7155462503433228,0.4469873011112213,0.7143868803977966,-0.7155462503433228
4,19,0.7325214743614197,0.6707262396812439,-0.4581061005592346,0.7325214743614197,0.6707262396812439,-0.4581061005592346
4,20,0.47189995646476746,0.7099447846412659,-0.7564605474472046,0.47189995646476746,0.7099447846412659,-0.7564605474472046
4,21,0.7280922532081604,0.6645541787147522,-0.375709593296051,0.7280922532081604,0.6645541787147522,-0.375709593296051
4,22,0.4764102101325989,0.7033752799034119,-0.6645436882972717,0.4764102101325989,0.7033752799034119,-0.6645436882972717
4,23,0.6071916818618774,0.6781989336013794,0.06589143723249435,0.6071916818618774,0.6781989336013794,0.06589143723249435
4,24,0.5040740966796875,0.6713904142379761,-0.06665211170911789,0.5040740966796875,0.6713904142379761,-0.06665211170911789
4,25,0.7121027708053589,0.7891542911529541,-0.11143263429403305,0.7121027708053589,0.7891542911529541,-0.11143263429403305
4,26,0.4238738417625427,0.7354408502578735,-0.18252794444561005,0.4238738417625427,0.7354408502578735,-0.18252794444561005
4,27,0.6358417272567749,0.7681463956832886,0.4900968670845032,0.6358417272567749,0.7681463956832886,0.4900968670845032
4,28,0.33337274193763733,0.7142496705055237,0.43085139989852905,0.33337274193763733,0.7142496705055237,0.43085139989852905
4,29,0.6208046078681946,0.7562668919563293,0.5566375255584717,0.6208046078681946,0.7562668919563293,0.5566375255584717
4,30,0.3383908271789551,0.7067816853523254,0.4986652135848999,0.3383908271789551,0.7067816853523254,0.4986652135848999
4,31,0.6319228410720825,0.796837329864502,0.5485824942588806,0.6319228410720825,0.796837329864502,0.5485824942588806
4,32,0.2631140351295471,0.7372663021087646,0.49798110127449036,0.2631140351295471,0.7372663021087646,0.49798110127449036
5,0,0.6287949681282043,0.48230570554733276,-0.9361316561698914,0.6287949681282043,0.48230570554733276,-0.9361316561698914
5,1,0.6375322937965393,0.46867993474006653,-0.9019947052001953,0.6375322937965393,0.46867993474006653,-0.9019947052001953
5,2,0.6430637240409851,0.4685148596763611,-0.9019463062286377,0.6430637240409851,0.4685148596763611,-0.9019463062286377
5,3,0.6483434438705444,0.4683796763420105,-0.9021399617195129,0.6483434438705444,0.4683796763420105,-0.9021399617195129
5,4,0.6145545244216919,0.46713829040527344,-0.9240752458572388,0.6145545244216919,0.46713829040527344,-0.9240752458572388
5,5,0.6040846109390259,0.466022789478302,-0.9243009090423584,0.6040846109390259,0.466022789478302,-0.9243009090423584
5,6,0.5941981077194214,0.46503710746765137,-0.9243453741073608,0.5941981077194214,0.46503710746765137,-0.9243453741073608
5,7,0.6494312286376953,0.46880042552948,-0.6295052766799927,0.6494312286376953,0.46880042552948,-0.6295052766799927
5,8,0.573661208152771,0.46721363067626953,-0.7286454439163208,0.573661208152771,0.46721363067626953,-0.7286454439163208
5,9,0.6342063546180725,0.4938610792160034,-0.8260970115661621,0.6342063546180725,0.4938610792160034,-0.8260970115661621
5,10,0.6097070574760437,0.49254387617111206,-0.8544982075691223,0.6097070574760437,0.49254387617111206,-0.8544982075691223
5,11,0.6896207928657532,0.5204713940620422,-0.30700141191482544,0.6896207928657532,0.5204713940620422,-0.30700141191482544
5,12,0.48118436336517334,0.5297418832778931,-0.5922709107398987,0.48118436336517334,0.5297418832778931,-0.5922709107398987
5,13,0.7373168468475342,0.5818967819213867,-0.01931356079876423,0.7373168468475342,0.5818967819213867,-0.01931356079876423
5,14,0.4244200587272644,0.6128459572792053,-0.566369354724884,0.4244200587272644,0.6128459572792053,-0.566369354724884
5,15,0.7491633892059326,0.6506186127662659,-0.08941332995891571,0.7491633892059326,0.6506186127662659,-0.08941332995891571
5,16,0.4623369574546814,0.6876872777938843,-0.7083219289779663,0.4623369574546814,0.6876872777938843,-0.7083219289779663
5,17,0.7529167532920837,0.6724331378936768,-0.09431518614292145,0.7529167532920837,0.6724331378936768,-0.09431518614292145
5,18,0.457939475774765,0.7103288769721985,-0.7659953832626343,0.457939475774765,0.7103288769721985,-0.7659953832626343
5,19,0.7368696928024292,0.6698718070983887,-0.16314426064491272,0.7368696928024292,0.6698718070983887,-0.16314426064491272
5,20,0.48960286378860474,0.7060038447380066,-0.7980062961578369,0.48960286378860474,0.7060038447380066,-0.7980062961578369
5,21,0.7319138050079346,0.6641045808792114,-0.1131223514676094,0.7319138050079346,0.6641045808792114,-0.1131223514676094
5,22,0.4933456480503082,0.7005475163459778,-0.7158244252204895,0.4933456480503082,0.7005475163459778,-0.7158244252204895
5,23,0.6076416373252869,0.6756948232650757,0.09085331857204437,0.6076416373252869,0.6756948232650757,0.09085331857204437
5,24,0.5070738792419434,0.6685523390769958,-0.0914064273238182,0.5070738792419434,0.6685523390769958,-0.0914064273238182
5,25,0.6753050088882446,0.7766181230545044,-0.2521253824234009,0.6753050088882446,0.7766181230545044,-0.2521253824234009
5,26,0.42972123622894287,0.7608970999717712,-0.33277174830436707,0.42972123622894287,0.7608970999717712,-0.33277174830436707
5,27,0.5215521454811096,0.7485426068305969,0.1812935173511505,0.5215521454811096,0.7485426068305969,0.1812935173511505
5,28,0.34887537360191345,0.7127630114555359,0.225356787443161,0.34887537360191345,0.7127630114555359,0.225356787443161
5,29,0.5063209533691406,0.734478235244751,0.23018698394298553,0.5063209533691406,0.734478235244751,0.23018698394298553
5,30,0.3552504777908325,0.6986475586891174,0.2872397303581238,0.3552504777908325,0.6986475586891174,0.2872397303581238
5,31,0.4757768213748932,0.7677962183952332,0.1893136352300644,0.4757768213748932,0.7677962183952332,0.1893136352300644
5,32,0.2864149808883667,0.7261909246444702,0.273322731256485,0.2864149808883667,0.7261909246444702,0.273322731256485
6,0,0.6500321626663208,0.4803222417831421,-0.7969335317611694,0.6500321626663208,0.4803222417831421,-0.7969335317611694
6,1,0.6564416885375977,0.4678521156311035,-0.7633342146873474,0.6564416885375977,0.4678521156311035,-0.7633342146873474
6,2,0.661003828048706,0.4674083888530731,-0.7633009552955627,0.661003828048706,0.4674083888530731,-0.7633009552955627
6,3,0.665337860584259,0.46697306632995605,-0.7634833455085754,0.665337860584259,0.46697306632995605,-0.7634833455085754
6,4,0.637646496295929,0.4666080176830292,-0.7884567975997925,0.637646496295929,0.4666080176830292,-0.7884567975997925
6,5,0.6276456117630005,0.4651343822479248,-0.7886500358581543,0.6276456117630005,0.4651343822479248,-0.7886500358581543
6,6,0.6181531548500061,0.46391791105270386,-0.7886543869972229,0.6181531548500061,0.46391791105270386,-0.7886543869972229
6,7,0.6623011827468872,0.4663708209991455,-0.5058954954147339,0.6623011827468872,0.4663708209991455,-0.5058954954147339
6,8,0.5918605327606201,0.46432727575302124,-0.6174603700637817,0.5918605327606201,0.46432727575302124,-0.6174603700637817
6,9,0.6516571044921875,0.49078911542892456,-0.6919712424278259,0.6516571044921875,0.49078911542892456,-0.6919712424278259
6,10,0.6309220790863037,0.49022427201271057,-0.7239812612533569,0.6309220790863037,0.49022427201271057,-0.7239812612533569
6,11,0.7010923027992249,0.5211451649665833,-0.2193276435136795,0.7010923027992249,0.5211451649665833,-0.2193276435136795
6,12,0.49221378564834595,0.5233660936355591,-0.4950759708881378,0.49221378564834595,0.5233660936355591,-0.4950759708881378
6,13,0.7400186061859131,0.5843053460121155,0.032559044659137726,0.7400186061859131,0.5843053460121155,0.032559044659137726
6,14,0.4249308705329895,0.6038378477096558,-0.4620381295681,0.4249308705329895,0.6038378477096558,-0.4620381295681
6,15,0.751408576965332,0.6490984559059143,-0.0732000544667244,0.751408576965332,0.6490984559059143,-0.0732000544667244
6,16,0.47270190715789795,0.6785797476768494,-0.5952594876289368,0.47270190715789795,0.6785797476768494,-0.5952594876289368
6,17,0.7538982033729553,0.6709057092666626,-0.08575376868247986,0.7538982033729553,0.6709057092666626,-0.08575376868247986
6,18,0.47478166222572327,0.7020905613899231,-0.6481803059577942,0.47478166222572327,0.7020905613899231,-0.6481803059577942
6,19,0.7394538521766663,0.6671503186225891,-0.14970529079437256,0.7394538521766663,0.6671503186225891,-0.14970529079437256
6,20,0.49966204166412354,0.6965979933738708,-0.675050675868988,0.49966204166412354,0.6965979933738708,-0.675050675868988
6,21,0.7356011271476746,0.6609196066856384,-0.09657073765993118,0.7356011271476746,0.6609196066856384,-0.09657073765993118
6,22,0.502239465713501,0.689512312412262,-0.6001060605049133,0.502239465713501,0.689512312412262,-0.6001060605049133
6,23,0.611362099647522,0.6706376671791077,0.08264543116092682,0.611362099647522,0.6706376671791077,0.08264543116092682
6,24,0.5021549463272095,0.6657118797302246,-0.08304675668478012,0.5021549463272095,0.6657118797302246,-0.08304675668478012
6,25,0.6824536919593811,0.7837753891944885,-0.2979024648666382,0.6824536919593811,0.7837753891944885,-0.2979024648666382
6,26,0.4088444113731384,0.7519697546958923,-0.30393606424331665,0.4088444113731384,0.7519697546958923,-0.30393606424331665
6,27,0.5196873545646667,0.7454360723495483,0.11472506821155548,0.5196873545646667,0.7454360723495483,0.11472506821155548
6,28,0.3463650643825531,0.7129517793655396,0.26438000798225403,0.3463650643825531,0.7129517793655396,0.26438000798225403
6,29,0.5045855641365051,0.7293119430541992,0.1643761396408081,0.5045855641365051,0.7293119430541992,0.1643761396408081
6,30,0.35643142461776733,0.7010658383369446,0.32771411538124084,0.35643142461776733,0.7010658383369446,0.32771411538124084
6,31,0.4665220379829407,0.7608528733253479,0.14547298848628998,0.4665220379829407,0.7608528733253479,0.14547298848628998
6,32,0.2818450331687927,0.7240520715713501,0.33740055561065674,0.2818450331687927,0.7240520715713501,0.33740055561065674
7,0,0.6589291095733643,0.47894686460494995,-0.8021314740180969,0.6589291095733643,0.47894686460494995,-0.8021314740180969
7,1,0.6664808392524719,0.4656936526298523,-0.7683896422386169,0.6664808392524719,0.4656936526298523,-0.7683896422386169
7,2,0.6710754632949829,0.46552711725234985,-0.7683606147766113,0.6710754632949829,0.46552711725234985,-0.7683606147766113
7,3,0.6753665804862976,0.46539607644081116,-0.7685493230819702,0.6753665804862976,0.46539607644081116,-0.7685493230819702
7,4,0.6474189758300781,0.4645969271659851,-0.7944671511650085,0.6474189758300781,0.4645969271659851,-0.7944671511650085
7,5,0.6366226077079773,0.46332889795303345,-0.794636607170105,0.6366226077079773,0.46332889795303345,-0.794636607170105
7,6,0.62631756067276,0.4622156620025635,-0.7946397662162781,0.62631756067276,0.4622156620025635,-0.7946397662162781
7,7,0.6729831099510193,0.4660431146621704,-0.5125129222869873,0.6729831099510193,0.4660431146621704,-0.5125129222869873
7,8,0.5996639728546143,0.46267199516296387,-0.628110945224762,0.5996639728546143,0.46267199516296387,-0.628110945224762
7,9,0.6601479053497314,0.4892175793647766,-0.6985849142074585,0.6601479053497314,0.4892175793647766,-0.6985849142074585
7,10,0.6388359665870667,0.487773060798645,-0.7319806218147278,0.6388359665870667,0.487773060798645,-0.7319806218147278
7,11,0.7037139534950256,0.5194422006607056,-0.2152891308069229,0.7037139534950256,0.5194422006607056,-0.2152891308069229
7,12,0.4985769987106323,0.5199227333068848,-0.518546462059021,0.4985769987106323,0.5199227333068848,-0.518546462059021
7,13,0.7393833994865417,0.5829615592956543,0.02568921074271202,0.7393833994865417,0.5829615592956543,0.02568921074271202
7,14,0.4190409183502197,0.5986527800559998,-0.5268207788467407,0.4190409183502197,0.5986527800559998,-0.5268207788467407
7,15,0.7514058351516724,0.6483385562896729,-0.060616303235292435,0.7514058351516724,0.6483385562896729,-0.060616303235292435
7,16,0.4747825562953949,0.6728335618972778,-0.6536684036254883,0.4747825562953949,0.6728335618972778,-0.6536684036254883
7,17,0.7546087503433228,0.6696553230285645,-0.07063019275665283,0.7546087503433228,0.6696553230285645,-0.07063019275665283
7,18,0.4831655025482178,0.6967861652374268,-0.7074031233787537,0.4831655025482178,0.6967861652374268,-0.7074031233787537
7,19,0.7400002479553223,0.6664164066314697,-0.13648517429828644,0.7400002479553223,0.6664164066314697,-0.13648517429828644
7,20,0.5086561441421509,0.6911506056785583,-0.7318217754364014,0.5086561441421509,0.6911506056785583,-0.7318217754364014
7,21,0.7353187799453735,0.6605503559112549,-0.08455540239810944,0.7353187799453735,0.6605503559112549,-0.08455540239810944
7,22,0.5101997256278992,0.6834410429000854,-0.6576713919639587,0.5101997256278992,0.6834410429000854,-0.6576713919639587
7,23,0.6069459915161133,0.6677362322807312,0.09316924959421158,0.6069459915161133,0.6677362322807312,0.09316924959421158
7,24,0.500424861907959,0.6638301610946655,-0.09359650313854218,0.500424861907959,0.6638301610946655,-0.09359650313854218
7,25,0.7089502811431885,0.7521635890007019,-0.2816225588321686,0.7089502811431885,0.7521635890007019,-0.2816225588321686
7,26,0.4136541485786438,0.7573220729827881,-0.23052893579006195,0.4136541485786438,0.7573220729827881,-0.23052893579006195
7,27,0.5758950114250183,0.739312469959259,0.061293166130781174,0.5758950114250183,0.739312469959259,0.061293166130781174
7,28,0.3396587371826172,0.7136805057525635,0.2815172076225281,0.3396587371826172,0.7136805057525635,0.2815172076225281
7,29,0.556984543800354,0.7299140095710754,0.10121757537126541,0.556984543800354,0.7299140095710754,0.10121757537126541
7,30,0.3513396978378296,0.7041584849357605,0.33746495842933655,0.3513396978378296,0.7041584849357605,0.33746495842933655
7,31,0.5488051772117615,0.7624818682670593,0.05331894010305405,0.5488051772117615,0.7624818682670593,0.05331894010305405
7,32,0.2589850127696991,0.724186897277832,0.32498350739479065,0.2589850127696991,0.724186897277832,0.32498350739479065
8,0,0.6625310182571411,0.47901788353919983,-0.9218558073043823,0.6625310182571411,0.47901788353919983,-0.9218558073043823
8,1,0.6706405878067017,0.4656986594200134,-0.8862857818603516,0.6706405878067017,0.4656986594200134,-0.8862857818603516
8,2,0.6752170920372009,0.46558210253715515,-0.8862871527671814,0.6752170920372009,0.46558210253715515,-0.8862871527671814
8,3,0.679646372795105,0.46560007333755493,-0.8864747285842896,0.679646372795105,0.46560007333755493,-0.8864747285842896
8,4,0.6518397927284241,0.4640282988548279,-0.9138121604919434,0.6518397927284241,0.4640282988548279,-0.9138121604919434
8,5,0.6413648128509521,0.4625631868839264,-0.9139850735664368,0.6413648128509521,0.4625631868839264,-0.9139850735664368
8,6,0.631037175655365,0.46129411458969116,-0.9140329957008362,0.631037175655365,0.46129411458969116,-0.9140329957008362
8,7,0.6777150630950928,0.46625572443008423,-0.6169494986534119,0.6777150630950928,0.46625572443008423,-0.6169494986534119
8,8,0.6055759191513062,0.4620893895626068,-0.7418943047523499,0.6055759191513062,0.4620893895626068,-0.7418943047523499
8,9,0.6638187170028687,0.4892911911010742,-0.8136274218559265,0.6638187170028687,0.4892911911010742,-0.8136274218559265
8,10,0.6426507830619812,0.4880107045173645,-0.8498685956001282,0.6426507830619812,0.4880107045173645,-0.8498685956001282
8,11,0.7068982124328613,0.5201245546340942,-0.3080797791481018,0.7068982124328613,0.5201245546340942,-0.3080797791481018
8,12,0.5032460689544678,0.5166439414024353,-0.6100409030914307,0.5032460689544678,0.5166439414024353,-0.6100409030914307
8,13,0.7358899116516113,0.5842388272285461,-0.049615032970905304,0.7358899116516113,0.5842388272285461,-0.049615032970905304
8,14,0.4158824682235718,0.5957102179527283,-0.6187824606895447,0.4158824682235718,0.5957102179527283,-0.6187824606895447
8,15,0.7491260766983032,0.648670494556427,-0.14756174385547638,0.7491260766983032,0.648670494556427,-0.14756174385547638
8,16,0.4757852554321289,0.668474555015564,-0.7706229090690613,0.4757852554321289,0.668474555015564,-0.7706229090690613
8,17,0.7528885006904602,0.6711246371269226,-0.15745909512043,0.7528885006904602,0.6711246371269226,-0.15745909512043
8,18,0.48634961247444153,0.6914466023445129,-0.8344532251358032,0.48634961247444153,0.6914466023445129,-0.8344532251358032
8,19,0.7377790212631226,0.6675167679786682,-0.22793430089950562,0.7377790212631226,0.6675167679786682,-0.22793430089950562
8,20,0.5119320750236511,0.6874790191650391,-0.8589271306991577,0.5119320750236511,0.6874790191650391,-0.8589271306991577
8,21,0.7329427003860474,0.6607653498649597,-0.17249979078769684,0.7329427003860474,0.6607653498649597,-0.17249979078769684
8,22,0.5136029720306396,0.6796368956565857,-0.7758788466453552,0.5136029720306396,0.6796368956565857,-0.7758788466453552
8,23,0.6038633584976196,0.6630171537399292,0.08822086453437805,0.6038633584976196,0.6630171537399292,0.08822086453437805
8,24,0.49797242879867554,0.6602594256401062,-0.08874082565307617,0.49797242879867554,0.6602594256401062,-0.08874082565307617
8,25,0.721996545791626,0.7636869549751282,-0.18517617881298065,0.721996545791626,0.7636869549751282,-0.18517617881298065
8,26,0.39370018243789673,0.746567964553833,-0.39145007729530334,0.39370018243789673,0.746567964553833,-0.39145007729530334
8,27,0.6153107285499573,0.751410961151123,0.23621584475040436,0.6153107285499573,0.751410961151123,0.23621584475040436
8,28,0.37516629695892334,0.7137527465820312,0.20092152059078217,0.37516629695892334,0.7137527465820312,0.20092152059078217
8,29,0.5989311933517456,0.7430214881896973,0.2836419641971588,0.5989311933517456,0.7430214881896973,0.2836419641971588
8,30,0.3854811489582062,0.7039787769317627,0.26817652583122253,0.3854811489582062,0.7039787769317627,0.26817652583122253
8,31,0.6004934310913086,0.7684515714645386,0.24908329546451569,0.6004934310913086,0.7684515714645386,0.24908329546451569
8,32,0.336201012134552,0.7235867381095886,0.2623223066329956,0.336201012134552,0.7235867381095886,0.2623223066329956
9,0,0.6660738587379456,0.4803486764431,-0.6787150502204895,0.6660738587379456,0.4803486764431,-0.6787150502204895
9,1,0.6742668151855469,0.4678301215171814,-0.646032452583313,0.6742668151855469,0.4678301215171814,-0.646032452583313
9,2,0.6789085268974304,0.46784043312072754,-0.6460126638412476,0.6789085268974304,0.46784043312072754,-0.6460126638412476
9,3,0.6832176446914673,0.4678892493247986,-0.6461936831474304,0.6832176446914673,0.4678892493247986,-0.6461936831474304
9,4,0.6564768552780151,0.4652802348136902,-0.6703720688819885,0.6564768552780151,0.4652802348136902,-0.6703720688819885
9,5,0.6462985873222351,0.46326810121536255,-0.6705111265182495,0.6462985873222351,0.46326810121536255,-0.6705111265182495
9,6,0.6365509033203125,0.4615667760372162,-0.6704985499382019,0.6365509033203125,0.4615667760372162,-0.6704985499382019
9,7,0.6808653473854065,0.4681769609451294,-0.4074884057044983,0.6808653473854065,0.4681769609451294,-0.4074884057044983
9,8,0.6093679070472717,0.461814284324646,-0.5148453712463379,0.6093679070472717,0.461814284324646,-0.5148453712463379
9,9,0.6658532619476318,0.4906996488571167,-0.5817453265190125,0.6658532619476318,0.4906996488571167,-0.5817453265190125
9,10,0.6450026035308838,0.48899370431900024,-0.6125447750091553,0.6450026035308838,0.48899370431900024,-0.6125447750091553
9,11,0.705947756767273,0.5214358568191528,-0.1547899693250656,0.705947756767273,0.5214358568191528,-0.1547899693250656
9,12,0.5046690702438354,0.5143839120864868,-0.41023775935173035,0.5046690702438354,0.5143839120864868,-0.41023775935173035
9,13,0.7272633910179138,0.5863728523254395,0.048081330955028534,0.7272633910179138,0.5863728523254395,0.048081330955028534
9,14,0.4144984781742096,0.5924461483955383,-0.4104286730289459,0.4144984781742096,0.5924461483955383,-0.4104286730289459
9,15,0.7471333742141724,0.6506243944168091,-0.08528447896242142,0.7471333742141724,0.6506243944168091,-0.08528447896242142
9,16,0.4741182327270508,0.6670116186141968,-0.5313008427619934,0.4741182327270508,0.6670116186141968,-0.5313008427619934
9,17,0.7525690793991089,0.6728788018226624,-0.1083851307630539,0.7525690793991089,0.6728788018226624,-0.1083851307630539
9,18,0.48009103536605835,0.6911545395851135,-0.5804740190505981,0.48009103536605835,0.6911545395851135,-0.5804740190505981
9,19,0.7391692399978638,0.6701586246490479,-0.1686866730451584,0.7391692399978638,0.6701586246490479,-0.1686866730451584
9,20,0.510316789150238,0.6859596371650696,-0.6056809425354004,0.510316789150238,0.6859596371650696,-0.6056809425354004
9,21,0.7336141467094421,0.6642704010009766,-0.1100352331995964,0.7336141467094421,0.6642704010009766,-0.1100352331995964
9,22,0.5098215937614441,0.6777656078338623,-0.5358498692512512,0.5098215937614441,0.6777656078338623,-0.5358498692512512
9,23,0.5982212424278259,0.6655011177062988,0.06469108164310455,0.5982212424278259,0.6655011177062988,0.06469108164310455
9,24,0.4925404191017151,0.6566307544708252,-0.0650051161646843,0.4925404191017151,0.6566307544708252,-0.0650051161646843
9,25,0.6937637329101562,0.7677143216133118,-0.3166891038417816,0.6937637329101562,0.7677143216133118,-0.3166891038417816
9,26,0.39094698429107666,0.7111477255821228,-0.2020258754491806,0.39094698429107666,0.7111477255821228,-0.2020258754491806
9,27,0.5598913431167603,0.7612706422805786,-0.014364390634000301,0.5598913431167603,0.7612706422805786,-0.014364390634000301
9,28,0.3438360095024109,0.6996567845344543,0.33083900809288025,0.3438360095024109,0.6996567845344543,0.33083900809288025
9,29,0.538466215133667,0.7519645690917969,0.021510815247893333,0.538466215133667,0.7519645690917969,0.021510815247893333
9,30,0.3524531126022339,0.6965200901031494,0.3887995779514313,0.3524531126022339,0.6965200901031494,0.3887995779514313
9,31,0.5373417139053345,0.7867571115493774,-0.02346154674887657,0.5373417139053345,0.7867571115493774,-0.02346154674887657
9,32,0.2691423296928406,0.7032691836357117,0.4009462296962738,0.2691423296928406,0.7032691836357117,0.4009462296962738
10,0,0.6684841513633728,0.48245134949684143,-0.6487172245979309,0.6684841513633728,0.48245134949684143,-0.6487172245979309
10,1,0.6755726933479309,0.46956753730773926,-0.6118025779724121,0.6755726933479309,0.46956753730773926,-0.6118025779724121
10,2,0.6794101595878601,0.46944892406463623,-0.6118287444114685,0.6794101595878601,0.46944892406463623,-0.6118287444114685
10,3,0.6829225420951843,0.4692782461643219,-0.6119825839996338,0.6829225420951843,0.4692782461643219,-0.6119825839996338
10,4,0.6592853665351868,0.4675559401512146,-0.6454941034317017,0.6592853665351868,0.4675559401512146,-0.6454941034317017
10,5,0.6497373580932617,0.4657231867313385,-0.6456417441368103,0.6497373580932617,0.4657231867313385,-0.6456417441368103
10,6,0.6396276950836182,0.46394240856170654,-0.6456812620162964,0.6396276950836182,0.46394240856170654,-0.6456812620162964
10,7,0.6766743063926697,0.46861135959625244,-0.3729887008666992,0.6766743063926697,0.46861135959625244,-0.3729887008666992
10,8,0.6103028059005737,0.4622790813446045,-0.5249486565589905,0.6103028059005737,0.4622790813446045,-0.5249486565589905
10,9,0.6665942668914795,0.4920090436935425,-0.5534568428993225,0.6665942668914795,0.4920090436935425,-0.5534568428993225
10,10,0.6477221250534058,0.4900703430175781,-0.5972117185592651,0.6477221250534058,0.4900703430175781,-0.5972117185592651
10,11,0.6997305750846863,0.5226389765739441,-0.12292367964982986,0.6997305750846863,0.5226389765739441,-0.12292367964982986
10,12,0.49826449155807495,0.5151275396347046,-0.4422754645347595,0.49826449155807495,0.5151275396347046,-0.4422754645347595
10,13,0.7217258810997009,0.5890898704528809,0.08978302776813507,0.7217258810997009,0.5890898704528809,0.08978302776813507
10,14,0.408812940120697,0.592692494392395,-0.45444515347480774,0.408812940120697,0.592692494392395,-0.45444515347480774
10,15,0.7401974201202393,0.6525979042053223,-0.030518140643835068,0.7401974201202393,0.6525979042053223,-0.030518140643835068
10,16,0.4674689769744873,0.6664079427719116,-0.5713918209075928,0.4674689769744873,0.6664079427719116,-0.5713918209075928
10,17,0.7448775768280029,0.6748100519180298,-0.0403149351477623,0.7448775768280029,0.6748100519180298,-0.0403149351477623
10,18,0.4755942225456238,0.6902135014533997,-0.6250368356704712,0.4755942225456238,0.6902135014533997,-0.6250368356704712
10,19,0.7321327924728394,0.6716301441192627,-0.10189402848482132,0.7321327924728394,0.6716301441192627,-0.10189402848482132
10,20,0.5039529204368591,0.684890866279602,-0.6441071629524231,0.5039529204368591,0.684890866279602,-0.6441071629524231
10,21,0.7261438369750977,0.6659750938415527,-0.05458928272128105,0.7261438369750977,0.6659750938415527,-0.05458928272128105
10,22,0.504796028137207,0.6774574518203735,-0.5734944939613342,0.504796028137207,0.6774574518203735,-0.5734944939613342
10,23,0.5902543067932129,0.6673624515533447,0.08722785860300064,0.5902543067932129,0.6673624515533447,0.08722785860300064
10,24,0.4859813451766968,0.6579173803329468,-0.08758930116891861,0.4859813451766968,0.6579173803329468,-0.08758930116891861
10,25,0.6886462569236755,0.7670040130615234,-0.23981444537639618,0.6886462569236755,0.7670040130615234,-0.23981444537639618
10,26,0.3675686717033386,0.7078856825828552,-0.48758789896965027,0.3675686717033386,0.7078856825828552,-0.48758789896965027
10,27,0.554648220539093,0.7571191787719727,0.06305272877216339,0.554648220539093,0.7571191787719727,0.06305272877216339
10,28,0.33065128326416016,0.6957834362983704,-0.0041442690417170525,0.33065128326416016,0.6957834362983704,-0.0041442690417170525
10,29,0.5331620573997498,0.7487300038337708,0.09756547957658768,0.5331620573997498,0.7487300038337708,0.09756547957658768
10,30,0.3388574719429016,0.69068443775177,0.050556160509586334,0.3388574719429016,0.69068443775177,0.050556160509586334
10,31,0.5359582901000977,0.776292085647583,0.06646303832530975,0.5359582901000977,0.776292085647583,0.06646303832530975
10,32,0.2808206081390381,0.7074565887451172,0.047287989407777786,0.2808206081390381,0.7074565887451172,0.047287989407777786
11,0,0.663366436958313,0.4808826744556427,-0.6928860545158386,0.663366436958313,0.4808826744556427,-0.6928860545158386
11,1,0.6698428988456726,0.4684799313545227,-0.6621311902999878,0.6698428988456726,0.4684799313545227,-0.6621311902999878
11,2,0.6738033890724182,0.46823084354400635,-0.6621240973472595,0.6738033890724182,0.46823084354400635,-0.6621240973472595
11,3,0.6775621771812439,0.4679301679134369,-0.6623027324676514,0.6775621771812439,0.4679301679134369,-0.6623027324676514
11,4,0.6530276536941528,0.465939462184906,-0.6892661452293396,0.6530276536941528,0.465939462184906,-0.6892661452293396
11,5,0.6431334614753723,0.4635903835296631,-0.6893886923789978,0.6431334614753723,0.4635903835296631,-0.6893886923789978
11,6,0.6336447596549988,0.46156078577041626,-0.6893736720085144,0.6336447596549988,0.46156078577041626,-0.6893736720085144
11,7,0.671600878238678,0.46635138988494873,-0.4318247437477112,0.671600878238678,0.46635138988494873,-0.4318247437477112
11,8,0.6058375835418701,0.46017229557037354,-0.5526607036590576,0.6058375835418701,0.46017229557037354,-0.5526607036590576
11,9,0.6614670753479004,0.4907715618610382,-0.5983589291572571,0.6614670753479004,0.4907715618610382,-0.5983589291572571
11,10,0.6419811844825745,0.48911213874816895,-0.6331253051757812,0.6419811844825745,0.48911213874816895,-0.6331253051757812
11,11,0.6967180967330933,0.523256242275238,-0.180353581905365,0.6967180967330933,0.523256242275238,-0.180353581905365
11,12,0.4932478368282318,0.514292299747467,-0.44940221309661865,0.4932478368282318,0.514292299747467,-0.44940221309661865
11,13,0.711166501045227,0.5876020193099976,0.03886490687727928,0.711166501045227,0.5876020193099976,0.03886490687727928
11,14,0.4061344265937805,0.5920684933662415,-0.4373425543308258,0.4061344265937805,0.5920684933662415,-0.4373425543308258
11,15,0.7268702983856201,0.6513368487358093,-0.07024244219064713,0.7268702983856201,0.6513368487358093,-0.07024244219064713
11,16,0.45925071835517883,0.6652398109436035,-0.5494912266731262,0.45925071835517883,0.6652398109436035,-0.5494912266731262
11,17,0.7365632057189941,0.6728435754776001,-0.08497019112110138,0.7365632057189941,0.6728435754776001,-0.08497019112110138
11,18,0.46179652214050293,0.6895211338996887,-0.596675455570221,0.46179652214050293,0.6895211338996887,-0.596675455570221
11,19,0.7249212861061096,0.6694106459617615,-0.14691878855228424,0.7249212861061096,0.6694106459617615,-0.14691878855228424
11,20,0.4914781153202057,0.6848859786987305,-0.6193394660949707,0.4914781153202057,0.6848859786987305,-0.6193394660949707
11,21,0.7186800241470337,0.6636519432067871,-0.09408038854598999,0.7186800241470337,0.6636519432067871,-0.09408038854598999
11,22,0.4940345585346222,0.677272379398346,-0.5529062747955322,0.4940345585346222,0.677272379398346,-0.5529062747955322
11,23,0.5874819755554199,0.6644535064697266,0.06946327537298203,0.5874819755554199,0.6644535064697266,0.06946327537298203
11,24,0.4778425395488739,0.6541064977645874,-0.06981681287288666,0.4778425395488739,0.6541064977645874,-0.06981681287288666
11,25,0.6819917559623718,0.7648354172706604,-0.3502902388572693,0.6819917559623718,0.7648354172706604,-0.3502902388572693
11,26,0.3652103543281555,0.7231863141059875,-0.19021360576152802,0.3652103543281555,0.7231863141059875,-0.19021360576152802
11,27,0.5595047473907471,0.751947820186615,-0.06302918493747711,0.5595047473907471,0.751947820186615,-0.06302918493747711
11,28,0.3233323395252228,0.6931266188621521,0.3772016763687134,0.3233323395252228,0.6931266188621521,0.3772016763687134
11,29,0.5403255820274353,0.743083119392395,-0.027926232665777206,0.5403255820274353,0.743083119392395,-0.027926232665777206
11,30,0.33514899015426636,0.6887596249580383,0.43855929374694824,0.33514899015426636,0.6887596249580383,0.43855929374694824
11,31,0.539588451385498,0.7732534408569336,-0.06425449997186661,0.539588451385498,0.7732534408569336,-0.06425449997186661
11,32,0.25065574049949646,0.6935500502586365,0.46525609493255615,0.25065574049949646,0.6935500502586365,0.46525609493255615
12,0,0.6574769616127014,0.48026242852211,-0.6758782267570496,0.6574769616127014,0.48026242852211,-0.6758782267570496
12,1,0.6650103330612183,0.4689326286315918,-0.6460215449333191,0.6650103330612183,0.4689326286315918,-0.6460215449333191
12,2,0.6694499254226685,0.4688485860824585,-0.6460332870483398,0.6694499254226685,0.4688485860824585,-0.6460332870483398
12,3,0.6734999418258667,0.46864908933639526,-0.6461933851242065,0.6734999418258667,0.46864908933639526,-0.6461933851242065
12,4,0.6475192308425903,0.46608608961105347,-0.6745125651359558,0.6475192308425903,0.46608608961105347,-0.6745125651359558
12,5,0.6382901072502136,0.4637390673160553,-0.6746349930763245,0.6382901072502136,0.4637390673160553,-0.6746349930763245
12,6,0.6277778744697571,0.46137821674346924,-0.6746471524238586,0.6277778744697571,0.46137821674346924,-0.6746471524238586
12,7,0.668099045753479,0.46770912408828735,-0.4156675338745117,0.668099045753479,0.46770912408828735,-0.4156675338745117
12,8,0.5985167026519775,0.4601404368877411,-0.5438622832298279,0.5985167026519775,0.4601404368877411,-0.5438622832298279
12,9,0.6563694477081299,0.49020645022392273,-0.5806607007980347,0.6563694477081299,0.49020645022392273,-0.5806607007980347
12,10,0.6356817483901978,0.4886917173862457,-0.6177529096603394,0.6356817483901978,0.4886917173862457,-0.6177529096603394
12,11,0.6879792213439941,0.5237640142440796,-0.1782163381576538,0.6879792213439941,0.5237640142440796,-0.1782163381576538
12,12,0.4856211841106415,0.5127827525138855,-0.4341468811035156,0.4856211841106415,0.5127827525138855,-0.4341468811035156
12,13,0.7005695104598999,0.5905568599700928,0.015573064796626568,0.7005695104598999,0.5905568599700928,0.015573064796626568
12,14,0.39995384216308594,0.5923522710800171,-0.41460222005844116,0.39995384216308594,0.5923522710800171,-0.41460222005844116
12,15,0.7176352739334106,0.6532086730003357,-0.12946954369544983,0.7176352739334106,0.6532086730003357,-0.12946954369544983
12,16,0.45104074478149414,0.665326714515686,-0.5452706813812256,0.45104074478149414,0.665326714515686,-0.5452706813812256
12,17,0.7264493703842163,0.6742672324180603,-0.14909644424915314,0.7264493703842163,0.6742672324180603,-0.14909644424915314
12,18,0.45333415269851685,0.6896253228187561,-0.5953197479248047,0.45333415269851685,0.6896253228187561,-0.5953197479248047
12,19,0.7164009213447571,0.6702297925949097,-0.21643905341625214,0.7164009213447571,0.6702297925949097,-0.21643905341625214
12,20,0.48175328969955444,0.6856241226196289,-0.6207259297370911,0.48175328969955444,0.6856241226196289,-0.6207259297370911
12,21,0.709946870803833,0.664166271686554,-0.1558791548013687,0.709946870803833,0.664166271686554,-0.1558791548013687
12,22,0.48535796999931335,0.6782403588294983,-0.5498536229133606,0.48535796999931335,0.6782403588294983,-0.5498536229133606
12,23,0.579266369342804,0.666649341583252,0.06272204220294952,0.579266369342804,0.666649341583252,0.06272204220294952
12,24,0.47015511989593506,0.6564195156097412,-0.06313822418451309,0.47015511989593506,0.6564195156097412,-0.06313822418451309
12,25,0.6717928051948547,0.7808346152305603,-0.2985934913158417,0.6717928051948547,0.7808346152305603,-0.2985934913158417
12,26,0.324931800365448,0.7212589979171753,-0.25734925270080566,0.324931800365448,0.7212589979171753,-0.25734925270080566
12,27,0.5718746185302734,0.7572451829910278,0.030432719737291336,0.5718746185302734,0.7572451829910278,0.030432719737291336
12,28,0.3357487916946411,0.6943970322608948,0.2222106009721756,0.3357487916946411,0.6943970322608948,0.2222106009721756
12,29,0.5574309229850769,0.745757520198822,0.07106423377990723,0.5574309229850769,0.745757520198822,0.07106423377990723
12,30,0.3534041941165924,0.6888258457183838,0.2774257957935333,0.3534041941165924,0.6888258457183838,0.2774257957935333
12,31,0.5500330924987793,0.7733193039894104,0.05073083937168121,0.5500330924987793,0.7733193039894104,0.05073083937168121
12,32,0.27460935711860657,0.6973171234130859,0.29633811116218567,0.27460935711860657,0.6973171234130859,0.29633811116218567
13,0,0.6527750492095947,0.48153847455978394,-0.7224035859107971,0.6527750492095947,0.48153847455978394,-0.7224035859107971
13,1,0.6595674753189087,0.4706149697303772,-0.6920812726020813,0.6595674753189087,0.4706149697303772,-0.6920812726020813
13,2,0.6633546352386475,0.470546692609787,-0.6920507550239563,0.6633546352386475,0.470546692609787,-0.6920507550239563
13,3,0.6667391657829285,0.4702790677547455,-0.6922363638877869,0.6667391657829285,0.4702790677547455,-0.6922363638877869
13,4,0.6432903409004211,0.4678908884525299,-0.7210181355476379,0.6432903409004211,0.4678908884525299,-0.7210181355476379
13,5,0.6345757842063904,0.46562737226486206,-0.7211903929710388,0.6345757842063904,0.46562737226486206,-0.7211903929710388
13,6,0.6240068674087524,0.4631565809249878,-0.7211790084838867,0.6240068674087524,0.4631565809249878,-0.7211790084838867
13,7,0.6574007868766785,0.46737855672836304,-0.45726278424263,0.6574007868766785,0.46737855672836304,-0.45726278424263
13,8,0.5937440395355225,0.459439754486084,-0.5843791365623474,0.5937440395355225,0.459439754486084,-0.5843791365623474
13,9,0.649446964263916,0.49095815420150757,-0.6237424612045288,0.649446964263916,0.49095815420150757,-0.6237424612045288
13,10,0.6306167244911194,0.48987698554992676,-0.6605234146118164,0.6306167244911194,0.48987698554992676,-0.6605234146118164
13,11,0.6771383881568909,0.5211204290390015,-0.22781062126159668,0.6771383881568909,0.5211204290390015,-0.22781062126159668
13,12,0.4790039360523224,0.5121524930000305,-0.4400414228439331,0.4790039360523224,0.5121524930000305,-0.4400414228439331
13,13,0.6939587593078613,0.5905093550682068,-0.04346431791782379,0.6939587593078613,0.5905093550682068,-0.04346431791782379
13,14,0.3946840167045593,0.5924720764160156,-0.4332313537597656,0.3946840167045593,0.5924720764160156,-0.4332313537597656
13,15,0.7038224339485168,0.6598224639892578,-0.1857079714536667,0.7038224339485168,0.6598224639892578,-0.1857079714536667
13,16,0.4405559003353119,0.6695275902748108,-0.5633294582366943,0.4405559003353119,0.6695275902748108,-0.5633294582366943
13,17,0.7080215215682983,0.6819250583648682,-0.22400936484336853,0.7080215215682983,0.6819250583648682,-0.22400936484336853
13,18,0.44019004702568054,0.6917484402656555,-0.612467348575592,0.44019004702568054,0.6917484402656555,-0.612467348575592
13,19,0.7004536986351013,0.675300657749176,-0.2730688452720642,0.7004536986351013,0.675300657749176,-0.2730688452720642
13,20,0.4778720736503601,0.6863014698028564,-0.6401281356811523,0.4778720736503601,0.6863014698028564,-0.6401281356811523
13,21,0.6948966383934021,0.6699748635292053,-0.20722943544387817,0.6948966383934021,0.6699748635292053,-0.20722943544387817
13,22,0.4795006513595581,0.6804828643798828,-0.5685370564460754,0.4795006513595581,0.6804828643798828,-0.5685370564460754
13,23,0.5602036118507385,0.6596372127532959,0.015975020825862885,0.5602036118507385,0.6596372127532959,0.015975020825862885
13,24,0.4649447500705719,0.6464874744415283,-0.01626317761838436,0.4649447500705719,0.6464874744415283,-0.01626317761838436
13,25,0.6587454080581665,0.7299825549125671,-0.47283974289894104,0.6587454080581665,0.7299825549125671,-0.47283974289894104
13,26,0.3338591456413269,0.6441715359687805,0.10095109045505524,0.3338591456413269,0.6441715359687805,0.10095109045505524
13,27,0.530844509601593,0.7485488057136536,-0.2609199285507202,0.530844509601593,0.7485488057136536,-0.2609199285507202
13,28,0.2843306064605713,0.6790856122970581,0.7156431674957275,0.2843306064605713,0.6790856122970581,0.7156431674957275
13,29,0.5061326622962952,0.7445948719978333,-0.23268762230873108,0.5061326622962952,0.7445948719978333,-0.23268762230873108
13,30,0.2768561840057373,0.689407229423523,0.7779970169067383,0.2768561840057373,0.689407229423523,0.7779970169067383
13,31,0.5170071125030518,0.7736393213272095,-0.3502015769481659,0.5170071125030518,0.7736393213272095,-0.3502015769481659
13,32,0.23396596312522888,0.6892363429069519,0.7383411526679993,0.23396596312522888,0.6892363429069519,0.7383411526679993
14,0,0.6423570513725281,0.48100441694259644,-0.6228704452514648,0.6423570513725281,0.48100441694259644,-0.6228704452514648
14,1,0.6500197052955627,0.46989911794662476,-0.5919628143310547,0.6500197052955627,0.46989911794662476,-0.5919628143310547
14,2,0.6542477607727051,0.46992018818855286,-0.5919283032417297,0.6542477607727051,0.46992018818855286,-0.5919283032417297
14,3,0.6580696105957031,0.4698132872581482,-0.5920565724372864,0.6580696105957031,0.4698132872581482,-0.5920565724372864
14,4,0.6327977180480957,0.46679574251174927,-0.6249431371688843,0.6327977180480957,0.46679574251174927,-0.6249431371688843
14,5,0.6234147548675537,0.4644033908843994,-0.6251042485237122,0.6234147548675537,0.4644033908843994,-0.6251042485237122
14,6,0.6125144958496094,0.4618472456932068,-0.6251074075698853,0.6125144958496094,0.4618472456932068,-0.6251074075698853
14,7,0.6490393280982971,0.46792012453079224,-0.36295562982559204,0.6490393280982971,0.46792012453079224,-0.36295562982559204
14,8,0.5809289216995239,0.4590434432029724,-0.5102946758270264,0.5809289216995239,0.4590434432029724,-0.5102946758270264
14,9,0.6385756134986877,0.49082639813423157,-0.5279097557067871,0.6385756134986877,0.49082639813423157,-0.5279097557067871
14,10,0.6188259720802307,0.48927584290504456,-0.5702713131904602,0.6188259720802307,0.48927584290504456,-0.5702713131904602
14,11,0.6677024960517883,0.518661618232727,-0.12289994955062866,0.6677024960517883,0.518661618232727,-0.12289994955062866
14,12,0.4681229889392853,0.5125724077224731,-0.4220410883426666,0.4681229889392853,0.5125724077224731,-0.4220410883426666
14,13,0.6829555630683899,0.589867353439331,0.07578878849744797,0.6829555630683899,0.589867353439331,0.07578878849744797
14,14,0.3880939483642578,0.5925024151802063,-0.4157184660434723,0.3880939483642578,0.5925024151802063,-0.4157184660434723
14,15,0.6891657710075378,0.6600054502487183,-0.056192073971033096,0.6891657710075378,0.6600054502487183,-0.056192073971033096
14,16,0.4344967007637024,0.6682747602462769,-0.5074108839035034,0.4344967007637024,0.6682747602462769,-0.5074108839035034
14,17,0.6970126628875732,0.6784527897834778,-0.07817433774471283,0.6970126628875732,0.6784527897834778,-0.07817433774471283
14,18,0.4372677803039551,0.6906220316886902,-0.5524316430091858,0.4372677803039551,0.6906220316886902,-0.5524316430091858
14,19,0.6886019706726074,0.6764784455299377,-0.13173788785934448,0.6886019706726074,0.6764784455299377,-0.13173788785934448
14,20,0.46957069635391235,0.6844307780265808,-0.5769106149673462,0.46957069635391235,0.6844307780265808,-0.5769106149673462
14,21,0.682343602180481,0.6713734269142151,-0.07908425480127335,0.682343602180481,0.6713734269142151,-0.07908425480127335
14,22,0.47132623195648193,0.6789981722831726,-0.5108768939971924,0.47132623195648193,0.6789981722831726,-0.5108768939971924
14,23,0.5548291802406311,0.6601824164390564,0.08317120373249054,0.5548291802406311,0.6601824164390564,0.08317120373249054
14,24,0.46088650822639465,0.6499776840209961,-0.0836666151881218,0.46088650822639465,0.6499776840209961,-0.0836666151881218
14,25,0.6629397869110107,0.7519208192825317,-0.22123897075653076,0.6629397869110107,0.7519208192825317,-0.22123897075653076
14,26,0.40649381279945374,0.6664705872535706,-0.22084099054336548,0.40649381279945374,0.6664705872535706,-0.22084099054336548
14,27,0.5115473866462708,0.744770884513855,0.09218814969062805,0.5115473866462708,0.744770884513855,0.09218814969062805
14,28,0.2870844602584839,0.6785745024681091,0.28130820393562317,0.2870844602584839,0.6785745024681091,0.28130820393562317
14,29,0.48639172315597534,0.7340280413627625,0.12983009219169617,0.48639172315597534,0.7340280413627625,0.12983009219169617
14,30,0.27557581663131714,0.6799559593200684,0.3361223042011261,0.27557581663131714,0.6799559593200684,0.3361223042011261
14,31,0.4892427921295166,0.7722344398498535,0.10401707887649536,0.4892427921295166,0.7722344398498535,0.10401707887649536
14,32,0.2315014898777008,0.7072761058807373,0.3422507345676422,0.2315014898777008,0.7072761058807373,0.3422507345676422
15,0,0.6348325610160828,0.47933995723724365,-0.7194567918777466,0.6348325610160828,0.47933995723724365,-0.7194567918777466
15,1,0.6417275667190552,0.468092143535614,-0.6885892152786255,0.6417275667190552,0.468092143535614,-0.6885892152786255
15,2,0.6454372406005859,0.46808719635009766,-0.6885501742362976,0.6454372406005859,0.46808719635009766,-0.6885501742362976
15,3,0.6487555503845215,0.46789121627807617,-0.688696026802063,0.6487555503845215,0.46789121627807617,-0.688696026802063
15,4,0.6254076361656189,0.4652160406112671,-0.7209552526473999,0.6254076361656189,0.4652160406112671,-0.7209552526473999
15,5,0.6162979602813721,0.46277499198913574,-0.7211511135101318,0.6162979602813721,0.46277499198913574,-0.7211511135101318
15,6,0.6053926944732666,0.4600996971130371,-0.7211869955062866,0.6053926944732666,0.4600996971130371,-0.7211869955062866
15,7,0.6396217346191406,0.46566468477249146,-0.4535216689109802,0.6396217346191406,0.46566468477249146,-0.4535216689109802
15,8,0.574662446975708,0.4572616219520569,-0.5972875356674194,0.574662446975708,0.4572616219520569,-0.5972875356674194
15,9,0.6308715343475342,0.4889398515224457,-0.6218528151512146,0.6308715343475342,0.4889398515224457,-0.6218528151512146
15,10,0.6121915578842163,0.48788756132125854,-0.6633568406105042,0.6121915578842163,0.48788756132125854,-0.6633568406105042
15,11,0.6590035557746887,0.5175806283950806,-0.18740220367908478,0.6590035557746887,0.5175806283950806,-0.18740220367908478
15,12,0.46036186814308167,0.5113838911056519,-0.502501904964447,0.46036186814308167,0.5113838911056519,-0.502501904964447
15,13,0.6700007915496826,0.587973415851593,0.03597664833068848,0.6700007915496826,0.587973415851593,0.03597664833068848
15,14,0.3790818452835083,0.5916576385498047,-0.4967823326587677,0.3790818452835083,0.5916576385498047,-0.4967823326587677
15,15,0.6787366271018982,0.6573872566223145,-0.07120050489902496,0.6787366271018982,0.6573872566223145,-0.07120050489902496
15,16,0.431952565908432,0.6657587289810181,-0.5886721611022949,0.431952565908432,0.6657587289810181,-0.5886721611022949
15,17,0.6893573999404907,0.6753156185150146,-0.08778456598520279,0.6893573999404907,0.6753156185150146,-0.08778456598520279
15,18,0.43425291776657104,0.6883206367492676,-0.6362770795822144,0.43425291776657104,0.6883206367492676,-0.6362770795822144
15,19,0.6830315589904785,0.6737254858016968,-0.14123110473155975,0.6830315589904785,0.6737254858016968,-0.14123110473155975
15,20,0.4643462896347046,0.6832805871963501,-0.6580120325088501,0.4643462896347046,0.6832805871963501,-0.6580120325088501
15,21,0.6768335103988647,0.6678000688552856,-0.09253023564815521,0.6768335103988647,0.6678000688552856,-0.09253023564815521
15,22,0.4671359658241272,0.6764827966690063,-0.5911058187484741,0.4671359658241272,0.6764827966690063,-0.5911058187484741
15,23,0.541071891784668,0.6548033952713013,0.08315863460302353,0.541071891784668,0.6548033952713013,0.08315863460302353
15,24,0.44602805376052856,0.6444115042686462,-0.0836668387055397,0.44602805376052856,0.6444115042686462,-0.0836668387055397
15,25,0.6611192226409912,0.7325658202171326,-0.29131242632865906,0.6611192226409912,0.7325658202171326,-0.29131242632865906
15,26,0.34841614961624146,0.6458132863044739,-0.13329103589057922,0.34841614961624146,0.6458132863044739,-0.13329103589057922
15,27,0.5012722015380859,0.7278916835784912,-0.0378669835627079,0.5012722015380859,0.7278916835784912,-0.0378669835627079
15,28,0.2731618285179138,0.6767458319664001,0.4380084276199341,0.2731618285179138,0.6767458319664001,0.4380084276199341
15,29,0.4754742383956909,0.719460129737854,-0.005661814473569393,0.4754742383956909,0.719460129737854,-0.005661814473569393
15,30,0.25137436389923096,0.6771951913833618,0.49806907773017883,0.25137436389923096,0.6771951913833618,0.49806907773017883
15,31,0.4777410328388214,0.7503108978271484,-0.057615894824266434,0.4777410328388214,0.7503108978271484,-0.057615894824266434
15,32,0.231794536113739,0.6811651587486267,0.5004686713218689,0.231794536113739,0.6811651587486267,0.5004686713218689
16,0,0.6208194494247437,0.4768187403678894,-0.8364741206169128,0.6208194494247437,0.4768187403678894,-0.8364741206169128
16,1,0.6284743547439575,0.4648675322532654,-0.8040879964828491,0.6284743547439575,0.4648675322532654,-0.8040879964828491
16,2,0.6321580410003662,0.4649944603443146,-0.8040327429771423,0.6321580410003662,0.4649944603443146,-0.8040327429771423
16,3,0.6356052756309509,0.4649677872657776,-0.8041631579399109,0.6356052756309509,0.4649677872657776,-0.8041631579399109
16,4,0.6125552654266357,0.4623458683490753,-0.836604654788971,0.6125552654266357,0.4623458683490753,-0.836604654788971
16,5,0.6032012104988098,0.4604445695877075,-0.8368346095085144,0.6032012104988098,0.4604445695877075,-0.8368346095085144
16,6,0.5927039384841919,0.4585294723510742,-0.8369467258453369,0.5927039384841919,0.4585294723510742,-0.8369467258453369
16,7,0.6276988387107849,0.4635317325592041,-0.5594958662986755,0.6276988387107849,0.4635317325592041,-0.5594958662986755
16,8,0.5621063709259033,0.45597198605537415,-0.7061715722084045,0.5621063709259033,0.45597198605537415,-0.7061715722084045
16,9,0.6182950139045715,0.4863399267196655,-0.7367895245552063,0.6182950139045715,0.4863399267196655,-0.7367895245552063
16,10,0.5991507768630981,0.48414719104766846,-0.7793153524398804,0.5991507768630981,0.48414719104766846,-0.7793153524398804
16,11,0.6492469906806946,0.5144472122192383,-0.2871968448162079,0.6492469906806946,0.5144472122192383,-0.2871968448162079
16,12,0.45642057061195374,0.5082464218139648,-0.59843909740448,0.45642057061195374,0.5082464218139648,-0.59843909740448
16,13,0.6597456932067871,0.5848799347877502,-0.035556361079216,0.6597456932067871,0.5848799347877502,-0.035556361079216
16,14,0.36970067024230957,0.5879123210906982,-0.6388301253318787,0.36970067024230957,0.5879123210906982,-0.6388301253318787
16,15,0.6669201254844666,0.6509518623352051,-0.08902709186077118,0.6669201254844666,0.6509518623352051,-0.08902709186077118
16,16,0.42439159750938416,0.6632545590400696,-0.7587090730667114,0.42439159750938416,0.6632545590400696,-0.7587090730667114
16,17,0.6757886409759521,0.6714337468147278,-0.09796665608882904,0.6757886409759521,0.6714337468147278,-0.09796665608882904
16,18,0.4244758188724518,0.6884934306144714,-0.8174918293952942,0.4244758188724518,0.6884934306144714,-0.8174918293952942
16,19,0.6685082912445068,0.6702616214752197,-0.1528642475605011,0.6685082912445068,0.6702616214752197,-0.1528642475605011
16,20,0.4564996361732483,0.6826347708702087,-0.8379836678504944,0.4564996361732483,0.6826347708702087,-0.8379836678504944
16,21,0.6605211496353149,0.6643083095550537,-0.10921906679868698,0.6605211496353149,0.6643083095550537,-0.10921906679868698
16,22,0.46043825149536133,0.6756048798561096,-0.7620975971221924,0.46043825149536133,0.6756048798561096,-0.7620975971221924
16,23,0.5428130626678467,0.6461271643638611,0.06688278913497925,0.5428130626678467,0.6461271643638611,0.06688278913497925
16,24,0.438190221786499,0.636631190776825,-0.06759627163410187,0.438190221786499,0.636631190776825,-0.06759627163410187
16,25,0.6628798246383667,0.731736421585083,-0.25426235795021057,0.6628798246383667,0.731736421585083,-0.25426235795021057
16,26,0.3295319676399231,0.6273267865180969,-0.24631117284297943,0.3295319676399231,0.6273267865180969,-0.24631117284297943
16,27,0.5163262486457825,0.7330318689346313,0.10740499943494797,0.5163262486457825,0.7330318689346313,0.10740499943494797
16,28,0.26804226636886597,0.6679880619049072,0.3140651285648346,0.26804226636886597,0.6679880619049072,0.3140651285648346
16,29,0.48978540301322937,0.7262097597122192,0.1491609513759613,0.48978540301322937,0.7262097597122192,0.1491609513759613
16,30,0.2646328806877136,0.6740511059761047,0.37349212169647217,0.2646328806877136,0.6740511059761047,0.37349212169647217
16,31,0.5064590573310852,0.7564700841903687,0.07949501276016235,0.5064590573310852,0.7564700841903687,0.07949501276016235
16,32,0.21025267243385315,0.6933824419975281,0.3333941698074341,0.21025267243385315,0.6933824419975281,0.3333941698074341
17,0,0.6077162027359009,0.4741872549057007,-0.9711799025535583,0.6077162027359009,0.4741872549057007,-0.9711799025535583
17,1,0.6167927384376526,0.4627571702003479,-0.9417209625244141,0.6167927384376526,0.4627571702003479,-0.9417209625244141
17,2,0.6208884716033936,0.46274739503860474,-0.9416662454605103,0.6208884716033936,0.46274739503860474,-0.9416662454605103
17,3,0.6246780753135681,0.4625712037086487,-0.9418259859085083,0.6246780753135681,0.4625712037086487,-0.9418259859085083
17,4,0.6000571250915527,0.45990824699401855,-0.9721724987030029,0.6000571250915527,0.45990824699401855,-0.9721724987030029
17,5,0.5903424024581909,0.45775479078292847,-0.9724184274673462,0.5903424024581909,0.45775479078292847,-0.9724184274673462
17,6,0.5797028541564941,0.4556977152824402,-0.9725296497344971,0.5797028541564941,0.4556977152824402,-0.9725296497344971
17,7,0.618526041507721,0.4609858989715576,-0.6882702708244324,0.618526041507721,0.4609858989715576,-0.6882702708244324
17,8,0.5507225394248962,0.4528944790363312,-0.8265723586082458,0.5507225394248962,0.4528944790363312,-0.8265723586082458
17,9,0.6050381660461426,0.4833948016166687,-0.8655347228050232,0.6050381660461426,0.4833948016166687,-0.8655347228050232
17,10,0.5855321288108826,0.4814915955066681,-0.906034529209137,0.5855321288108826,0.4814915955066681,-0.906034529209137
17,11,0.6399177312850952,0.5076330900192261,-0.3988346457481384,0.6399177312850952,0.5076330900192261,-0.3988346457481384
17,12,0.44733279943466187,0.5033563375473022,-0.6770537495613098,0.44733279943466187,0.5033563375473022,-0.6770537495613098
17,13,0.6518505215644836,0.5755003690719604,-0.1320834457874298,0.6518505215644836,0.5755003690719604,-0.1320834457874298
17,14,0.36269283294677734,0.5860205292701721,-0.7342270016670227,0.36269283294677734,0.5860205292701721,-0.7342270016670227
17,15,0.6598148941993713,0.6450738310813904,-0.17327186465263367,0.6598148941993713,0.6450738310813904,-0.17327186465263367
17,16,0.4202524423599243,0.6605993509292603,-0.907505214214325,0.4202524423599243,0.6605993509292603,-0.907505214214325
17,17,0.6711682677268982,0.6669489741325378,-0.18990060687065125,0.6711682677268982,0.6669489741325378,-0.18990060687065125
17,18,0.42149215936660767,0.6846064925193787,-0.9784008264541626,0.42149215936660767,0.6846064925193787,-0.9784008264541626
17,19,0.6603343486785889,0.6642323136329651,-0.2424534112215042,0.6603343486785889,0.6642323136329651,-0.2424534112215042
17,20,0.4523261487483978,0.6781477332115173,-0.9989863634109497,0.4523261487483978,0.6781477332115173,-0.9989863634109497
17,21,0.652224063873291,0.6579096913337708,-0.19186437129974365,0.652224063873291,0.6579096913337708,-0.19186437129974365
17,22,0.4561850130558014,0.6712930798530579,-0.9125940799713135,0.4561850130558014,0.6712930798530579,-0.9125940799713135
17,23,0.5372674465179443,0.6369965076446533,0.04243101924657822,0.5372674465179443,0.6369965076446533,0.04243101924657822
17,24,0.4336477220058441,0.6261547803878784,-0.043203920125961304,0.4336477220058441,0.6261547803878784,-0.043203920125961304
17,25,0.662165105342865,0.7059811949729919,-0.27935701608657837,0.662165105342865,0.7059811949729919,-0.27935701608657837
17,26,0.32840391993522644,0.622612476348877,-0.025757724419236183,0.32840391993522644,0.622612476348877,-0.025757724419236183
17,27,0.5424333214759827,0.7244755625724792,0.14445127546787262,0.5424333214759827,0.7244755625724792,0.14445127546787262
17,28,0.271379292011261,0.6661729216575623,0.6499576568603516,0.271379292011261,0.6661729216575623,0.6499576568603516
17,29,0.5168328881263733,0.7216421961784363,0.19314153492450714,0.5168328881263733,0.7216421961784363,0.19314153492450714
17,30,0.2684868574142456,0.6713900566101074,0.71906977891922,0.2684868574142456,0.6713900566101074,0.71906977891922
17,31,0.5449502468109131,0.7500926852226257,0.08937638252973557,0.5449502468109131,0.7500926852226257,0.08937638252973557
17,32,0.21868881583213806,0.6925396919250488,0.6578196287155151,0.21868881583213806,0.6925396919250488,0.6578196287155151
18,0,0.5932872295379639,0.4681927561759949,-0.99190354347229,0.5932872295379639,0.4681927561759949,-0.99190354347229
18,1,0.6021679043769836,0.45611628890037537,-0.9612997174263,0.6021679043769836,0.45611628890037537,-0.9612997174263
18,2,0.6069902181625366,0.4563286304473877,-0.9612348675727844,0.6069902181625366,0.4563286304473877,-0.9612348675727844
18,3,0.6117563247680664,0.4564937949180603,-0.9613844752311707,0.6117563247680664,0.4564937949180603,-0.9613844752311707
18,4,0.5838304162025452,0.4530896544456482,-0.9878034591674805,0.5838304162025452,0.4530896544456482,-0.9878034591674805
18,5,0.5738749504089355,0.45093339681625366,-0.9880290627479553,0.5738749504089355,0.45093339681625366,-0.9880290627479553
18,6,0.5642669796943665,0.44902974367141724,-0.9881246089935303,0.5642669796943665,0.44902974367141724,-0.9881246089935303
18,7,0.6084127426147461,0.45595210790634155,-0.7055131793022156,0.6084127426147461,0.45595210790634155,-0.7055131793022156
18,8,0.5378291010856628,0.447011262178421,-0.8259913921356201,0.5378291010856628,0.447011262178421,-0.8259913921356201
18,9,0.5933606624603271,0.47789421677589417,-0.8870121836662292,0.5933606624603271,0.47789421677589417,-0.8870121836662292
18,10,0.5731760859489441,0.4758707582950592,-0.9223220944404602,0.5731760859489441,0.4758707582950592,-0.9223220944404602
18,11,0.6306478977203369,0.5047615766525269,-0.41422155499458313,0.6306478977203369,0.5047615766525269,-0.41422155499458313
18,12,0.4382367432117462,0.5003153085708618,-0.6739706993103027,0.4382367432117462,0.5003153085708618,-0.6739706993103027
18,13,0.643804669380188,0.5746866464614868,-0.14889167249202728,0.643804669380188,0.5746866464614868,-0.14889167249202728
18,14,0.35642167925834656,0.5821727514266968,-0.7147522568702698,0.35642167925834656,0.5821727514266968,-0.7147522568702698
18,15,0.6489667892456055,0.639838695526123,-0.19500473141670227,0.6489667892456055,0.639838695526123,-0.19500473141670227
18,16,0.41443923115730286,0.6575069427490234,-0.8913497924804688,0.41443923115730286,0.6575069427490234,-0.8913497924804688
18,17,0.6567829251289368,0.6590113043785095,-0.21106775104999542,0.6567829251289368,0.6590113043785095,-0.21106775104999542
18,18,0.4161764681339264,0.6809563636779785,-0.9635868668556213,0.4161764681339264,0.6809563636779785,-0.9635868668556213
18,19,0.6464322805404663,0.6558388471603394,-0.26911213994026184,0.6464322805404663,0.6558388471603394,-0.26911213994026184
18,20,0.44894805550575256,0.6733385920524597,-0.986458957195282,0.44894805550575256,0.6733385920524597,-0.986458957195282
18,21,0.6385537385940552,0.6502088308334351,-0.21453820168972015,0.6385537385940552,0.6502088308334351,-0.21453820168972015
18,22,0.45074543356895447,0.6675069332122803,-0.8968919515609741,0.45074543356895447,0.6675069332122803,-0.8968919515609741
18,23,0.5293054580688477,0.6333047151565552,0.04368468001484871,0.5293054580688477,0.6333047151565552,0.04368468001484871
18,24,0.4273684024810791,0.6250799894332886,-0.04449009895324707,0.4273684024810791,0.6250799894332886,-0.04449009895324707
18,25,0.6505764722824097,0.7078912258148193,-0.29529088735580444,0.6505764722824097,0.7078912258148193,-0.29529088735580444
18,26,0.3180081844329834,0.634342610836029,-0.1289202868938446,0.3180081844329834,0.634342610836029,-0.1289202868938446
18,27,0.5458170175552368,0.7147136926651001,0.14062978327274323,0.5458170175552368,0.7147136926651001,0.14062978327274323
18,28,0.2697620391845703,0.6597863435745239,0.54959636926651,0.2697620391845703,0.6597863435745239,0.54959636926651
18,29,0.5251516103744507,0.7103655338287354,0.190382182598114,0.5251516103744507,0.7103655338287354,0.190382182598114
18,30,0.27299171686172485,0.6646451354026794,0.6209737062454224,0.27299171686172485,0.6646451354026794,0.6209737062454224
18,31,0.5425450205802917,0.7360751628875732,0.09746799618005753,0.5425450205802917,0.7360751628875732,0.09746799618005753
18,32,0.22069454193115234,0.6843633651733398,0.5775209665298462,0.22069454193115234,0.6843633651733398,0.5775209665298462
19,0,0.5835360884666443,0.46689218282699585,-0.9474177956581116,0.5835360884666443,0.46689218282699585,-0.9474177956581116
19,1,0.5931409597396851,0.45616352558135986,-0.9202750325202942,0.5931409597396851,0.45616352558135986,-0.9202750325202942
19,2,0.5982213020324707,0.4564652144908905,-0.9202346801757812,0.5982213020324707,0.4564652144908905,-0.9202346801757812
19,3,0.6029567718505859,0.4565050005912781,-0.9203845262527466,0.6029567718505859,0.4565050005912781,-0.9203845262527466
19,4,0.5753656625747681,0.4529851973056793,-0.9434409141540527,0.5753656625747681,0.4529851973056793,-0.9434409141540527
19,5,0.5662984848022461,0.45097559690475464,-0.9436715245246887,0.5662984848022461,0.45097559690475464,-0.9436715245246887
19,6,0.5560543537139893,0.4489476680755615,-0.9437490701675415,0.5560543537139893,0.4489476680755615,-0.9437490701675415
19,7,0.5997427105903625,0.4554634690284729,-0.6767017245292664,0.5997427105903625,0.4554634690284729,-0.6767017245292664
19,8,0.5279183983802795,0.44682273268699646,-0.7808917164802551,0.5279183983802795,0.44682273268699646,-0.7808917164802551
19,9,0.5826265215873718,0.47629213333129883,-0.8456462025642395,0.5826265215873718,0.47629213333129883,-0.8456462025642395
19,10,0.5628083944320679,0.47419196367263794,-0.8762238025665283,0.5628083944320679,0.47419196367263794,-0.8762238025665283
19,11,0.6224783062934875,0.5006679892539978,-0.40634262561798096,0.6224783062934875,0.5006679892539978,-0.40634262561798096
19,12,0.43036726117134094,0.4966531991958618,-0.6317359805107117,0.43036726117134094,0.4966531991958618,-0.6317359805107117
19,13,0.6370534896850586,0.5696715712547302,-0.19810763001441956,0.6370534896850586,0.5696715712547302,-0.19810763001441956
19,14,0.35248813033103943,0.5807579159736633,-0.6593481302261353,0.35248813033103943,0.5807579159736633,-0.6593481302261353
19,15,0.6431857943534851,0.6354165077209473,-0.2906770408153534,0.6431857943534851,0.6354165077209473,-0.2906770408153534
19,16,0.4151783287525177,0.6540740132331848,-0.8275374174118042,0.4151783287525177,0.6540740132331848,-0.8275374174118042
19,17,0.6539120674133301,0.6582980751991272,-0.32311195135116577,0.6539120674133301,0.6582980751991272,-0.32311195135116577
19,18,0.41909483075141907,0.6764824390411377,-0.8982235193252563,0.41909483075141907,0.6764824390411377,-0.8982235193252563
19,19,0.6356154084205627,0.6519553065299988,-0.37564656138420105,0.6356154084205627,0.6519553065299988,-0.37564656138420105
19,20,0.44722768664360046,0.6695901155471802,-0.9210376143455505,0.44722768664360046,0.6695901155471802,-0.9210376143455505
19,21,0.6300652027130127,0.6443556547164917,-0.3109860122203827,0.6300652027130127,0.6443556547164917,-0.3109860122203827
19,22,0.4497172236442566,0.6637235283851624,-0.833168625831604,0.4497172236442566,0.6637235283851624,-0.833168625831604
19,23,0.5200743079185486,0.6304085850715637,0.03007376380264759,0.5200743079185486,0.6304085850715637,0.03007376380264759
19,24,0.4214736521244049,0.6207972764968872,-0.0307249017059803,0.4214736521244049,0.6207972764968872,-0.0307249017059803
19,25,0.6453952789306641,0.6977659463882446,-0.3024193346500397,0.6453952789306641,0.6977659463882446,-0.3024193346500397
19,26,0.3257412910461426,0.61713707447052,-0.010097546502947807,0.3257412910461426,0.61713707447052,-0.010097546502947807
19,27,0.5359773635864258,0.6931283473968506,0.11411608755588531,0.5359773635864258,0.6931283473968506,0.11411608755588531
19,28,0.27065879106521606,0.6555383801460266,0.6190510988235474,0.27065879106521606,0.6555383801460266,0.6190510988235474
19,29,0.5125928521156311,0.6869268417358398,0.16390502452850342,0.5125928521156311,0.6869268417358398,0.16390502452850342
19,30,0.2730103135108948,0.6630311608314514,0.6842195391654968,0.2730103135108948,0.6630311608314514,0.6842195391654968
19,31,0.5387829542160034,0.7122459411621094,0.08087319880723953,0.5387829542160034,0.7122459411621094,0.08087319880723953
19,32,0.22553002834320068,0.684852123260498,0.627262532711029,0.22553002834320068,0.684852123260498,0.627262532711029
20,0,0.5701856017112732,0.4629063010215759,-1.0995007753372192,0.5701856017112732,0.4629063010215759,-1.0995007753372192
20,1,0.5784847736358643,0.45226365327835083,-1.0701850652694702,0.5784847736358643,0.45226365327835083,-1.0701850652694702
20,2,0.5833407640457153,0.45278385281562805,-1.0701404809951782,0.5833407640457153,0.45278385281562805,-1.0701404809951782
20,3,0.588080883026123,0.45310908555984497,-1.070310115814209,0.588080883026123,0.45310908555984497,-1.070310115814209
20,4,0.5597540140151978,0.4484495520591736,-1.08840811252594,0.5597540140151978,0.4484495520591736,-1.08840811252594
20,5,0.5503591299057007,0.4463273286819458,-1.0886363983154297,0.5503591299057007,0.4463273286819458,-1.0886363983154297
20,6,0.5410194396972656,0.44452860951423645,-1.0887736082077026,0.5410194396972656,0.44452860951423645,-1.0887736082077026
20,7,0.5872007608413696,0.45332032442092896,-0.8107156157493591,0.5872007608413696,0.45332032442092896,-0.8107156157493591
20,8,0.5169405937194824,0.44449925422668457,-0.8917885422706604,0.5169405937194824,0.44449925422668457,-0.8917885422706604
20,9,0.5718198418617249,0.47300082445144653,-0.992920994758606,0.5718198418617249,0.47300082445144653,-0.992920994758606
20,10,0.5509430170059204,0.47087234258651733,-1.0168670415878296,0.5509430170059204,0.47087234258651733,-1.0168670415878296
20,11,0.615369439125061,0.49883487820625305,-0.5294607281684875,0.615369439125061,0.49883487820625305,-0.5294607281684875
20,12,0.42119300365448,0.4958767890930176,-0.7042019963264465,0.42119300365448,0.4958767890930176,-0.7042019963264465
20,13,0.6317901015281677,0.5651415586471558,-0.2973264157772064,0.6317901015281677,0.5651415586471558,-0.2973264157772064
20,14,0.35041677951812744,0.5786373615264893,-0.7393626570701599,0.35041677951812744,0.5786373615264893,-0.7393626570701599
20,15,0.6372466087341309,0.6319239735603333,-0.3552563190460205,0.6372466087341309,0.6319239735603333,-0.3552563190460205
20,16,0.4084206223487854,0.6528981328010559,-0.9214442372322083,0.4084206223487854,0.6528981328010559,-0.9214442372322083
20,17,0.6458534002304077,0.6546351313591003,-0.38965967297554016,0.6458534002304077,0.6546351313591003,-0.38965967297554016
20,18,0.41203880310058594,0.6762654185295105,-0.9935310482978821,0.41203880310058594,0.6762654185295105,-0.9935310482978821
20,19,0.6283274292945862,0.6496692299842834,-0.4398297667503357,0.6283274292945862,0.6496692299842834,-0.4398297667503357
20,20,0.4409429132938385,0.6663452982902527,-1.0246673822402954,0.4409429132938385,0.6663452982902527,-1.0246673822402954
20,21,0.6214969158172607,0.6420789361000061,-0.3740718364715576,0.6214969158172607,0.6420789361000061,-0.3740718364715576
20,22,0.442937433719635,0.6600296497344971,-0.9311119318008423,0.442937433719635,0.6600296497344971,-0.9311119318008423
20,23,0.5190636515617371,0.6252336502075195,0.0053920382633805275,0.5190636515617371,0.6252336502075195,0.0053920382633805275
20,24,0.4231037199497223,0.6112522482872009,-0.006165791768580675,0.4231037199497223,0.6112522482872009,-0.006165791768580675
20,25,0.6419762969017029,0.6893734931945801,-0.3099246621131897,0.6419762969017029,0.6893734931945801,-0.3099246621131897
20,26,0.32509830594062805,0.6215688586235046,0.16951818764209747,0.32509830594062805,0.6215688586235046,0.16951818764209747
20,27,0.5323158502578735,0.6888931393623352,0.18204180896282196,0.5323158502578735,0.6888931393623352,0.18204180896282196
20,28,0.270304799079895,0.6486582159996033,0.8740972876548767,0.270304799079895,0.6486582159996033,0.8740972876548767
20,29,0.5087053179740906,0.6831492185592651,0.23565712571144104,0.5087053179740906,0.6831492185592651,0.23565712571144104
20,30,0.28029710054397583,0.6606524586677551,0.9439727663993835,0.28029710054397583,0.6606524586677551,0.9439727663993835
20,31,0.5327398180961609,0.7085864543914795,0.10952381789684296,0.5327398180961609,0.7085864543914795,0.10952381789684296
20,32,0.2118912935256958,0.6729797720909119,0.850759744644165,0.2118912935256958,0.6729797720909119,0.850759744644165
21,0,0.5642809867858887,0.4598187804222107,-1.1399425268173218,0.5642809867858887,0.4598187804222107,-1.1399425268173218
21,1,0.5724742412567139,0.4479838013648987,-1.109963059425354,0.5724742412567139,0.4479838013648987,-1.109963059425354
21,2,0.578025221824646,0.4483684003353119,-1.1099237203598022,0.578025221824646,0.4483684003353119,-1.1099237203598022
21,3,0.5834065079689026,0.4486456513404846,-1.1100621223449707,0.5834065079689026,0.4486456513404846,-1.1100621223449707
21,4,0.5526219010353088,0.44485557079315186,-1.1304845809936523,0.5526219010353088,0.44485557079315186,-1.1304845809936523
21,5,0.5424233078956604,0.4429771304130554,-1.130691409111023,0.5424233078956604,0.4429771304130554,-1.130691409111023
21,6,0.5325174331665039,0.4414100646972656,-1.1308341026306152,0.5325174331665039,0.4414100646972656,-1.1308341026306152
21,7,0.5811324119567871,0.44966602325439453,-0.8464818000793457,0.5811324119567871,0.44966602325439453,-0.8464818000793457
21,8,0.5079710483551025,0.44204288721084595,-0.9388552904129028,0.5079710483551025,0.44204288721084595,-0.9388552904129028
21,9,0.5664471387863159,0.4704279601573944,-1.0323513746261597,0.5664471387863159,0.4704279601573944,-1.0323513746261597
21,10,0.5455271601676941,0.46941840648651123,-1.059601902961731,0.5455271601676941,0.46941840648651123,-1.059601902961731
21,11,0.6102266311645508,0.49493616819381714,-0.5636644959449768,0.6102266311645508,0.49493616819381714,-0.5636644959449768
21,12,0.4165305197238922,0.4962066411972046,-0.7436003684997559,0.4165305197238922,0.4962066411972046,-0.7436003684997559
21,13,0.6275129318237305,0.5607686042785645,-0.3211861550807953,0.6275129318237305,0.5607686042785645,-0.3211861550807953
21,14,0.34719181060791016,0.5773612260818481,-0.7986465096473694,0.34719181060791016,0.5773612260818481,-0.7986465096473694
21,15,0.6297882199287415,0.6266692280769348,-0.36775121092796326,0.6297882199287415,0.6266692280769348,-0.36775121092796326
21,16,0.4086926281452179,0.6501336693763733,-0.986175537109375,0.4086926281452179,0.6501336693763733,-0.986175537109375
21,17,0.6363297700881958,0.6492512822151184,-0.40076979994773865,0.6363297700881958,0.6492512822151184,-0.40076979994773865
21,18,0.41394293308258057,0.6733561158180237,-1.0649430751800537,0.41394293308258057,0.6733561158180237,-1.0649430751800537
21,19,0.6185920238494873,0.6437549591064453,-0.4522387981414795,0.6185920238494873,0.6437549591064453,-0.4522387981414795
21,20,0.4399418830871582,0.6646468639373779,-1.0931742191314697,0.4399418830871582,0.6646468639373779,-1.0931742191314697
21,21,0.6134973764419556,0.6376221776008606,-0.38615334033966064,0.6134973764419556,0.6376221776008606,-0.38615334033966064
21,22,0.44167616963386536,0.6588343977928162,-0.9955153465270996,0.44167616963386536,0.6588343977928162,-0.9955153465270996
21,23,0.5184308886528015,0.619742751121521,0.010456239804625511,0.5184308886528015,0.619742751121521,0.010456239804625511
21,24,0.42024046182632446,0.609174370765686,-0.011252854950726032,0.42024046182632446,0.609174370765686,-0.011252854950726032
21,25,0.6184635162353516,0.6865230798721313,-0.26576146483421326,0.6184635162353516,0.6865230798721313,-0.26576146483421326
21,26,0.32527297735214233,0.6143313050270081,0.049522701650857925,0.32527297735214233,0.6143313050270081,0.049522701650857925
21,27,0.5192935466766357,0.6965761780738831,0.26884573698043823,0.5192935466766357,0.6965761780738831,0.26884573698043823
21,28,0.27026909589767456,0.6485653519630432,0.719348669052124,0.27026909589767456,0.6485653519630432,0.719348669052124
21,29,0.4970870912075043,0.6922764778137207,0.3252689242362976,0.4970870912075043,0.6922764778137207,0.3252689242362976
21,30,0.2740328311920166,0.6598960161209106,0.7862883806228638,0.2740328311920166,0.6598960161209106,0.7862883806228638
21,31,0.5197038054466248,0.7197294235229492,0.19729097187519073,0.5197038054466248,0.7197294235229492,0.19729097187519073
21,32,0.21811410784721375,0.6547418832778931,0.6821829080581665,0.21811410784721375,0.6547418832778931,0.6821829080581665
22,0,0.5575118064880371,0.4597547650337219,-1.1460148096084595,0.5575118064880371,0.4597547650337219,-1.1460148096084595
22,1,0.5660620331764221,0.4486770033836365,-1.1182050704956055,0.5660620331764221,0.4486770033836365,-1.1182050704956055
22,2,0.5710157155990601,0.44895049929618835,-1.1181244850158691,0.5710157155990601,0.44895049929618835,-1.1181244850158691
22,3,0.5756663084030151,0.4490511417388916,-1.1182805299758911,0.5756663084030151,0.4490511417388916,-1.1182805299758911
22,4,0.5483862161636353,0.4461885094642639,-1.1381618976593018,0.5483862161636353,0.4461885094642639,-1.1381618976593018
22,5,0.5396283864974976,0.44470280408859253,-1.138439416885376,0.5396283864974976,0.44470280408859253,-1.138439416885376
22,6,0.5305216312408447,0.4433596730232239,-1.1385728120803833,0.5305216312408447,0.4433596730232239,-1.1385728120803833
22,7,0.5731121301651001,0.44939279556274414,-0.8564093708992004,0.5731121301651001,0.44939279556274414,-0.8564093708992004
22,8,0.5041365623474121,0.44345855712890625,-0.9455839991569519,0.5041365623474121,0.44345855712890625,-0.9455839991569519
22,9,0.5580629110336304,0.46974602341651917,-1.036527395248413,0.5580629110336304,0.46974602341651917,-1.036527395248413
22,10,0.5387742519378662,0.46826159954071045,-1.0629411935806274,0.5387742519378662,0.46826159954071045,-1.0629411935806274
22,11,0.6039627194404602,0.49461472034454346,-0.5709514021873474,0.6039627194404602,0.49461472034454346,-0.5709514021873474
22,12,0.4081767201423645,0.4960716664791107,-0.7499884366989136,0.4081767201423645,0.4960716664791107,-0.7499884366989136
22,13,0.6320748925209045,0.5596920251846313,-0.34301677346229553,0.6320748925209045,0.5596920251846313,-0.34301677346229553
22,14,0.3446420133113861,0.5792298316955566,-0.784143328666687,0.3446420133113861,0.5792298316955566,-0.784143328666687
22,15,0.629385232925415,0.6260727643966675,-0.4286831021308899,0.629385232925415,0.6260727643966675,-0.4286831021308899
22,16,0.4048234522342682,0.6493494510650635,-0.972518265247345,0.4048234522342682,0.6493494510650635,-0.972518265247345
22,17,0.6302205920219421,0.645473301410675,-0.4750818908214569,0.6302205920219421,0.645473301410675,-0.4750818908214569
22,18,0.4123073220252991,0.671329915523529,-1.0518758296966553,0.4123073220252991,0.671329915523529,-1.0518758296966553
22,19,0.6167450547218323,0.6414617896080017,-0.5202909111976624,0.6167450547218323,0.6414617896080017,-0.5202909111976624
22,20,0.43693414330482483,0.6625059247016907,-1.081822395324707,0.43693414330482483,0.6625059247016907,-1.081822395324707
22,21,0.6124062538146973,0.6357412338256836,-0.44625210762023926,0.6124062538146973,0.6357412338256836,-0.44625210762023926
22,22,0.4381207823753357,0.6566694974899292,-0.9819596409797668,0.4381207823753357,0.6566694974899292,-0.9819596409797668
22,23,0.517607569694519,0.619947075843811,0.00480519887059927,0.517607569694519,0.619947075843811,0.00480519887059927
22,24,0.4157788157463074,0.612971305847168,-0.005408169236034155,0.4157788157463074,0.612971305847168,-0.005408169236034155
22,25,0.6222050189971924,0.6801390051841736,-0.28957444429397583,0.6222050189971924,0.6801390051841736,-0.28957444429397583
22,26,0.3324996829032898,0.6260594129562378,0.2532990276813507,0.3324996829032898,0.6260594129562378,0.2532990276813507
22,27,0.516259491443634,0.6993876695632935,0.26609253883361816,0.516259491443634,0.6993876695632935,0.26609253883361816
22,28,0.2686365246772766,0.6515213251113892,1.0059770345687866,0.2686365246772766,0.6515213251113892,1.0059770345687866
22,29,0.4936743378639221,0.6966322660446167,0.3261663615703583,0.4936743378639221,0.6966322660446167,0.3261663615703583
22,30,0.2707202434539795,0.66018146276474,1.0814732313156128,0.2707202434539795,0.66018146276474,1.0814732313156128
22,31,0.5134611129760742,0.7268968224525452,0.188388392329216,0.5134611129760742,0.7268968224525452,0.188388392329216
22,32,0.2171163558959961,0.6839316487312317,0.9764691591262817,0.2171163558959961,0.6839316487312317,0.9764691591262817
23,0,0.5443844795227051,0.4576130509376526,-1.1724662780761719,0.5443844795227051,0.4576130509376526,-1.1724662780761719
23,1,0.5567165613174438,0.445948988199234,-1.1429301500320435,0.5567165613174438,0.445948988199234,-1.1429301500320435
23,2,0.5634737014770508,0.44625571370124817,-1.142865538597107,0.5634737014770508,0.44625571370124817,-1.142865538597107
23,3,0.569593608379364,0.44639158248901367,-1.143031358718872,0.569593608379364,0.44639158248901367,-1.143031358718872
23,4,0.5360955595970154,0.44311702251434326,-1.158366322517395,0.5360955595970154,0.44311702251434326,-1.158366322517395
23,5,0.526721179485321,0.4415028691291809,-1.1586053371429443,0.526721179485321,0.4415028691291809,-1.1586053371429443
23,6,0.5171958208084106,0.4400720000267029,-1.1587706804275513,0.5171958208084106,0.4400720000267029,-1.1587706804275513
23,7,0.5712916851043701,0.4473094344139099,-0.8789129257202148,0.5712916851043701,0.4473094344139099,-0.8789129257202148
23,8,0.492395281791687,0.44046396017074585,-0.9482636451721191,0.492395281791687,0.44046396017074585,-0.9482636451721191
23,9,0.5472796559333801,0.4680965542793274,-1.0641316175460815,0.5472796559333801,0.4680965542793274,-1.0641316175460815
23,10,0.5245864987373352,0.4657860994338989,-1.084799885749817,0.5245864987373352,0.4657860994338989,-1.084799885749817
23,11,0.6005801558494568,0.4947780966758728,-0.5834684371948242,0.6005801558494568,0.4947780966758728,-0.5834684371948242
23,12,0.402435839176178,0.49409595131874084,-0.7514459490776062,0.402435839176178,0.49409595131874084,-0.7514459490776062
23,13,0.6252790689468384,0.5589171648025513,-0.3399520814418793,0.6252790689468384,0.5589171648025513,-0.3399520814418793
23,14,0.3402264416217804,0.5761201977729797,-0.7744629979133606,0.3402264416217804,0.5761201977729797,-0.7744629979133606
23,15,0.6234907507896423,0.6235297918319702,-0.40785032510757446,0.6234907507896423,0.6235297918319702,-0.40785032510757446
23,16,0.40312325954437256,0.6466138958930969,-0.9704397320747375,0.40312325954437256,0.6466138958930969,-0.9704397320747375
23,17,0.6245013475418091,0.6440870761871338,-0.4458806812763214,0.6245013475418091,0.6440870761871338,-0.4458806812763214
23,18,0.4079723060131073,0.6694012880325317,-1.0511479377746582,0.4079723060131073,0.6694012880325317,-1.0511479377746582
23,19,0.610011100769043,0.6398564577102661,-0.4997525215148926,0.610011100769043,0.6398564577102661,-0.4997525215148926
23,20,0.4334401786327362,0.6600142121315002,-1.0823177099227905,0.4334401786327362,0.6600142121315002,-1.0823177099227905
23,21,0.6066255569458008,0.6350330114364624,-0.4280632734298706,0.6066255569458008,0.6350330114364624,-0.4280632734298706
23,22,0.4351136386394501,0.6541365385055542,-0.9810795187950134,0.4351136386394501,0.6541365385055542,-0.9810795187950134
23,23,0.5154419541358948,0.618277370929718,0.012749052606523037,0.5154419541358948,0.618277370929718,0.012749052606523037
23,24,0.41827213764190674,0.6128910779953003,-0.013387885875999928,0.41827213764190674,0.6128910779953003,-0.013387885875999928
23,25,0.6264248490333557,0.6806592345237732,-0.18576447665691376,0.6264248490333557,0.6806592345237732,-0.18576447665691376
23,26,0.3457696735858917,0.6610226035118103,0.14078225195407867,0.3457696735858917,0.6610226035118103,0.14078225195407867
23,27,0.532760500907898,0.6656242609024048,0.4032159149646759,0.532760500907898,0.6656242609024048,0.4032159149646759
23,28,0.2680381238460541,0.6505929231643677,0.8505157828330994,0.2680381238460541,0.6505929231643677,0.8505157828330994
23,29,0.5114824175834656,0.658058226108551,0.46753546595573425,0.5114824175834656,0.658058226108551,0.46753546595573425
23,30,0.28709352016448975,0.6707513332366943,0.9233508110046387,0.28709352016448975,0.6707513332366943,0.9233508110046387
23,31,0.5314865708351135,0.6826124787330627,0.3761928677558899,0.5314865708351135,0.6826124787330627,0.3761928677558899
23,32,0.2384924739599228,0.688057541847229,0.8399111032485962,0.2384924739599228,0.688057541847229,0.8399111032485962
24,0,0.5428443551063538,0.4557119607925415,-1.1630544662475586,0.5428443551063538,0.4557119607925415,-1.1630544662475586
24,1,0.5546938180923462,0.4435771107673645,-1.1385024785995483,0.5546938180923462,0.4435771107673645,-1.1385024785995483
24,2,0.5613957047462463,0.44397830963134766,-1.1384408473968506,0.5613957047462463,0.44397830963134766,-1.1384408473968506
24,3,0.5672876238822937,0.4442671239376068,-1.138594388961792,0.5672876238822937,0.4442671239376068,-1.138594388961792
24,4,0.5339751839637756,0.44072380661964417,-1.1545310020446777,0.5339751839637756,0.44072380661964417,-1.1545310020446777
24,5,0.5248623490333557,0.43914610147476196,-1.154786229133606,0.5248623490333557,0.43914610147476196,-1.154786229133606
24,6,0.5152204632759094,0.4377737045288086,-1.1549440622329712,0.5152204632759094,0.4377737045288086,-1.1549440622329712
24,7,0.5670326948165894,0.44529569149017334,-0.8842111825942993,0.5670326948165894,0.44529569149017334,-0.8842111825942993
24,8,0.48843520879745483,0.4379187226295471,-0.9552080035209656,0.48843520879745483,0.4379187226295471,-0.9552080035209656
24,9,0.546217679977417,0.46652165055274963,-1.0556198358535767,0.546217679977417,0.46652165055274963,-1.0556198358535767
24,10,0.523603081703186,0.4643588662147522,-1.0767505168914795,0.523603081703186,0.4643588662147522,-1.0767505168914795
24,11,0.6048821210861206,0.4915241599082947,-0.5949277877807617,0.6048821210861206,0.4915241599082947,-0.5949277877807617
24,12,0.3891769051551819,0.49282413721084595,-0.7604295015335083,0.3891769051551819,0.49282413721084595,-0.7604295015335083
24,13,0.6359469890594482,0.5624908804893494,-0.3875386714935303,0.6359469890594482,0.5624908804893494,-0.3875386714935303
24,14,0.3255898356437683,0.5813286900520325,-0.8015386462211609,0.3255898356437683,0.5813286900520325,-0.8015386462211609
24,15,0.6353741884231567,0.6365243196487427,-0.46780604124069214,0.6353741884231567,0.6365243196487427,-0.46780604124069214
24,16,0.3962521553039551,0.661307156085968,-0.9892023205757141,0.3962521553039551,0.661307156085968,-0.9892023205757141
24,17,0.640835165977478,0.658918023109436,-0.5138995051383972,0.640835165977478,0.658918023109436,-0.5138995051383972
24,18,0.4010503888130188,0.682203471660614,-1.0690640211105347,0.4010503888130188,0.682203471660614,-1.0690640211105347
24,19,0.6231606602668762,0.6541463732719421,-0.562348484992981,0.6231606602668762,0.6541463732719421,-0.562348484992981
24,20,0.4303542673587799,0.6713625192642212,-1.1002209186553955,0.4303542673587799,0.6713625192642212,-1.1002209186553955
24,21,0.6144291758537292,0.6447505354881287,-0.48686787486076355,0.6144291758537292,0.6447505354881287,-0.48686787486076355
24,22,0.4319508969783783,0.6646820902824402,-0.9990346431732178,0.4319508969783783,0.6646820902824402,-0.9990346431732178
24,23,0.5202871561050415,0.6219512224197388,-0.003398515749722719,0.5202871561050415,0.6219512224197388,-0.003398515749722719
24,24,0.41290923953056335,0.6167383790016174,0.0027481121942400932,0.41290923953056335,0.6167383790016174,0.0027481121942400932
24,25,0.6439139246940613,0.687270998954773,-0.29121771454811096,0.6439139246940613,0.687270998954773,-0.29121771454811096
24,26,0.3037151098251343,0.6306999921798706,0.24693110585212708,0.3037151098251343,0.6306999921798706,0.24693110585212708
24,27,0.5886338949203491,0.7010568380355835,0.21611075103282928,0.5886338949203491,0.7010568380355835,0.21611075103282928
24,28,0.25174006819725037,0.6584736704826355,0.9949362277984619,0.25174006819725037,0.6584736704826355,0.9949362277984619
24,29,0.5664933323860168,0.7006161212921143,0.27039286494255066,0.5664933323860168,0.7006161212921143,0.27039286494255066
24,30,0.2610732316970825,0.6713598370552063,1.0685908794403076,0.2610732316970825,0.6713598370552063,1.0685908794403076
24,31,0.6189656257629395,0.7231698632240295,0.1295805126428604,0.6189656257629395,0.7231698632240295,0.1295805126428604
24,32,0.20900386571884155,0.698580265045166,0.9627733826637268,0.20900386571884155,0.698580265045166,0.9627733826637268
25,0,0.533724844455719,0.4513815939426422,-1.17691171169281,0.533724844455719,0.4513815939426422,-1.17691171169281
25,1,0.5451094508171082,0.44069650769233704,-1.151513695716858,0.5451094508171082,0.44069650769233704,-1.151513695716858
25,2,0.5509003400802612,0.4417743384838104,-1.1514676809310913,0.5509003400802612,0.4417743384838104,-1.1514676809310913
25,3,0.5561283230781555,0.44244831800460815,-1.1516491174697876,0.5561283230781555,0.44244831800460815,-1.1516491174697876
25,4,0.5232957601547241,0.4359380304813385,-1.167688012123108,0.5232957601547241,0.4359380304813385,-1.167688012123108
25,5,0.5139994621276855,0.4340816140174866,-1.1679761409759521,0.5139994621276855,0.4340816140174866,-1.1679761409759521
25,6,0.505565881729126,0.4326767921447754,-1.1681641340255737,0.505565881729126,0.4326767921447754,-1.1681641340255737
25,7,0.558272659778595,0.44248175621032715,-0.8969850540161133,0.558272659778595,0.44248175621032715,-0.8969850540161133
25,8,0.4862126111984253,0.4343545734882355,-0.9678766131401062,0.4862126111984253,0.4343545734882355,-0.9678766131401062
25,9,0.5383819341659546,0.46247538924217224,-1.0701079368591309,0.5383819341659546,0.46247538924217224,-1.0701079368591309
25,10,0.5131006240844727,0.4590078294277191,-1.0910148620605469,0.5131006240844727,0.4590078294277191,-1.0910148620605469
25,11,0.6085696220397949,0.49189281463623047,-0.6037805080413818,0.6085696220397949,0.49189281463623047,-0.6037805080413818
25,12,0.37778717279434204,0.49266624450683594,-0.7752270698547363,0.37778717279434204,0.49266624450683594,-0.7752270698547363
25,13,0.6437467932701111,0.565144419670105,-0.40137454867362976,0.6437467932701111,0.565144419670105,-0.40137454867362976
25,14,0.31045448780059814,0.5885108709335327,-0.8171791434288025,0.31045448780059814,0.5885108709335327,-0.8171791434288025
25,15,0.6491292119026184,0.6438533663749695,-0.4794445335865021,0.6491292119026184,0.6438533663749695,-0.4794445335865021
25,16,0.38277339935302734,0.6719716787338257,-0.9949620366096497,0.38277339935302734,0.6719716787338257,-0.9949620366096497
25,17,0.6597141027450562,0.6711555123329163,-0.5229754447937012,0.6597141027450562,0.6711555123329163,-0.5229754447937012
25,18,0.3865737020969391,0.6947092413902283,-1.0687123537063599,0.3865737020969391,0.6947092413902283,-1.0687123537063599
25,19,0.6378133296966553,0.6644200086593628,-0.5689473152160645,0.6378133296966553,0.6644200086593628,-0.5689473152160645
25,20,0.4185619354248047,0.6841380596160889,-1.1004242897033691,0.4185619354248047,0.6841380596160889,-1.1004242897033691
25,21,0.6284191012382507,0.653495728969574,-0.4976029098033905,0.6284191012382507,0.653495728969574,-0.4976029098033905
25,22,0.41997119784355164,0.676790714263916,-1.0038201808929443,0.41997119784355164,0.676790714263916,-1.0038201808929443
25,23,0.5183706283569336,0.6306257843971252,-0.006300727836787701,0.5183706283569336,0.6306257843971252,-0.006300727836787701
25,24,0.4068397283554077,0.6181674599647522,0.005379857961088419,0.4068397283554077,0.6181674599647522,0.005379857961088419
25,25,0.6396503448486328,0.6996521353721619,-0.3101155161857605,0.6396503448486328,0.6996521353721619,-0.3101155161857605
25,26,0.28180867433547974,0.6189813613891602,0.2539725601673126,0.28180867433547974,0.6189813613891602,0.2539725601673126
25,27,0.5736309289932251,0.7265828251838684,0.13398659229278564,0.5736309289932251,0.7265828251838684,0.13398659229278564
25,28,0.2248874008655548,0.6705918908119202,0.9601868987083435,0.2248874008655548,0.6705918908119202,0.9601868987083435
25,29,0.5510900616645813,0.7278010845184326,0.1799527406692505,0.5510900616645813,0.7278010845184326,0.1799527406692505
25,30,0.22584517300128937,0.6823329329490662,1.027368187904358,0.22584517300128937,0.6823329329490662,1.027368187904358
25,31,0.6030189990997314,0.7495072484016418,0.009298298507928848,0.6030189990997314,0.7495072484016418,0.009298298507928848
25,32,0.1632820963859558,0.7002342343330383,0.9014489054679871,0.1632820963859558,0.7002342343330383,0.9014489054679871
26,0,0.5330967307090759,0.44432908296585083,-1.1848340034484863,0.5330967307090759,0.44432908296585083,-1.1848340034484863
26,1,0.5444587469100952,0.4330504238605499,-1.1571602821350098,0.5444587469100952,0.4330504238605499,-1.1571602821350098
26,2,0.5521560311317444,0.43362993001937866,-1.1571452617645264,0.5521560311317444,0.43362993001937866,-1.1571452617645264
26,3,0.5596985220909119,0.43388301134109497,-1.1573232412338257,0.5596985220909119,0.43388301134109497,-1.1573232412338257
26,4,0.5217446088790894,0.42967212200164795,-1.175139307975769,0.5217446088790894,0.42967212200164795,-1.175139307975769
26,5,0.5110697746276855,0.4281701445579529,-1.175416350364685,0.5110697746276855,0.4281701445579529,-1.175416350364685
26,6,0.5001019239425659,0.42708462476730347,-1.1756854057312012,0.5001019239425659,0.42708462476730347,-1.1756854057312012
26,7,0.5641545653343201,0.4344971477985382,-0.8971160054206848,0.5641545653343201,0.4344971477985382,-0.8971160054206848
26,8,0.4733864367008209,0.43009185791015625,-0.9783042073249817,0.4733864367008209,0.43009185791015625,-0.9783042073249817
26,9,0.5389578938484192,0.456370085477829,-1.0767079591751099,0.5389578938484192,0.456370085477829,-1.0767079591751099
26,10,0.5113852024078369,0.45463547110557556,-1.100628137588501,0.5113852024078369,0.45463547110557556,-1.100628137588501
26,11,0.6122718453407288,0.49142467975616455,-0.5895739197731018,0.6122718453407288,0.49142467975616455,-0.5895739197731018
26,12,0.3673211932182312,0.4910435676574707,-0.7939127087593079,0.3673211932182312,0.4910435676574707,-0.7939127087593079
26,13,0.6475551128387451,0.5696732401847839,-0.35160529613494873,0.6475551128387451,0.5696732401847839,-0.35160529613494873
26,14,0.29557037353515625,0.5904348492622375,-0.8473183512687683,0.29557037353515625,0.5904348492622375,-0.8473183512687683
26,15,0.6540705561637878,0.6528425812721252,-0.404422789812088,0.6540705561637878,0.6528425812721252,-0.404422789812088
26,16,0.3744044303894043,0.6801140308380127,-1.029186487197876,0.3744044303894043,0.6801140308380127,-1.029186487197876
26,17,0.6590685844421387,0.6790260672569275,-0.4397599399089813,0.6590685844421387,0.6790260672569275,-0.4397599399089813
26,18,0.38215744495391846,0.7050913572311401,-1.1094228029251099,0.38215744495391846,0.7050913572311401,-1.1094228029251099
26,19,0.6400055289268494,0.6735402941703796,-0.49218085408210754,0.6400055289268494,0.6735402941703796,-0.49218085408210754
26,20,0.4123363494873047,0.6937145590782166,-1.1370818614959717,0.4123363494873047,0.6937145590782166,-1.1370818614959717
26,21,0.6293862462043762,0.6627458333969116,-0.42421552538871765,0.6293862462043762,0.6627458333969116,-0.42421552538871765
26,22,0.4130324125289917,0.6854180097579956,-1.0369658470153809,0.4130324125289917,0.6854180097579956,-1.0369658470153809
26,23,0.5177181363105774,0.6380622386932373,0.0015263700624927878,0.5177181363105774,0.6380622386932373,0.0015263700624927878
26,24,0.40084439516067505,0.628085732460022,-0.002559499116614461,0.40084439516067505,0.628085732460022,-0.002559499116614461
26,25,0.6395851373672485,0.7097331285476685,-0.14921830594539642,0.6395851373672485,0.7097331285476685,-0.14921830594539642
26,26,0.26202449202537537,0.6347657442092896,0.3253176510334015,0.26202449202537537,0.6347657442092896,0.3253176510334015
26,27,0.6102386116981506,0.7445949912071228,0.2549815773963928,0.6102386116981506,0.7445949912071228,0.2549815773963928
26,28,0.20783406496047974,0.6852913498878479,1.0236436128616333,0.20783406496047974,0.6852913498878479,1.0236436128616333
26,29,0.5903658866882324,0.7494077682495117,0.29617851972579956,0.5903658866882324,0.7494077682495117,0.29617851972579956
26,30,0.2077602744102478,0.698106586933136,1.089861512184143,0.2077602744102478,0.698106586933136,1.089861512184143
26,31,0.6568328142166138,0.766494631767273,0.1218046098947525,0.6568328142166138,0.766494631767273,0.1218046098947525
26,32,0.1392945945262909,0.7152575850486755,0.967481791973114,0.1392945945262909,0.7152575850486755,0.967481791973114
27,0,0.5248069763183594,0.4366312026977539,-1.230217456817627,0.5248069763183594,0.4366312026977539,-1.230217456817627
27,1,0.53912353515625,0.42615219950675964,-1.2026002407073975,0.53912353515625,0.42615219950675964,-1.2026002407073975
27,2,0.5475488901138306,0.4271469712257385,-1.2025792598724365,0.5475488901138306,0.4271469712257385,-1.2025792598724365
27,3,0.5556407570838928,0.4279751479625702,-1.202840805053711,0.5556407570838928,0.4279751479625702,-1.202840805053711
27,4,0.5092886686325073,0.42282119393348694,-1.2125271558761597,0.5092886686325073,0.42282119393348694,-1.2125271558761597
27,5,0.49699389934539795,0.4221590757369995,-1.2127735614776611,0.49699389934539795,0.4221590757369995,-1.2127735614776611
27,6,0.4861433207988739,0.42220228910446167,-1.212932825088501,0.4861433207988739,0.42220228910446167,-1.212932825088501
27,7,0.5629454255104065,0.4307577311992645,-0.9388734102249146,0.5629454255104065,0.4307577311992645,-0.9388734102249146
27,8,0.46028730273246765,0.428863525390625,-0.977902352809906,0.46028730273246765,0.428863525390625,-0.977902352809906
27,9,0.5348808169364929,0.45073646306991577,-1.1198641061782837,0.5348808169364929,0.45073646306991577,-1.1198641061782837
27,10,0.501225471496582,0.448731005191803,-1.1316848993301392,0.501225471496582,0.448731005191803,-1.1316848993301392
27,11,0.6168887615203857,0.4896935820579529,-0.6393068432807922,0.6168887615203857,0.4896935820579529,-0.6393068432807922
27,12,0.3606138229370117,0.4876502454280853,-0.7752510905265808,0.3606138229370117,0.4876502454280853,-0.7752510905265808
27,13,0.6541624069213867,0.5728046894073486,-0.43726325035095215,0.6541624069213867,0.5728046894073486,-0.43726325035095215
27,14,0.2811902165412903,0.5960472226142883,-0.80209881067276,0.2811902165412903,0.5960472226142883,-0.80209881067276
27,15,0.6651683449745178,0.6578198075294495,-0.5135046243667603,0.6651683449745178,0.6578198075294495,-0.5135046243667603
27,16,0.365488201379776,0.6914012432098389,-0.9731934666633606,0.365488201379776,0.6914012432098389,-0.9731934666633606
27,17,0.6743952035903931,0.6900994777679443,-0.5607609748840332,0.6743952035903931,0.6900994777679443,-0.5607609748840332
27,18,0.37545132637023926,0.719622015953064,-1.0445201396942139,0.37545132637023926,0.719622015953064,-1.0445201396942139
27,19,0.6626445651054382,0.6806778311729431,-0.6082571148872375,0.6626445651054382,0.6806778311729431,-0.6082571148872375
27,20,0.40840423107147217,0.705382764339447,-1.0785666704177856,0.40840423107147217,0.705382764339447,-1.0785666704177856
27,21,0.6411202549934387,0.6705314517021179,-0.5314489006996155,0.6411202549934387,0.6705314517021179,-0.5314489006996155
27,22,0.41070640087127686,0.6970750093460083,-0.9826127290725708,0.41070640087127686,0.6970750093460083,-0.9826127290725708
27,23,0.5117588639259338,0.6465643048286438,-0.01827479526400566,0.5117588639259338,0.6465643048286438,-0.01827479526400566
27,24,0.3850506544113159,0.6324384212493896,0.01738796941936016,0.3850506544113159,0.6324384212493896,0.01738796941936016
27,25,0.6288725137710571,0.7204402089118958,-0.45152607560157776,0.6288725137710571,0.7204402089118958,-0.45152607560157776
27,26,0.24947574734687805,0.6621264219284058,0.39446184039115906,0.24947574734687805,0.6621264219284058,0.39446184039115906
27,27,0.5663667917251587,0.7822293639183044,0.0027703745290637016,0.5663667917251587,0.7822293639183044,0.0027703745290637016
27,28,0.1904878318309784,0.6946762204170227,1.2294566631317139,0.1904878318309784,0.6946762204170227,1.2294566631317139
27,29,0.5407066345214844,0.7888100147247314,0.046332068741321564,0.5407066345214844,0.7888100147247314,0.046332068741321564
27,30,0.18619972467422485,0.7084696292877197,1.3106874227523804,0.18619972467422485,0.7084696292877197,1.3106874227523804
27,31,0.5999510884284973,0.8164372444152832,-0.1667332798242569,0.5999510884284973,0.8164372444152832,-0.1667332798242569
27,32,0.10060378909111023,0.7225652933120728,1.1937659978866577,0.10060378909111023,0.7225652933120728,1.1937659978866577
28,0,0.5192921757698059,0.4307825267314911,-1.2589404582977295,0.5192921757698059,0.4307825267314911,-1.2589404582977295
28,1,0.5358458757400513,0.41580402851104736,-1.2340322732925415,0.5358458757400513,0.41580402851104736,-1.2340322732925415
28,2,0.5460768938064575,0.41649875044822693,-1.2340099811553955,0.5460768938064575,0.41649875044822693,-1.2340099811553955
28,3,0.5553516149520874,0.4170946776866913,-1.23432457447052,0.5553516149520874,0.4170946776866913,-1.23432457447052
28,4,0.49901342391967773,0.4130572974681854,-1.2402690649032593,0.49901342391967773,0.4130572974681854,-1.2402690649032593
28,5,0.486565500497818,0.41274452209472656,-1.2405102252960205,0.486565500497818,0.41274452209472656,-1.2405102252960205
28,6,0.47632738947868347,0.41314950585365295,-1.2406119108200073,0.47632738947868347,0.41314950585365295,-1.2406119108200073
28,7,0.5642815232276917,0.4208196997642517,-0.9569894671440125,0.5642815232276917,0.4208196997642517,-0.9569894671440125
28,8,0.45143944025039673,0.4208751320838928,-0.978187084197998,0.45143944025039673,0.4208751320838928,-0.978187084197998
28,9,0.5325727462768555,0.4464494287967682,-1.1411241292953491,0.5325727462768555,0.4464494287967682,-1.1411241292953491
28,10,0.49498292803764343,0.4449750781059265,-1.147609829902649,0.49498292803764343,0.4449750781059265,-1.147609829902649
28,11,0.6245313286781311,0.488338440656662,-0.6501924395561218,0.6245313286781311,0.488338440656662,-0.6501924395561218
28,12,0.3494771718978882,0.483712375164032,-0.7574043869972229,0.3494771718978882,0.483712375164032,-0.7574043869972229
28,13,0.6674349308013916,0.5779701471328735,-0.47287899255752563,0.6674349308013916,0.5779701471328735,-0.47287899255752563
28,14,0.2661334276199341,0.6018030643463135,-0.7548581957817078,0.2661334276199341,0.6018030643463135,-0.7548581957817078
28,15,0.6791321635246277,0.6653521060943604,-0.6069953441619873,0.6791321635246277,0.6653521060943604,-0.6069953441619873
28,16,0.35326865315437317,0.6987867951393127,-0.9410383701324463,0.35326865315437317,0.6987867951393127,-0.9410383701324463
28,17,0.6911693215370178,0.6983339786529541,-0.6677433252334595,0.6911693215370178,0.6983339786529541,-0.6677433252334595
28,18,0.3679431080818176,0.7278476357460022,-1.011885643005371,0.3679431080818176,0.7278476357460022,-1.011885643005371
28,19,0.6656287908554077,0.690626323223114,-0.7214202284812927,0.6656287908554077,0.690626323223114,-0.7214202284812927
28,20,0.4002951979637146,0.7138000726699829,-1.0486890077590942,0.4002951979637146,0.7138000726699829,-1.0486890077590942
28,21,0.6540964841842651,0.679799497127533,-0.6286485195159912,0.6540964841842651,0.679799497127533,-0.6286485195159912
28,22,0.40151330828666687,0.7045486569404602,-0.9512871503829956,0.40151330828666687,0.7045486569404602,-0.9512871503829956
28,23,0.5216224193572998,0.654823899269104,-0.005476895719766617,0.5216224193572998,0.654823899269104,-0.005476895719766617
28,24,0.3807726800441742,0.6447144746780396,0.004659945610910654,0.3807726800441742,0.6447144746780396,0.004659945610910654
28,25,0.6567086577415466,0.7366622686386108,-0.4482869803905487,0.6567086577415466,0.7366622686386108,-0.4482869803905487
28,26,0.24625477194786072,0.6811871528625488,0.2698778510093689,0.24625477194786072,0.6811871528625488,0.2698778510093689
28,27,0.5334998369216919,0.7794021368026733,0.03958217427134514,0.5334998369216919,0.7794021368026733,0.03958217427134514
28,28,0.18087545037269592,0.7078955173492432,1.1131641864776611,0.18087545037269592,0.7078955173492432,1.1131641864776611
28,29,0.5005123019218445,0.7795189023017883,0.09196708351373672,0.5005123019218445,0.7795189023017883,0.09196708351373672
28,30,0.1883281171321869,0.7218997478485107,1.1990715265274048,0.1883281171321869,0.7218997478485107,1.1990715265274048
28,31,0.5499720573425293,0.8156574368476868,-0.07849008589982986,0.5499720573425293,0.8156574368476868,-0.07849008589982986
28,32,0.11410996317863464,0.7446595430374146,1.1190372705459595,0.11410996317863464,0.7446595430374146,1.1190372705459595
29,0,0.5392211675643921,0.4295887351036072,-1.0175673961639404,0.5392211675643921,0.4295887351036072,-1.0175673961639404
29,1,0.5558155179023743,0.4070068895816803,-0.9901903867721558,0.5558155179023743,0.4070068895816803,-0.9901903867721558
29,2,0.5647789239883423,0.40690234303474426,-0.9901429414749146,0.5647789239883423,0.40690234303474426,-0.9901429414749146
29,3,0.5728046298027039,0.40726521611213684,-0.9904353022575378,0.5728046298027039,0.40726521611213684,-0.9904353022575378
29,4,0.5211980938911438,0.40541771054267883,-1.0066498517990112,0.5211980938911438,0.40541771054267883,-1.0066498517990112
29,5,0.5052733421325684,0.40407100319862366,-1.00682532787323,0.5052733421325684,0.40407100319862366,-1.00682532787323
29,6,0.4911910593509674,0.4032896161079407,-1.006907343864441,0.4911910593509674,0.4032896161079407,-1.006907343864441
29,7,0.5745183229446411,0.41253429651260376,-0.7307687997817993,0.5745183229446411,0.41253429651260376,-0.7307687997817993
29,8,0.45886534452438354,0.40683117508888245,-0.8028507828712463,0.45886534452438354,0.40683117508888245,-0.8028507828712463
29,9,0.5463873744010925,0.44578513503074646,-0.9084510207176208,0.5463873744010925,0.44578513503074646,-0.9084510207176208
29,10,0.510161280632019,0.444675475358963,-0.9291601181030273,0.510161280632019,0.444675475358963,-0.9291601181030273
29,11,0.6294881105422974,0.4816669225692749,-0.4589352309703827,0.6294881105422974,0.4816669225692749,-0.4589352309703827
29,12,0.3407047986984253,0.48369652032852173,-0.6419805884361267,0.3407047986984253,0.48369652032852173,-0.6419805884361267
29,13,0.6791104078292847,0.5768390893936157,-0.23935842514038086,0.6791104078292847,0.5768390893936157,-0.23935842514038086
29,14,0.25553998351097107,0.6084067821502686,-0.6316571235656738,0.25553998351097107,0.6084067821502686,-0.6316571235656738
29,15,0.6920685172080994,0.6637014746665955,-0.37792447209358215,0.6920685172080994,0.6637014746665955,-0.37792447209358215
29,16,0.3547280430793762,0.7082257270812988,-0.7782179713249207,0.3547280430793762,0.7082257270812988,-0.7782179713249207
29,17,0.6912298202514648,0.6949177384376526,-0.4215974807739258,0.6912298202514648,0.6949177384376526,-0.4215974807739258
29,18,0.36841028928756714,0.7355537414550781,-0.8415921926498413,0.36841028928756714,0.7355537414550781,-0.8415921926498413
29,19,0.6706927418708801,0.6912634372711182,-0.4726670980453491,0.6706927418708801,0.6912634372711182,-0.4726670980453491
29,20,0.4025062620639801,0.721811056137085,-0.8587930202484131,0.4025062620639801,0.721811056137085,-0.8587930202484131
29,21,0.6625301837921143,0.6817751526832581,-0.3984208405017853,0.6625301837921143,0.6817751526832581,-0.3984208405017853
29,22,0.4041380286216736,0.7121540307998657,-0.7788857817649841,0.4041380286216736,0.7121540307998657,-0.7788857817649841
29,23,0.5300763845443726,0.676677942276001,0.029500221833586693,0.5300763845443726,0.676677942276001,0.029500221833586693
29,24,0.38925889134407043,0.6748217940330505,-0.02987114153802395,0.38925889134407043,0.6748217940330505,-0.02987114153802395
29,25,0.6965044140815735,0.7742384672164917,-0.3874351978302002,0.6965044140815735,0.7742384672164917,-0.3874351978302002
29,26,0.31852251291275024,0.7515481114387512,0.018860403448343277,0.31852251291275024,0.7515481114387512,0.018860403448343277
29,27,0.5640777945518494,0.8235912919044495,0.03421880304813385,0.5640777945518494,0.8235912919044495,0.03421880304813385
29,28,0.25375229120254517,0.7703216671943665,0.76034015417099,0.25375229120254517,0.7703216671943665,0.76034015417099
29,29,0.5304578542709351,0.8231222629547119,0.08005353808403015,0.5304578542709351,0.8231222629547119,0.08005353808403015
29,30,0.25497615337371826,0.7723930478096008,0.8382352590560913,0.25497615337371826,0.7723930478096008,0.8382352590560913
29,31,0.5722063779830933,0.8701325058937073,-0.022269392386078835,0.5722063779830933,0.8701325058937073,-0.022269392386078835
29,32,0.18344387412071228,0.80307936668396,0.8048252463340759,0.18344387412071228,0.80307936668396,0.8048252463340759
30,0,0.5462237596511841,0.4148498475551605,-0.9197258353233337,0.5462237596511841,0.4148498475551605,-0.9197258353233337
30,1,0.5607295036315918,0.3901824355125427,-0.885938823223114,0.5607295036315918,0.3901824355125427,-0.885938823223114
30,2,0.5698913335800171,0.3905971348285675,-0.8859840631484985,0.5698913335800171,0.3905971348285675,-0.8859840631484985
30,3,0.5776371955871582,0.39120039343833923,-0.886308491230011,0.5776371955871582,0.39120039343833923,-0.886308491230011
30,4,0.5244876146316528,0.3882116377353668,-0.9035404920578003,0.5244876146316528,0.3882116377353668,-0.9035404920578003
30,5,0.508312463760376,0.38794073462486267,-0.903664767742157,0.508312463760376,0.38794073462486267,-0.903664767742157
30,6,0.4940447211265564,0.38799381256103516,-0.903711199760437,0.4940447211265564,0.38799381256103516,-0.903711199760437
30,7,0.5750357508659363,0.3984743654727936,-0.624635636806488,0.5750357508659363,0.3984743654727936,-0.624635636806488
30,8,0.4588332176208496,0.39467135071754456,-0.6999330520629883,0.4588332176208496,0.39467135071754456,-0.6999330520629883
30,9,0.5557007789611816,0.4348205327987671,-0.8134598135948181,0.5557007789611816,0.4348205327987671,-0.8134598135948181
30,10,0.5150073766708374,0.4333818554878235,-0.8350133299827576,0.5150073766708374,0.4333818554878235,-0.8350133299827576
30,11,0.6372115612030029,0.4816893935203552,-0.39315471053123474,0.6372115612030029,0.4816893935203552,-0.39315471053123474
30,12,0.3328292667865753,0.48155689239501953,-0.5584794282913208,0.3328292667865753,0.48155689239501953,-0.5584794282913208
30,13,0.6975647211074829,0.5801205635070801,-0.22678709030151367,0.6975647211074829,0.5801205635070801,-0.22678709030151367
30,14,0.24209167063236237,0.6134159564971924,-0.5428202748298645,0.24209167063236237,0.6134159564971924,-0.5428202748298645
30,15,0.7139514088630676,0.6720788478851318,-0.4326179325580597,0.7139514088630676,0.6720788478851318,-0.4326179325580597
30,16,0.3456456661224365,0.712740421295166,-0.704552173614502,0.3456456661224365,0.712740421295166,-0.704552173614502
30,17,0.7332940101623535,0.6957265138626099,-0.49760398268699646,0.7332940101623535,0.6957265138626099,-0.49760398268699646
30,18,0.36023271083831787,0.7421572804450989,-0.7722985744476318,0.36023271083831787,0.7421572804450989,-0.7722985744476318
30,19,0.6935335993766785,0.6958642601966858,-0.550281286239624,0.6935335993766785,0.6958642601966858,-0.550281286239624
30,20,0.3948378264904022,0.7285922765731812,-0.797858715057373,0.3948378264904022,0.7285922765731812,-0.797858715057373
30,21,0.68815016746521,0.6893720030784607,-0.45662248134613037,0.68815016746521,0.6893720030784607,-0.45662248134613037
30,22,0.39637449383735657,0.7192813754081726,-0.7096795439720154,0.39637449383735657,0.7192813754081726,-0.7096795439720154
30,23,0.5309121608734131,0.6875087022781372,0.0342179499566555,0.5309121608734131,0.6875087022781372,0.0342179499566555
30,24,0.37773656845092773,0.6773693561553955,-0.03479132056236267,0.37773656845092773,0.6773693561553955,-0.03479132056236267
30,25,0.7265601754188538,0.784544825553894,-0.2686191499233246,0.7265601754188538,0.784544825553894,-0.2686191499233246
30,26,0.29479140043258667,0.749364972114563,-0.06711985915899277,0.29479140043258667,0.749364972114563,-0.06711985915899277
30,27,0.6181691884994507,0.8300211429595947,0.22731494903564453,0.6181691884994507,0.8300211429595947,0.22731494903564453
30,28,0.23897723853588104,0.7878308296203613,0.5910040140151978,0.23897723853588104,0.7878308296203613,0.5910040140151978
30,29,0.5838475227355957,0.8301973342895508,0.28032997250556946,0.5838475227355957,0.8301973342895508,0.28032997250556946
30,30,0.24205170571804047,0.7942739725112915,0.6617534756660461,0.24205170571804047,0.7942739725112915,0.6617534756660461
30,31,0.6456447243690491,0.8738917708396912,0.199550598859787,0.6456447243690491,0.8738917708396912,0.199550598859787
30,32,0.1688644289970398,0.8214495778083801,0.6147003769874573,0.1688644289970398,0.8214495778083801,0.6147003769874573
31,0,0.5432342886924744,0.4014967083930969,-0.7877768278121948,0.5432342886924744,0.4014967083930969,-0.7877768278121948
31,1,0.5578902363777161,0.3808339238166809,-0.7462571859359741,0.5578902363777161,0.3808339238166809,-0.7462571859359741
31,2,0.5658409595489502,0.3814395070075989,-0.7464010715484619,0.5658409595489502,0.3814395070075989,-0.7464010715484619
31,3,0.5731672048568726,0.38194161653518677,-0.7466967701911926,0.5731672048568726,0.38194161653518677,-0.7466967701911926
31,4,0.5242050290107727,0.37859100103378296,-0.7669802904129028,0.5242050290107727,0.37859100103378296,-0.7669802904129028
31,5,0.5106079578399658,0.37815821170806885,-0.7669796347618103,0.5106079578399658,0.37815821170806885,-0.7669796347618103
31,6,0.4950847625732422,0.37784653902053833,-0.7670775055885315,0.4950847625732422,0.37784653902053833,-0.7670775055885315
31,7,0.5695236325263977,0.3897831439971924,-0.4854772984981537,0.5695236325263977,0.3897831439971924,-0.4854772984981537
31,8,0.4578505754470825,0.3850894868373871,-0.5798415541648865,0.4578505754470825,0.3850894868373871,-0.5798415541648865
31,9,0.5523520708084106,0.4248540699481964,-0.6859992146492004,0.5523520708084106,0.4248540699481964,-0.6859992146492004
31,10,0.5119842886924744,0.4208689332008362,-0.7127572894096375,0.5119842886924744,0.4208689332008362,-0.7127572894096375
31,11,0.6391776204109192,0.48311910033226013,-0.29181116819381714,0.6391776204109192,0.48311910033226013,-0.29181116819381714
31,12,0.31580260396003723,0.48303738236427307,-0.4736894965171814,0.31580260396003723,0.48303738236427307,-0.4736894965171814
31,13,0.7181299328804016,0.5801552534103394,-0.1731964498758316,0.7181299328804016,0.5801552534103394,-0.1731964498758316
31,14,0.22265538573265076,0.612453043460846,-0.4773673713207245,0.22265538573265076,0.612453043460846,-0.4773673713207245
31,15,0.7409241199493408,0.6777733564376831,-0.4480130076408386,0.7409241199493408,0.6777733564376831,-0.4480130076408386
31,16,0.32580873370170593,0.7147836089134216,-0.6628708243370056,0.32580873370170593,0.7147836089134216,-0.6628708243370056
31,17,0.7620420455932617,0.7103758454322815,-0.5259504914283752,0.7620420455932617,0.7103758454322815,-0.5259504914283752
31,18,0.34295353293418884,0.7441046237945557,-0.7409033179283142,0.34295353293418884,0.7441046237945557,-0.7409033179283142
31,19,0.7205358743667603,0.6994090676307678,-0.5762028694152832,0.7205358743667603,0.6994090676307678,-0.5762028694152832
31,20,0.38253042101860046,0.7267749905586243,-0.7651724219322205,0.38253042101860046,0.7267749905586243,-0.7651724219322205
31,21,0.7116041779518127,0.6887347102165222,-0.47436028718948364,0.7116041779518127,0.6887347102165222,-0.47436028718948364
31,22,0.38477641344070435,0.71633380651474,-0.6700414419174194,0.38477641344070435,0.71633380651474,-0.6700414419174194
31,23,0.5267035961151123,0.7018332481384277,0.055423565208911896,0.5267035961151123,0.7018332481384277,0.055423565208911896
31,24,0.36767441034317017,0.6997026801109314,-0.055402014404535294,0.36767441034317017,0.6997026801109314,-0.055402014404535294
31,25,0.6947059631347656,0.823965311050415,-0.3024377226829529,0.6947059631347656,0.823965311050415,-0.3024377226829529
31,26,0.3172290325164795,0.8118661046028137,-0.48411116003990173,0.3172290325164795,0.8118661046028137,-0.48411116003990173
31,27,0.5804164409637451,0.9030252695083618,0.27511075139045715,0.5804164409637451,0.9030252695083618,0.27511075139045715
31,28,0.36495649814605713,0.8943508267402649,0.1667441576719284,0.36495649814605713,0.8943508267402649,0.1667441576719284
31,29,0.5398076772689819,0.9085294008255005,0.32792791724205017,0.5398076772689819,0.9085294008255005,0.32792791724205017
31,30,0.37101447582244873,0.8992827534675598,0.23324348032474518,0.37101447582244873,0.8992827534675598,0.23324348032474518
31,31,0.6338144540786743,0.9584449529647827,0.20563775300979614,0.6338144540786743,0.9584449529647827,0.20563775300979614
31,32,0.3693584203720093,0.9532827734947205,0.10876066982746124,0.3693584203720093,0.9532827734947205,0.10876066982746124
32,0,0.5334588289260864,0.39335381984710693,-0.7360125184059143,0.5334588289260864,0.39335381984710693,-0.7360125184059143
32,1,0.5524435639381409,0.3705461919307709,-0.6878326535224915,0.5524435639381409,0.3705461919307709,-0.6878326535224915
32,2,0.5630935430526733,0.3710485100746155,-0.6879674792289734,0.5630935430526733,0.3710485100746155,-0.6879674792289734
32,3,0.5720430016517639,0.37137556076049805,-0.6882073283195496,0.5720430016517639,0.37137556076049805,-0.6882073283195496
32,4,0.5136881470680237,0.3693263530731201,-0.7002493739128113,0.5136881470680237,0.3693263530731201,-0.7002493739128113
32,5,0.4962797462940216,0.3692600429058075,-0.7001563310623169,0.4962797462940216,0.3692600429058075,-0.7001563310623169
32,6,0.4814700782299042,0.3692050874233246,-0.7001857161521912,0.4814700782299042,0.3692050874233246,-0.7001857161521912
32,7,0.5749493837356567,0.37906497716903687,-0.39105671644210815,0.5749493837356567,0.37906497716903687,-0.39105671644210815
32,8,0.44816088676452637,0.37749993801116943,-0.447964072227478,0.44816088676452637,0.37749993801116943,-0.447964072227478
32,9,0.5493269562721252,0.41673901677131653,-0.6215479373931885,0.5493269562721252,0.41673901677131653,-0.6215479373931885
32,10,0.49927476048469543,0.4142031669616699,-0.6374169588088989,0.49927476048469543,0.4142031669616699,-0.6374169588088989
32,11,0.6454887390136719,0.47666916251182556,-0.1881217509508133,0.6454887390136719,0.47666916251182556,-0.1881217509508133
32,12,0.32713231444358826,0.47047361731529236,-0.30775660276412964,0.32713231444358826,0.47047361731529236,-0.30775660276412964
32,13,0.7354428768157959,0.5671029686927795,-0.11227627098560333,0.7354428768157959,0.5671029686927795,-0.11227627098560333
32,14,0.20207759737968445,0.5974372625350952,-0.39572206139564514,0.20207759737968445,0.5974372625350952,-0.39572206139564514
32,15,0.7855400443077087,0.6512339115142822,-0.5054680705070496,0.7855400443077087,0.6512339115142822,-0.5054680705070496
32,16,0.29837632179260254,0.702358603477478,-0.7521488070487976,0.29837632179260254,0.702358603477478,-0.7521488070487976
32,17,0.7992338538169861,0.6847392320632935,-0.6034586429595947,0.7992338538169861,0.6847392320632935,-0.6034586429595947
32,18,0.3196638822555542,0.7366438508033752,-0.8497140407562256,0.3196638822555542,0.7366438508033752,-0.8497140407562256
32,19,0.770074188709259,0.6760825514793396,-0.6768832206726074,0.770074188709259,0.6760825514793396,-0.6768832206726074
32,20,0.36261069774627686,0.7166452407836914,-0.8799062371253967,0.36261069774627686,0.7166452407836914,-0.8799062371253967
32,21,0.7572840452194214,0.6678236722946167,-0.5410210490226746,0.7572840452194214,0.6678236722946167,-0.5410210490226746
32,22,0.3624357581138611,0.7070313096046448,-0.7645822167396545,0.3624357581138611,0.7070313096046448,-0.7645822167396545
32,23,0.5199196338653564,0.7076181769371033,0.04429037123918533,0.5199196338653564,0.7076181769371033,0.04429037123918533
32,24,0.3550865650177002,0.7008700370788574,-0.044109322130680084,0.3550865650177002,0.7008700370788574,-0.044109322130680084
32,25,0.6989184617996216,0.842174232006073,-0.4926915466785431,0.6989184617996216,0.842174232006073,-0.4926915466785431
32,26,0.25807684659957886,0.7874786257743835,-0.655193567276001,0.25807684659957886,0.7874786257743835,-0.655193567276001
32,27,0.57974773645401,0.9263924360275269,0.07675287872552872,0.57974773645401,0.9263924360275269,0.07675287872552872
32,28,0.2899250090122223,0.9055294394493103,-0.07961887121200562,0.2899250090122223,0.9055294394493103,-0.07961887121200562
32,29,0.5400873422622681,0.9332363605499268,0.12591327726840973,0.5400873422622681,0.9332363605499268,0.12591327726840973
32,30,0.3036135733127594,0.9189232587814331,-0.023653900250792503,0.3036135733127594,0.9189232587814331,-0.023653900250792503
32,31,0.6249286532402039,0.9843927621841431,-0.04641135036945343,0.6249286532402039,0.9843927621841431,-0.04641135036945343
32,32,0.2596716284751892,0.9697684645652771,-0.20430025458335876,0.2596716284751892,0.9697684645652771,-0.20430025458335876
33,0,0.5319786667823792,0.398771733045578,-0.6254236698150635,0.5319786667823792,0.398771733045578,-0.6254236698150635
33,1,0.5520470142364502,0.3737119436264038,-0.5880313515663147,0.5520470142364502,0.3737119436264038,-0.5880313515663147
33,2,0.561847448348999,0.373618483543396,-0.5881844162940979,0.561847448348999,0.373618483543396,-0.5881844162940979
33,3,0.571730375289917,0.37385016679763794,-0.5885027050971985,0.571730375289917,0.37385016679763794,-0.5885027050971985
33,4,0.5134420990943909,0.37287136912345886,-0.600145161151886,0.5134420990943909,0.37287136912345886,-0.600145161151886
33,5,0.4953446686267853,0.37277257442474365,-0.6000619530677795,0.4953446686267853,0.37277257442474365,-0.6000619530677795
33,6,0.47731637954711914,0.3724472224712372,-0.6001091003417969,0.47731637954711914,0.3724472224712372,-0.6001091003417969
33,7,0.5705509185791016,0.37905773520469666,-0.32398682832717896,0.5705509185791016,0.37905773520469666,-0.32398682832717896
33,8,0.4445778727531433,0.38333505392074585,-0.3739018142223358,0.4445778727531433,0.38333505392074585,-0.3739018142223358
33,9,0.5517234206199646,0.41855764389038086,-0.520267128944397,0.5517234206199646,0.41855764389038086,-0.520267128944397
33,10,0.5024917721748352,0.418000727891922,-0.5342018604278564,0.5024917721748352,0.418000727891922,-0.5342018604278564
33,11,0.6472831964492798,0.47793543338775635,-0.16372081637382507,0.6472831964492798,0.47793543338775635,-0.16372081637382507
33,12,0.3165110945701599,0.4740394353866577,-0.2339586764574051,0.3165110945701599,0.4740394353866577,-0.2339586764574051
33,13,0.7533011436462402,0.5610746145248413,-0.16165004670619965,0.7533011436462402,0.5610746145248413,-0.16165004670619965
33,14,0.18525823950767517,0.594555139541626,-0.33204928040504456,0.18525823950767517,0.594555139541626,-0.33204928040504456
33,15,0.8173410296440125,0.6232986450195312,-0.6168747544288635,0.8173410296440125,0.6232986450195312,-0.6168747544288635
33,16,0.2762892246246338,0.6814662218093872,-0.7005181908607483,0.2762892246246338,0.6814662218093872,-0.7005181908607483
33,17,0.840021014213562,0.6556504964828491,-0.7174860835075378,0.840021014213562,0.6556504964828491,-0.7174860835075378
33,18,0.30364033579826355,0.7159242630004883,-0.7838535904884338,0.30364033579826355,0.7159242630004883,-0.7838535904884338
33,19,0.8125091195106506,0.6487599611282349,-0.7946630716323853,0.8125091195106506,0.6487599611282349,-0.7946630716323853
33,20,0.3457980453968048,0.6929951310157776,-0.8204002380371094,0.3457980453968048,0.6929951310157776,-0.8204002380371094
33,21,0.7960478067398071,0.6391905546188354,-0.6542142033576965,0.7960478067398071,0.6391905546188354,-0.6542142033576965
33,22,0.3443344235420227,0.6822861433029175,-0.7135528922080994,0.3443344235420227,0.6822861433029175,-0.7135528922080994
33,23,0.5236503481864929,0.7122415900230408,0.008180124685168266,0.5236503481864929,0.7122415900230408,0.008180124685168266
33,24,0.36027172207832336,0.7016624212265015,-0.007945757359266281,0.36027172207832336,0.7016624212265015,-0.007945757359266281
33,25,0.6907535195350647,0.8432801961898804,-0.6808745265007019,0.6907535195350647,0.8432801961898804,-0.6808745265007019
33,26,0.18786123394966125,0.7362591028213501,-0.6300129294395447,0.18786123394966125,0.7362591028213501,-0.6300129294395447
33,27,0.5627744197845459,0.9326167106628418,-0.18239688873291016,0.5627744197845459,0.9326167106628418,-0.18239688873291016
33,28,0.23332154750823975,0.8460469841957092,-0.14288616180419922,0.23332154750823975,0.8460469841957092,-0.14288616180419922
33,29,0.5201222896575928,0.9392526745796204,-0.13831478357315063,0.5201222896575928,0.9392526745796204,-0.13831478357315063
33,30,0.26091861724853516,0.8645090460777283,-0.09499014914035797,0.26091861724853516,0.8645090460777283,-0.09499014914035797
33,31,0.6070077419281006,0.9991320967674255,-0.31174400448799133,0.6070077419281006,0.9991320967674255,-0.31174400448799133
33,32,0.16648605465888977,0.9011344909667969,-0.23550496995449066,0.16648605465888977,0.9011344909667969,-0.23550496995449066
34,0,0.5177204608917236,0.39758655428886414,-0.5633367896080017,0.5177204608917236,0.39758655428886414,-0.5633367896080017
34,1,0.5404067039489746,0.37331828474998474,-0.5193594098091125,0.5404067039489746,0.37331828474998474,-0.5193594098091125
34,2,0.5524101853370667,0.3732118606567383,-0.5195788741111755,0.5524101853370667,0.3732118606567383,-0.5195788741111755
34,3,0.5648744106292725,0.37303218245506287,-0.5199658870697021,0.5648744106292725,0.37303218245506287,-0.5199658870697021
34,4,0.5008976459503174,0.37224820256233215,-0.5337704420089722,0.5008976459503174,0.37224820256233215,-0.5337704420089722
34,5,0.48427513241767883,0.37149399518966675,-0.5335773229598999,0.48427513241767883,0.37149399518966675,-0.5335773229598999
34,6,0.4674171209335327,0.3705300986766815,-0.53359454870224,0.4674171209335327,0.3705300986766815,-0.53359454870224
34,7,0.5688179731369019,0.3782479465007782,-0.2174864262342453,0.5688179731369019,0.3782479465007782,-0.2174864262342453
34,8,0.4411594271659851,0.38151437044143677,-0.2779649496078491,0.4411594271659851,0.38151437044143677,-0.2779649496078491
34,9,0.539897084236145,0.4183720648288727,-0.4432113766670227,0.539897084236145,0.4183720648288727,-0.4432113766670227
34,10,0.4890492856502533,0.4167971611022949,-0.46060386300086975,0.4890492856502533,0.4167971611022949,-0.46060386300086975
34,11,0.6482721567153931,0.47489944100379944,-0.0276948232203722,0.6482721567153931,0.47489944100379944,-0.0276948232203722
34,12,0.3229297697544098,0.4672219753265381,-0.15097682178020477,0.3229297697544098,0.4672219753265381,-0.15097682178020477
34,13,0.7687915563583374,0.5517595410346985,-0.18549618124961853,0.7687915563583374,0.5517595410346985,-0.18549618124961853
34,14,0.16796031594276428,0.5766550898551941,-0.3411821126937866,0.16796031594276428,0.5766550898551941,-0.3411821126937866
34,15,0.8477020263671875,0.5916023254394531,-0.8122273683547974,0.8477020263671875,0.5916023254394531,-0.8122273683547974
34,16,0.2523401975631714,0.6400186419487,-0.7853101491928101,0.2523401975631714,0.6400186419487,-0.7853101491928101
34,17,0.878187894821167,0.61869877576828,-0.9270412921905518,0.878187894821167,0.61869877576828,-0.9270412921905518
34,18,0.28428077697753906,0.6686829328536987,-0.8769685626029968,0.28428077697753906,0.6686829328536987,-0.8769685626029968
34,19,0.8492621183395386,0.6122226715087891,-0.9841158390045166,0.8492621183395386,0.6122226715087891,-0.9841158390045166
34,20,0.32687437534332275,0.6523559093475342,-0.8983429670333862,0.32687437534332275,0.6523559093475342,-0.8983429670333862
34,21,0.8323782086372375,0.6040888428688049,-0.8445612788200378,0.8323782086372375,0.6040888428688049,-0.8445612788200378
34,22,0.32862868905067444,0.6438795924186707,-0.7931071519851685,0.32862868905067444,0.6438795924186707,-0.7931071519851685
34,23,0.5215033888816833,0.7092046737670898,0.04153739660978317,0.5215033888816833,0.7092046737670898,0.04153739660978317
34,24,0.3548794984817505,0.6970560550689697,-0.0411674901843071,0.3548794984817505,0.6970560550689697,-0.0411674901843071
34,25,0.7277952432632446,0.8450716137886047,-0.631614089012146,0.7277952432632446,0.8450716137886047,-0.631614089012146
34,26,0.17864739894866943,0.7244716286659241,-0.8371860980987549,0.17864739894866943,0.7244716286659241,-0.8371860980987549
34,27,0.6345487236976624,0.9238501787185669,-0.11269044131040573,0.6345487236976624,0.9238501787185669,-0.11269044131040573
34,28,0.25802889466285706,0.8655762672424316,-0.3715398907661438,0.25802889466285706,0.8655762672424316,-0.3715398907661438
34,29,0.5918694138526917,0.9309121966362,-0.06584741175174713,0.5918694138526917,0.9309121966362,-0.06584741175174713
34,30,0.2879531979560852,0.8844528794288635,-0.3236669898033142,0.2879531979560852,0.8844528794288635,-0.3236669898033142
34,31,0.7056511044502258,0.9815796613693237,-0.2394338846206665,0.7056511044502258,0.9815796613693237,-0.2394338846206665
34,32,0.22211791574954987,0.9343909025192261,-0.5114735960960388,0.22211791574954987,0.9343909025192261,-0.5114735960960388
35,0,0.522691547870636,0.38254019618034363,-0.4504627287387848,0.522691547870636,0.38254019618034363,-0.4504627287387848
35,1,0.5395134091377258,0.36022329330444336,-0.3957541882991791,0.5395134091377258,0.36022329330444336,-0.3957541882991791
35,2,0.5534048080444336,0.36127015948295593,-0.3958694338798523,0.5534048080444336,0.36127015948295593,-0.3958694338798523
35,3,0.5621851086616516,0.36188018321990967,-0.39609357714653015,0.5621851086616516,0.36188018321990967,-0.39609357714653015
35,4,0.5036782622337341,0.3581324815750122,-0.41924741864204407,0.5036782622337341,0.3581324815750122,-0.41924741864204407
35,5,0.4862883388996124,0.3571901321411133,-0.41906917095184326,0.4862883388996124,0.3571901321411133,-0.41906917095184326
35,6,0.476887047290802,0.3565150797367096,-0.41903889179229736,0.476887047290802,0.3565150797367096,-0.41903889179229736
35,7,0.5619056224822998,0.3684713840484619,-0.08272843807935715,0.5619056224822998,0.3684713840484619,-0.08272843807935715
35,8,0.44281908869743347,0.3670065104961395,-0.19087140262126923,0.44281908869743347,0.3670065104961395,-0.19087140262126923
35,9,0.5425726771354675,0.4053332209587097,-0.33039525151252747,0.5425726771354675,0.4053332209587097,-0.33039525151252747
35,10,0.4952576160430908,0.4019334614276886,-0.3613103926181793,0.4952576160430908,0.4019334614276886,-0.3613103926181793
35,11,0.6372118592262268,0.4708060622215271,0.05909379944205284,0.6372118592262268,0.4708060622215271,0.05909379944205284
35,12,0.31997519731521606,0.4630446434020996,-0.06651172786951065,0.31997519731521606,0.4630446434020996,-0.06651172786951065
35,13,0.7537040710449219,0.529488205909729,-0.1822296380996704,0.7537040710449219,0.529488205909729,-0.1822296380996704
35,14,0.16355851292610168,0.5572484731674194,-0.3738035559654236,0.16355851292610168,0.5572484731674194,-0.3738035559654236
35,15,0.8623589277267456,0.5602732300758362,-0.7818040251731873,0.8623589277267456,0.5602732300758362,-0.7818040251731873
35,16,0.23414772748947144,0.5812807083129883,-0.8652042746543884,0.23414772748947144,0.5812807083129883,-0.8652042746543884
35,17,0.8992640376091003,0.5784576535224915,-0.8897020816802979,0.8992640376091003,0.5784576535224915,-0.8897020816802979
35,18,0.26300495862960815,0.6111682057380676,-0.9445624351501465,0.26300495862960815,0.6111682057380676,-0.9445624351501465
35,19,0.8722875714302063,0.5738487243652344,-0.9154400825500488,0.8722875714302063,0.5738487243652344,-0.9154400825500488
35,20,0.3047419786453247,0.5948140621185303,-0.9542196989059448,0.3047419786453247,0.5948140621185303,-0.9542196989059448
35,21,0.8524907827377319,0.5689646005630493,-0.8039339184761047,0.8524907827377319,0.5689646005630493,-0.8039339184761047
35,22,0.3070541024208069,0.5853478312492371,-0.8711588382720947,0.3070541024208069,0.5853478312492371,-0.8711588382720947
35,23,0.5063650012016296,0.7018657922744751,0.011566950008273125,0.5063650012016296,0.7018657922744751,0.011566950008273125
35,24,0.34531205892562866,0.6882655620574951,-0.010945445857942104,0.34531205892562866,0.6882655620574951,-0.010945445857942104
35,25,0.6363381743431091,0.8277519345283508,-0.7610686421394348,0.6363381743431091,0.8277519345283508,-0.7610686421394348
35,26,0.22695201635360718,0.7275870442390442,-0.7586742639541626,0.22695201635360718,0.7275870442390442,-0.7586742639541626
35,27,0.533281683921814,0.926721453666687,-0.2928723990917206,0.533281683921814,0.926721453666687,-0.2928723990917206
35,28,0.24068482220172882,0.8575156331062317,-0.26407310366630554,0.24068482220172882,0.8575156331062317,-0.26407310366630554
35,29,0.5023583769798279,0.9375330209732056,-0.25320982933044434,0.5023583769798279,0.9375330209732056,-0.25320982933044434
35,30,0.26130411028862,0.8744305372238159,-0.2169492244720459,0.26130411028862,0.8744305372238159,-0.2169492244720459
35,31,0.5554133057594299,0.9819874167442322,-0.48002004623413086,0.5554133057594299,0.9819874167442322,-0.48002004623413086
35,32,0.18221458792686462,0.9205355644226074,-0.40521547198295593,0.18221458792686462,0.9205355644226074,-0.40521547198295593
36,0,0.789404571056366,0.8620731234550476,-0.46440935134887695,0.789404571056366,0.8620731234550476,-0.46440935134887695
36,1,0.806458592414856,0.8838759660720825,-0.49460330605506897,0.806458592414856,0.8838759660720825,-0.49460330605506897
36,2,0.8018537759780884,0.8908423781394958,-0.4944518804550171,0.8018537759780884,0.8908423781394958,-0.4944518804550171
36,3,0.795211911201477,0.8988345861434937,-0.49463629722595215,0.795211911201477,0.8988345861434937,-0.49463629722595215
36,4,0.8246362805366516,0.8710619211196899,-0.4313494861125946,0.8246362805366516,0.8710619211196899,-0.4313494861125946
36,5,0.8332517147064209,0.8681570291519165,-0.4313339591026306,0.8332517147064209,0.8681570291519165,-0.4313339591026306
36,6,0.841454029083252,0.8658562302589417,-0.4313167333602905,0.841454029083252,0.8658562302589417,-0.4313167333602905
36,7,0.7784349322319031,0.9255995750427246,-0.41958826780319214,0.7784349322319031,0.9255995750427246,-0.41958826780319214
36,8,0.8522389531135559,0.8765695095062256,-0.12543432414531708,0.8522389531135559,0.8765695095062256,-0.12543432414531708
36,9,0.7529890537261963,0.8685017824172974,-0.4142971932888031,0.7529890537261963,0.8685017824172974,-0.4142971932888031
36,10,0.7822033166885376,0.8544589877128601,-0.33012568950653076,0.7822033166885376,0.8544589877128601,-0.33012568950653076
36,11,0.6224295496940613,0.9556455016136169,-0.35504743456840515,0.6224295496940613,0.9556455016136169,-0.35504743456840515
36,12,0.777972936630249,0.8563262820243835,0.20650318264961243,0.777972936630249,0.8563262820243835,0.20650318264961243
36,13,0.3909369707107544,0.902216911315918,-0.6950079798698425,0.3909369707107544,0.902216911315918,-0.6950079798698425
36,14,0.7425898313522339,0.7624212503433228,0.04539985954761505,0.7425898313522339,0.7624212503433228,0.04539985954761505
36,15,0.6107831597328186,0.8470502495765686,-0.9226997494697571,0.6107831597328186,0.8470502495765686,-0.9226997494697571
36,16,0.7530010938644409,0.7723760008811951,-0.44834303855895996,0.7530010938644409,0.7723760008811951,-0.44834303855895996
36,17,0.6614761352539062,0.83232581615448,-0.9943696856498718,0.6614761352539062,0.83232581615448,-0.9943696856498718
36,18,0.7318733334541321,0.7649685740470886,-0.5038996934890747,0.7318733334541321,0.7649685740470886,-0.5038996934890747
36,19,0.6967344880104065,0.8450804352760315,-0.926356315612793,0.6967344880104065,0.8450804352760315,-0.926356315612793
36,20,0.7351756691932678,0.7795857787132263,-0.49033409357070923,0.7351756691932678,0.7795857787132263,-0.49033409357070923
36,21,0.6847755908966064,0.8500962257385254,-0.886737048625946,0.6847755908966064,0.8500962257385254,-0.886737048625946
36,22,0.7375112175941467,0.7853317856788635,-0.45414623618125916,0.7375112175941467,0.7853317856788635,-0.45414623618125916
36,23,0.43248045444488525,0.7285611629486084,-0.2343292385339737,0.43248045444488525,0.7285611629486084,-0.2343292385339737
36,24,0.5355056524276733,0.7030375003814697,0.23435665667057037,0.5355056524276733,0.7030375003814697,0.23435665667057037
36,25,0.46502864360809326,0.5828807950019836,-0.618791937828064,0.46502864360809326,0.5828807950019836,-0.618791937828064
36,26,0.525830864906311,0.5681949257850647,0.1620779186487198,0.525830864906311,0.5681949257850647,0.1620779186487198
36,27,0.4604213833808899,0.4430481195449829,-0.7454615235328674,0.4604213833808899,0.4430481195449829,-0.7454615235328674
36,28,0.3519197404384613,0.5480473637580872,0.2279364913702011,0.3519197404384613,0.5480473637580872,0.2279364913702011
36,29,0.4234354496002197,0.426726758480072,-0.7557563185691833,0.4234354496002197,0.426726758480072,-0.7557563185691833
36,30,0.3049955666065216,0.5524930357933044,0.23970545828342438,0.3049955666065216,0.5524930357933044,0.23970545828342438
36,31,0.5769050121307373,0.3717145621776581,-0.9654614925384521,0.5769050121307373,0.3717145621776581,-0.9654614925384521
36,32,0.3494774103164673,0.49827665090560913,0.15046800673007965,0.3494774103164673,0.49827665090560913,0.15046800673007965
37,0,0.8002790212631226,0.8686199188232422,-0.42695486545562744,0.8002790212631226,0.8686199188232422,-0.42695486545562744
37,1,0.8203731775283813,0.893126368522644,-0.4503227770328522,0.8203731775283813,0.893126368522644,-0.4503227770328522
37,2,0.8149645328521729,0.9032578468322754,-0.45013248920440674,0.8149645328521729,0.9032578468322754,-0.45013248920440674
37,3,0.8091158866882324,0.9114549160003662,-0.45037516951560974,0.8091158866882324,0.9114549160003662,-0.45037516951560974
37,4,0.8416514992713928,0.8778555393218994,-0.3968561589717865,0.8416514992713928,0.8778555393218994,-0.3968561589717865
37,5,0.8492027521133423,0.8755819797515869,-0.3967810869216919,0.8492027521133423,0.8755819797515869,-0.3967810869216919
37,6,0.8569963574409485,0.8737261295318604,-0.3967892825603485,0.8569963574409485,0.8737261295318604,-0.3967892825603485
37,7,0.7920058369636536,0.9360434412956238,-0.3454558551311493,0.7920058369636536,0.9360434412956238,-0.3454558551311493
37,8,0.856248140335083,0.8862853050231934,-0.09932313114404678,0.856248140335083,0.8862853050231934,-0.09932313114404678
37,9,0.7637287378311157,0.879624605178833,-0.3650689423084259,0.7637287378311157,0.879624605178833,-0.3650689423084259
37,10,0.7903335094451904,0.8634234666824341,-0.29491642117500305,0.7903335094451904,0.8634234666824341,-0.29491642117500305
37,11,0.6047881841659546,0.9577018022537231,-0.2770882546901703,0.6047881841659546,0.9577018022537231,-0.2770882546901703
37,12,0.7911944389343262,0.8449996709823608,0.15289939939975739,0.7911944389343262,0.8449996709823608,0.15289939939975739
37,13,0.38113933801651,0.8992178440093994,-0.5664170384407043,0.38113933801651,0.8992178440093994,-0.5664170384407043
37,14,0.7325993776321411,0.7380341291427612,0.0744638666510582,0.7325993776321411,0.7380341291427612,0.0744638666510582
37,15,0.6175457835197449,0.84184730052948,-0.7277794480323792,0.6175457835197449,0.84184730052948,-0.7277794480323792
37,16,0.7484767436981201,0.7712154388427734,-0.24226514995098114,0.7484767436981201,0.7712154388427734,-0.24226514995098114
37,17,0.6744757890701294,0.8287019729614258,-0.764122724533081,0.6744757890701294,0.8287019729614258,-0.764122724533081
37,18,0.7271341681480408,0.766923189163208,-0.27711597084999084,0.7271341681480408,0.766923189163208,-0.27711597084999084
37,19,0.6994013786315918,0.8435947895050049,-0.6824133992195129,0.6994013786315918,0.8435947895050049,-0.6824133992195129
37,20,0.7344506978988647,0.7817381620407104,-0.24260032176971436,0.7344506978988647,0.7817381620407104,-0.24260032176971436
37,21,0.6817041039466858,0.8471290469169617,-0.6823526620864868,0.6817041039466858,0.8471290469169617,-0.6823526620864868
37,22,0.7357401847839355,0.7853349447250366,-0.23545235395431519,0.7357401847839355,0.7853349447250366,-0.23545235395431519
37,23,0.4073590636253357,0.6969934105873108,-0.1656213402748108,0.4073590636253357,0.6969934105873108,-0.1656213402748108
37,24,0.5529006123542786,0.6620281934738159,0.16536889970302582,0.5529006123542786,0.6620281934738159,0.16536889970302582
37,25,0.45946934819221497,0.5486009120941162,-0.6835984587669373,0.45946934819221497,0.5486009120941162,-0.6835984587669373
37,26,0.6319506764411926,0.475413054227829,-0.256985068321228,0.6319506764411926,0.475413054227829,-0.256985068321228
37,27,0.39122289419174194,0.4349721074104309,-0.3882686495780945,0.39122289419174194,0.4349721074104309,-0.3882686495780945
37,28,0.2853641211986542,0.5154918432235718,-0.02233654260635376,0.2853641211986542,0.5154918432235718,-0.02233654260635376
37,29,0.37004554271698,0.4327222406864166,-0.3526513874530792,0.37004554271698,0.4327222406864166,-0.3526513874530792
37,30,0.24118080735206604,0.5479092597961426,0.013780064880847931,0.24118080735206604,0.5479092597961426,0.013780064880847931
37,31,0.4056525230407715,0.3590782880783081,-0.513898491859436,0.4056525230407715,0.3590782880783081,-0.513898491859436
37,32,0.14477631449699402,0.46079808473587036,-0.06539898365736008,0.14477631449699402,0.46079808473587036,-0.06539898365736008
38,0,0.8018969297409058,0.8675316572189331,-0.2007645219564438,0.8018969297409058,0.8675316572189331,-0.2007645219564438
38,1,0.8191351890563965,0.8935489654541016,-0.21152617037296295,0.8191351890563965,0.8935489654541016,-0.21152617037296295
38,2,0.8120396137237549,0.9009287357330322,-0.2114458680152893,0.8120396137237549,0.9009287357330322,-0.2114458680152893
38,3,0.8054786920547485,0.9089660048484802,-0.21157565712928772,0.8054786920547485,0.9089660048484802,-0.21157565712928772
38,4,0.839124321937561,0.8767021894454956,-0.15077686309814453,0.839124321937561,0.8767021894454956,-0.15077686309814453
38,5,0.8469558954238892,0.87396240234375,-0.15076963603496552,0.8469558954238892,0.87396240234375,-0.15076963603496552
38,6,0.8540304899215698,0.8717861175537109,-0.15082278847694397,0.8540304899215698,0.8717861175537109,-0.15082278847694397
38,7,0.7840409278869629,0.9363657236099243,-0.0702490359544754,0.7840409278869629,0.9363657236099243,-0.0702490359544754
38,8,0.8552966117858887,0.8863881826400757,0.20669488608837128,0.8552966117858887,0.8863881826400757,0.20669488608837128
38,9,0.7619336843490601,0.877104640007019,-0.12816381454467773,0.7619336843490601,0.877104640007019,-0.12816381454467773
38,10,0.7883828282356262,0.8612489104270935,-0.04933188483119011,0.7883828282356262,0.8612489104270935,-0.04933188483119011
38,11,0.5981555581092834,0.9667073488235474,-0.027619967237114906,0.5981555581092834,0.9667073488235474,-0.027619967237114906
38,12,0.7915782332420349,0.8593573570251465,0.49212533235549927,0.7915782332420349,0.8593573570251465,0.49212533235549927
38,13,0.3914599120616913,0.8972595930099487,-0.39012038707733154,0.3914599120616913,0.8972595930099487,-0.39012038707733154
38,14,0.7001668810844421,0.7382462024688721,0.4140739440917969,0.7001668810844421,0.7382462024688721,0.4140739440917969
38,15,0.619949221611023,0.8408203721046448,-0.6387521028518677,0.619949221611023,0.8408203721046448,-0.6387521028518677
38,16,0.7429691553115845,0.7670544385910034,0.07270683348178864,0.7429691553115845,0.7670544385910034,0.07270683348178864
38,17,0.6798334121704102,0.8291705846786499,-0.6959555745124817,0.6798334121704102,0.8291705846786499,-0.6959555745124817
38,18,0.7282443046569824,0.7622247934341431,0.03830645978450775,0.7282443046569824,0.7622247934341431,0.03830645978450775
38,19,0.7087158560752869,0.8466466665267944,-0.6265718340873718,0.7087158560752869,0.8466466665267944,-0.6265718340873718
38,20,0.7338523268699646,0.7779641151428223,0.0689813420176506,0.7338523268699646,0.7779641151428223,0.0689813420176506
38,21,0.692133903503418,0.8491511344909668,-0.6008710861206055,0.692133903503418,0.8491511344909668,-0.6008710861206055
38,22,0.7340188026428223,0.7822247743606567,0.07842279970645905,0.7340188026428223,0.7822247743606567,0.07842279970645905
38,23,0.40560203790664673,0.7080304026603699,-0.21163451671600342,0.40560203790664673,0.7080304026603699,-0.21163451671600342
38,24,0.5448089241981506,0.6741613745689392,0.21181674301624298,0.5448089241981506,0.6741613745689392,0.21181674301624298
38,25,0.49800336360931396,0.5634289979934692,-0.9498534798622131,0.49800336360931396,0.5634289979934692,-0.9498534798622131
38,26,0.6298563480377197,0.4948917627334595,-0.23072601854801178,0.6298563480377197,0.4948917627334595,-0.23072601854801178
38,27,0.36833763122558594,0.43587997555732727,-1.2292230129241943,0.36833763122558594,0.43587997555732727,-1.2292230129241943
38,28,0.27464762330055237,0.5035542249679565,-0.33959317207336426,0.27464762330055237,0.5035542249679565,-0.33959317207336426
38,29,0.33196133375167847,0.4205636978149414,-1.2581138610839844,0.33196133375167847,0.4205636978149414,-1.2581138610839844
38,30,0.2165302038192749,0.5278967022895813,-0.3498804569244385,0.2165302038192749,0.5278967022895813,-0.3498804569244385
38,31,0.3752009868621826,0.38432782888412476,-1.5288827419281006,0.3752009868621826,0.38432782888412476,-1.5288827419281006
38,32,0.15622815489768982,0.4423997402191162,-0.5108247995376587,0.15622815489768982,0.4423997402191162,-0.5108247995376587
39,0,0.7936602830886841,0.8672118782997131,-0.40319761633872986,0.7936602830886841,0.8672118782997131,-0.40319761633872986
39,1,0.8117983341217041,0.8908172845840454,-0.43787598609924316,0.8117983341217041,0.8908172845840454,-0.43787598609924316
39,2,0.8073593974113464,0.8999364376068115,-0.4377748370170593,0.8073593974113464,0.8999364376068115,-0.4377748370170593
39,3,0.8004114031791687,0.9082555770874023,-0.4380079507827759,0.8004114031791687,0.9082555770874023,-0.4380079507827759
39,4,0.8287683725357056,0.8780236840248108,-0.3724082410335541,0.8287683725357056,0.8780236840248108,-0.3724082410335541
39,5,0.835076093673706,0.8762054443359375,-0.3723211884498596,0.835076093673706,0.8762054443359375,-0.3723211884498596
39,6,0.8423449993133545,0.8744826316833496,-0.37229397892951965,0.8423449993133545,0.8744826316833496,-0.37229397892951965
39,7,0.7806242108345032,0.9352655410766602,-0.3806343376636505,0.7806242108345032,0.9352655410766602,-0.3806343376636505
39,8,0.840491771697998,0.8943771123886108,-0.0748409777879715,0.840491771697998,0.8943771123886108,-0.0748409777879715
39,9,0.7564184665679932,0.8776395916938782,-0.3588062822818756,0.7564184665679932,0.8776395916938782,-0.3588062822818756
39,10,0.7794778347015381,0.8617225885391235,-0.2717093527317047,0.7794778347015381,0.8617225885391235,-0.2717093527317047
39,11,0.6013211607933044,0.9676499366760254,-0.35885143280029297,0.6013211607933044,0.9676499366760254,-0.35885143280029297
39,12,0.7715453505516052,0.8630784749984741,0.25083333253860474,0.7715453505516052,0.8630784749984741,0.25083333253860474
39,13,0.39320501685142517,0.8905048966407776,-0.6525720357894897,0.39320501685142517,0.8905048966407776,-0.6525720357894897
39,14,0.6756196618080139,0.7443983554840088,0.0721176341176033,0.6756196618080139,0.7443983554840088,0.0721176341176033
39,15,0.6195431351661682,0.837960422039032,-0.7796663641929626,0.6195431351661682,0.837960422039032,-0.7796663641929626
39,16,0.7211430668830872,0.7671922445297241,-0.41885945200920105,0.7211430668830872,0.7671922445297241,-0.41885945200920105
39,17,0.6752122044563293,0.8268848657608032,-0.8240535259246826,0.6752122044563293,0.8268848657608032,-0.8240535259246826
39,18,0.7321880459785461,0.7707449793815613,-0.44983163475990295,0.7321880459785461,0.7707449793815613,-0.44983163475990295
39,19,0.7043784260749817,0.8444333672523499,-0.730261504650116,0.7043784260749817,0.8444333672523499,-0.730261504650116
39,20,0.7443942427635193,0.791999340057373,-0.4376874268054962,0.7443942427635193,0.791999340057373,-0.4376874268054962
39,21,0.68897545337677,0.8486843109130859,-0.7287114262580872,0.68897545337677,0.8486843109130859,-0.7287114262580872
39,22,0.7337314486503601,0.7886208295822144,-0.42495495080947876,0.7337314486503601,0.7886208295822144,-0.42495495080947876
39,23,0.4202404320240021,0.6974783539772034,-0.2704048454761505,0.4202404320240021,0.6974783539772034,-0.2704048454761505
39,24,0.5182722806930542,0.6861138939857483,0.27037718892097473,0.5182722806930542,0.6861138939857483,0.27037718892097473
39,25,0.5080748796463013,0.4713152050971985,-0.671542227268219,0.5080748796463013,0.4713152050971985,-0.671542227268219
39,26,0.5490735769271851,0.48864832520484924,0.2249421328306198,0.5490735769271851,0.48864832520484924,0.2249421328306198
39,27,0.29389339685440063,0.4451378583908081,-0.536668598651886,0.29389339685440063,0.4451378583908081,-0.536668598651886
39,28,0.2514980435371399,0.5369224548339844,0.46380409598350525,0.2514980435371399,0.5369224548339844,0.46380409598350525
39,29,0.2575414180755615,0.46069222688674927,-0.5155817866325378,0.2575414180755615,0.46069222688674927,-0.5155817866325378
39,30,0.20571839809417725,0.564854085445404,0.4956178665161133,0.20571839809417725,0.564854085445404,0.4956178665161133
39,31,0.22380200028419495,0.3760872483253479,-0.5919908285140991,0.22380200028419495,0.3760872483253479,-0.5919908285140991
39,32,0.14032471179962158,0.47842782735824585,0.5049118995666504,0.14032471179962158,0.47842782735824585,0.5049118995666504
40,0,0.8032904863357544,0.8658877611160278,-0.37250107526779175,0.8032904863357544,0.8658877611160278,-0.37250107526779175
40,1,0.8215750455856323,0.8915237188339233,-0.3920287489891052,0.8215750455856323,0.8915237188339233,-0.3920287489891052
40,2,0.8153194189071655,0.9010456204414368,-0.39203953742980957,0.8153194189071655,0.9010456204414368,-0.39203953742980957
40,3,0.8071219325065613,0.9107435941696167,-0.3924156725406647,0.8071219325065613,0.9107435941696167,-0.3924156725406647
40,4,0.8378442525863647,0.8780913352966309,-0.3411082923412323,0.8378442525863647,0.8780913352966309,-0.3411082923412323
40,5,0.8428983688354492,0.876304030418396,-0.34090664982795715,0.8428983688354492,0.876304030418396,-0.34090664982795715
40,6,0.8482033014297485,0.874583899974823,-0.34084343910217285,0.8482033014297485,0.874583899974823,-0.34084343910217285
40,7,0.7776206731796265,0.9400203824043274,-0.3396918475627899,0.7776206731796265,0.9400203824043274,-0.3396918475627899
40,8,0.8351967334747314,0.8900576829910278,-0.0939052402973175,0.8351967334747314,0.8900576829910278,-0.0939052402973175
40,9,0.7610483765602112,0.8747196793556213,-0.3327554762363434,0.7610483765602112,0.8747196793556213,-0.3327554762363434
40,10,0.7833443880081177,0.8594841957092285,-0.2624431550502777,0.7833443880081177,0.8594841957092285,-0.2624431550502777
40,11,0.6022957563400269,0.9611834287643433,-0.30139991641044617,0.6022957563400269,0.9611834287643433,-0.30139991641044617
40,12,0.7287916541099548,0.8532315492630005,0.17098788917064667,0.7287916541099548,0.8532315492630005,0.17098788917064667
40,13,0.37751924991607666,0.8907034397125244,-0.5714725852012634,0.37751924991607666,0.8907034397125244,-0.5714725852012634
40,14,0.6230493187904358,0.7304354906082153,0.2210395485162735,0.6230493187904358,0.7304354906082153,0.2210395485162735
40,15,0.6122646331787109,0.8407590389251709,-0.7054463028907776,0.6122646331787109,0.8407590389251709,-0.7054463028907776
40,16,0.7179542183876038,0.764990508556366,0.08499102294445038,0.7179542183876038,0.764990508556366,0.08499102294445038
40,17,0.6775956153869629,0.827815055847168,-0.7468675374984741,0.6775956153869629,0.827815055847168,-0.7468675374984741
40,18,0.7099258899688721,0.7619885206222534,0.07127457857131958,0.7099258899688721,0.7619885206222534,0.07127457857131958
40,19,0.7039856910705566,0.8439381122589111,-0.6608769297599792,0.7039856910705566,0.8439381122589111,-0.6608769297599792
40,20,0.7176638841629028,0.7754595279693604,0.07162930816411972,0.7176638841629028,0.7754595279693604,0.07162930816411972
40,21,0.6849293112754822,0.8482530117034912,-0.6601410508155823,0.6849293112754822,0.8482530117034912,-0.6601410508155823
40,22,0.7168511152267456,0.7790881991386414,0.08296003192663193,0.7168511152267456,0.7790881991386414,0.08296003192663193
40,23,0.4437461793422699,0.679373562335968,-0.19763939082622528,0.4437461793422699,0.679373562335968,-0.19763939082622528
40,24,0.5066742300987244,0.6749972105026245,0.19784031808376312,0.5066742300987244,0.6749972105026245,0.19784031808376312
40,25,0.5929051041603088,0.49932634830474854,-0.5335264801979065,0.5929051041603088,0.49932634830474854,-0.5335264801979065
40,26,0.41849225759506226,0.5061820149421692,0.12128710001707077,0.41849225759506226,0.5061820149421692,0.12128710001707077
40,27,0.5336775779724121,0.41868114471435547,-0.1805114448070526,0.5336775779724121,0.41868114471435547,-0.1805114448070526
40,28,0.16174808144569397,0.46517422795295715,0.24979810416698456,0.16174808144569397,0.46517422795295715,0.24979810416698456
40,29,0.49673303961753845,0.42012637853622437,-0.1317977011203766,0.49673303961753845,0.42012637853622437,-0.1317977011203766
40,30,0.10932227969169617,0.46337682008743286,0.27441561222076416,0.10932227969169617,0.46337682008743286,0.27441561222076416
40,31,0.5806398987770081,0.3492366671562195,-0.1134469211101532,0.5806398987770081,0.3492366671562195,-0.1134469211101532
40,32,0.10381066799163818,0.3840814232826233,0.2739790380001068,0.10381066799163818,0.3840814232826233,0.2739790380001068
41,0,0.5442110896110535,0.36404070258140564,-0.5923755168914795,0.5442110896110535,0.36404070258140564,-0.5923755168914795
41,1,0.5523555278778076,0.3470725417137146,-0.5523877143859863,0.5523555278778076,0.3470725417137146,-0.5523877143859863
41,2,0.5597831010818481,0.34761032462120056,-0.5524110794067383,0.5597831010818481,0.34761032462120056,-0.5524110794067383
41,3,0.5701349973678589,0.3487134873867035,-0.5528658628463745,0.5701349973678589,0.3487134873867035,-0.5528658628463745
41,4,0.517374575138092,0.34331247210502625,-0.5554938316345215,0.517374575138092,0.34331247210502625,-0.5554938316345215
41,5,0.5034682154655457,0.3416479527950287,-0.555520236492157,0.5034682154655457,0.3416479527950287,-0.555520236492157
41,6,0.4833614230155945,0.33988627791404724,-0.5555867552757263,0.4833614230155945,0.33988627791404724,-0.5555867552757263
41,7,0.5642021894454956,0.35400909185409546,-0.3038492798805237,0.5642021894454956,0.35400909185409546,-0.3038492798805237
41,8,0.4555017650127411,0.3442123830318451,-0.3212706446647644,0.4555017650127411,0.3442123830318451,-0.3212706446647644
41,9,0.5493452548980713,0.3822901248931885,-0.496938019990921,0.5493452548980713,0.3822901248931885,-0.496938019990921
41,10,0.5014742612838745,0.3784005045890808,-0.5031532049179077,0.5014742612838745,0.3784005045890808,-0.5031532049179077
41,11,0.6397737860679626,0.43941134214401245,-0.1760062724351883,0.6397737860679626,0.43941134214401245,-0.1760062724351883
41,12,0.3258109390735626,0.43628180027008057,-0.15559613704681396,0.3258109390735626,0.43628180027008057,-0.15559613704681396
41,13,0.854632556438446,0.4497889578342438,-0.34187161922454834,0.854632556438446,0.4497889578342438,-0.34187161922454834
41,14,0.08490151166915894,0.4670864939689636,-0.4616946280002594,0.08490151166915894,0.4670864939689636,-0.4616946280002594
41,15,0.807185709476471,0.36084258556365967,-0.5058593153953552,0.807185709476471,0.36084258556365967,-0.5058593153953552
41,16,0.19957399368286133,0.3477168083190918,-0.8055343627929688,0.19957399368286133,0.3477168083190918,-0.8055343627929688
41,17,0.792407214641571,0.34245821833610535,-0.5588577389717102,0.792407214641571,0.34245821833610535,-0.5588577389717102
41,18,0.24650838971138,0.3265325725078583,-0.8993396759033203,0.24650838971138,0.3265325725078583,-0.8993396759033203
41,19,0.7648780941963196,0.3440435826778412,-0.502302885055542,0.7648780941963196,0.3440435826778412,-0.502302885055542
41,20,0.28073781728744507,0.3273739218711853,-0.803026020526886,0.28073781728744507,0.3273739218711853,-0.803026020526886
41,21,0.7637583613395691,0.3512096107006073,-0.4878993034362793,0.7637583613395691,0.3512096107006073,-0.4878993034362793
41,22,0.2810337543487549,0.3365488350391388,-0.7808653116226196,0.2810337543487549,0.3365488350391388,-0.7808653116226196
41,23,0.5140717029571533,0.6946206092834473,-0.046202920377254486,0.5140717029571533,0.6946206092834473,-0.046202920377254486
41,24,0.38079261779785156,0.6847590208053589,0.04591751471161842,0.38079261779785156,0.6847590208053589,0.04591751471161842
41,25,0.6096723079681396,0.8583498597145081,-0.01728707179427147,0.6096723079681396,0.8583498597145081,-0.01728707179427147
41,26,0.3517921566963196,0.8055363297462463,0.1004340797662735,0.3517921566963196,0.8055363297462463,0.1004340797662735
41,27,0.5873074531555176,0.9428719878196716,0.5910803079605103,0.5873074531555176,0.9428719878196716,0.5910803079605103
41,28,0.39096325635910034,0.906970202922821,0.6035852432250977,0.39096325635910034,0.906970202922821,0.6035852432250977
41,29,0.583136260509491,0.9544651508331299,0.6525267958641052,0.583136260509491,0.9544651508331299,0.6525267958641052
41,30,0.4089387059211731,0.9256445169448853,0.658861517906189,0.4089387059211731,0.9256445169448853,0.658861517906189
41,31,0.5636109709739685,0.9844638705253601,0.54566490650177,0.5636109709739685,0.9844638705253601,0.54566490650177
41,32,0.33278506994247437,0.9444367289543152,0.5493325591087341,0.33278506994247437,0.9444367289543152,0.5493325591087341
42,0,0.5400822758674622,0.3727809190750122,-0.6068967580795288,0.5400822758674622,0.3727809190750122,-0.6068967580795288
42,1,0.5550151467323303,0.35505908727645874,-0.552981436252594,0.5550151467323303,0.35505908727645874,-0.552981436252594
42,2,0.563430905342102,0.35512876510620117,-0.5529829859733582,0.563430905342102,0.35512876510620117,-0.5529829859733582
42,3,0.5721354484558105,0.3550901412963867,-0.5533188581466675,0.5721354484558105,0.3550901412963867,-0.5533188581466675
42,4,0.5263797640800476,0.3509875535964966,-0.5616572499275208,0.5263797640800476,0.3509875535964966,-0.5616572499275208
42,5,0.5117682218551636,0.348430335521698,-0.5617099404335022,0.5117682218551636,0.348430335521698,-0.5617099404335022
42,6,0.499212384223938,0.3465217053890228,-0.5618113875389099,0.499212384223938,0.3465217053890228,-0.5618113875389099
42,7,0.5712316036224365,0.35489481687545776,-0.25161150097846985,0.5712316036224365,0.35489481687545776,-0.25161150097846985
42,8,0.45958954095840454,0.34682145714759827,-0.2985074520111084,0.45958954095840454,0.34682145714759827,-0.2985074520111084
42,9,0.5464250445365906,0.38874560594558716,-0.49128982424736023,0.5464250445365906,0.38874560594558716,-0.49128982424736023
42,10,0.5076873302459717,0.38417404890060425,-0.5063263177871704,0.5076873302459717,0.38417404890060425,-0.5063263177871704
42,11,0.6363727450370789,0.4296281039714813,-0.14550425112247467,0.6363727450370789,0.4296281039714813,-0.14550425112247467
42,12,0.32371774315834045,0.4318885803222656,-0.08479108661413193,0.32371774315834045,0.4318885803222656,-0.08479108661413193
42,13,0.841301441192627,0.4414149820804596,-0.34727489948272705,0.841301441192627,0.4414149820804596,-0.34727489948272705
42,14,0.0748540461063385,0.4561789631843567,-0.5078487396240234,0.0748540461063385,0.4561789631843567,-0.5078487396240234
42,15,0.8032729029655457,0.3591444790363312,-0.5007520318031311,0.8032729029655457,0.3591444790363312,-0.5007520318031311
42,16,0.20456261932849884,0.3386527895927429,-0.945065438747406,0.20456261932849884,0.3386527895927429,-0.945065438747406
42,17,0.7916604280471802,0.34048715233802795,-0.5517835021018982,0.7916604280471802,0.34048715233802795,-0.5517835021018982
42,18,0.2641075849533081,0.3151845335960388,-1.0358127355575562,0.2641075849533081,0.3151845335960388,-1.0358127355575562
42,19,0.7601273655891418,0.3381737470626831,-0.4910089671611786,0.7601273655891418,0.3381737470626831,-0.4910089671611786
42,20,0.29346150159835815,0.3175584375858307,-0.9245617985725403,0.29346150159835815,0.3175584375858307,-0.9245617985725403
42,21,0.757765531539917,0.3453349173069,-0.4786188304424286,0.757765531539917,0.3453349173069,-0.4786188304424286
42,22,0.2946767210960388,0.3278847336769104,-0.9122857451438904,0.2946767210960388,0.3278847336769104,-0.9122857451438904
42,23,0.4986606240272522,0.7066335082054138,-0.08216339349746704,0.4986606240272522,0.7066335082054138,-0.08216339349746704
42,24,0.428724080324173,0.7016165256500244,0.08190471678972244,0.428724080324173,0.7016165256500244,0.08190471678972244
42,25,0.39324048161506653,0.8776678442955017,-0.18855293095111847,0.39324048161506653,0.8776678442955017,-0.18855293095111847
42,26,0.5315957069396973,0.8515494465827942,0.10957041382789612,0.5315957069396973,0.8515494465827942,0.10957041382789612
42,27,0.5666313171386719,0.9491305351257324,0.338872492313385,0.5666313171386719,0.9491305351257324,0.338872492313385
42,28,0.6265377402305603,0.9368175864219666,0.48350709676742554,0.6265377402305603,0.9368175864219666,0.48350709676742554
42,29,0.597822368144989,0.9651240110397339,0.39319881796836853,0.597822368144989,0.9651240110397339,0.39319881796836853
42,30,0.6428598165512085,0.9528793096542358,0.5299569964408875,0.6428598165512085,0.9528793096542358,0.5299569964408875
42,31,0.5492228865623474,0.9686697721481323,0.3426682949066162,0.5492228865623474,0.9686697721481323,0.3426682949066162
42,32,0.6153843998908997,0.9580079913139343,0.4738428592681885,0.6153843998908997,0.9580079913139343,0.4738428592681885
43,0,0.5450077652931213,0.36434850096702576,-0.6029430031776428,0.5450077652931213,0.36434850096702576,-0.6029430031776428
43,1,0.5575273036956787,0.3485429883003235,-0.5448343753814697,0.5575273036956787,0.3485429883003235,-0.5448343753814697
43,2,0.5644266605377197,0.34921741485595703,-0.5448303818702698,0.5644266605377197,0.34921741485595703,-0.5448303818702698
43,3,0.57077956199646,0.34969204664230347,-0.5452189445495605,0.57077956199646,0.34969204664230347,-0.5452189445495605
43,4,0.5271625518798828,0.3454003632068634,-0.564734697341919,0.5271625518798828,0.3454003632068634,-0.564734697341919
43,5,0.5082124471664429,0.34298184514045715,-0.5648152232170105,0.5082124471664429,0.34298184514045715,-0.5648152232170105
43,6,0.49156901240348816,0.3410074710845947,-0.5648970603942871,0.49156901240348816,0.3410074710845947,-0.5648970603942871
43,7,0.5610454082489014,0.350573867559433,-0.23936083912849426,0.5610454082489014,0.350573867559433,-0.23936083912849426
43,8,0.44636091589927673,0.34150242805480957,-0.3364343047142029,0.44636091589927673,0.34150242805480957,-0.3364343047142029
43,9,0.5496187806129456,0.3826354742050171,-0.4860464930534363,0.5496187806129456,0.3826354742050171,-0.4860464930534363
43,10,0.5023981928825378,0.3776486814022064,-0.5156680941581726,0.5023981928825378,0.3776486814022064,-0.5156680941581726
43,11,0.6248419284820557,0.4302290976047516,-0.13571077585220337,0.6248419284820557,0.4302290976047516,-0.13571077585220337
43,12,0.31523555517196655,0.429781973361969,-0.15032526850700378,0.31523555517196655,0.429781973361969,-0.15032526850700378
43,13,0.8412811756134033,0.44296184182167053,-0.3496311902999878,0.8412811756134033,0.44296184182167053,-0.3496311902999878
43,14,0.07369983196258545,0.4506995975971222,-0.5461124777793884,0.07369983196258545,0.4506995975971222,-0.5461124777793884
43,15,0.8241099119186401,0.35530218482017517,-0.5717012286186218,0.8241099119186401,0.35530218482017517,-0.5717012286186218
43,16,0.20615416765213013,0.3324841558933258,-0.9488876461982727,0.20615416765213013,0.3324841558933258,-0.9488876461982727
43,17,0.8172264695167542,0.3307960033416748,-0.6180316209793091,0.8172264695167542,0.3307960033416748,-0.6180316209793091
43,18,0.25165706872940063,0.3087783753871918,-1.031398057937622,0.25165706872940063,0.3087783753871918,-1.031398057937622
43,19,0.7894377708435059,0.32882124185562134,-0.5596469640731812,0.7894377708435059,0.32882124185562134,-0.5596469640731812
43,20,0.29229268431663513,0.31372377276420593,-0.9295383095741272,0.29229268431663513,0.31372377276420593,-0.9295383095741272
43,21,0.7838385105133057,0.33807870745658875,-0.5520520210266113,0.7838385105133057,0.33807870745658875,-0.5520520210266113
43,22,0.2964928150177002,0.3226047456264496,-0.9170977473258972,0.2964928150177002,0.3226047456264496,-0.9170977473258972
43,23,0.5093994140625,0.6966592669487,-0.08082134276628494,0.5093994140625,0.6966592669487,-0.08082134276628494
43,24,0.3966148793697357,0.6847573518753052,0.08033676445484161,0.3966148793697357,0.6847573518753052,0.08033676445484161
43,25,0.5333811044692993,0.8744120597839355,-0.13851302862167358,0.5333811044692993,0.8744120597839355,-0.13851302862167358
43,26,0.3858354091644287,0.8002125024795532,0.09808868169784546,0.3858354091644287,0.8002125024795532,0.09808868169784546
43,27,0.5412115454673767,0.9595394134521484,0.3900087773799896,0.5412115454673767,0.9595394134521484,0.3900087773799896
43,28,0.4351705014705658,0.8900078535079956,0.5872479677200317,0.4351705014705658,0.8900078535079956,0.5872479677200317
43,29,0.553902268409729,0.9765979051589966,0.44379594922065735,0.553902268409729,0.9765979051589966,0.44379594922065735
43,30,0.4520202577114105,0.9096300005912781,0.642526388168335,0.4520202577114105,0.9096300005912781,0.642526388168335
43,31,0.48723649978637695,0.983284056186676,0.33370378613471985,0.48723649978637695,0.983284056186676,0.33370378613471985
43,32,0.381513774394989,0.911561131477356,0.5596420168876648,0.381513774394989,0.911561131477356,0.5596420168876648
44,0,0.5341365337371826,0.36351335048675537,-0.6384643316268921,0.5341365337371826,0.36351335048675537,-0.6384643316268921
44,1,0.5490946769714355,0.3474482595920563,-0.5786129236221313,0.5490946769714355,0.3474482595920563,-0.5786129236221313
44,2,0.5582268238067627,0.34786394238471985,-0.5786480903625488,0.5582268238067627,0.34786394238471985,-0.5786480903625488
44,3,0.5659422874450684,0.3481641411781311,-0.5789954662322998,0.5659422874450684,0.3481641411781311,-0.5789954662322998
44,4,0.5133817791938782,0.34320658445358276,-0.5910274386405945,0.5133817791938782,0.34320658445358276,-0.5910274386405945
44,5,0.49658650159835815,0.3407212495803833,-0.5910468101501465,0.49658650159835815,0.3407212495803833,-0.5910468101501465
44,6,0.47748395800590515,0.3382996618747711,-0.5911349058151245,0.47748395800590515,0.3382996618747711,-0.5911349058151245
44,7,0.56297767162323,0.34945639967918396,-0.2634025812149048,0.56297767162323,0.34945639967918396,-0.2634025812149048
44,8,0.44066160917282104,0.33945611119270325,-0.32251423597335815,0.44066160917282104,0.33945611119270325,-0.32251423597335815
44,9,0.5412485599517822,0.380214661359787,-0.5195412635803223,0.5412485599517822,0.380214661359787,-0.5195412635803223
44,10,0.49191051721572876,0.37436896562576294,-0.5376508235931396,0.49191051721572876,0.37436896562576294,-0.5376508235931396
44,11,0.6408811807632446,0.4283335208892822,-0.1671762764453888,0.6408811807632446,0.4283335208892822,-0.1671762764453888
44,12,0.3114028573036194,0.4240533113479614,-0.15796561539173126,0.3114028573036194,0.4240533113479614,-0.15796561539173126
44,13,0.8436079025268555,0.441388875246048,-0.5820629000663757,0.8436079025268555,0.441388875246048,-0.5820629000663757
44,14,0.07719874382019043,0.4471357762813568,-0.6599403619766235,0.07719874382019043,0.4471357762813568,-0.6599403619766235
44,15,0.8270407915115356,0.3623674809932709,-0.999545693397522,0.8270407915115356,0.3623674809932709,-0.999545693397522
44,16,0.20638407766819,0.33032500743865967,-1.1599944829940796,0.20638407766819,0.33032500743865967,-1.1599944829940796
44,17,0.8220000863075256,0.3383704423904419,-1.0783360004425049,0.8220000863075256,0.3383704423904419,-1.0783360004425049
44,18,0.25572842359542847,0.3052577078342438,-1.2615896463394165,0.25572842359542847,0.3052577078342438,-1.2615896463394165
44,19,0.7960518598556519,0.33682379126548767,-0.9968520402908325,0.7960518598556519,0.33682379126548767,-0.9968520402908325
44,20,0.2919294238090515,0.3091607093811035,-1.1503955125808716,0.2919294238090515,0.3091607093811035,-1.1503955125808716
44,21,0.789832592010498,0.34540805220603943,-0.9752905368804932,0.789832592010498,0.34540805220603943,-0.9752905368804932
44,22,0.2934647500514984,0.3194592297077179,-1.1283483505249023,0.2934647500514984,0.3194592297077179,-1.1283483505249023
44,23,0.5046315789222717,0.7066537737846375,-0.07701663672924042,0.5046315789222717,0.7066537737846375,-0.07701663672924042
44,24,0.3877241015434265,0.6951678991317749,0.07673380523920059,0.3877241015434265,0.6951678991317749,0.07673380523920059
44,25,0.5931030511856079,0.8886960744857788,-0.3030802309513092,0.5931030511856079,0.8886960744857788,-0.3030802309513092
44,26,0.3155291974544525,0.7779929637908936,-0.21136772632598877,0.3155291974544525,0.7779929637908936,-0.21136772632598877
44,27,0.5856925845146179,0.9673940539360046,0.21795620024204254,0.5856925845146179,0.9673940539360046,0.21795620024204254
44,28,0.4330644905567169,0.8678147196769714,0.3818243443965912,0.4330644905567169,0.8678147196769714,0.3818243443965912
44,29,0.5892676115036011,0.9790538549423218,0.26987752318382263,0.5892676115036011,0.9790538549423218,0.26987752318382263
44,30,0.4632459878921509,0.8805088996887207,0.44977137446403503,0.4632459878921509,0.8805088996887207,0.44977137446403503
44,31,0.5627517104148865,1.0063440799713135,0.1481286734342575,0.5627517104148865,1.0063440799713135,0.1481286734342575
44,32,0.3899202048778534,0.9083375334739685,0.3968309462070465,0.3899202048778534,0.9083375334739685,0.3968309462070465
45,0,0.5414466857910156,0.3727337718009949,-0.4862019717693329,0.5414466857910156,0.3727337718009949,-0.4862019717693329
45,1,0.5575961470603943,0.3525324761867523,-0.4235353171825409,0.5575961470603943,0.3525324761867523,-0.4235353171825409
45,2,0.566429615020752,0.352196604013443,-0.4235536456108093,0.566429615020752,0.352196604013443,-0.4235536456108093
45,3,0.5741214752197266,0.3519607484340668,-0.423922061920166,0.5741214752197266,0.3519607484340668,-0.423922061920166
45,4,0.5194342136383057,0.3509734272956848,-0.44207221269607544,0.5194342136383057,0.3509734272956848,-0.44207221269607544
45,5,0.49960213899612427,0.3490508794784546,-0.4420912265777588,0.49960213899612427,0.3490508794784546,-0.4420912265777588
45,6,0.4772418737411499,0.34688329696655273,-0.4421583414077759,0.4772418737411499,0.34688329696655273,-0.4421583414077759
45,7,0.5706645250320435,0.35348883271217346,-0.10504558682441711,0.5706645250320435,0.35348883271217346,-0.10504558682441711
45,8,0.4293040633201599,0.3471051752567291,-0.19153651595115662,0.4293040633201599,0.3471051752567291,-0.19153651595115662
45,9,0.5498425364494324,0.39279282093048096,-0.3671690821647644,0.5498425364494324,0.39279282093048096,-0.3671690821647644
45,10,0.5016757249832153,0.3904247581958771,-0.39405596256256104,0.5016757249832153,0.3904247581958771,-0.39405596256256104
45,11,0.6311001181602478,0.43704953789711,-0.007978920824825764,0.6311001181602478,0.43704953789711,-0.007978920824825764
45,12,0.3074883818626404,0.43200209736824036,-0.050003595650196075,0.3074883818626404,0.43200209736824036,-0.050003595650196075
45,13,0.8351346850395203,0.4493786692619324,-0.32372090220451355,0.8351346850395203,0.4493786692619324,-0.32372090220451355
45,14,0.08434149622917175,0.45415228605270386,-0.4808131754398346,0.08434149622917175,0.45415228605270386,-0.4808131754398346
45,15,0.827534556388855,0.3717961609363556,-0.6352534890174866,0.827534556388855,0.3717961609363556,-0.6352534890174866
45,16,0.20387965440750122,0.3350016474723816,-0.8685588836669922,0.20387965440750122,0.3350016474723816,-0.8685588836669922
45,17,0.8245951533317566,0.34410589933395386,-0.6918827295303345,0.8245951533317566,0.34410589933395386,-0.6918827295303345
45,18,0.24809454381465912,0.3100098669528961,-0.9492818713188171,0.24809454381465912,0.3100098669528961,-0.9492818713188171
45,19,0.7984960675239563,0.33869704604148865,-0.6199724078178406,0.7984960675239563,0.33869704604148865,-0.6199724078178406
45,20,0.287607878446579,0.3138801157474518,-0.8446803689002991,0.287607878446579,0.3138801157474518,-0.8446803689002991
45,21,0.7920136451721191,0.34843719005584717,-0.6136723160743713,0.7920136451721191,0.34843719005584717,-0.6136723160743713
45,22,0.2912217378616333,0.32476794719696045,-0.8371694087982178,0.2912217378616333,0.32476794719696045,-0.8371694087982178
45,23,0.5374774932861328,0.7038401961326599,-0.046999312937259674,0.5374774932861328,0.7038401961326599,-0.046999312937259674
45,24,0.3898267447948456,0.6947429776191711,0.04672040790319443,0.3898267447948456,0.6947429776191711,0.04672040790319443
45,25,0.6419937014579773,0.8637903928756714,-0.23946329951286316,0.6419937014579773,0.8637903928756714,-0.23946329951286316
45,26,0.28479886054992676,0.746790885925293,-0.38064664602279663,0.28479886054992676,0.746790885925293,-0.38064664602279663
45,27,0.6369838714599609,0.929307758808136,0.2515822649002075,0.6369838714599609,0.929307758808136,0.2515822649002075
45,28,0.28012576699256897,0.8341434001922607,0.09233035892248154,0.28012576699256897,0.8341434001922607,0.09233035892248154
45,29,0.6323724985122681,0.9366350173950195,0.30340805649757385,0.6323724985122681,0.9366350173950195,0.30340805649757385
45,30,0.29340365529060364,0.8451055884361267,0.15084853768348694,0.29340365529060364,0.8451055884361267,0.15084853768348694
45,31,0.6391223073005676,0.9758379459381104,0.19323605298995972,0.6391223073005676,0.9758379459381104,0.19323605298995972
45,32,0.20754629373550415,0.884572446346283,0.08648469299077988,0.20754629373550415,0.884572446346283,0.08648469299077988
46,0,0.5407217741012573,0.3670952022075653,-0.5129976272583008,0.5407217741012573,0.3670952022075653,-0.5129976272583008
46,1,0.557157576084137,0.34928199648857117,-0.4517025947570801,0.557157576084137,0.34928199648857117,-0.4517025947570801
46,2,0.5653643012046814,0.34971383213996887,-0.45171865820884705,0.5653643012046814,0.34971383213996887,-0.45171865820884705
46,3,0.5725924968719482,0.35015979409217834,-0.4521440863609314,0.5725924968719482,0.35015979409217834,-0.4521440863609314
46,4,0.5193496346473694,0.3447171747684479,-0.46426188945770264,0.5193496346473694,0.3447171747684479,-0.46426188945770264
46,5,0.500197172164917,0.34158727526664734,-0.464235782623291,0.500197172164917,0.34158727526664734,-0.464235782623291
46,6,0.4784168303012848,0.3383936285972595,-0.4643160402774811,0.4784168303012848,0.3383936285972595,-0.4643160402774811
46,7,0.5668586492538452,0.35268068313598633,-0.14522196352481842,0.5668586492538452,0.35268068313598633,-0.14522196352481842
46,8,0.43797746300697327,0.3384277820587158,-0.20869411528110504,0.43797746300697327,0.3384277820587158,-0.20869411528110504
46,9,0.5455929040908813,0.3859251141548157,-0.4003628194332123,0.5455929040908813,0.3859251141548157,-0.4003628194332123
46,10,0.4945991635322571,0.37981605529785156,-0.42016157507896423,0.4945991635322571,0.37981605529785156,-0.42016157507896423
46,11,0.6338493824005127,0.4367888569831848,-0.033529359847307205,0.6338493824005127,0.4367888569831848,-0.033529359847307205
46,12,0.3097892999649048,0.4295234680175781,-0.06246302276849747,0.3097892999649048,0.4295234680175781,-0.06246302276849747
46,13,0.8403684496879578,0.45214203000068665,-0.19494272768497467,0.8403684496879578,0.45214203000068665,-0.19494272768497467
46,14,0.08095315098762512,0.45434731245040894,-0.44448110461235046,0.08095315098762512,0.45434731245040894,-0.44448110461235046
46,15,0.830569863319397,0.368296355009079,-0.33842581510543823,0.830569863319397,0.368296355009079,-0.33842581510543823
46,16,0.2029857337474823,0.336614191532135,-0.8185153007507324,0.2029857337474823,0.336614191532135,-0.8185153007507324
46,17,0.8244352340698242,0.3444337546825409,-0.3763147294521332,0.8244352340698242,0.3444337546825409,-0.3763147294521332
46,18,0.24961431324481964,0.3113136291503906,-0.9034802913665771,0.24961431324481964,0.3113136291503906,-0.9034802913665771
46,19,0.7976980209350586,0.34289610385894775,-0.3172798752784729,0.7976980209350586,0.34289610385894775,-0.3172798752784729
46,20,0.2858157753944397,0.31438201665878296,-0.8013534545898438,0.2858157753944397,0.31438201665878296,-0.8013534545898438
46,21,0.7910478711128235,0.35206860303878784,-0.3185821771621704,0.7910478711128235,0.35206860303878784,-0.3185821771621704
46,22,0.2886073887348175,0.32430198788642883,-0.790022075176239,0.2886073887348175,0.32430198788642883,-0.790022075176239
46,23,0.5041038393974304,0.7042297124862671,-0.04567530006170273,0.5041038393974304,0.7042297124862671,-0.04567530006170273
46,24,0.3774547576904297,0.7015447616577148,0.04548151418566704,0.3774547576904297,0.7015447616577148,0.04548151418566704
46,25,0.6296333074569702,0.8722808361053467,-0.22900785505771637,0.6296333074569702,0.8722808361053467,-0.22900785505771637
46,26,0.28672274947166443,0.7807937860488892,-0.34236881136894226,0.28672274947166443,0.7807937860488892,-0.34236881136894226
46,27,0.6035801768302917,0.9517009854316711,0.3446701765060425,0.6035801768302917,0.9517009854316711,0.3446701765060425
46,28,0.3424389958381653,0.8766068816184998,0.20927011966705322,0.3424389958381653,0.8766068816184998,0.20927011966705322
46,29,0.596295177936554,0.9606562852859497,0.4043057858943939,0.596295177936554,0.9606562852859497,0.4043057858943939
46,30,0.362013041973114,0.8898176550865173,0.27584388852119446,0.362013041973114,0.8898176550865173,0.27584388852119446
46,31,0.6020594835281372,1.00100839138031,0.2923217713832855,0.6020594835281372,1.00100839138031,0.2923217713832855
46,32,0.295528769493103,0.925000011920929,0.19353732466697693,0.295528769493103,0.925000011920929,0.19353732466697693
47,0,0.5295021533966064,0.3603913187980652,-0.5143293738365173,0.5295021533966064,0.3603913187980652,-0.5143293738365173
47,1,0.5445488691329956,0.3436626195907593,-0.4713553488254547,0.5445488691329956,0.3436626195907593,-0.4713553488254547
47,2,0.5574667453765869,0.3450298011302948,-0.47139450907707214,0.5574667453765869,0.3450298011302948,-0.47139450907707214
47,3,0.5647271871566772,0.34587469696998596,-0.4718403220176697,0.5647271871566772,0.34587469696998596,-0.4718403220176697
47,4,0.5032728314399719,0.33871763944625854,-0.4719665050506592,0.5032728314399719,0.33871763944625854,-0.4719665050506592
47,5,0.49116194248199463,0.3371824622154236,-0.47189465165138245,0.49116194248199463,0.3371824622154236,-0.47189465165138245
47,6,0.4814814627170563,0.3363212049007416,-0.4720630645751953,0.4814814627170563,0.3363212049007416,-0.4720630645751953
47,7,0.5630629062652588,0.35145431756973267,-0.23646579682826996,0.5630629062652588,0.35145431756973267,-0.23646579682826996
47,8,0.4553515911102295,0.3424318730831146,-0.24107395112514496,0.4553515911102295,0.3424318730831146,-0.24107395112514496
47,9,0.5392274856567383,0.37920674681663513,-0.4272148609161377,0.5392274856567383,0.37920674681663513,-0.4272148609161377
47,10,0.48520568013191223,0.37149906158447266,-0.4295573830604553,0.48520568013191223,0.37149906158447266,-0.4295573830604553
47,11,0.6268580555915833,0.44086337089538574,-0.1392691731452942,0.6268580555915833,0.44086337089538574,-0.1392691731452942
47,12,0.3202616274356842,0.434116393327713,-0.08723965287208557,0.3202616274356842,0.434116393327713,-0.08723965287208557
47,13,0.8428945541381836,0.45833587646484375,-0.409829705953598,0.8428945541381836,0.45833587646484375,-0.409829705953598
47,14,0.08185440301895142,0.45725634694099426,-0.47042909264564514,0.08185440301895142,0.45725634694099426,-0.47042909264564514
47,15,0.8207970261573792,0.3674571216106415,-0.7355374097824097,0.8207970261573792,0.3674571216106415,-0.7355374097824097
47,16,0.19825662672519684,0.33984890580177307,-0.8935698866844177,0.19825662672519684,0.33984890580177307,-0.8935698866844177
47,17,0.8220040798187256,0.34449899196624756,-0.8135023713111877,0.8220040798187256,0.34449899196624756,-0.8135023713111877
47,18,0.24647361040115356,0.31320762634277344,-0.9865788221359253,0.24647361040115356,0.31320762634277344,-0.9865788221359253
47,19,0.7932314872741699,0.34241923689842224,-0.756585955619812,0.7932314872741699,0.34241923689842224,-0.756585955619812
47,20,0.28160810470581055,0.316947340965271,-0.9007092118263245,0.28160810470581055,0.316947340965271,-0.9007092118263245
47,21,0.7829689979553223,0.3504056930541992,-0.7224995493888855,0.7829689979553223,0.3504056930541992,-0.7224995493888855
47,22,0.28912127017974854,0.32747751474380493,-0.8736645579338074,0.28912127017974854,0.32747751474380493,-0.8736645579338074
47,23,0.5000026226043701,0.7042441964149475,-0.08787079900503159,0.5000026226043701,0.7042441964149475,-0.08787079900503159
47,24,0.3674696087837219,0.6899434328079224,0.08779151737689972,0.3674696087837219,0.6899434328079224,0.08779151737689972
47,25,0.5822410583496094,0.8863396644592285,-0.18031132221221924,0.5822410583496094,0.8863396644592285,-0.18031132221221924
47,26,0.2824127674102783,0.7851267457008362,0.14192257821559906,0.2824127674102783,0.7851267457008362,0.14192257821559906
47,27,0.5793722867965698,0.981902003288269,0.21800462901592255,0.5793722867965698,0.981902003288269,0.21800462901592255
47,28,0.3096372187137604,0.8976812362670898,0.589607834815979,0.3096372187137604,0.8976812362670898,0.589607834815979
47,29,0.572838544845581,0.9995667338371277,0.2554457485675812,0.572838544845581,0.9995667338371277,0.2554457485675812
47,30,0.3322027921676636,0.9212875962257385,0.6368676424026489,0.3322027921676636,0.9212875962257385,0.6368676424026489
47,31,0.57441645860672,1.0207419395446777,0.0965510830283165,0.57441645860672,1.0207419395446777,0.0965510830283165
47,32,0.22064842283725739,0.934062123298645,0.5329333543777466,0.22064842283725739,0.934062123298645,0.5329333543777466
48,0,0.5335792899131775,0.37741994857788086,-0.6484774351119995,0.5335792899131775,0.37741994857788086,-0.6484774351119995
48,1,0.5467870831489563,0.35873910784721375,-0.5856685042381287,0.5467870831489563,0.35873910784721375,-0.5856685042381287
48,2,0.555530846118927,0.3590298593044281,-0.58565753698349,0.555530846118927,0.3590298593044281,-0.58565753698349
48,3,0.5630735754966736,0.35910773277282715,-0.5860213041305542,0.5630735754966736,0.35910773277282715,-0.5860213041305542
48,4,0.5172517895698547,0.3551792502403259,-0.5968899726867676,0.5172517895698547,0.3551792502403259,-0.5968899726867676
48,5,0.5045298337936401,0.35305121541023254,-0.5968258380889893,0.5045298337936401,0.35305121541023254,-0.5968258380889893
48,6,0.4861883521080017,0.35065311193466187,-0.596854567527771,0.4861883521080017,0.35065311193466187,-0.596854567527771
48,7,0.569186806678772,0.36254751682281494,-0.2624947130680084,0.569186806678772,0.36254751682281494,-0.2624947130680084
48,8,0.44763293862342834,0.35189923644065857,-0.3197314441204071,0.44763293862342834,0.35189923644065857,-0.3197314441204071
48,9,0.5404808521270752,0.39703670144081116,-0.5285629630088806,0.5404808521270752,0.39703670144081116,-0.5285629630088806
48,10,0.5010555386543274,0.3926410973072052,-0.5463643670082092,0.5010555386543274,0.3926410973072052,-0.5463643670082092
48,11,0.6238695979118347,0.44395682215690613,-0.16199547052383423,0.6238695979118347,0.44395682215690613,-0.16199547052383423
48,12,0.320330947637558,0.43911832571029663,-0.1473522037267685,0.320330947637558,0.43911832571029663,-0.1473522037267685
48,13,0.8398484587669373,0.45688605308532715,-0.4959813952445984,0.8398484587669373,0.45688605308532715,-0.4959813952445984
48,14,0.07924219965934753,0.4528305232524872,-0.6271563768386841,0.07924219965934753,0.4528305232524872,-0.6271563768386841
48,15,0.8190585374832153,0.3759748935699463,-0.822690486907959,0.8190585374832153,0.3759748935699463,-0.822690486907959
48,16,0.2101094126701355,0.3378373980522156,-1.1050448417663574,0.2101094126701355,0.3378373980522156,-1.1050448417663574
48,17,0.8228237628936768,0.35078150033950806,-0.8934846520423889,0.8228237628936768,0.35078150033950806,-0.8934846520423889
48,18,0.2559182047843933,0.3167659342288971,-1.2071210145950317,0.2559182047843933,0.3167659342288971,-1.2071210145950317
48,19,0.7891278862953186,0.3475557863712311,-0.8235012292861938,0.7891278862953186,0.3475557863712311,-0.8235012292861938
48,20,0.28587454557418823,0.3187267780303955,-1.0979549884796143,0.28587454557418823,0.3187267780303955,-1.0979549884796143
48,21,0.7797595262527466,0.35706374049186707,-0.8024234771728516,0.7797595262527466,0.35706374049186707,-0.8024234771728516
48,22,0.29676246643066406,0.3283664584159851,-1.0758576393127441,0.29676246643066406,0.3283664584159851,-1.0758576393127441
48,23,0.5249699950218201,0.710002064704895,-0.06955890357494354,0.5249699950218201,0.710002064704895,-0.06955890357494354
48,24,0.38010716438293457,0.7039905786514282,0.06918282806873322,0.38010716438293457,0.7039905786514282,0.06918282806873322
48,25,0.5960333347320557,0.8880902528762817,-0.26989811658859253,0.5960333347320557,0.8880902528762817,-0.26989811658859253
48,26,0.35164761543273926,0.834540605545044,-0.24043573439121246,0.35164761543273926,0.834540605545044,-0.24043573439121246
48,27,0.6101381778717041,0.9503142833709717,0.3608873188495636,0.6101381778717041,0.9503142833709717,0.3608873188495636
48,28,0.4741867482662201,0.9405475854873657,0.2677706480026245,0.4741867482662201,0.9405475854873657,0.2677706480026245
48,29,0.6153602004051208,0.9608995914459229,0.42405804991722107,0.6153602004051208,0.9608995914459229,0.42405804991722107
48,30,0.5028272271156311,0.9549933075904846,0.3242438733577728,0.5028272271156311,0.9549933075904846,0.3242438733577728
48,31,0.5890442132949829,0.9815224409103394,0.30826258659362793,0.5890442132949829,0.9815224409103394,0.30826258659362793
48,32,0.44613927602767944,0.9868758320808411,0.21050427854061127,0.44613927602767944,0.9868758320808411,0.21050427854061127
49,0,0.5307928323745728,0.37998369336128235,-0.5295477509498596,0.5307928323745728,0.37998369336128235,-0.5295477509498596
49,1,0.5421953201293945,0.3631058931350708,-0.4878717064857483,0.5421953201293945,0.3631058931350708,-0.4878717064857483
49,2,0.5501027703285217,0.3639737367630005,-0.487819105386734,0.5501027703285217,0.3639737367630005,-0.487819105386734
49,3,0.5576341152191162,0.36579790711402893,-0.4881339967250824,0.5576341152191162,0.36579790711402893,-0.4881339967250824
49,4,0.518143355846405,0.35887661576271057,-0.49688178300857544,0.518143355846405,0.35887661576271057,-0.49688178300857544
49,5,0.5081016421318054,0.35690590739250183,-0.49686628580093384,0.5081016421318054,0.35690590739250183,-0.49686628580093384
49,6,0.49763959646224976,0.3550543785095215,-0.49688073992729187,0.49763959646224976,0.3550543785095215,-0.49688073992729187
49,7,0.563372790813446,0.3699994385242462,-0.24659433960914612,0.563372790813446,0.3699994385242462,-0.24659433960914612
49,8,0.46078065037727356,0.35983967781066895,-0.29062339663505554,0.46078065037727356,0.35983967781066895,-0.29062339663505554
49,9,0.5369505286216736,0.3983936905860901,-0.4377063810825348,0.5369505286216736,0.3983936905860901,-0.4377063810825348
49,10,0.5040957927703857,0.39485040307044983,-0.45172134041786194,0.5040957927703857,0.39485040307044983,-0.45172134041786194
49,11,0.6287002563476562,0.4472675323486328,-0.13410387933254242,0.6287002563476562,0.4472675323486328,-0.13410387933254242
49,12,0.3218519687652588,0.4382038414478302,-0.09904378652572632,0.3218519687652588,0.4382038414478302,-0.09904378652572632
49,13,0.841762363910675,0.4598924517631531,-0.3077538311481476,0.841762363910675,0.4598924517631531,-0.3077538311481476
49,14,0.0762987732887268,0.4562782943248749,-0.3514067530632019,0.0762987732887268,0.4562782943248749,-0.3514067530632019
49,15,0.8206180334091187,0.38095688819885254,-0.4935802221298218,0.8206180334091187,0.38095688819885254,-0.4935802221298218
49,16,0.2130298614501953,0.3437601625919342,-0.5885367393493652,0.2130298614501953,0.3437601625919342,-0.5885367393493652
49,17,0.8240024447441101,0.3545847535133362,-0.546611487865448,0.8240024447441101,0.3545847535133362,-0.546611487865448
49,18,0.25389978289604187,0.32620862126350403,-0.661645770072937,0.25389978289604187,0.32620862126350403,-0.661645770072937
49,19,0.7900658845901489,0.3521627187728882,-0.4862598478794098,0.7900658845901489,0.3521627187728882,-0.4862598478794098
49,20,0.2863050699234009,0.3256358504295349,-0.5641700029373169,0.2863050699234009,0.3256358504295349,-0.5641700029373169
49,21,0.7789331674575806,0.36265796422958374,-0.47643184661865234,0.7789331674575806,0.36265796422958374,-0.47643184661865234
49,22,0.29149627685546875,0.3352825939655304,-0.5603944659233093,0.29149627685546875,0.3352825939655304,-0.5603944659233093
49,23,0.5025224089622498,0.713313102722168,-0.09957939386367798,0.5025224089622498,0.713313102722168,-0.09957939386367798
49,24,0.3764473497867584,0.6936184167861938,0.09938055276870728,0.3764473497867584,0.6936184167861938,0.09938055276870728
49,25,0.5522230267524719,0.8520639538764954,0.16650474071502686,0.5522230267524719,0.8520639538764954,0.16650474071502686
49,26,0.19660432636737823,0.6622843146324158,0.05431637540459633,0.19660432636737823,0.6622843146324158,0.05431637540459633
49,27,0.5972094535827637,0.9383533000946045,0.5714019536972046,0.5972094535827637,0.9383533000946045,0.5714019536972046
49,28,0.17739662528038025,0.7890637516975403,0.36672407388687134,0.17739662528038025,0.7890637516975403,0.36672407388687134
49,29,0.6111664772033691,0.9578180313110352,0.6084112524986267,0.6111664772033691,0.9578180313110352,0.6084112524986267
49,30,0.1915118247270584,0.8163653016090393,0.40058761835098267,0.1915118247270584,0.8163653016090393,0.40058761835098267
49,31,0.5737660527229309,0.964133620262146,0.46279481053352356,0.5737660527229309,0.964133620262146,0.46279481053352356
49,32,0.047379136085510254,0.8026452660560608,0.3232165575027466,0.047379136085510254,0.8026452660560608,0.3232165575027466
50,0,0.5185656547546387,0.3832162618637085,-0.6971724033355713,0.5185656547546387,0.3832162618637085,-0.6971724033355713
50,1,0.541733980178833,0.365498423576355,-0.6420419216156006,0.541733980178833,0.365498423576355,-0.6420419216156006
50,2,0.551861584186554,0.36610621213912964,-0.6420206427574158,0.551861584186554,0.36610621213912964,-0.6420206427574158
50,3,0.5624606013298035,0.3663957118988037,-0.6424267292022705,0.5624606013298035,0.3663957118988037,-0.6424267292022705
50,4,0.5050382018089294,0.36023250222206116,-0.6517879962921143,0.5050382018089294,0.36023250222206116,-0.6517879962921143
50,5,0.48664799332618713,0.35722455382347107,-0.6516973972320557,0.48664799332618713,0.35722455382347107,-0.6516973972320557
50,6,0.47082409262657166,0.3545760214328766,-0.6518141031265259,0.47082409262657166,0.3545760214328766,-0.6518141031265259
50,7,0.5707480907440186,0.36941778659820557,-0.3169856071472168,0.5707480907440186,0.36941778659820557,-0.3169856071472168
50,8,0.4340493083000183,0.354739248752594,-0.35925784707069397,0.4340493083000183,0.354739248752594,-0.35925784707069397
50,9,0.533337414264679,0.4030296504497528,-0.5724356770515442,0.533337414264679,0.4030296504497528,-0.5724356770515442
50,10,0.48300597071647644,0.39680546522140503,-0.5861417651176453,0.48300597071647644,0.39680546522140503,-0.5861417651176453
50,11,0.629597544670105,0.4487302601337433,-0.17559076845645905,0.629597544670105,0.4487302601337433,-0.17559076845645905
50,12,0.30877822637557983,0.43999239802360535,-0.16571125388145447,0.30877822637557983,0.43999239802360535,-0.16571125388145447
50,13,0.8332103490829468,0.464680552482605,-0.5248318910598755,0.8332103490829468,0.464680552482605,-0.5248318910598755
50,14,0.08410075306892395,0.45957550406455994,-0.6098676323890686,0.08410075306892395,0.45957550406455994,-0.6098676323890686
50,15,0.8201357126235962,0.37723901867866516,-0.8973721265792847,0.8201357126235962,0.37723901867866516,-0.8973721265792847
50,16,0.20768335461616516,0.3425297141075134,-1.059590458869934,0.20768335461616516,0.3425297141075134,-1.059590458869934
50,17,0.8255553841590881,0.3515094220638275,-0.9746145606040955,0.8255553841590881,0.3515094220638275,-0.9746145606040955
50,18,0.2555687427520752,0.32011860609054565,-1.1530447006225586,0.2555687427520752,0.32011860609054565,-1.1530447006225586
50,19,0.7924171090126038,0.3468530774116516,-0.9038854241371155,0.7924171090126038,0.3468530774116516,-0.9038854241371155
50,20,0.28490936756134033,0.3237278461456299,-1.052559733390808,0.28490936756134033,0.3237278461456299,-1.052559733390808
50,21,0.7813990116119385,0.3559728264808655,-0.8776466250419617,0.7813990116119385,0.3559728264808655,-0.8776466250419617
50,22,0.28776711225509644,0.33365365862846375,-1.0313384532928467,0.28776711225509644,0.33365365862846375,-1.0313384532928467
50,23,0.5093811750411987,0.7124972343444824,-0.06347599625587463,0.5093811750411987,0.7124972343444824,-0.06347599625587463
50,24,0.3648277819156647,0.7046919465065002,0.06339436024427414,0.3648277819156647,0.7046919465065002,0.06339436024427414
50,25,0.567588746547699,0.9146454334259033,-0.30662938952445984,0.567588746547699,0.9146454334259033,-0.30662938952445984
50,26,0.2346384972333908,0.8021191358566284,-0.12947839498519897,0.2346384972333908,0.8021191358566284,-0.12947839498519897
50,27,0.5561063289642334,1.0119800567626953,0.17246922850608826,0.5561063289642334,1.0119800567626953,0.17246922850608826
50,28,0.3171858787536621,0.9164077043533325,0.4241240918636322,0.3171858787536621,0.9164077043533325,0.4241240918636322
50,29,0.5471773147583008,1.0203917026519775,0.21782781183719635,0.5471773147583008,1.0203917026519775,0.21782781183719635
50,30,0.345891535282135,0.9300554394721985,0.48358824849128723,0.345891535282135,0.9300554394721985,0.48358824849128723
50,31,0.5649462342262268,1.0743043422698975,0.03206858038902283,0.5649462342262268,1.0743043422698975,0.03206858038902283
50,32,0.2746414542198181,0.977019727230072,0.35581904649734497,0.2746414542198181,0.977019727230072,0.35581904649734497
51,0,0.5301803946495056,0.37843990325927734,-0.6643478870391846,0.5301803946495056,0.37843990325927734,-0.6643478870391846
51,1,0.540668785572052,0.35874882340431213,-0.6144283413887024,0.540668785572052,0.35874882340431213,-0.6144283413887024
51,2,0.5473196506500244,0.35847532749176025,-0.6144576072692871,0.5473196506500244,0.35847532749176025,-0.6144576072692871
51,3,0.554513692855835,0.35819071531295776,-0.6148115396499634,0.554513692855835,0.35819071531295776,-0.6148115396499634
51,4,0.5144913792610168,0.35738784074783325,-0.626435399055481,0.5144913792610168,0.35738784074783325,-0.626435399055481
51,5,0.5028406381607056,0.35616829991340637,-0.6265495419502258,0.5028406381607056,0.35616829991340637,-0.6265495419502258
51,6,0.48615750670433044,0.35505375266075134,-0.6266878247261047,0.48615750670433044,0.35505375266075134,-0.6266878247261047
51,7,0.5555399656295776,0.3620624542236328,-0.3262102007865906,0.5555399656295776,0.3620624542236328,-0.3262102007865906
51,8,0.4448060393333435,0.3594864308834076,-0.382129967212677,0.4448060393333435,0.3594864308834076,-0.382129967212677
51,9,0.5351943373680115,0.3955004811286926,-0.5547218322753906,0.5351943373680115,0.3955004811286926,-0.5547218322753906
51,10,0.5022016763687134,0.39587581157684326,-0.5720788240432739,0.5022016763687134,0.39587581157684326,-0.5720788240432739
51,11,0.6193252801895142,0.4446393847465515,-0.21303418278694153,0.6193252801895142,0.4446393847465515,-0.21303418278694153
51,12,0.3136628270149231,0.44296908378601074,-0.19793187081813812,0.3136628270149231,0.44296908378601074,-0.19793187081813812
51,13,0.8295754194259644,0.45527318120002747,-0.5014906525611877,0.8295754194259644,0.45527318120002747,-0.5014906525611877
51,14,0.07316052913665771,0.45633915066719055,-0.5896950960159302,0.07316052913665771,0.45633915066719055,-0.5896950960159302
51,15,0.8420461416244507,0.38398879766464233,-0.8099183440208435,0.8420461416244507,0.38398879766464233,-0.8099183440208435
51,16,0.1999937891960144,0.34457042813301086,-0.9151544570922852,0.1999937891960144,0.34457042813301086,-0.9151544570922852
51,17,0.8207342624664307,0.348268061876297,-0.8816002011299133,0.8207342624664307,0.348268061876297,-0.8816002011299133
51,18,0.2579095959663391,0.32453957200050354,-0.9996203780174255,0.2579095959663391,0.32453957200050354,-0.9996203780174255
51,19,0.7894809246063232,0.34630927443504333,-0.8206016421318054,0.7894809246063232,0.34630927443504333,-0.8206016421318054
51,20,0.2862626910209656,0.32785844802856445,-0.8922601342201233,0.2862626910209656,0.32785844802856445,-0.8922601342201233
51,21,0.7753561735153198,0.3566817045211792,-0.7959563136100769,0.7753561735153198,0.3566817045211792,-0.7959563136100769
51,22,0.28985944390296936,0.33795884251594543,-0.8831461071968079,0.28985944390296936,0.33795884251594543,-0.8831461071968079
51,23,0.5037260055541992,0.7146841883659363,-0.09825734049081802,0.5037260055541992,0.7146841883659363,-0.09825734049081802
51,24,0.3766108751296997,0.6982783675193787,0.0979943722486496,0.3766108751296997,0.6982783675193787,0.0979943722486496
51,25,0.5313582420349121,0.8834969997406006,-0.1115606501698494,0.5313582420349121,0.8834969997406006,-0.1115606501698494
51,26,0.25649020075798035,0.7573702335357666,0.19669783115386963,0.25649020075798035,0.7573702335357666,0.19669783115386963
51,27,0.5863801836967468,1.0114402770996094,0.15204264223575592,0.5863801836967468,1.0114402770996094,0.15204264223575592
51,28,0.23742365837097168,0.8622379302978516,0.6333600282669067,0.23742365837097168,0.8622379302978516,0.6333600282669067
51,29,0.5997151136398315,1.040076494216919,0.172557532787323,0.5997151136398315,1.040076494216919,0.172557532787323
51,30,0.2530422806739807,0.8893945217132568,0.678195059299469,0.2530422806739807,0.8893945217132568,0.678195059299469
51,31,0.5697753429412842,1.0399361848831177,-0.02091948501765728,0.5697753429412842,1.0399361848831177,-0.02091948501765728
51,32,0.1303790807723999,0.8793988823890686,0.5865597128868103,0.1303790807723999,0.8793988823890686,0.5865597128868103
52,0,0.7915468215942383,0.8735623359680176,-0.18110565841197968,0.7915468215942383,0.8735623359680176,-0.18110565841197968
52,1,0.807983934879303,0.8982625007629395,-0.20978643000125885,0.807983934879303,0.8982625007629395,-0.20978643000125885
52,2,0.8003523945808411,0.905288815498352,-0.20985810458660126,0.8003523945808411,0.905288815498352,-0.20985810458660126
52,3,0.7927829027175903,0.912920355796814,-0.21020682156085968,0.7927829027175903,0.912920355796814,-0.21020682156085968
52,4,0.8254636526107788,0.8873125910758972,-0.14807537198066711,0.8254636526107788,0.8873125910758972,-0.14807537198066711
52,5,0.8311328887939453,0.8855555057525635,-0.1478203684091568,0.8311328887939453,0.8855555057525635,-0.1478203684091568
52,6,0.8366086483001709,0.8840637803077698,-0.1477939933538437,0.8366086483001709,0.8840637803077698,-0.1477939933538437
52,7,0.7579584121704102,0.9423006772994995,-0.19821542501449585,0.7579584121704102,0.9423006772994995,-0.19821542501449585
52,8,0.8225505352020264,0.9009861946105957,0.09108006209135056,0.8225505352020264,0.9009861946105957,0.09108006209135056
52,9,0.7455839514732361,0.8773166537284851,-0.1625346690416336,0.7455839514732361,0.8773166537284851,-0.1625346690416336
52,10,0.7647697329521179,0.8604303598403931,-0.07904645800590515,0.7647697329521179,0.8604303598403931,-0.07904645800590515
52,11,0.5707693099975586,0.9692723751068115,-0.20310242474079132,0.5707693099975586,0.9692723751068115,-0.20310242474079132
52,12,0.7202844619750977,0.8691348433494568,0.3281688690185547,0.7202844619750977,0.8691348433494568,0.3281688690185547
52,13,0.2989040017127991,0.9296787977218628,-0.45423972606658936,0.2989040017127991,0.9296787977218628,-0.45423972606658936
52,14,0.6378948092460632,0.7696056365966797,0.45469924807548523,0.6378948092460632,0.7696056365966797,0.45469924807548523
52,15,0.5344886183738708,0.8452932834625244,-0.41984665393829346,0.5344886183738708,0.8452932834625244,-0.41984665393829346
52,16,0.7180660963058472,0.802586555480957,0.40884706377983093,0.7180660963058472,0.802586555480957,0.40884706377983093
52,17,0.6003003120422363,0.8236374855041504,-0.4365071654319763,0.6003003120422363,0.8236374855041504,-0.4365071654319763
52,18,0.715941309928894,0.8060304522514343,0.41840073466300964,0.715941309928894,0.8060304522514343,0.41840073466300964
52,19,0.6301098465919495,0.8378399014472961,-0.3335496485233307,0.6301098465919495,0.8378399014472961,-0.3335496485233307
52,20,0.7315486669540405,0.8130492568016052,0.4278964698314667,0.7315486669540405,0.8130492568016052,0.4278964698314667
52,21,0.6162045001983643,0.8447772264480591,-0.36445897817611694,0.6162045001983643,0.8447772264480591,-0.36445897817611694
52,22,0.7178186178207397,0.8172899484634399,0.41217753291130066,0.7178186178207397,0.8172899484634399,0.41217753291130066
52,23,0.3875702917575836,0.6815076470375061,-0.21290679275989532,0.3875702917575836,0.6815076470375061,-0.21290679275989532
52,24,0.4903288781642914,0.6716035604476929,0.2131483256816864,0.4903288781642914,0.6716035604476929,0.2131483256816864
52,25,0.5131767392158508,0.47203320264816284,-0.45376574993133545,0.5131767392158508,0.47203320264816284,-0.45376574993133545
52,26,0.6002388596534729,0.487737238407135,0.10173268616199493,0.6002388596534729,0.487737238407135,0.10173268616199493
52,27,0.2834673821926117,0.44512245059013367,-0.1607373207807541,0.2834673821926117,0.44512245059013367,-0.1607373207807541
52,28,0.3070775270462036,0.4571191668510437,0.28867292404174805,0.3070775270462036,0.4571191668510437,0.28867292404174805
52,29,0.23797714710235596,0.46334749460220337,-0.11972909420728683,0.23797714710235596,0.46334749460220337,-0.11972909420728683
52,30,0.25447356700897217,0.47214174270629883,0.31136205792427063,0.25447356700897217,0.47214174270629883,0.31136205792427063
52,31,0.2180173099040985,0.36415472626686096,-0.10101673007011414,0.2180173099040985,0.36415472626686096,-0.10101673007011414
52,32,0.21371185779571533,0.3787933588027954,0.30755195021629333,0.21371185779571533,0.3787933588027954,0.30755195021629333
53,0,0.7905377149581909,0.8758237361907959,-0.42792439460754395,0.7905377149581909,0.8758237361907959,-0.42792439460754395
53,1,0.8030015230178833,0.8999776840209961,-0.4553929269313812,0.8030015230178833,0.8999776840209961,-0.4553929269313812
53,2,0.7948144674301147,0.9084843993186951,-0.4554536044597626,0.7948144674301147,0.9084843993186951,-0.4554536044597626
53,3,0.7858562469482422,0.9164583683013916,-0.45592138171195984,0.7858562469482422,0.9164583683013916,-0.45592138171195984
53,4,0.82555091381073,0.8882750868797302,-0.40263062715530396,0.82555091381073,0.8882750868797302,-0.40263062715530396
53,5,0.8327869176864624,0.8866674900054932,-0.40235084295272827,0.8327869176864624,0.8866674900054932,-0.40235084295272827
53,6,0.8393926620483398,0.8854347467422485,-0.4023010730743408,0.8393926620483398,0.8854347467422485,-0.4023010730743408
53,7,0.7576403617858887,0.9460110664367676,-0.4075993597507477,0.7576403617858887,0.9460110664367676,-0.4075993597507477
53,8,0.8316207528114319,0.899600625038147,-0.1573895961046219,0.8316207528114319,0.899600625038147,-0.1573895961046219
53,9,0.7410388588905334,0.8783972859382629,-0.39273780584335327,0.7410388588905334,0.8783972859382629,-0.39273780584335327
53,10,0.7648378014564514,0.8609378933906555,-0.3205098807811737,0.7648378014564514,0.8609378933906555,-0.3205098807811737
53,11,0.561806857585907,0.9677261710166931,-0.3643166422843933,0.561806857585907,0.9677261710166931,-0.3643166422843933
53,12,0.7401328086853027,0.8706677556037903,0.11991991102695465,0.7401328086853027,0.8706677556037903,0.11991991102695465
53,13,0.3058207929134369,0.9295229911804199,-0.5824286341667175,0.3058207929134369,0.9295229911804199,-0.5824286341667175
53,14,0.6151891946792603,0.7612601518630981,0.060514990240335464,0.6151891946792603,0.7612601518630981,0.060514990240335464
53,15,0.5442381501197815,0.8420337438583374,-0.4934038817882538,0.5442381501197815,0.8420337438583374,-0.4934038817882538
53,16,0.6324382424354553,0.7775349617004395,-0.21914400160312653,0.6324382424354553,0.7775349617004395,-0.21914400160312653
53,17,0.6061129570007324,0.8223330974578857,-0.49651455879211426,0.6061129570007324,0.8223330974578857,-0.49651455879211426
53,18,0.679781436920166,0.7972664833068848,-0.22959323227405548,0.679781436920166,0.7972664833068848,-0.22959323227405548
53,19,0.6368295550346375,0.836976170539856,-0.386322945356369,0.6368295550346375,0.836976170539856,-0.386322945356369
53,20,0.7098904848098755,0.809087336063385,-0.21099849045276642,0.7098904848098755,0.809087336063385,-0.21099849045276642
53,21,0.621888279914856,0.8440862894058228,-0.4325941503047943,0.621888279914856,0.8440862894058228,-0.4325941503047943
53,22,0.6827031373977661,0.8060749769210815,-0.21781529486179352,0.6827031373977661,0.8060749769210815,-0.21781529486179352
53,23,0.3853520154953003,0.6944622993469238,-0.17951789498329163,0.3853520154953003,0.6944622993469238,-0.17951789498329163
53,24,0.5157507658004761,0.6618097424507141,0.17925816774368286,0.5157507658004761,0.6618097424507141,0.17925816774368286
53,25,0.42843228578567505,0.46756839752197266,-0.3730516731739044,0.42843228578567505,0.46756839752197266,-0.3730516731739044
53,26,0.6495884656906128,0.45470142364501953,0.12230494618415833,0.6495884656906128,0.45470142364501953,0.12230494618415833
53,27,0.2326403260231018,0.4597468972206116,0.08955054730176926,0.2326403260231018,0.4597468972206116,0.08955054730176926
53,28,0.5127668380737305,0.4334767460823059,0.6080690622329712,0.5127668380737305,0.4334767460823059,0.6080690622329712
53,29,0.20653000473976135,0.468975692987442,0.15159617364406586,0.20653000473976135,0.468975692987442,0.15159617364406586
53,30,0.47335532307624817,0.4475395679473877,0.6678867340087891,0.47335532307624817,0.4475395679473877,0.6678867340087891
53,31,0.1660655438899994,0.38867896795272827,0.2158328741788864,0.1660655438899994,0.38867896795272827,0.2158328741788864
53,32,0.4796137809753418,0.35741856694221497,0.7811926603317261,0.4796137809753418,0.35741856694221497,0.7811926603317261
54,0,0.776501476764679,0.8718993663787842,-0.13053441047668457,0.776501476764679,0.8718993663787842,-0.13053441047668457
54,1,0.793737530708313,0.8970323204994202,-0.1572502851486206,0.793737530708313,0.8970323204994202,-0.1572502851486206
54,2,0.7863765954971313,0.9045464396476746,-0.15733249485492706,0.7863765954971313,0.9045464396476746,-0.15733249485492706
54,3,0.7787930965423584,0.9146062135696411,-0.15773439407348633,0.7787930965423584,0.9146062135696411,-0.15773439407348633
54,4,0.8139729499816895,0.8850257396697998,-0.09477000683546066,0.8139729499816895,0.8850257396697998,-0.09477000683546066
54,5,0.8210048675537109,0.8828917145729065,-0.09445256739854813,0.8210048675537109,0.8828917145729065,-0.09445256739854813
54,6,0.8277422189712524,0.8811876177787781,-0.09446363896131516,0.8277422189712524,0.8811876177787781,-0.09446363896131516
54,7,0.7523582577705383,0.9393969774246216,-0.11847259104251862,0.7523582577705383,0.9393969774246216,-0.11847259104251862
54,8,0.8235378861427307,0.8935520648956299,0.17590898275375366,0.8235378861427307,0.8935520648956299,0.17590898275375366
54,9,0.7317973375320435,0.8766887784004211,-0.10062436014413834,0.7317973375320435,0.8766887784004211,-0.10062436014413834
54,10,0.7515406608581543,0.855719804763794,-0.015260329470038414,0.7515406608581543,0.855719804763794,-0.015260329470038414
54,11,0.5863415598869324,0.9455503225326538,-0.14289669692516327,0.5863415598869324,0.9455503225326538,-0.14289669692516327
54,12,0.7069104909896851,0.8585861325263977,0.4702053666114807,0.7069104909896851,0.8585861325263977,0.4702053666114807
54,13,0.3046085834503174,0.9308067560195923,-0.3702180087566376,0.3046085834503174,0.9308067560195923,-0.3702180087566376
54,14,0.6197558045387268,0.7524097561836243,0.6308627724647522,0.6197558045387268,0.7524097561836243,0.6308627724647522
54,15,0.5288095474243164,0.8430185317993164,-0.2297544926404953,0.5288095474243164,0.8430185317993164,-0.2297544926404953
54,16,0.7089149355888367,0.7936604022979736,0.6375476717948914,0.7089149355888367,0.7936604022979736,0.6375476717948914
54,17,0.5907222628593445,0.8250299692153931,-0.22232957184314728,0.5907222628593445,0.8250299692153931,-0.22232957184314728
54,18,0.7151864171028137,0.7982122898101807,0.6587364673614502,0.7151864171028137,0.7982122898101807,0.6587364673614502
54,19,0.6204046607017517,0.8404697775840759,-0.1269780993461609,0.6204046607017517,0.8404697775840759,-0.1269780993461609
54,20,0.7324804067611694,0.8097228407859802,0.684522271156311,0.7324804067611694,0.8097228407859802,0.684522271156311
54,21,0.6071401238441467,0.8459587097167969,-0.17450910806655884,0.6071401238441467,0.8459587097167969,-0.17450910806655884
54,22,0.7149049043655396,0.8098898530006409,0.6459270715713501,0.7149049043655396,0.8098898530006409,0.6459270715713501
54,23,0.378623366355896,0.6815003156661987,-0.2060282975435257,0.378623366355896,0.6815003156661987,-0.2060282975435257
54,24,0.49084872007369995,0.6641507148742676,0.20601782202720642,0.49084872007369995,0.6641507148742676,0.20601782202720642
54,25,0.421891450881958,0.49053335189819336,-0.4686131179332733,0.421891450881958,0.49053335189819336,-0.4686131179332733
54,26,0.6649739742279053,0.4544816017150879,0.19659079611301422,0.6649739742279053,0.4544816017150879,0.19659079611301422
54,27,0.22488343715667725,0.4595657289028168,-0.26294437050819397,0.22488343715667725,0.4595657289028168,-0.26294437050819397
54,28,0.4240437150001526,0.4394713044166565,0.5089438557624817,0.4240437150001526,0.4394713044166565,0.5089438557624817
54,29,0.18963560461997986,0.470925897359848,-0.22777380049228668,0.18963560461997986,0.470925897359848,-0.22777380049228668
54,30,0.37051820755004883,0.45609861612319946,0.5465703010559082,0.37051820755004883,0.45609861612319946,0.5465703010559082
54,31,0.1683478057384491,0.3835966885089874,-0.2552618682384491,0.1683478057384491,0.3835966885089874,-0.2552618682384491
54,32,0.3669305443763733,0.3592368960380554,0.5953562259674072,0.3669305443763733,0.3592368960380554,0.5953562259674072
55,0,0.7857936024665833,0.8759037256240845,-0.054597556591033936,0.7857936024665833,0.8759037256240845,-0.054597556591033936
55,1,0.8062256574630737,0.9016711711883545,-0.0852375403046608,0.8062256574630737,0.9016711711883545,-0.0852375403046608
55,2,0.8000954389572144,0.9093700647354126,-0.08533230423927307,0.8000954389572144,0.9093700647354126,-0.08533230423927307
55,3,0.7911113500595093,0.9204285144805908,-0.08560197055339813,0.7911113500595093,0.9204285144805908,-0.08560197055339813
55,4,0.8218407034873962,0.8889418244361877,-0.013713286258280277,0.8218407034873962,0.8889418244361877,-0.013713286258280277
55,5,0.8260239362716675,0.8870919942855835,-0.013529165647923946,0.8260239362716675,0.8870919942855835,-0.013529165647923946
55,6,0.829970121383667,0.8856502771377563,-0.013647389598190784,0.829970121383667,0.8856502771377563,-0.013647389598190784
55,7,0.7642565965652466,0.9444109201431274,-0.08908268064260483,0.7642565965652466,0.9444109201431274,-0.08908268064260483
55,8,0.8145626783370972,0.9064978957176208,0.2452171891927719,0.8145626783370972,0.9064978957176208,0.2452171891927719
55,9,0.7420443296432495,0.8832221031188965,-0.04188196361064911,0.7420443296432495,0.8832221031188965,-0.04188196361064911
55,10,0.7640098333358765,0.8686885833740234,0.05486273020505905,0.7640098333358765,0.8686885833740234,0.05486273020505905
55,11,0.570121169090271,0.9615791440010071,-0.16064395010471344,0.570121169090271,0.9615791440010071,-0.16064395010471344
55,12,0.7107096314430237,0.8618868589401245,0.5181317925453186,0.7107096314430237,0.8618868589401245,0.5181317925453186
55,13,0.3035748302936554,0.9237926602363586,-0.5087316036224365,0.3035748302936554,0.9237926602363586,-0.5087316036224365
55,14,0.6184390187263489,0.7531957626342773,0.6222373247146606,0.6184390187263489,0.7531957626342773,0.6222373247146606
55,15,0.5353127717971802,0.8420816659927368,-0.55706387758255,0.5353127717971802,0.8420816659927368,-0.55706387758255
55,16,0.7083988189697266,0.7945383787155151,0.5094485878944397,0.7083988189697266,0.7945383787155151,0.5094485878944397
55,17,0.5917341113090515,0.8215925693511963,-0.5891115665435791,0.5917341113090515,0.8215925693511963,-0.5891115665435791
55,18,0.7081860303878784,0.7947978973388672,0.5201423168182373,0.7081860303878784,0.7947978973388672,0.5201423168182373
55,19,0.624401330947876,0.8357347249984741,-0.48455071449279785,0.624401330947876,0.8357347249984741,-0.48455071449279785
55,20,0.7287617325782776,0.8061833381652832,0.5288836359977722,0.7287617325782776,0.8061833381652832,0.5288836359977722
55,21,0.6101604700088501,0.8425528407096863,-0.5029199719429016,0.6101604700088501,0.8425528407096863,-0.5029199719429016
55,22,0.7246218919754028,0.8077718019485474,0.5081811547279358,0.7246218919754028,0.8077718019485474,0.5081811547279358
55,23,0.38454973697662354,0.6902517676353455,-0.2422843873500824,0.38454973697662354,0.6902517676353455,-0.2422843873500824
55,24,0.49834078550338745,0.6694092750549316,0.24245494604110718,0.49834078550338745,0.6694092750549316,0.24245494604110718
55,25,0.43466436862945557,0.48995670676231384,-0.5824495553970337,0.43466436862945557,0.48995670676231384,-0.5824495553970337
55,26,0.6408289670944214,0.47583162784576416,0.08542273193597794,0.6408289670944214,0.47583162784576416,0.08542273193597794
55,27,0.2612960934638977,0.45965248346328735,-0.6322466135025024,0.2612960934638977,0.45965248346328735,-0.6322466135025024
55,28,0.3168684244155884,0.4691200256347656,0.13838735222816467,0.3168684244155884,0.4691200256347656,0.13838735222816467
55,29,0.22660070657730103,0.4693813920021057,-0.6312488913536072,0.22660070657730103,0.4693813920021057,-0.6312488913536072
55,30,0.257954865694046,0.48777782917022705,0.14424459636211395,0.257954865694046,0.48777782917022705,0.14424459636211395
55,31,0.22105681896209717,0.39700156450271606,-0.7536454796791077,0.22105681896209717,0.39700156450271606,-0.7536454796791077
55,32,0.23417134582996368,0.39465367794036865,0.10132481902837753,0.23417134582996368,0.39465367794036865,0.10132481902837753
56,0,0.7794727683067322,0.8773475289344788,-0.18659691512584686,0.7794727683067322,0.8773475289344788,-0.18659691512584686
56,1,0.796785295009613,0.9045040607452393,-0.2163444310426712,0.796785295009613,0.9045040607452393,-0.2163444310426712
56,2,0.7887083292007446,0.9120923280715942,-0.2164909839630127,0.7887083292007446,0.9120923280715942,-0.2164909839630127
56,3,0.7817883491516113,0.9206045866012573,-0.2168661206960678,0.7817883491516113,0.9206045866012573,-0.2168661206960678
56,4,0.8147244453430176,0.8915243744850159,-0.14882072806358337,0.8147244453430176,0.8915243744850159,-0.14882072806358337
56,5,0.8201713562011719,0.8877538442611694,-0.1485019475221634,0.8201713562011719,0.8877538442611694,-0.1485019475221634
56,6,0.8260073065757751,0.8853615522384644,-0.14847329258918762,0.8260073065757751,0.8853615522384644,-0.14847329258918762
56,7,0.7459614276885986,0.9449040293693542,-0.20134545862674713,0.7459614276885986,0.9449040293693542,-0.20134545862674713
56,8,0.8154629468917847,0.9027252197265625,0.11514407396316528,0.8154629468917847,0.9027252197265625,0.11514407396316528
56,9,0.7390376329421997,0.8821744918823242,-0.16829362511634827,0.7390376329421997,0.8821744918823242,-0.16829362511634827
56,10,0.7606134414672852,0.8652677536010742,-0.07685425877571106,0.7606134414672852,0.8652677536010742,-0.07685425877571106
56,11,0.5764384269714355,0.9596612453460693,-0.2528197467327118,0.5764384269714355,0.9596612453460693,-0.2528197467327118
56,12,0.696800172328949,0.8677864670753479,0.4143833816051483,0.696800172328949,0.8677864670753479,0.4143833816051483
56,13,0.2965068817138672,0.9266438484191895,-0.5374375581741333,0.2965068817138672,0.9266438484191895,-0.5374375581741333
56,14,0.5806661248207092,0.7692707180976868,0.23966361582279205,0.5806661248207092,0.7692707180976868,0.23966361582279205
56,15,0.5297324657440186,0.8443397283554077,-0.436023086309433,0.5297324657440186,0.8443397283554077,-0.436023086309433
56,16,0.6333765983581543,0.7914338111877441,-0.22447040677070618,0.6333765983581543,0.7914338111877441,-0.22447040677070618
56,17,0.5897070169448853,0.8221879005432129,-0.449226051568985,0.5897070169448853,0.8221879005432129,-0.449226051568985
56,18,0.6728342175483704,0.80254727602005,-0.252129465341568,0.6728342175483704,0.80254727602005,-0.252129465341568
56,19,0.6159656047821045,0.8373938798904419,-0.3397400975227356,0.6159656047821045,0.8373938798904419,-0.3397400975227356
56,20,0.7012919187545776,0.8129117488861084,-0.22407932579517365,0.7012919187545776,0.8129117488861084,-0.22407932579517365
56,21,0.6040459871292114,0.843855619430542,-0.3752594590187073,0.6040459871292114,0.843855619430542,-0.3752594590187073
56,22,0.6837709546089172,0.8175966739654541,-0.22671154141426086,0.6837709546089172,0.8175966739654541,-0.22671154141426086
56,23,0.38866472244262695,0.6982699632644653,-0.2248096913099289,0.38866472244262695,0.6982699632644653,-0.2248096913099289
56,24,0.49067094922065735,0.6765807271003723,0.22431868314743042,0.49067094922065735,0.6765807271003723,0.22431868314743042
56,25,0.4017932415008545,0.4863159656524658,-0.39354613423347473,0.4017932415008545,0.4863159656524658,-0.39354613423347473
56,26,0.6416375637054443,0.4701734483242035,0.22575649619102478,0.6416375637054443,0.4701734483242035,0.22575649619102478
56,27,0.17782378196716309,0.4655182361602783,-0.10933743417263031,0.17782378196716309,0.4655182361602783,-0.10933743417263031
56,28,0.43398815393447876,0.4249539375305176,0.523823082447052,0.43398815393447876,0.4249539375305176,0.523823082447052
56,29,0.13619574904441833,0.4803259074687958,-0.06838609278202057,0.13619574904441833,0.4803259074687958,-0.06838609278202057
56,30,0.3770707845687866,0.4337162971496582,0.55779629945755,0.3770707845687866,0.4337162971496582,0.55779629945755
56,31,0.12082892656326294,0.3861728310585022,-0.06789349019527435,0.12082892656326294,0.3861728310585022,-0.06789349019527435
56,32,0.41009271144866943,0.33811289072036743,0.6057392358779907,0.41009271144866943,0.33811289072036743,0.6057392358779907
57,0,0.7859039902687073,0.8775244951248169,0.07243786007165909,0.7859039902687073,0.8775244951248169,0.07243786007165909
57,1,0.8043874502182007,0.9030160903930664,0.04546366631984711,0.8043874502182007,0.9030160903930664,0.04546366631984711
57,2,0.7972450256347656,0.9095885753631592,0.045484334230422974,0.7972450256347656,0.9095885753631592,0.045484334230422974
57,3,0.7896950244903564,0.9168051481246948,0.04538009315729141,0.7896950244903564,0.9168051481246948,0.04538009315729141
57,4,0.8181344270706177,0.8910751342773438,0.12243771553039551,0.8181344270706177,0.8910751342773438,0.12243771553039551
57,5,0.8222689628601074,0.8893579840660095,0.12252052873373032,0.8222689628601074,0.8893579840660095,0.12252052873373032
57,6,0.826163649559021,0.8880155086517334,0.12233863025903702,0.826163649559021,0.8880155086517334,0.12233863025903702
57,7,0.755230188369751,0.9427011609077454,0.06408457458019257,0.755230188369751,0.9427011609077454,0.06408457458019257
57,8,0.8134799003601074,0.9074920415878296,0.41791173815727234,0.8134799003601074,0.9074920415878296,0.41791173815727234
57,9,0.742720365524292,0.884345531463623,0.0919852927327156,0.742720365524292,0.884345531463623,0.0919852927327156
57,10,0.7614331245422363,0.8676227927207947,0.19467127323150635,0.7614331245422363,0.8676227927207947,0.19467127323150635
57,11,0.5683758854866028,0.9623457789421082,0.01852181740105152,0.5683758854866028,0.9623457789421082,0.01852181740105152
57,12,0.7207046747207642,0.8697063326835632,0.6623902320861816,0.7207046747207642,0.8697063326835632,0.6623902320861816
57,13,0.2952524721622467,0.9327821731567383,-0.3695625364780426,0.2952524721622467,0.9327821731567383,-0.3695625364780426
57,14,0.6961382627487183,0.7652373909950256,0.6658891439437866,0.6961382627487183,0.7652373909950256,0.6658891439437866
57,15,0.5215374827384949,0.8468967080116272,-0.45551905035972595,0.5215374827384949,0.8468967080116272,-0.45551905035972595
57,16,0.7618447542190552,0.8109797239303589,0.5230540633201599,0.7618447542190552,0.8109797239303589,0.5230540633201599
57,17,0.5835384130477905,0.8261421918869019,-0.48560917377471924,0.5835384130477905,0.8261421918869019,-0.48560917377471924
57,18,0.7560163736343384,0.8084955811500549,0.5268917083740234,0.7560163736343384,0.8084955811500549,0.5268917083740234
57,19,0.6119334697723389,0.8412783145904541,-0.3893163800239563,0.6119334697723389,0.8412783145904541,-0.3893163800239563
57,20,0.7488300800323486,0.8148291110992432,0.5702784657478333,0.7488300800323486,0.8148291110992432,0.5702784657478333
57,21,0.5991898775100708,0.847899854183197,-0.4033425450325012,0.5991898775100708,0.847899854183197,-0.4033425450325012
57,22,0.7405558824539185,0.8208516240119934,0.533821165561676,0.7405558824539185,0.8208516240119934,0.533821165561676
57,23,0.3822309672832489,0.6945226788520813,-0.1876889169216156,0.3822309672832489,0.6945226788520813,-0.1876889169216156
57,24,0.49983730912208557,0.6659437417984009,0.18816092610359192,0.49983730912208557,0.6659437417984009,0.18816092610359192
57,25,0.3971153199672699,0.5224859714508057,-0.9561446309089661,0.3971153199672699,0.5224859714508057,-0.9561446309089661
57,26,0.7208480834960938,0.46149080991744995,0.2770143449306488,0.7208480834960938,0.46149080991744995,0.2770143449306488
57,27,0.257013201713562,0.46113237738609314,-1.367745041847229,0.257013201713562,0.46113237738609314,-1.367745041847229
57,28,0.4948054552078247,0.44592005014419556,0.4896845519542694,0.4948054552078247,0.44592005014419556,0.4896845519542694
57,29,0.22607585787773132,0.45216840505599976,-1.403105616569519,0.22607585787773132,0.45216840505599976,-1.403105616569519
57,30,0.44264209270477295,0.46142423152923584,0.5075360536575317,0.44264209270477295,0.46142423152923584,0.5075360536575317
57,31,0.22985930740833282,0.4373720586299896,-1.6330389976501465,0.22985930740833282,0.4373720586299896,-1.6330389976501465
57,32,0.46061277389526367,0.3754214644432068,0.49273234605789185,0.46061277389526367,0.3754214644432068,0.49273234605789185
58,0,0.7773361206054688,0.8798952698707581,-0.07938686013221741,0.7773361206054688,0.8798952698707581,-0.07938686013221741
58,1,0.7972241640090942,0.9029139280319214,-0.09735620766878128,0.7972241640090942,0.9029139280319214,-0.09735620766878128
58,2,0.7899870276451111,0.9115949869155884,-0.0973886251449585,0.7899870276451111,0.9115949869155884,-0.0973886251449585
58,3,0.7818435430526733,0.9200870990753174,-0.09757571667432785,0.7818435430526733,0.9200870990753174,-0.09757571667432785
58,4,0.8160364627838135,0.8899122476577759,-0.026914147660136223,0.8160364627838135,0.8899122476577759,-0.026914147660136223
58,5,0.8214216232299805,0.8876886367797852,-0.02676977589726448,0.8214216232299805,0.8876886367797852,-0.02676977589726448
58,6,0.826349139213562,0.8858215808868408,-0.026961112394928932,0.826349139213562,0.8858215808868408,-0.026961112394928932
58,7,0.7511905431747437,0.9492526054382324,-0.022089464589953423,0.7511905431747437,0.9492526054382324,-0.022089464589953423
58,8,0.8193045854568481,0.9003729820251465,0.3039715588092804,0.8193045854568481,0.9003729820251465,0.3039715588092804
58,9,0.7299532294273376,0.884508490562439,-0.035165298730134964,0.7299532294273376,0.884508490562439,-0.035165298730134964
58,10,0.7530530691146851,0.8661065101623535,0.05943445861339569,0.7530530691146851,0.8661065101623535,0.05943445861339569
58,11,0.5609673261642456,0.9672448635101318,-0.07289175689220428,0.5609673261642456,0.9672448635101318,-0.07289175689220428
58,12,0.7238327264785767,0.8597268462181091,0.6120948791503906,0.7238327264785767,0.8597268462181091,0.6120948791503906
58,13,0.29048293828964233,0.9365839958190918,-0.44606783986091614,0.29048293828964233,0.9365839958190918,-0.44606783986091614
58,14,0.6237450838088989,0.7440565228462219,0.6940948963165283,0.6237450838088989,0.7440565228462219,0.6940948963165283
58,15,0.5210137367248535,0.8454815149307251,-0.5225129127502441,0.5210137367248535,0.8454815149307251,-0.5225129127502441
58,16,0.6569548845291138,0.7667336463928223,0.552023708820343,0.6569548845291138,0.7667336463928223,0.552023708820343
58,17,0.5805063843727112,0.8247931003570557,-0.5516318082809448,0.5805063843727112,0.8247931003570557,-0.5516318082809448
58,18,0.6988551616668701,0.7975047826766968,0.5686579942703247,0.6988551616668701,0.7975047826766968,0.5686579942703247
58,19,0.6110633015632629,0.8407850861549377,-0.44925299286842346,0.6110633015632629,0.8407850861549377,-0.44925299286842346
58,20,0.7021487951278687,0.8053010702133179,0.5982150435447693,0.7021487951278687,0.8053010702133179,0.5982150435447693
58,21,0.5967947840690613,0.8468688130378723,-0.4688633978366852,0.5967947840690613,0.8468688130378723,-0.4688633978366852
58,22,0.6959360837936401,0.8059988617897034,0.5601845979690552,0.6959360837936401,0.8059988617897034,0.5601845979690552
58,23,0.363025963306427,0.6867170929908752,-0.22897209227085114,0.363025963306427,0.6867170929908752,-0.22897209227085114
58,24,0.48906683921813965,0.6592006683349609,0.22941073775291443,0.48906683921813965,0.6592006683349609,0.22941073775291443
58,25,0.42250141501426697,0.5233808755874634,-0.9049983620643616,0.42250141501426697,0.5233808755874634,-0.9049983620643616
58,26,0.7252042293548584,0.4552445709705353,0.04781120643019676,0.7252042293548584,0.4552445709705353,0.04781120643019676
58,27,0.32995325326919556,0.4562601149082184,-1.1577783823013306,0.32995325326919556,0.4562601149082184,-1.1577783823013306
58,28,0.3928050696849823,0.467037558555603,0.12495329976081848,0.3928050696849823,0.467037558555603,0.12495329976081848
58,29,0.2987941801548004,0.4506582021713257,-1.1802583932876587,0.2987941801548004,0.4506582021713257,-1.1802583932876587
58,30,0.3330426812171936,0.49339449405670166,0.13276298344135284,0.3330426812171936,0.49339449405670166,0.13276298344135284
58,31,0.35241127014160156,0.4169977307319641,-1.3904507160186768,0.35241127014160156,0.4169977307319641,-1.3904507160186768
58,32,0.30663758516311646,0.3918284773826599,0.09474469721317291,0.30663758516311646,0.3918284773826599,0.09474469721317291
59,0,0.7773479223251343,0.8762633800506592,0.07546724379062653,0.7773479223251343,0.8762633800506592,0.07546724379062653
59,1,0.7989852428436279,0.9025927186012268,0.058500465005636215,0.7989852428436279,0.9025927186012268,0.058500465005636215
59,2,0.7910091876983643,0.9095755219459534,0.05843476578593254,0.7910091876983643,0.9095755219459534,0.05843476578593254
59,3,0.7847681045532227,0.9187617301940918,0.05827876552939415,0.7847681045532227,0.9187617301940918,0.05827876552939415
59,4,0.8171342611312866,0.8919726610183716,0.13590899109840393,0.8171342611312866,0.8919726610183716,0.13590899109840393
59,5,0.8214262127876282,0.8888556957244873,0.13597576320171356,0.8214262127876282,0.8888556957244873,0.13597576320171356
59,6,0.826066255569458,0.8870837688446045,0.1357412338256836,0.826066255569458,0.8870837688446045,0.1357412338256836
59,7,0.7515660524368286,0.94342041015625,0.11437003314495087,0.7515660524368286,0.94342041015625,0.11437003314495087
59,8,0.8145980834960938,0.9016302227973938,0.47013527154922485,0.8145980834960938,0.9016302227973938,0.47013527154922485
59,9,0.7332598567008972,0.8835922479629517,0.10949523746967316,0.7332598567008972,0.8835922479629517,0.10949523746967316
59,10,0.7518922090530396,0.8625842928886414,0.21268221735954285,0.7518922090530396,0.8625842928886414,0.21268221735954285
59,11,0.5656917095184326,0.9614768028259277,0.018861018121242523,0.5656917095184326,0.9614768028259277,0.018861018121242523
59,12,0.6965706944465637,0.854422926902771,0.7408472895622253,0.6965706944465637,0.854422926902771,0.7408472895622253
59,13,0.2922939360141754,0.9375332593917847,-0.41382378339767456,0.2922939360141754,0.9375332593917847,-0.41382378339767456
59,14,0.6024366617202759,0.7372437715530396,0.6822521686553955,0.6024366617202759,0.7372437715530396,0.6822521686553955
59,15,0.5246913433074951,0.8474291563034058,-0.49001792073249817,0.5246913433074951,0.8474291563034058,-0.49001792073249817
59,16,0.6981571316719055,0.7909039855003357,0.3795405328273773,0.6981571316719055,0.7909039855003357,0.3795405328273773
59,17,0.5854674577713013,0.8289999961853027,-0.522958517074585,0.5854674577713013,0.8289999961853027,-0.522958517074585
59,18,0.6979283094406128,0.7920559048652649,0.368266224861145,0.6979283094406128,0.7920559048652649,0.368266224861145
59,19,0.6165700554847717,0.8452478051185608,-0.4185982942581177,0.6165700554847717,0.8452478051185608,-0.4185982942581177
59,20,0.710313618183136,0.8081161975860596,0.40381720662117004,0.710313618183136,0.8081161975860596,0.40381720662117004
59,21,0.6027156710624695,0.8511699438095093,-0.43527400493621826,0.6027156710624695,0.8511699438095093,-0.43527400493621826
59,22,0.7046417593955994,0.808448076248169,0.3841467797756195,0.7046417593955994,0.808448076248169,0.3841467797756195
59,23,0.3763166069984436,0.6876288652420044,-0.2318754643201828,0.3763166069984436,0.6876288652420044,-0.2318754643201828
59,24,0.49270328879356384,0.6420295238494873,0.23239955306053162,0.49270328879356384,0.6420295238494873,0.23239955306053162
59,25,0.4264430105686188,0.5102163553237915,-1.0004953145980835,0.4264430105686188,0.5102163553237915,-1.0004953145980835
59,26,0.6861171722412109,0.446362167596817,0.06736927479505539,0.6861171722412109,0.446362167596817,0.06736927479505539
59,27,0.32833734154701233,0.4547871947288513,-1.2571673393249512,0.32833734154701233,0.4547871947288513,-1.2571673393249512
59,28,0.38152003288269043,0.47569161653518677,0.12243086844682693,0.38152003288269043,0.47569161653518677,0.12243086844682693
59,29,0.2954711318016052,0.45001089572906494,-1.2821584939956665,0.2954711318016052,0.45001089572906494,-1.2821584939956665
59,30,0.32740500569343567,0.5029444098472595,0.12599539756774902,0.32740500569343567,0.5029444098472595,0.12599539756774902
59,31,0.3531762361526489,0.4180237650871277,-1.486735224723816,0.3531762361526489,0.4180237650871277,-1.486735224723816
59,32,0.29048702120780945,0.4035291373729706,0.08653151988983154,0.29048702120780945,0.4035291373729706,0.08653151988983154
60,0,0.5153405666351318,0.3938015401363373,-0.3363282382488251,0.5153405666351318,0.3938015401363373,-0.3363282382488251
60,1,0.5227702260017395,0.37098246812820435,-0.3384290337562561,0.5227702260017395,0.37098246812820435,-0.3384290337562561
60,2,0.5282529592514038,0.37153929471969604,-0.3384675085544586,0.5282529592514038,0.37153929471969604,-0.3384675085544586
60,3,0.5339966416358948,0.3726494610309601,-0.3388625383377075,0.5339966416358948,0.3726494610309601,-0.3388625383377075
60,4,0.5058592557907104,0.3673416078090668,-0.3505072593688965,0.5058592557907104,0.3673416078090668,-0.3505072593688965
60,5,0.5004404783248901,0.3656001389026642,-0.3505327105522156,0.5004404783248901,0.3656001389026642,-0.3505327105522156
60,6,0.4948689639568329,0.36411252617836,-0.3506700098514557,0.4948689639568329,0.36411252617836,-0.3506700098514557
60,7,0.5350481271743774,0.3772653639316559,-0.2394980639219284,0.5350481271743774,0.3772653639316559,-0.2394980639219284
60,8,0.48692551255226135,0.37300437688827515,-0.3058822453022003,0.48692551255226135,0.37300437688827515,-0.3058822453022003
60,9,0.5197901725769043,0.412699431180954,-0.28460758924484253,0.5197901725769043,0.412699431180954,-0.28460758924484253
60,10,0.501533567905426,0.4118352234363556,-0.3040189743041992,0.501533567905426,0.4118352234363556,-0.3040189743041992
60,11,0.5233255624771118,0.4668278694152832,-0.15047667920589447,0.5233255624771118,0.4668278694152832,-0.15047667920589447
60,12,0.36198267340660095,0.4597443640232086,-0.17823541164398193,0.36198267340660095,0.4597443640232086,-0.17823541164398193
60,13,0.7071329355239868,0.5274834632873535,-0.2569267153739929,0.7071329355239868,0.5274834632873535,-0.2569267153739929
60,14,0.2456970363855362,0.4957726001739502,-0.4002491235733032,0.2456970363855362,0.4957726001739502,-0.4002491235733032
60,15,0.8566288948059082,0.4631202816963196,-0.4462425410747528,0.8566288948059082,0.4631202816963196,-0.4462425410747528
60,16,0.278417706489563,0.4335888922214508,-0.6255499124526978,0.278417706489563,0.4335888922214508,-0.6255499124526978
60,17,0.872116208076477,0.4417508542537689,-0.48170843720436096,0.872116208076477,0.4417508542537689,-0.48170843720436096
60,18,0.29223355650901794,0.41358447074890137,-0.6633183360099792,0.29223355650901794,0.41358447074890137,-0.6633183360099792
60,19,0.8506714105606079,0.43582823872566223,-0.4762015640735626,0.8506714105606079,0.43582823872566223,-0.4762015640735626
60,20,0.3013192415237427,0.40810054540634155,-0.6174805164337158,0.3013192415237427,0.40810054540634155,-0.6174805164337158
60,21,0.8351099491119385,0.446442186832428,-0.44873061776161194,0.8351099491119385,0.446442186832428,-0.44873061776161194
60,22,0.3008151054382324,0.4217189848423004,-0.6136364936828613,0.3008151054382324,0.4217189848423004,-0.6136364936828613
60,23,0.4269773066043854,0.7317066192626953,-0.03214140981435776,0.4269773066043854,0.7317066192626953,-0.03214140981435776
60,24,0.455468088388443,0.7291518449783325,0.03200804814696312,0.455468088388443,0.7291518449783325,0.03200804814696312
60,25,0.32007458806037903,0.8966841101646423,0.3016606867313385,0.32007458806037903,0.8966841101646423,0.3016606867313385
60,26,0.5076514482498169,0.8663765788078308,0.3611163794994354,0.5076514482498169,0.8663765788078308,0.3611163794994354
60,27,0.44221362471580505,0.9978735446929932,0.6665326952934265,0.44221362471580505,0.9978735446929932,0.6665326952934265
60,28,0.5427637100219727,0.9863792657852173,0.7162100672721863,0.5427637100219727,0.9863792657852173,0.7162100672721863
60,29,0.46986815333366394,1.0297361612319946,0.7009180784225464,0.46986815333366394,1.0297361612319946,0.7009180784225464
60,30,0.5451294183731079,1.0143961906433105,0.7576296329498291,0.5451294183731079,1.0143961906433105,0.7576296329498291
60,31,0.439968466758728,0.9967818260192871,0.6729233860969543,0.439968466758728,0.9967818260192871,0.6729233860969543
60,32,0.5379402041435242,0.9891594648361206,0.7154337763786316,0.5379402041435242,0.9891594648361206,0.7154337763786316
61,0,0.5294438600540161,0.39793190360069275,-0.41920146346092224,0.5294438600540161,0.39793190360069275,-0.41920146346092224
61,1,0.5458924174308777,0.37455862760543823,-0.3637056350708008,0.5458924174308777,0.37455862760543823,-0.3637056350708008
61,2,0.5536110401153564,0.3747527301311493,-0.36386212706565857,0.5536110401153564,0.3747527301311493,-0.36386212706565857
61,3,0.5613883137702942,0.37504202127456665,-0.36436793208122253,0.5613883137702942,0.37504202127456665,-0.36436793208122253
61,4,0.5145278573036194,0.37248873710632324,-0.3942486643791199,0.5145278573036194,0.37248873710632324,-0.3942486643791199
61,5,0.5004037618637085,0.3710385262966156,-0.39407867193222046,0.5004037618637085,0.3710385262966156,-0.39407867193222046
61,6,0.4877208173274994,0.3696656823158264,-0.3940642178058624,0.4877208173274994,0.3696656823158264,-0.3940642178058624
61,7,0.5557798743247986,0.38029035925865173,-0.04073942452669144,0.5557798743247986,0.38029035925865173,-0.04073942452669144
61,8,0.45039981603622437,0.3743920624256134,-0.18598459661006927,0.45039981603622437,0.3743920624256134,-0.18598459661006927
61,9,0.533629834651947,0.4154464900493622,-0.2946111559867859,0.533629834651947,0.4154464900493622,-0.2946111559867859
61,10,0.49968475103378296,0.41331034898757935,-0.33675625920295715,0.49968475103378296,0.41331034898757935,-0.33675625920295715
61,11,0.6336621642112732,0.47271496057510376,0.05014142021536827,0.6336621642112732,0.47271496057510376,0.05014142021536827
61,12,0.3148384094238281,0.4584825038909912,-0.07387687265872955,0.3148384094238281,0.4584825038909912,-0.07387687265872955
61,13,0.7930679321289062,0.5329240560531616,-0.35452723503112793,0.7930679321289062,0.5329240560531616,-0.35452723503112793
61,14,0.12064272165298462,0.5188716650009155,-0.5774151086807251,0.12064272165298462,0.5188716650009155,-0.5774151086807251
61,15,0.8723113536834717,0.4932548701763153,-0.8747982978820801,0.8723113536834717,0.4932548701763153,-0.8747982978820801
61,16,0.1635969877243042,0.49094390869140625,-1.1515476703643799,0.1635969877243042,0.49094390869140625,-1.1515476703643799
61,17,0.8981679677963257,0.47860366106033325,-0.957338809967041,0.8981679677963257,0.47860366106033325,-0.957338809967041
61,18,0.16376930475234985,0.489011287689209,-1.228222370147705,0.16376930475234985,0.489011287689209,-1.228222370147705
61,19,0.8735347986221313,0.4684913754463196,-0.9215861558914185,0.8735347986221313,0.4684913754463196,-0.9215861558914185
61,20,0.19274525344371796,0.47737082839012146,-1.1932412385940552,0.19274525344371796,0.47737082839012146,-1.1932412385940552
61,21,0.8571934103965759,0.473599910736084,-0.8728296756744385,0.8571934103965759,0.473599910736084,-0.8728296756744385
61,22,0.21148531138896942,0.48751384019851685,-1.147439956665039,0.21148531138896942,0.48751384019851685,-1.147439956665039
61,23,0.4754585027694702,0.7224620580673218,0.005048566963523626,0.4754585027694702,0.7224620580673218,0.005048566963523626
61,24,0.3600807785987854,0.7195456624031067,-0.004917765036225319,0.3600807785987854,0.7195456624031067,-0.004917765036225319
61,25,0.6217747330665588,0.8801681399345398,-0.44918495416641235,0.6217747330665588,0.8801681399345398,-0.44918495416641235
61,26,0.2982105612754822,0.8527156710624695,-0.24635617434978485,0.2982105612754822,0.8527156710624695,-0.24635617434978485
61,27,0.5239479541778564,0.9680166244506836,0.06993614882230759,0.5239479541778564,0.9680166244506836,0.06993614882230759
61,28,0.3854582607746124,0.9542886018753052,0.3294900953769684,0.3854582607746124,0.9542886018753052,0.3294900953769684
61,29,0.5057392716407776,0.9722659587860107,0.12376468628644943,0.5057392716407776,0.9722659587860107,0.12376468628644943
61,30,0.40676349401474,0.9604882597923279,0.3930165469646454,0.40676349401474,0.9604882597923279,0.3930165469646454
61,31,0.5080078840255737,1.0259349346160889,0.004758806899189949,0.5080078840255737,1.0259349346160889,0.004758806899189949
61,32,0.37201446294784546,1.0226768255233765,0.30286481976509094,0.37201446294784546,1.0226768255233765,0.30286481976509094
62,0,0.5475987195968628,0.3881163001060486,-0.48278677463531494,0.5475987195968628,0.3881163001060486,-0.48278677463531494
62,1,0.558499813079834,0.36810341477394104,-0.42773059010505676,0.558499813079834,0.36810341477394104,-0.42773059010505676
62,2,0.5647066831588745,0.36896148324012756,-0.4279099106788635,0.5647066831588745,0.36896148324012756,-0.4279099106788635
62,3,0.5718069672584534,0.3698059618473053,-0.42823389172554016,0.5718069672584534,0.3698059618473053,-0.42823389172554016
62,4,0.5253747701644897,0.36500757932662964,-0.46089664101600647,0.5253747701644897,0.36500757932662964,-0.46089664101600647
62,5,0.5074934363365173,0.3636971712112427,-0.46080482006073,0.5074934363365173,0.3636971712112427,-0.46080482006073
62,6,0.4957343339920044,0.3624856472015381,-0.4609576165676117,0.4957343339920044,0.3624856472015381,-0.4609576165676117
62,7,0.5527247786521912,0.37743696570396423,-0.14382673799991608,0.5527247786521912,0.37743696570396423,-0.14382673799991608
62,8,0.4610849618911743,0.36916646361351013,-0.2940010130405426,0.4610849618911743,0.36916646361351013,-0.2940010130405426
62,9,0.5481225848197937,0.4109928011894226,-0.37578272819519043,0.5481225848197937,0.4109928011894226,-0.37578272819519043
62,10,0.5016226172447205,0.40773576498031616,-0.41976773738861084,0.5016226172447205,0.40773576498031616,-0.41976773738861084
62,11,0.622606098651886,0.484104186296463,-0.044861383736133575,0.622606098651886,0.484104186296463,-0.044861383736133575
62,12,0.3223268389701843,0.45850059390068054,-0.16798530519008636,0.3223268389701843,0.45850059390068054,-0.16798530519008636
62,13,0.7780051231384277,0.5523245334625244,-0.4076831042766571,0.7780051231384277,0.5523245334625244,-0.4076831042766571
62,14,0.09824609756469727,0.5626551508903503,-0.6229832172393799,0.09824609756469727,0.5626551508903503,-0.6229832172393799
62,15,0.8705995082855225,0.5288395881652832,-0.946105420589447,0.8705995082855225,0.5288395881652832,-0.946105420589447
62,16,0.215048685669899,0.520083487033844,-1.1207071542739868,0.215048685669899,0.520083487033844,-1.1207071542739868
62,17,0.9073447585105896,0.5164273381233215,-1.0217289924621582,0.9073447585105896,0.5164273381233215,-1.0217289924621582
62,18,0.24199114739894867,0.5211353302001953,-1.185808777809143,0.24199114739894867,0.5211353302001953,-1.185808777809143
62,19,0.8776276111602783,0.5046207904815674,-0.993152916431427,0.8776276111602783,0.5046207904815674,-0.993152916431427
62,20,0.27997905015945435,0.5105751156806946,-1.1408823728561401,0.27997905015945435,0.5105751156806946,-1.1408823728561401
62,21,0.863379180431366,0.5089015364646912,-0.9460927844047546,0.863379180431366,0.5089015364646912,-0.9460927844047546
62,22,0.28547510504722595,0.5124907493591309,-1.105443000793457,0.28547510504722595,0.5124907493591309,-1.105443000793457
62,23,0.471044659614563,0.7287628650665283,-0.02589351311326027,0.471044659614563,0.7287628650665283,-0.02589351311326027
62,24,0.342788964509964,0.7136260867118835,0.02588258683681488,0.342788964509964,0.7136260867118835,0.02588258683681488
62,25,0.5669727325439453,0.8836817741394043,-0.25366875529289246,0.5669727325439453,0.8836817741394043,-0.25366875529289246
62,26,0.2274574339389801,0.7233937382698059,-0.15287472307682037,0.2274574339389801,0.7233937382698059,-0.15287472307682037
62,27,0.5976998209953308,0.9855505228042603,-0.0371878556907177,0.5976998209953308,0.9855505228042603,-0.0371878556907177
62,28,0.15814709663391113,0.8356116414070129,0.19913442432880402,0.15814709663391113,0.8356116414070129,0.19913442432880402
62,29,0.5955325365066528,1.0013172626495361,-0.022774994373321533,0.5955325365066528,1.0013172626495361,-0.022774994373321533
62,30,0.17219194769859314,0.8568419218063354,0.23315252363681793,0.17219194769859314,0.8568419218063354,0.23315252363681793
62,31,0.6150649189949036,1.0374834537506104,-0.22546277940273285,0.6150649189949036,1.0374834537506104,-0.22546277940273285
62,32,0.04013285040855408,0.8854465484619141,0.12510007619857788,0.04013285040855408,0.8854465484619141,0.12510007619857788
63,0,0.5333526730537415,0.40019845962524414,-0.46014219522476196,0.5333526730537415,0.40019845962524414,-0.46014219522476196
63,1,0.5512465834617615,0.37947776913642883,-0.4063962697982788,0.5512465834617615,0.37947776913642883,-0.4063962697982788
63,2,0.5605329275131226,0.3803655207157135,-0.406636118888855,0.5605329275131226,0.3803655207157135,-0.406636118888855
63,3,0.5701137781143188,0.38132429122924805,-0.40692126750946045,0.5701137781143188,0.38132429122924805,-0.40692126750946045
63,4,0.5166453123092651,0.3765465319156647,-0.44272947311401367,0.5166453123092651,0.3765465319156647,-0.44272947311401367
63,5,0.5010393261909485,0.37532249093055725,-0.4426625072956085,0.5010393261909485,0.37532249093055725,-0.4426625072956085
63,6,0.4854763150215149,0.3742808401584625,-0.44273388385772705,0.4854763150215149,0.3742808401584625,-0.44273388385772705
63,7,0.5657941102981567,0.39002591371536255,-0.10006682574748993,0.5657941102981567,0.39002591371536255,-0.10006682574748993
63,8,0.45097750425338745,0.3822106719017029,-0.2672121822834015,0.45097750425338745,0.3822106719017029,-0.2672121822834015
63,9,0.541276216506958,0.42424774169921875,-0.34158965945243835,0.541276216506958,0.42424774169921875,-0.34158965945243835
63,10,0.49811699986457825,0.4200548231601715,-0.39046114683151245,0.49811699986457825,0.4200548231601715,-0.39046114683151245
63,11,0.613457202911377,0.49023789167404175,0.015443244948983192,0.613457202911377,0.49023789167404175,0.015443244948983192
63,12,0.32327380776405334,0.46806007623672485,-0.13672812283039093,0.32327380776405334,0.46806007623672485,-0.13672812283039093
63,13,0.7337610125541687,0.5627715587615967,-0.33143696188926697,0.7337610125541687,0.5627715587615967,-0.33143696188926697
63,14,0.1853443682193756,0.5464226007461548,-0.48267582058906555,0.1853443682193756,0.5464226007461548,-0.48267582058906555
63,15,0.8462880253791809,0.5647996664047241,-0.9060423374176025,0.8462880253791809,0.5647996664047241,-0.9060423374176025
63,16,0.2498706430196762,0.5636491179466248,-0.9903616309165955,0.2498706430196762,0.5636491179466248,-0.9903616309165955
63,17,0.8906303644180298,0.561333179473877,-0.9861764311790466,0.8906303644180298,0.561333179473877,-0.9861764311790466
63,18,0.26028305292129517,0.5813868045806885,-1.0661967992782593,0.26028305292129517,0.5813868045806885,-1.0661967992782593
63,19,0.8811013698577881,0.5532254576683044,-1.0025880336761475,0.8811013698577881,0.5532254576683044,-1.0025880336761475
63,20,0.28892678022384644,0.5650019645690918,-1.0613365173339844,0.28892678022384644,0.5650019645690918,-1.0613365173339844
63,21,0.8595874905586243,0.5552905797958374,-0.9263501763343811,0.8595874905586243,0.5552905797958374,-0.9263501763343811
63,22,0.29205819964408875,0.563624382019043,-0.994107723236084,0.29205819964408875,0.563624382019043,-0.994107723236084
63,23,0.4732074737548828,0.7241077423095703,-0.018101952970027924,0.4732074737548828,0.7241077423095703,-0.018101952970027924
63,24,0.3115374743938446,0.6897243857383728,0.018399745225906372,0.3115374743938446,0.6897243857383728,0.018399745225906372
63,25,0.48829954862594604,0.879672110080719,0.011890023946762085,0.48829954862594604,0.879672110080719,0.011890023946762085
63,26,0.14184904098510742,0.6178245544433594,-0.6432758569717407,0.14184904098510742,0.6178245544433594,-0.6432758569717407
63,27,0.5093997716903687,0.9494340419769287,0.5102478265762329,0.5093997716903687,0.9494340419769287,0.5102478265762329
63,28,0.084005206823349,0.7892735600471497,-0.3816458284854889,0.084005206823349,0.7892735600471497,-0.3816458284854889
63,29,0.5018673539161682,0.9602929353713989,0.5510075688362122,0.5018673539161682,0.9602929353713989,0.5510075688362122
63,30,0.13274577260017395,0.8206949830055237,-0.35895630717277527,0.13274577260017395,0.8206949830055237,-0.35895630717277527
63,31,0.5262607336044312,0.9988172054290771,0.3825698494911194,0.5262607336044312,0.9988172054290771,0.3825698494911194
63,32,-0.014437705278396606,0.8576490879058838,-0.5264756083488464,-0.014437705278396606,0.8576490879058838,-0.5264756083488464
64,0,0.5503339767456055,0.3982301652431488,-0.34895652532577515,0.5503339767456055,0.3982301652431488,-0.34895652532577515
64,1,0.5658907890319824,0.37876617908477783,-0.3032451868057251,0.5658907890319824,0.37876617908477783,-0.3032451868057251
64,2,0.5736584663391113,0.38024166226387024,-0.303362101316452,0.5736584663391113,0.38024166226387024,-0.303362101316452
64,3,0.5858772993087769,0.38174837827682495,-0.3036801517009735,0.5858772993087769,0.38174837827682495,-0.3036801517009735
64,4,0.5272610783576965,0.37375956773757935,-0.3326037526130676,0.5272610783576965,0.37375956773757935,-0.3326037526130676
64,5,0.5079203844070435,0.372149258852005,-0.33247432112693787,0.5079203844070435,0.372149258852005,-0.33247432112693787
64,6,0.498060017824173,0.37106284499168396,-0.33254557847976685,0.498060017824173,0.37106284499168396,-0.33254557847976685
64,7,0.5714657306671143,0.38878774642944336,-0.03870837390422821,0.5714657306671143,0.38878774642944336,-0.03870837390422821
64,8,0.46164125204086304,0.3808397948741913,-0.16698996722698212,0.46164125204086304,0.3808397948741913,-0.16698996722698212
64,9,0.5604640245437622,0.42011335492134094,-0.2456405907869339,0.5604640245437622,0.42011335492134094,-0.2456405907869339
64,10,0.5152023434638977,0.41596418619155884,-0.28324639797210693,0.5152023434638977,0.41596418619155884,-0.28324639797210693
64,11,0.6250532269477844,0.49614131450653076,0.07520122081041336,0.6250532269477844,0.49614131450653076,0.07520122081041336
64,12,0.3282700777053833,0.47006332874298096,-0.08029207587242126,0.3282700777053833,0.47006332874298096,-0.08029207587242126
64,13,0.7193571329116821,0.5875423550605774,-0.1152285784482956,0.7193571329116821,0.5875423550605774,-0.1152285784482956
64,14,0.16088008880615234,0.5652039647102356,-0.2853291630744934,0.16088008880615234,0.5652039647102356,-0.2853291630744934
64,15,0.8297677040100098,0.5950732827186584,-0.5764127373695374,0.8297677040100098,0.5950732827186584,-0.5764127373695374
64,16,0.21811333298683167,0.6193128824234009,-0.5964324474334717,0.21811333298683167,0.6193128824234009,-0.5964324474334717
64,17,0.8746120929718018,0.603955864906311,-0.6508654952049255,0.8746120929718018,0.603955864906311,-0.6508654952049255
64,18,0.24403630197048187,0.6537173986434937,-0.6466012001037598,0.24403630197048187,0.6537173986434937,-0.6466012001037598
64,19,0.8618580102920532,0.5943465828895569,-0.6873934864997864,0.8618580102920532,0.5943465828895569,-0.6873934864997864
64,20,0.2861490845680237,0.6394593715667725,-0.6650576591491699,0.2861490845680237,0.6394593715667725,-0.6650576591491699
64,21,0.8398098945617676,0.5924323797225952,-0.6023819446563721,0.8398098945617676,0.5924323797225952,-0.6023819446563721
64,22,0.28502190113067627,0.6262689828872681,-0.6018980741500854,0.28502190113067627,0.6262689828872681,-0.6018980741500854
64,23,0.4686233699321747,0.7228167057037354,-0.0026312984991818666,0.4686233699321747,0.7228167057037354,-0.0026312984991818666
64,24,0.31333106756210327,0.6975172162055969,0.002893656026571989,0.31333106756210327,0.6975172162055969,0.002893656026571989
64,25,0.6686006784439087,0.8740350008010864,-0.455163836479187,0.6686006784439087,0.8740350008010864,-0.455163836479187
64,26,0.14146310091018677,0.6325730085372925,-0.5677048563957214,0.14146310091018677,0.6325730085372925,-0.5677048563957214
64,27,0.5582458972930908,0.9435007572174072,-0.11616626381874084,0.5582458972930908,0.9435007572174072,-0.11616626381874084
64,28,0.08827394247055054,0.7977911829948425,-0.23568210005760193,0.08827394247055054,0.7977911829948425,-0.23568210005760193
64,29,0.5254711508750916,0.9425042867660522,-0.08578427881002426,0.5254711508750916,0.9425042867660522,-0.08578427881002426
64,30,0.11018383502960205,0.8400450348854065,-0.20199722051620483,0.11018383502960205,0.8400450348854065,-0.20199722051620483
64,31,0.5755176544189453,1.0092442035675049,-0.25551214814186096,0.5755176544189453,1.0092442035675049,-0.25551214814186096
64,32,0.005684256553649902,0.8808078169822693,-0.3375183343887329,0.005684256553649902,0.8808078169822693,-0.3375183343887329
65,0,0.5549829006195068,0.40736934542655945,-0.46212974190711975,0.5549829006195068,0.40736934542655945,-0.46212974190711975
65,1,0.5681391954421997,0.3844873309135437,-0.4153556227684021,0.5681391954421997,0.3844873309135437,-0.4153556227684021
65,2,0.576480507850647,0.38553035259246826,-0.4155672490596771,0.576480507850647,0.38553035259246826,-0.4155672490596771
65,3,0.583595871925354,0.3863544464111328,-0.4158109724521637,0.583595871925354,0.3863544464111328,-0.4158109724521637
65,4,0.5332633852958679,0.38038185238838196,-0.4457378387451172,0.5332633852958679,0.38038185238838196,-0.4457378387451172
65,5,0.5173003673553467,0.37872517108917236,-0.44567176699638367,0.5173003673553467,0.37872517108917236,-0.44567176699638367
65,6,0.5050246715545654,0.37736430764198303,-0.44580575823783875,0.5050246715545654,0.37736430764198303,-0.44580575823783875
65,7,0.5754692554473877,0.3916514217853546,-0.1433313935995102,0.5754692554473877,0.3916514217853546,-0.1433313935995102
65,8,0.4682740569114685,0.38274332880973816,-0.2771492004394531,0.4682740569114685,0.38274332880973816,-0.2771492004394531
65,9,0.5595813989639282,0.42945101857185364,-0.35503289103507996,0.5595813989639282,0.42945101857185364,-0.35503289103507996
65,10,0.5199675559997559,0.42530158162117004,-0.39359578490257263,0.5199675559997559,0.42530158162117004,-0.39359578490257263
65,11,0.630278468132019,0.49845993518829346,-0.004484611563384533,0.630278468132019,0.49845993518829346,-0.004484611563384533
65,12,0.3254183828830719,0.46798622608184814,-0.17368412017822266,0.3254183828830719,0.46798622608184814,-0.17368412017822266
65,13,0.6908155679702759,0.6035872101783752,-0.12254098057746887,0.6908155679702759,0.6035872101783752,-0.12254098057746887
65,14,0.17298993468284607,0.5847634673118591,-0.3232121765613556,0.17298993468284607,0.5847634673118591,-0.3232121765613556
65,15,0.7927308082580566,0.6318098306655884,-0.6671985387802124,0.7927308082580566,0.6318098306655884,-0.6671985387802124
65,16,0.264896422624588,0.6788029670715332,-0.6417776346206665,0.264896422624588,0.6788029670715332,-0.6417776346206665
65,17,0.8282885551452637,0.6475340723991394,-0.7660493850708008,0.8282885551452637,0.6475340723991394,-0.7660493850708008
65,18,0.28730320930480957,0.7097140550613403,-0.7099016308784485,0.28730320930480957,0.7097140550613403,-0.7099016308784485
65,19,0.8203728199005127,0.6377002000808716,-0.819847047328949,0.8203728199005127,0.6377002000808716,-0.819847047328949
65,20,0.33251702785491943,0.6922674775123596,-0.7312466502189636,0.33251702785491943,0.6922674775123596,-0.7312466502189636
65,21,0.8036344647407532,0.6327047348022461,-0.7016867995262146,0.8036344647407532,0.6327047348022461,-0.7016867995262146
65,22,0.3298805356025696,0.6851423382759094,-0.6469535827636719,0.3298805356025696,0.6851423382759094,-0.6469535827636719
65,23,0.4693663716316223,0.7273980975151062,0.002171507105231285,0.4693663716316223,0.7273980975151062,0.002171507105231285
65,24,0.3090536594390869,0.6989620327949524,-0.001683870330452919,0.3090536594390869,0.6989620327949524,-0.001683870330452919
65,25,0.6259344816207886,0.8489227294921875,-0.5589357018470764,0.6259344816207886,0.8489227294921875,-0.5589357018470764
65,26,0.13105171918869019,0.6514984369277954,-0.6206467151641846,0.13105171918869019,0.6514984369277954,-0.6206467151641846
65,27,0.4588100016117096,0.8774311542510986,-0.029538534581661224,0.4588100016117096,0.8774311542510986,-0.029538534581661224
65,28,0.10220631957054138,0.7942517399787903,-0.2824943959712982,0.10220631957054138,0.7942517399787903,-0.2824943959712982
65,29,0.4253033399581909,0.8703298568725586,0.022134117782115936,0.4253033399581909,0.8703298568725586,0.022134117782115936
65,30,0.11878082156181335,0.8220607042312622,-0.2471284717321396,0.11878082156181335,0.8220607042312622,-0.2471284717321396
65,31,0.4384615421295166,0.9248679280281067,-0.0914372056722641,0.4384615421295166,0.9248679280281067,-0.0914372056722641
65,32,0.05157458782196045,0.8723689317703247,-0.37488898634910583,0.05157458782196045,0.8723689317703247,-0.37488898634910583
66,0,0.5840008854866028,0.42171403765678406,-0.49958497285842896,0.5840008854866028,0.42171403765678406,-0.49958497285842896
66,1,0.5920708775520325,0.3962804079055786,-0.4528184235095978,0.5920708775520325,0.3962804079055786,-0.4528184235095978
66,2,0.5989555716514587,0.39652228355407715,-0.4530755281448364,0.5989555716514587,0.39652228355407715,-0.4530755281448364
66,3,0.6044741272926331,0.3967948853969574,-0.45321372151374817,0.6044741272926331,0.3967948853969574,-0.45321372151374817
66,4,0.5631629228591919,0.3935282826423645,-0.4976673424243927,0.5631629228591919,0.3935282826423645,-0.4976673424243927
66,5,0.5473335981369019,0.39144089818000793,-0.4976949095726013,0.5473335981369019,0.39144089818000793,-0.4976949095726013
66,6,0.5289801359176636,0.38951390981674194,-0.49788621068000793,0.5289801359176636,0.38951390981674194,-0.49788621068000793
66,7,0.5824901461601257,0.398978054523468,-0.18782196938991547,0.5824901461601257,0.398978054523468,-0.18782196938991547
66,8,0.47798991203308105,0.3933989107608795,-0.39244598150253296,0.47798991203308105,0.3933989107608795,-0.39244598150253296
66,9,0.5830473899841309,0.4390535056591034,-0.39477068185806274,0.5830473899841309,0.4390535056591034,-0.39477068185806274
66,10,0.5473572015762329,0.43714573979377747,-0.45343971252441406,0.5473572015762329,0.43714573979377747,-0.45343971252441406
66,11,0.625146746635437,0.4984586536884308,-0.03715918958187103,0.625146746635437,0.4984586536884308,-0.03715918958187103
66,12,0.3215639591217041,0.4773707091808319,-0.3273521363735199,0.3215639591217041,0.4773707091808319,-0.3273521363735199
66,13,0.6593203544616699,0.6112097501754761,-0.0520237535238266,0.6593203544616699,0.6112097501754761,-0.0520237535238266
66,14,0.17106521129608154,0.6037929654121399,-0.46390002965927124,0.17106521129608154,0.6037929654121399,-0.46390002965927124
66,15,0.7376583814620972,0.6623393297195435,-0.570142924785614,0.7376583814620972,0.6623393297195435,-0.570142924785614
66,16,0.2842506766319275,0.7151742577552795,-0.7547445893287659,0.2842506766319275,0.7151742577552795,-0.7547445893287659
66,17,0.7671812176704407,0.6770045757293701,-0.6779969334602356,0.7671812176704407,0.6770045757293701,-0.6779969334602356
66,18,0.29891884326934814,0.7475929260253906,-0.8488159775733948,0.29891884326934814,0.7475929260253906,-0.8488159775733948
66,19,0.7638384699821472,0.6676060557365417,-0.7467677593231201,0.7638384699821472,0.6676060557365417,-0.7467677593231201
66,20,0.3431410491466522,0.7307432889938354,-0.8767626285552979,0.3431410491466522,0.7307432889938354,-0.8767626285552979
66,21,0.7479938268661499,0.6620944142341614,-0.6111733913421631,0.7479938268661499,0.6620944142341614,-0.6111733913421631
66,22,0.34589457511901855,0.7217488288879395,-0.7634497880935669,0.34589457511901855,0.7217488288879395,-0.7634497880935669
66,23,0.4684114158153534,0.7337411642074585,0.06124556064605713,0.4684114158153534,0.7337411642074585,0.06124556064605713
66,24,0.30167898535728455,0.7084850072860718,-0.060663823038339615,0.30167898535728455,0.7084850072860718,-0.060663823038339615
66,25,0.6089617013931274,0.8529524207115173,-0.07653345167636871,0.6089617013931274,0.8529524207115173,-0.07653345167636871
66,26,0.12923002243041992,0.6660116910934448,-0.6638541221618652,0.12923002243041992,0.6660116910934448,-0.6638541221618652
66,27,0.4592762291431427,0.9136995077133179,0.460554838180542,0.4592762291431427,0.9136995077133179,0.460554838180542
66,28,0.08398216962814331,0.7985466718673706,-0.21791969239711761,0.08398216962814331,0.7985466718673706,-0.21791969239711761
66,29,0.4153069257736206,0.9161640405654907,0.5063695311546326,0.4153069257736206,0.9161640405654907,0.5063695311546326
66,30,0.09964403510093689,0.8244920372962952,-0.17500321567058563,0.09964403510093689,0.8244920372962952,-0.17500321567058563
66,31,0.4911186993122101,0.9712536334991455,0.4072636365890503,0.4911186993122101,0.9712536334991455,0.4072636365890503
66,32,0.04966190457344055,0.8810600638389587,-0.3041943907737732,0.04966190457344055,0.8810600638389587,-0.3041943907737732
67,0,0.5732818841934204,0.4320773184299469,-0.48056334257125854,0.5732818841934204,0.4320773184299469,-0.48056334257125854
67,1,0.5839916467666626,0.410182923078537,-0.43889090418815613,0.5839916467666626,0.410182923078537,-0.43889090418815613
67,2,0.5914349555969238,0.4103318750858307,-0.4389219582080841,0.5914349555969238,0.4103318750858307,-0.4389219582080841
67,3,0.5982100367546082,0.41044050455093384,-0.4390549659729004,0.5982100367546082,0.41044050455093384,-0.4390549659729004
67,4,0.5513241291046143,0.4066731035709381,-0.4773336946964264,0.5513241291046143,0.4066731035709381,-0.4773336946964264
67,5,0.5343037247657776,0.4040645658969879,-0.47723278403282166,0.5343037247657776,0.4040645658969879,-0.47723278403282166
67,6,0.5181219577789307,0.40193429589271545,-0.47717440128326416,0.5181219577789307,0.40193429589271545,-0.47717440128326416
67,7,0.585067629814148,0.41202643513679504,-0.1760101467370987,0.585067629814148,0.41202643513679504,-0.1760101467370987
67,8,0.47564345598220825,0.40393924713134766,-0.34924259781837463,0.47564345598220825,0.40393924713134766,-0.34924259781837463
67,9,0.5749047994613647,0.4486190676689148,-0.37271833419799805,0.5749047994613647,0.4486190676689148,-0.37271833419799805
67,10,0.5391203761100769,0.4458392858505249,-0.4220275282859802,0.5391203761100769,0.4458392858505249,-0.4220275282859802
67,11,0.62596195936203,0.5001828670501709,0.03126491233706474,0.62596195936203,0.5001828670501709,0.03126491233706474
67,12,0.328860342502594,0.47816991806030273,-0.29123055934906006,0.328860342502594,0.47816991806030273,-0.29123055934906006
67,13,0.6323925256729126,0.6098232269287109,0.21769578754901886,0.6323925256729126,0.6098232269287109,0.21769578754901886
67,14,0.16824062168598175,0.6074613332748413,-0.3283272683620453,0.16824062168598175,0.6074613332748413,-0.3283272683620453
67,15,0.695603609085083,0.6711521744728088,-0.04489423334598541,0.695603609085083,0.6711521744728088,-0.04489423334598541
67,16,0.29085013270378113,0.726076602935791,-0.5116504430770874,0.29085013270378113,0.726076602935791,-0.5116504430770874
67,17,0.7246043682098389,0.7005629539489746,-0.09814678132534027,0.7246043682098389,0.7005629539489746,-0.09814678132534027
67,18,0.3122296631336212,0.7589439153671265,-0.5922780632972717,0.3122296631336212,0.7589439153671265,-0.5922780632972717
67,19,0.7159273624420166,0.691434919834137,-0.17625917494297028,0.7159273624420166,0.691434919834137,-0.17625917494297028
67,20,0.3577595055103302,0.7435629963874817,-0.6060944199562073,0.3577595055103302,0.7435629963874817,-0.6060944199562073
67,21,0.7008816003799438,0.6809116005897522,-0.08288250863552094,0.7008816003799438,0.6809116005897522,-0.08288250863552094
67,22,0.3581770360469818,0.7344558238983154,-0.5136194825172424,0.3581770360469818,0.7344558238983154,-0.5136194825172424
67,23,0.4530022144317627,0.7268882393836975,0.07639765739440918,0.4530022144317627,0.7268882393836975,0.07639765739440918
67,24,0.3069764971733093,0.7038564682006836,-0.07584651559591293,0.3069764971733093,0.7038564682006836,-0.07584651559591293
67,25,0.6069566607475281,0.8329182863235474,-0.24283188581466675,0.6069566607475281,0.8329182863235474,-0.24283188581466675
67,26,0.1270815134048462,0.6600139141082764,-0.8031321167945862,0.1270815134048462,0.6600139141082764,-0.8031321167945862
67,27,0.40637969970703125,0.8852487206459045,0.2360614538192749,0.40637969970703125,0.8852487206459045,0.2360614538192749
67,28,0.09172418713569641,0.8064572215080261,-0.38767439126968384,0.09172418713569641,0.8064572215080261,-0.38767439126968384
67,29,0.3577684760093689,0.8850014805793762,0.28091660141944885,0.3577684760093689,0.8850014805793762,0.28091660141944885
67,30,0.09535464644432068,0.8404514789581299,-0.3451518416404724,0.09535464644432068,0.8404514789581299,-0.3451518416404724
67,31,0.41909316182136536,0.9443047046661377,0.1964503973722458,0.41909316182136536,0.9443047046661377,0.1964503973722458
67,32,0.0677047073841095,0.9040724039077759,-0.46899470686912537,0.0677047073841095,0.9040724039077759,-0.46899470686912537
68,0,0.5863797664642334,0.4408036172389984,-0.4439770579338074,0.5863797664642334,0.4408036172389984,-0.4439770579338074
68,1,0.5980809926986694,0.4190325140953064,-0.40203040838241577,0.5980809926986694,0.4190325140953064,-0.40203040838241577
68,2,0.6046056151390076,0.41915684938430786,-0.40204668045043945,0.6046056151390076,0.41915684938430786,-0.40204668045043945
68,3,0.6109288334846497,0.4193659722805023,-0.40226659178733826,0.6109288334846497,0.4193659722805023,-0.40226659178733826
68,4,0.5673712491989136,0.4159580171108246,-0.44111353158950806,0.5673712491989136,0.4159580171108246,-0.44111353158950806
68,5,0.5499663949012756,0.4133504331111908,-0.4410754144191742,0.5499663949012756,0.4133504331111908,-0.4410754144191742
68,6,0.5331999659538269,0.4111614525318146,-0.4410174787044525,0.5331999659538269,0.4111614525318146,-0.4410174787044525
68,7,0.5971667170524597,0.42017728090286255,-0.1482243686914444,0.5971667170524597,0.42017728090286255,-0.1482243686914444
68,8,0.4897266626358032,0.4124654233455658,-0.325168639421463,0.4897266626358032,0.4124654233455658,-0.325168639421463
68,9,0.5842655897140503,0.45703402161598206,-0.3400897681713104,0.5842655897140503,0.45703402161598206,-0.3400897681713104
68,10,0.54945969581604,0.45503056049346924,-0.39115363359451294,0.54945969581604,0.45503056049346924,-0.39115363359451294
68,11,0.627565860748291,0.5070661306381226,0.014054179191589355,0.627565860748291,0.5070661306381226,0.014054179191589355
68,12,0.3276541233062744,0.4829657971858978,-0.26550978422164917,0.3276541233062744,0.4829657971858978,-0.26550978422164917
68,13,0.6061704754829407,0.6167883276939392,0.2029913365840912,0.6061704754829407,0.6167883276939392,0.2029913365840912
68,14,0.16295135021209717,0.6005523800849915,-0.3023655116558075,0.16295135021209717,0.6005523800849915,-0.3023655116558075
68,15,0.6577814221382141,0.6778426170349121,0.020561568439006805,0.6577814221382141,0.6778426170349121,0.020561568439006805
68,16,0.2904265522956848,0.7235421538352966,-0.43568289279937744,0.2904265522956848,0.7235421538352966,-0.43568289279937744
68,17,0.6751755475997925,0.7080752849578857,-0.02344582974910736,0.6751755475997925,0.7080752849578857,-0.02344582974910736
68,18,0.3142264783382416,0.7544416785240173,-0.5011470317840576,0.3142264783382416,0.7544416785240173,-0.5011470317840576
68,19,0.6705061197280884,0.6986785531044006,-0.10004039853811264,0.6705061197280884,0.6986785531044006,-0.10004039853811264
68,20,0.3520478904247284,0.7441957592964172,-0.506454586982727,0.3520478904247284,0.7441957592964172,-0.506454586982727
68,21,0.6604183912277222,0.6893398761749268,-0.013934179209172726,0.6604183912277222,0.6893398761749268,-0.013934179209172726
68,22,0.3534172773361206,0.7344919443130493,-0.43255361914634705,0.3534172773361206,0.7344919443130493,-0.43255361914634705
68,23,0.4529821276664734,0.7218977808952332,0.04577638953924179,0.4529821276664734,0.7218977808952332,0.04577638953924179
68,24,0.3010111153125763,0.699720025062561,-0.04547007009387016,0.3010111153125763,0.699720025062561,-0.04547007009387016
68,25,0.6267074346542358,0.823013961315155,-0.5257371068000793,0.6267074346542358,0.823013961315155,-0.5257371068000793
68,26,0.11170262098312378,0.6584930419921875,-0.6964240670204163,0.11170262098312378,0.6584930419921875,-0.6964240670204163
68,27,0.4427409768104553,0.8877437710762024,-0.04958660155534744,0.4427409768104553,0.8877437710762024,-0.04958660155534744
68,28,0.07095980644226074,0.7909970879554749,-0.23457226157188416,0.07095980644226074,0.7909970879554749,-0.23457226157188416
68,29,0.39589551091194153,0.8870763778686523,-0.005505373701453209,0.39589551091194153,0.8870763778686523,-0.005505373701453209
68,30,0.09366881847381592,0.8190330862998962,-0.1910785436630249,0.09366881847381592,0.8190330862998962,-0.1910785436630249
68,31,0.45345333218574524,0.9583742022514343,-0.1389370858669281,0.45345333218574524,0.9583742022514343,-0.1389370858669281
68,32,-0.002676337957382202,0.8681821227073669,-0.34493082761764526,-0.002676337957382202,0.8681821227073669,-0.34493082761764526
69,0,0.5886721611022949,0.4401010274887085,-0.5231184959411621,0.5886721611022949,0.4401010274887085,-0.5231184959411621
69,1,0.6035342216491699,0.4177081286907196,-0.4770865738391876,0.6035342216491699,0.4177081286907196,-0.4770865738391876
69,2,0.6104952692985535,0.4186006188392639,-0.4771604835987091,0.6104952692985535,0.4186006188392639,-0.4771604835987091
69,3,0.6171853542327881,0.41974666714668274,-0.47743189334869385,0.6171853542327881,0.41974666714668274,-0.47743189334869385
69,4,0.5718212723731995,0.41392314434051514,-0.5169152021408081,0.5718212723731995,0.41392314434051514,-0.5169152021408081
69,5,0.5576267838478088,0.4123536944389343,-0.5169344544410706,0.5576267838478088,0.4123536944389343,-0.5169344544410706
69,6,0.5430948138237,0.4109841287136078,-0.5170168280601501,0.5430948138237,0.4109841287136078,-0.5170168280601501
69,7,0.605869710445404,0.4261118471622467,-0.2036352902650833,0.605869710445404,0.4261118471622467,-0.2036352902650833
69,8,0.5025560855865479,0.41552698612213135,-0.3825298547744751,0.5025560855865479,0.41552698612213135,-0.3825298547744751
69,9,0.5877317786216736,0.4580848515033722,-0.41211560368537903,0.5877317786216736,0.4580848515033722,-0.41211560368537903
69,10,0.5495988130569458,0.45456966757774353,-0.46393439173698425,0.5495988130569458,0.45456966757774353,-0.46393439173698425
69,11,0.6302536725997925,0.5157302618026733,-0.017915813252329826,0.6302536725997925,0.5157302618026733,-0.017915813252329826
69,12,0.33845624327659607,0.4821633994579315,-0.3072689175605774,0.33845624327659607,0.4821633994579315,-0.3072689175605774
69,13,0.600859522819519,0.625133216381073,0.14432327449321747,0.600859522819519,0.625133216381073,0.14432327449321747
69,14,0.16160692274570465,0.5955129265785217,-0.34589001536369324,0.16160692274570465,0.5955129265785217,-0.34589001536369324
69,15,0.6403131484985352,0.6843335628509521,-0.08411549031734467,0.6403131484985352,0.6843335628509521,-0.08411549031734467
69,16,0.28636497259140015,0.7220605611801147,-0.48826098442077637,0.28636497259140015,0.7220605611801147,-0.48826098442077637
69,17,0.6459293365478516,0.7148157358169556,-0.14194752275943756,0.6459293365478516,0.7148157358169556,-0.14194752275943756
69,18,0.3076014518737793,0.756053626537323,-0.5582345724105835,0.3076014518737793,0.756053626537323,-0.5582345724105835
69,19,0.6409595012664795,0.7039756178855896,-0.22193105518817902,0.6409595012664795,0.7039756178855896,-0.22193105518817902
69,20,0.34736931324005127,0.7424407601356506,-0.5677750110626221,0.34736931324005127,0.7424407601356506,-0.5677750110626221
69,21,0.6370280981063843,0.6931298971176147,-0.12078744173049927,0.6370280981063843,0.6931298971176147,-0.12078744173049927
69,22,0.34681037068367004,0.731406569480896,-0.48603394627571106,0.34681037068367004,0.731406569480896,-0.48603394627571106
69,23,0.4580784738063812,0.7219961881637573,0.06281839311122894,0.4580784738063812,0.7219961881637573,0.06281839311122894
69,24,0.30157551169395447,0.7008917331695557,-0.06268946826457977,0.30157551169395447,0.7008917331695557,-0.06268946826457977
69,25,0.5875645279884338,0.8607288599014282,-0.5711673498153687,0.5875645279884338,0.8607288599014282,-0.5711673498153687
69,26,0.1156720519065857,0.6481427550315857,-0.7908349633216858,0.1156720519065857,0.6481427550315857,-0.7908349633216858
69,27,0.43726640939712524,0.9072773456573486,-0.035372719168663025,0.43726640939712524,0.9072773456573486,-0.035372719168663025
69,28,0.07349693775177002,0.7984859347343445,-0.34686580300331116,0.07349693775177002,0.7984859347343445,-0.34686580300331116
69,29,0.39625993371009827,0.9030369520187378,0.015603338368237019,0.39625993371009827,0.9030369520187378,0.015603338368237019
69,30,0.09666061401367188,0.8276848196983337,-0.3032643496990204,0.09666061401367188,0.8276848196983337,-0.3032643496990204
69,31,0.45722752809524536,0.9735169410705566,-0.1251136213541031,0.45722752809524536,0.9735169410705566,-0.1251136213541031
69,32,0.006389886140823364,0.8761919736862183,-0.47679102420806885,0.006389886140823364,0.8761919736862183,-0.47679102420806885
70,0,0.6063681244850159,0.4458632171154022,-0.5520095825195312,0.6063681244850159,0.4458632171154022,-0.5520095825195312
70,1,0.627675473690033,0.42238178849220276,-0.5128297805786133,0.627675473690033,0.42238178849220276,-0.5128297805786133
70,2,0.6352835893630981,0.423530250787735,-0.5128192901611328,0.6352835893630981,0.423530250787735,-0.5128192901611328
70,3,0.6425402760505676,0.42472463846206665,-0.5130744576454163,0.6425402760505676,0.42472463846206665,-0.5130744576454163
70,4,0.5970725417137146,0.41655585169792175,-0.5531132817268372,0.5970725417137146,0.41655585169792175,-0.5531132817268372
70,5,0.582973301410675,0.4140459895133972,-0.5531527996063232,0.582973301410675,0.4140459895133972,-0.5531527996063232
70,6,0.5692133903503418,0.41248801350593567,-0.5531747937202454,0.5692133903503418,0.41248801350593567,-0.5531747937202454
70,7,0.6342212557792664,0.4285597801208496,-0.2541978359222412,0.6342212557792664,0.4285597801208496,-0.2541978359222412
70,8,0.5305702090263367,0.41688525676727295,-0.4358409345149994,0.5305702090263367,0.41688525676727295,-0.4358409345149994
70,9,0.6005772352218628,0.4645802676677704,-0.4452734887599945,0.6005772352218628,0.4645802676677704,-0.4452734887599945
70,10,0.5673112273216248,0.4592773914337158,-0.49811041355133057,0.5673112273216248,0.4592773914337158,-0.49811041355133057
70,11,0.6415941119194031,0.515257716178894,-0.0733502134680748,0.6415941119194031,0.515257716178894,-0.0733502134680748
70,12,0.34879615902900696,0.47993987798690796,-0.3511722683906555,0.34879615902900696,0.47993987798690796,-0.3511722683906555
70,13,0.6149893403053284,0.6203173398971558,0.15662437677383423,0.6149893403053284,0.6203173398971558,0.15662437677383423
70,14,0.1635819673538208,0.5962127447128296,-0.3646865487098694,0.1635819673538208,0.5962127447128296,-0.3646865487098694
70,15,0.651333212852478,0.6860149502754211,0.037935178726911545,0.651333212852478,0.6860149502754211,0.037935178726911545
70,16,0.29098397493362427,0.719935953617096,-0.4648136794567108,0.29098397493362427,0.719935953617096,-0.4648136794567108
70,17,0.6561394333839417,0.714128851890564,0.00287613645195961,0.6561394333839417,0.714128851890564,0.00287613645195961
70,18,0.30107730627059937,0.7563670873641968,-0.5219406485557556,0.30107730627059937,0.7563670873641968,-0.5219406485557556
70,19,0.6536362171173096,0.706562876701355,-0.07105229794979095,0.6536362171173096,0.706562876701355,-0.07105229794979095
70,20,0.35044246912002563,0.7431052327156067,-0.5325612425804138,0.35044246912002563,0.7431052327156067,-0.5325612425804138
70,21,0.6481635570526123,0.6971021890640259,0.007647654507309198,0.6481635570526123,0.6971021890640259,0.007647654507309198
70,22,0.35100096464157104,0.7321618795394897,-0.46209216117858887,0.35100096464157104,0.7321618795394897,-0.46209216117858887
70,23,0.4550632834434509,0.7178986072540283,0.05760811269283295,0.4550632834434509,0.7178986072540283,0.05760811269283295
70,24,0.30025923252105713,0.6909111142158508,-0.05758389085531235,0.30025923252105713,0.6909111142158508,-0.05758389085531235
70,25,0.6192359924316406,0.8415829539299011,-0.6316128373146057,0.6192359924316406,0.8415829539299011,-0.6316128373146057
70,26,0.11852309107780457,0.646931529045105,-0.7904383540153503,0.11852309107780457,0.646931529045105,-0.7904383540153503
70,27,0.4060010612010956,0.8690693974494934,-0.09806696325540543,0.4060010612010956,0.8690693974494934,-0.09806696325540543
70,28,0.1293492615222931,0.8098746538162231,-0.3481273949146271,0.1293492615222931,0.8098746538162231,-0.3481273949146271
70,29,0.3618339002132416,0.8575947284698486,-0.04432286322116852,0.3618339002132416,0.8575947284698486,-0.04432286322116852
70,30,0.12381970882415771,0.8289051651954651,-0.30250099301338196,0.12381970882415771,0.8289051651954651,-0.30250099301338196
70,31,0.38545843958854675,0.9377667903900146,-0.15778011083602905,0.38545843958854675,0.9377667903900146,-0.15778011083602905
70,32,0.046863704919815063,0.8820582628250122,-0.45152750611305237,0.046863704919815063,0.8820582628250122,-0.45152750611305237
71,0,0.6232238411903381,0.44857239723205566,-0.6828391551971436,0.6232238411903381,0.44857239723205566,-0.6828391551971436
71,1,0.6430163979530334,0.4288448691368103,-0.6452837586402893,0.6430163979530334,0.4288448691368103,-0.6452837586402893
71,2,0.6494078636169434,0.42949214577674866,-0.6452041268348694,0.6494078636169434,0.42949214577674866,-0.6452041268348694
71,3,0.6551011800765991,0.42985737323760986,-0.6454720497131348,0.6551011800765991,0.42985737323760986,-0.6454720497131348
71,4,0.6137444972991943,0.42204806208610535,-0.6881396174430847,0.6137444972991943,0.42204806208610535,-0.6881396174430847
71,5,0.5986817479133606,0.417878657579422,-0.6882407665252686,0.5986817479133606,0.417878657579422,-0.6882407665252686
71,6,0.5825819373130798,0.41413652896881104,-0.6882799863815308,0.5825819373130798,0.41413652896881104,-0.6882799863815308
71,7,0.6382217407226562,0.4276793599128723,-0.3800369203090668,0.6382217407226562,0.4276793599128723,-0.3800369203090668
71,8,0.5375339984893799,0.413020521402359,-0.574142336845398,0.5375339984893799,0.413020521402359,-0.574142336845398
71,9,0.6135333776473999,0.4640423357486725,-0.5716530680656433,0.6135333776473999,0.4640423357486725,-0.5716530680656433
71,10,0.5804681181907654,0.45996764302253723,-0.6283982396125793,0.5804681181907654,0.45996764302253723,-0.6283982396125793
71,11,0.6557008624076843,0.5068731307983398,-0.16370491683483124,0.6557008624076843,0.5068731307983398,-0.16370491683483124
71,12,0.3582633137702942,0.4765150547027588,-0.4707091748714447,0.3582633137702942,0.4765150547027588,-0.4707091748714447
71,13,0.6475074291229248,0.6129423379898071,0.16037032008171082,0.6475074291229248,0.6129423379898071,0.16037032008171082
71,14,0.17013560235500336,0.5973805785179138,-0.5039929747581482,0.17013560235500336,0.5973805785179138,-0.5039929747581482
71,15,0.6821015477180481,0.684256911277771,0.16895362734794617,0.6821015477180481,0.684256911277771,0.16895362734794617
71,16,0.30251002311706543,0.7253082990646362,-0.6061093211174011,0.30251002311706543,0.7253082990646362,-0.6061093211174011
71,17,0.6963465213775635,0.7092063426971436,0.16853906214237213,0.6963465213775635,0.7092063426971436,0.16853906214237213
71,18,0.30845287442207336,0.7625241875648499,-0.6633725166320801,0.30845287442207336,0.7625241875648499,-0.6633725166320801
71,19,0.6908823847770691,0.7017379403114319,0.09270593523979187,0.6908823847770691,0.7017379403114319,0.09270593523979187
71,20,0.3581492304801941,0.745827317237854,-0.671064019203186,0.3581492304801941,0.745827317237854,-0.671064019203186
71,21,0.6820880174636841,0.6935299634933472,0.14274713397026062,0.6820880174636841,0.6935299634933472,0.14274713397026062
71,22,0.3584243357181549,0.7356247901916504,-0.600921094417572,0.3584243357181549,0.7356247901916504,-0.600921094417572
71,23,0.47839808464050293,0.7113653421401978,0.047281477600336075,0.47839808464050293,0.7113653421401978,0.047281477600336075
71,24,0.3221270740032196,0.6866658329963684,-0.0475877970457077,0.3221270740032196,0.6866658329963684,-0.0475877970457077
71,25,0.6230271458625793,0.852998673915863,-0.5703312754631042,0.6230271458625793,0.852998673915863,-0.5703312754631042
71,26,0.13028275966644287,0.6470083594322205,-0.7237739562988281,0.13028275966644287,0.6470083594322205,-0.7237739562988281
71,27,0.46255311369895935,0.8793875575065613,-0.0045794108882546425,0.46255311369895935,0.8793875575065613,-0.0045794108882546425
71,28,0.09731024503707886,0.7908502817153931,-0.26121488213539124,0.09731024503707886,0.7908502817153931,-0.26121488213539124
71,29,0.42345312237739563,0.8691510558128357,0.05156479775905609,0.42345312237739563,0.8691510558128357,0.05156479775905609
71,30,0.12980833649635315,0.8178061246871948,-0.21584105491638184,0.12980833649635315,0.8178061246871948,-0.21584105491638184
71,31,0.46324604749679565,0.9477603435516357,-0.05978544428944588,0.46324604749679565,0.9477603435516357,-0.05978544428944588
71,32,0.030543148517608643,0.8696441650390625,-0.3755374550819397,0.030543148517608643,0.8696441650390625,-0.3755374550819397
72,0,0.6443144083023071,0.4525975286960602,-0.6041176915168762,0.6443144083023071,0.4525975286960602,-0.6041176915168762
72,1,0.6602933406829834,0.4353795051574707,-0.5607277154922485,0.6602933406829834,0.4353795051574707,-0.5607277154922485
72,2,0.6656769514083862,0.43573442101478577,-0.5606579780578613,0.6656769514083862,0.43573442101478577,-0.5606579780578613
72,3,0.6704124808311462,0.4356633722782135,-0.5608667731285095,0.6704124808311462,0.4356633722782135,-0.5608667731285095
72,4,0.6343860626220703,0.4294391870498657,-0.6076876521110535,0.6343860626220703,0.4294391870498657,-0.6076876521110535
72,5,0.6189237236976624,0.42496901750564575,-0.6077814698219299,0.6189237236976624,0.42496901750564575,-0.6077814698219299
72,6,0.6040228009223938,0.4209374189376831,-0.6077704429626465,0.6040228009223938,0.4209374189376831,-0.6077704429626465
72,7,0.6464646458625793,0.43409547209739685,-0.2929345965385437,0.6464646458625793,0.43409547209739685,-0.2929345965385437
72,8,0.5559956431388855,0.41971203684806824,-0.5062457919120789,0.5559956431388855,0.41971203684806824,-0.5062457919120789
72,9,0.6346044540405273,0.4665205180644989,-0.49525296688079834,0.6346044540405273,0.4665205180644989,-0.49525296688079834
72,10,0.6043471693992615,0.4637240171432495,-0.5575193762779236,0.6043471693992615,0.4637240171432495,-0.5575193762779236
72,11,0.6709848642349243,0.5120992660522461,-0.09098934382200241,0.6709848642349243,0.5120992660522461,-0.09098934382200241
72,12,0.36711999773979187,0.49417591094970703,-0.41204753518104553,0.36711999773979187,0.49417591094970703,-0.41204753518104553
72,13,0.6761711835861206,0.613208532333374,0.2379685938358307,0.6761711835861206,0.613208532333374,0.2379685938358307
72,14,0.19634956121444702,0.6093842387199402,-0.43298423290252686,0.19634956121444702,0.6093842387199402,-0.43298423290252686
72,15,0.7294864654541016,0.6856298446655273,0.22591768205165863,0.7294864654541016,0.6856298446655273,0.22591768205165863
72,16,0.31877729296684265,0.736160159111023,-0.5489869117736816,0.31877729296684265,0.736160159111023,-0.5489869117736816
72,17,0.7402875423431396,0.7070354223251343,0.2242564707994461,0.7402875423431396,0.7070354223251343,0.2242564707994461
72,18,0.32860302925109863,0.7717667818069458,-0.6051893830299377,0.32860302925109863,0.7717667818069458,-0.6051893830299377
72,19,0.73384028673172,0.6984114050865173,0.1478670835494995,0.73384028673172,0.6984114050865173,0.1478670835494995
72,20,0.37330320477485657,0.7613949775695801,-0.6186221241950989,0.37330320477485657,0.7613949775695801,-0.6186221241950989
72,21,0.7263027429580688,0.6926965117454529,0.19940845668315887,0.7263027429580688,0.6926965117454529,0.19940845668315887
72,22,0.3776609003543854,0.7501694560050964,-0.5459678769111633,0.3776609003543854,0.7501694560050964,-0.5459678769111633
72,23,0.5057349801063538,0.7197047472000122,0.044299159198999405,0.5057349801063538,0.7197047472000122,0.044299159198999405
72,24,0.3559114336967468,0.6979793310165405,-0.04471822455525398,0.3559114336967468,0.6979793310165405,-0.04471822455525398
72,25,0.6733897924423218,0.8471769690513611,-0.6700240969657898,0.6733897924423218,0.8471769690513611,-0.6700240969657898
72,26,0.1529405415058136,0.6671637296676636,-0.7139652967453003,0.1529405415058136,0.6671637296676636,-0.7139652967453003
72,27,0.43424123525619507,0.8850059509277344,-0.04493562877178192,0.43424123525619507,0.8850059509277344,-0.04493562877178192
72,28,0.12165814638137817,0.8018534183502197,-0.20050083100795746,0.12165814638137817,0.8018534183502197,-0.20050083100795746
72,29,0.3874252140522003,0.8732994794845581,0.016876596957445145,0.3874252140522003,0.8732994794845581,0.016876596957445145
72,30,0.1439945101737976,0.8285037875175476,-0.1510210931301117,0.1439945101737976,0.8285037875175476,-0.1510210931301117
72,31,0.40107858180999756,0.9564822912216187,-0.12002625316381454,0.40107858180999756,0.9564822912216187,-0.12002625316381454
72,32,0.04659301042556763,0.8671729564666748,-0.31666749715805054,0.04659301042556763,0.8671729564666748,-0.31666749715805054
73,0,0.8207822442054749,0.8977212905883789,-0.49099037051200867,0.8207822442054749,0.8977212905883789,-0.49099037051200867
73,1,0.8416616916656494,0.8988579511642456,-0.4693858027458191,0.8416616916656494,0.8988579511642456,-0.4693858027458191
73,2,0.8380469083786011,0.9013685584068298,-0.46947339177131653,0.8380469083786011,0.9013685584068298,-0.46947339177131653
73,3,0.834396481513977,0.9037736058235168,-0.469694048166275,0.834396481513977,0.9037736058235168,-0.469694048166275
73,4,0.8496092557907104,0.8894280195236206,-0.5050240159034729,0.8496092557907104,0.8894280195236206,-0.5050240159034729
73,5,0.8528883457183838,0.8846684694290161,-0.5051584243774414,0.8528883457183838,0.8846684694290161,-0.5051584243774414
73,6,0.8562164902687073,0.8799355030059814,-0.5054893493652344,0.8562164902687073,0.8799355030059814,-0.5054893493652344
73,7,0.8404707312583923,0.9108755588531494,-0.2857152223587036,0.8404707312583923,0.9108755588531494,-0.2857152223587036
73,8,0.851625919342041,0.8803459405899048,-0.450348436832428,0.851625919342041,0.8803459405899048,-0.450348436832428
73,9,0.7886887788772583,0.8979958295822144,-0.41356441378593445,0.7886887788772583,0.8979958295822144,-0.41356441378593445
73,10,0.8004754185676575,0.8852512240409851,-0.4606165885925293,0.8004754185676575,0.8852512240409851,-0.4606165885925293
73,11,0.6784032583236694,0.8822808861732483,-0.11497446149587631,0.6784032583236694,0.8822808861732483,-0.11497446149587631
73,12,0.7588778734207153,0.8124845027923584,-0.41796252131462097,0.7588778734207153,0.8124845027923584,-0.41796252131462097
73,13,0.5321775674819946,0.8503602147102356,-0.12383967638015747,0.5321775674819946,0.8503602147102356,-0.12383967638015747
73,14,0.6498904228210449,0.7337773442268372,-0.43176475167274475,0.6498904228210449,0.7337773442268372,-0.43176475167274475
73,15,0.6190791130065918,0.8702999353408813,-0.23881760239601135,0.6190791130065918,0.8702999353408813,-0.23881760239601135
73,16,0.6105856895446777,0.763591468334198,-0.4296093285083771,0.6105856895446777,0.763591468334198,-0.4296093285083771
73,17,0.6449515223503113,0.8747180700302124,-0.2440408617258072,0.6449515223503113,0.8747180700302124,-0.2440408617258072
73,18,0.594486653804779,0.7650967240333557,-0.4526318907737732,0.594486653804779,0.7650967240333557,-0.4526318907737732
73,19,0.6616676449775696,0.8822857737541199,-0.2304159700870514,0.6616676449775696,0.8822857737541199,-0.2304159700870514
73,20,0.6120549440383911,0.7763200998306274,-0.4406099319458008,0.6120549440383911,0.7763200998306274,-0.4406099319458008
73,21,0.6534959077835083,0.8781420588493347,-0.23283050954341888,0.6534959077835083,0.8781420588493347,-0.23283050954341888
73,22,0.6174026131629944,0.775662899017334,-0.4215826392173767,0.6174026131629944,0.775662899017334,-0.4215826392173767
73,23,0.44533002376556396,0.6873143911361694,0.07818841189146042,0.44533002376556396,0.6873143911361694,0.07818841189146042
73,24,0.5198706388473511,0.6557233929634094,-0.07799997180700302,0.5198706388473511,0.6557233929634094,-0.07799997180700302
73,25,0.3789926767349243,0.6106154918670654,-0.009878017008304596,0.3789926767349243,0.6106154918670654,-0.009878017008304596
73,26,0.5659255981445312,0.5359148383140564,-0.2097606062889099,0.5659255981445312,0.5359148383140564,-0.2097606062889099
73,27,0.47312676906585693,0.580597996711731,0.30107924342155457,0.47312676906585693,0.580597996711731,0.30107924342155457
73,28,0.6299812197685242,0.4867058992385864,-0.016302356496453285,0.6299812197685242,0.4867058992385864,-0.016302356496453285
73,29,0.4965892732143402,0.5826271772384644,0.3382015526294708,0.4965892732143402,0.5826271772384644,0.3382015526294708
73,30,0.6406132578849792,0.4861103594303131,0.014913836494088173,0.6406132578849792,0.4861103594303131,0.014913836494088173
73,31,0.4780504107475281,0.5546396374702454,0.3812524080276489,0.4780504107475281,0.5546396374702454,0.3812524080276489
73,32,0.6531220078468323,0.45074743032455444,0.014173117466270924,0.6531220078468323,0.45074743032455444,0.014173117466270924
74,0,0.5,0.5,0.0,0.5,0.5,0.0
74,1,0.5,0.5,0.0,0.5,0.5,0.0
74,2,0.5,0.5,0.0,0.5,0.5,0.0
74,3,0.5,0.5,0.0,0.5,0.5,0.0
74,4,0.5,0.5,0.0,0.5,0.5,0.0
74,5,0.5,0.5,0.0,0.5,0.5,0.0
74,6,0.5,0.5,0.0,0.5,0.5,0.0
74,7,0.5,0.5,0.0,0.5,0.5,0.0
74,8,0.5,0.5,0.0,0.5,0.5,0.0
74,9,0.5,0.5,0.0,0.5,0.5,0.0
74,10,0.5,0.5,0.0,0.5,0.5,0.0
74,11,0.5,0.5,0.0,0.5,0.5,0.0
74,12,0.5,0.5,0.0,0.5,0.5,0.0
74,13,0.5,0.5,0.0,0.5,0.5,0.0
74,14,0.5,0.5,0.0,0.5,0.5,0.0
74,15,0.5,0.5,0.0,0.5,0.5,0.0
74,16,0.5,0.5,0.0,0.5,0.5,0.0
74,17,0.5,0.5,0.0,0.5,0.5,0.0
74,18,0.5,0.5,0.0,0.5,0.5,0.0
74,19,0.5,0.5,0.0,0.5,0.5,0.0
74,20,0.5,0.5,0.0,0.5,0.5,0.0
74,21,0.5,0.5,0.0,0.5,0.5,0.0
74,22,0.5,0.5,0.0,0.5,0.5,0.0
74,23,0.5,0.5,0.0,0.5,0.5,0.0
74,24,0.5,0.5,0.0,0.5,0.5,0.0
74,25,0.5,0.5,0.0,0.5,0.5,0.0
74,26,0.5,0.5,0.0,0.5,0.5,0.0
74,27,0.5,0.5,0.0,0.5,0.5,0.0
74,28,0.5,0.5,0.0,0.5,0.5,0.0
74,29,0.5,0.5,0.0,0.5,0.5,0.0
74,30,0.5,0.5,0.0,0.5,0.5,0.0
74,31,0.5,0.5,0.0,0.5,0.5,0.0
74,32,0.5,0.5,0.0,0.5,0.5,0.0
75,0,0.5,0.5,0.0,0.5,0.5,0.0
75,1,0.5,0.5,0.0,0.5,0.5,0.0
75,2,0.5,0.5,0.0,0.5,0.5,0.0
75,3,0.5,0.5,0.0,0.5,0.5,0.0
75,4,0.5,0.5,0.0,0.5,0.5,0.0
75,5,0.5,0.5,0.0,0.5,0.5,0.0
75,6,0.5,0.5,0.0,0.5,0.5,0.0
75,7,0.5,0.5,0.0,0.5,0.5,0.0
75,8,0.5,0.5,0.0,0.5,0.5,0.0
75,9,0.5,0.5,0.0,0.5,0.5,0.0
75,10,0.5,0.5,0.0,0.5,0.5,0.0
75,11,0.5,0.5,0.0,0.5,0.5,0.0
75,12,0.5,0.5,0.0,0.5,0.5,0.0
75,13,0.5,0.5,0.0,0.5,0.5,0.0
75,14,0.5,0.5,0.0,0.5,0.5,0.0
75,15,0.5,0.5,0.0,0.5,0.5,0.0
75,16,0.5,0.5,0.0,0.5,0.5,0.0
75,17,0.5,0.5,0.0,0.5,0.5,0.0
75,18,0.5,0.5,0.0,0.5,0.5,0.0
75,19,0.5,0.5,0.0,0.5,0.5,0.0
75,20,0.5,0.5,0.0,0.5,0.5,0.0
75,21,0.5,0.5,0.0,0.5,0.5,0.0
75,22,0.5,0.5,0.0,0.5,0.5,0.0
75,23,0.5,0.5,0.0,0.5,0.5,0.0
75,24,0.5,0.5,0.0,0.5,0.5,0.0
75,25,0.5,0.5,0.0,0.5,0.5,0.0
75,26,0.5,0.5,0.0,0.5,0.5,0.0
75,27,0.5,0.5,0.0,0.5,0.5,0.0
75,28,0.5,0.5,0.0,0.5,0.5,0.0
75,29,0.5,0.5,0.0,0.5,0.5,0.0
75,30,0.5,0.5,0.0,0.5,0.5,0.0
75,31,0.5,0.5,0.0,0.5,0.5,0.0
75,32,0.5,0.5,0.0,0.5,0.5,0.0
76,0,0.5,0.5,0.0,0.5,0.5,0.0
76,1,0.5,0.5,0.0,0.5,0.5,0.0
76,2,0.5,0.5,0.0,0.5,0.5,0.0
76,3,0.5,0.5,0.0,0.5,0.5,0.0
76,4,0.5,0.5,0.0,0.5,0.5,0.0
76,5,0.5,0.5,0.0,0.5,0.5,0.0
76,6,0.5,0.5,0.0,0.5,0.5,0.0
76,7,0.5,0.5,0.0,0.5,0.5,0.0
76,8,0.5,0.5,0.0,0.5,0.5,0.0
76,9,0.5,0.5,0.0,0.5,0.5,0.0
76,10,0.5,0.5,0.0,0.5,0.5,0.0
76,11,0.5,0.5,0.0,0.5,0.5,0.0
76,12,0.5,0.5,0.0,0.5,0.5,0.0
76,13,0.5,0.5,0.0,0.5,0.5,0.0
76,14,0.5,0.5,0.0,0.5,0.5,0.0
76,15,0.5,0.5,0.0,0.5,0.5,0.0
76,16,0.5,0.5,0.0,0.5,0.5,0.0
76,17,0.5,0.5,0.0,0.5,0.5,0.0
76,18,0.5,0.5,0.0,0.5,0.5,0.0
76,19,0.5,0.5,0.0,0.5,0.5,0.0
76,20,0.5,0.5,0.0,0.5,0.5,0.0
76,21,0.5,0.5,0.0,0.5,0.5,0.0
76,22,0.5,0.5,0.0,0.5,0.5,0.0
76,23,0.5,0.5,0.0,0.5,0.5,0.0
76,24,0.5,0.5,0.0,0.5,0.5,0.0
76,25,0.5,0.5,0.0,0.5,0.5,0.0
76,26,0.5,0.5,0.0,0.5,0.5,0.0
76,27,0.5,0.5,0.0,0.5,0.5,0.0
76,28,0.5,0.5,0.0,0.5,0.5,0.0
76,29,0.5,0.5,0.0,0.5,0.5,0.0
76,30,0.5,0.5,0.0,0.5,0.5,0.0
76,31,0.5,0.5,0.0,0.5,0.5,0.0
76,32,0.5,0.5,0.0,0.5,0.5,0.0
77,0,0.5,0.5,0.0,0.5,0.5,0.0
77,1,0.5,0.5,0.0,0.5,0.5,0.0
77,2,0.5,0.5,0.0,0.5,0.5,0.0
77,3,0.5,0.5,0.0,0.5,0.5,0.0
77,4,0.5,0.5,0.0,0.5,0.5,0.0
77,5,0.5,0.5,0.0,0.5,0.5,0.0
77,6,0.5,0.5,0.0,0.5,0.5,0.0
77,7,0.5,0.5,0.0,0.5,0.5,0.0
77,8,0.5,0.5,0.0,0.5,0.5,0.0
77,9,0.5,0.5,0.0,0.5,0.5,0.0
77,10,0.5,0.5,0.0,0.5,0.5,0.0
77,11,0.5,0.5,0.0,0.5,0.5,0.0
77,12,0.5,0.5,0.0,0.5,0.5,0.0
77,13,0.5,0.5,0.0,0.5,0.5,0.0
77,14,0.5,0.5,0.0,0.5,0.5,0.0
77,15,0.5,0.5,0.0,0.5,0.5,0.0
77,16,0.5,0.5,0.0,0.5,0.5,0.0
77,17,0.5,0.5,0.0,0.5,0.5,0.0
77,18,0.5,0.5,0.0,0.5,0.5,0.0
77,19,0.5,0.5,0.0,0.5,0.5,0.0
77,20,0.5,0.5,0.0,0.5,0.5,0.0
77,21,0.5,0.5,0.0,0.5,0.5,0.0
77,22,0.5,0.5,0.0,0.5,0.5,0.0
77,23,0.5,0.5,0.0,0.5,0.5,0.0
77,24,0.5,0.5,0.0,0.5,0.5,0.0
77,25,0.5,0.5,0.0,0.5,0.5,0.0
77,26,0.5,0.5,0.0,0.5,0.5,0.0
77,27,0.5,0.5,0.0,0.5,0.5,0.0
77,28,0.5,0.5,0.0,0.5,0.5,0.0
77,29,0.5,0.5,0.0,0.5,0.5,0.0
77,30,0.5,0.5,0.0,0.5,0.5,0.0
77,31,0.5,0.5,0.0,0.5,0.5,0.0
77,32,0.5,0.5,0.0,0.5,0.5,0.0
78,0,0.6361966729164124,0.4759626090526581,-0.6906018853187561,0.6361966729164124,0.4759626090526581,-0.6906018853187561
78,1,0.6629672050476074,0.46176037192344666,-0.6525431871414185,0.6629672050476074,0.46176037192344666,-0.6525431871414185
78,2,0.6720399856567383,0.46302446722984314,-0.6524806618690491,0.6720399856567383,0.46302446722984314,-0.6524806618690491
78,3,0.680115818977356,0.46364355087280273,-0.6526930332183838,0.680115818977356,0.46364355087280273,-0.6526930332183838
78,4,0.6312400698661804,0.45154035091400146,-0.6931209564208984,0.6312400698661804,0.45154035091400146,-0.6931209564208984
78,5,0.6157275438308716,0.44487079977989197,-0.693074107170105,0.6157275438308716,0.44487079977989197,-0.693074107170105
78,6,0.6016221642494202,0.438439279794693,-0.6930416822433472,0.6016221642494202,0.438439279794693,-0.6930416822433472
78,7,0.6714146733283997,0.4588111937046051,-0.3704858422279358,0.6714146733283997,0.4588111937046051,-0.3704858422279358
78,8,0.5595078468322754,0.4285176396369934,-0.5540072917938232,0.5595078468322754,0.4285176396369934,-0.5540072917938232
78,9,0.629126787185669,0.4907402992248535,-0.5723117589950562,0.629126787185669,0.4907402992248535,-0.5723117589950562
78,10,0.5905377864837646,0.481942355632782,-0.6254169940948486,0.5905377864837646,0.481942355632782,-0.6254169940948486
78,11,0.6695621013641357,0.525888204574585,-0.13911430537700653,0.6695621013641357,0.525888204574585,-0.13911430537700653
78,12,0.3732434809207916,0.491708368062973,-0.44108688831329346,0.3732434809207916,0.491708368062973,-0.44108688831329346
78,13,0.6826038360595703,0.6215075850486755,0.1765698790550232,0.6826038360595703,0.6215075850486755,0.1765698790550232
78,14,0.1848875731229782,0.6137567162513733,-0.4937746524810791,0.1848875731229782,0.6137567162513733,-0.4937746524810791
78,15,0.7458676695823669,0.6926392316818237,0.0909002274274826,0.7458676695823669,0.6926392316818237,0.0909002274274826
78,16,0.3006185293197632,0.7371916770935059,-0.6667115688323975,0.3006185293197632,0.7371916770935059,-0.6667115688323975
78,17,0.767343282699585,0.714398980140686,0.07859531044960022,0.767343282699585,0.714398980140686,0.07859531044960022
78,18,0.30805259943008423,0.7748590707778931,-0.7376919388771057,0.30805259943008423,0.7748590707778931,-0.7376919388771057
78,19,0.7613015174865723,0.7056925892829895,-0.009488538838922977,0.7613015174865723,0.7056925892829895,-0.009488538838922977
78,20,0.3574710786342621,0.7628059387207031,-0.7532404065132141,0.3574710786342621,0.7628059387207031,-0.7532404065132141
78,21,0.7495605945587158,0.7004371285438538,0.05758362263441086,0.7495605945587158,0.7004371285438538,0.05758362263441086
78,22,0.35892120003700256,0.7505258917808533,-0.6666081547737122,0.35892120003700256,0.7505258917808533,-0.6666081547737122
78,23,0.46869245171546936,0.7352650761604309,0.03261899575591087,0.46869245171546936,0.7352650761604309,0.03261899575591087
78,24,0.31624719500541687,0.6986992955207825,-0.03272997587919235,0.31624719500541687,0.6986992955207825,-0.03272997587919235
78,25,0.5767166018486023,0.8687283992767334,-0.6182666420936584,0.5767166018486023,0.8687283992767334,-0.6182666420936584
78,26,0.12607213854789734,0.6621986627578735,-0.6822190284729004,0.12607213854789734,0.6621986627578735,-0.6822190284729004
78,27,0.38501837849617004,0.87745600938797,-0.00048150226939469576,0.38501837849617004,0.87745600938797,-0.00048150226939469576
78,28,0.08049950003623962,0.7979683876037598,-0.1671845018863678,0.08049950003623962,0.7979683876037598,-0.1671845018863678
78,29,0.3453019857406616,0.8654165267944336,0.05956307053565979,0.3453019857406616,0.8654165267944336,0.05956307053565979
78,30,0.10253927111625671,0.8312182426452637,-0.11829717457294464,0.10253927111625671,0.8312182426452637,-0.11829717457294464
78,31,0.35619938373565674,0.9384392499923706,-0.06282437592744827,0.35619938373565674,0.9384392499923706,-0.06282437592744827
78,32,-0.012538790702819824,0.8724124431610107,-0.27024558186531067,-0.012538790702819824,0.8724124431610107,-0.27024558186531067
79,0,0.4659748673439026,0.5965489149093628,-0.645095944404602,0.4659748673439026,0.5965489149093628,-0.645095944404602
79,1,0.47839057445526123,0.6022700667381287,-0.6644036173820496,0.47839057445526123,0.6022700667381287,-0.6644036173820496
79,2,0.4784890413284302,0.611240804195404,-0.6644212007522583,0.4784890413284302,0.611240804195404,-0.6644212007522583
79,3,0.47769686579704285,0.6143171191215515,-0.6645811796188354,0.47769686579704285,0.6143171191215515,-0.6645811796188354
79,4,0.4790249764919281,0.5974714159965515,-0.6797600984573364,0.4790249764919281,0.5974714159965515,-0.6797600984573364
79,5,0.48107999563217163,0.5939990282058716,-0.6799554228782654,0.48107999563217163,0.5939990282058716,-0.6799554228782654
79,6,0.4918862283229828,0.5934627056121826,-0.6800373792648315,0.4918862283229828,0.5934627056121826,-0.6800373792648315
79,7,0.491732120513916,0.6185513138771057,-0.6107067465782166,0.491732120513916,0.6185513138771057,-0.6107067465782166
79,8,0.5135928392410278,0.5878555774688721,-0.6842968463897705,0.5135928392410278,0.5878555774688721,-0.6842968463897705
79,9,0.4613706171512604,0.6003183722496033,-0.6057395935058594,0.4613706171512604,0.6003183722496033,-0.6057395935058594
79,10,0.45972388982772827,0.5873858332633972,-0.6271058320999146,0.45972388982772827,0.5873858332633972,-0.6271058320999146
79,11,0.48130002617836,0.6196874976158142,-0.49688196182250977,0.48130002617836,0.6196874976158142,-0.49688196182250977
79,12,0.5129398107528687,0.5538086295127869,-0.5284355282783508,0.5129398107528687,0.5538086295127869,-0.5284355282783508
79,13,0.339669406414032,0.6168639063835144,-0.4263998568058014,0.339669406414032,0.6168639063835144,-0.4263998568058014
79,14,0.45391589403152466,0.5037070512771606,-0.40856316685676575,0.45391589403152466,0.5037070512771606,-0.40856316685676575
79,15,0.2318190187215805,0.5977452993392944,-0.48833712935447693,0.2318190187215805,0.5977452993392944,-0.48833712935447693
79,16,0.3853285312652588,0.5238882899284363,-0.3731415271759033,0.3853285312652588,0.5238882899284363,-0.3731415271759033
79,17,0.2098056972026825,0.5977102518081665,-0.5376003980636597,0.2098056972026825,0.5977102518081665,-0.5376003980636597
79,18,0.3681695759296417,0.5280542373657227,-0.4103239178657532,0.3681695759296417,0.5280542373657227,-0.4103239178657532
79,19,0.22033144533634186,0.5935064554214478,-0.5630348324775696,0.22033144533634186,0.5935064554214478,-0.5630348324775696
79,20,0.3773435950279236,0.5398086309432983,-0.4179462790489197,0.3773435950279236,0.5398086309432983,-0.4179462790489197
79,21,0.22668880224227905,0.5898141860961914,-0.49945762753486633,0.22668880224227905,0.5898141860961914,-0.49945762753486633
79,22,0.3800855576992035,0.5391339659690857,-0.3755311071872711,0.3800855576992035,0.5391339659690857,-0.3755311071872711
79,23,0.400321364402771,0.5611586570739746,0.006362592335790396,0.400321364402771,0.5611586570739746,0.006362592335790396
79,24,0.4114786982536316,0.5318558216094971,-0.006060669664293528,0.4114786982536316,0.5318558216094971,-0.006060669664293528
79,25,0.3598538339138031,0.5392665266990662,0.3858985900878906,0.3598538339138031,0.5392665266990662,0.3858985900878906
79,26,0.3506847321987152,0.514415442943573,0.36782127618789673,0.3506847321987152,0.514415442943573,0.36782127618789673
79,27,0.32784098386764526,0.5217211246490479,0.8026026487350464,0.32784098386764526,0.5217211246490479,0.8026026487350464
79,28,0.30224502086639404,0.48712798953056335,0.7540525794029236,0.30224502086639404,0.48712798953056335,0.7540525794029236
79,29,0.3202722370624542,0.5217990279197693,0.8458728790283203,0.3202722370624542,0.5217990279197693,0.8458728790283203
79,30,0.2991671562194824,0.48611533641815186,0.7931751608848572,0.2991671562194824,0.48611533641815186,0.7931751608848572
79,31,0.31502798199653625,0.5124727487564087,0.8088729381561279,0.31502798199653625,0.5124727487564087,0.8088729381561279
79,32,0.2569432854652405,0.4770289957523346,0.7417570352554321,0.2569432854652405,0.4770289957523346,0.7417570352554321
80,0,0.4719810485839844,0.6030223965644836,-0.7875646948814392,0.4719810485839844,0.6030223965644836,-0.7875646948814392
80,1,0.4801344573497772,0.6187966465950012,-0.7942786812782288,0.4801344573497772,0.6187966465950012,-0.7942786812782288
80,2,0.4779230058193207,0.6226358413696289,-0.7942752838134766,0.4779230058193207,0.6226358413696289,-0.7942752838134766
80,3,0.47561362385749817,0.6264663934707642,-0.7944720983505249,0.47561362385749817,0.6264663934707642,-0.7944720983505249
80,4,0.49065232276916504,0.6080597639083862,-0.8005293607711792,0.49065232276916504,0.6080597639083862,-0.8005293607711792
80,5,0.4955064058303833,0.6045279502868652,-0.8006700873374939,0.4955064058303833,0.6045279502868652,-0.8006700873374939
80,6,0.5003221035003662,0.6010343432426453,-0.8007479906082153,0.5003221035003662,0.6010343432426453,-0.8007479906082153
80,7,0.48591911792755127,0.633677065372467,-0.6930601596832275,0.48591911792755127,0.633677065372467,-0.6930601596832275
80,8,0.5223177075386047,0.5965917706489563,-0.7248231172561646,0.5223177075386047,0.5965917706489563,-0.7248231172561646
80,9,0.4609176516532898,0.6119713187217712,-0.7354857325553894,0.4609176516532898,0.6119713187217712,-0.7354857325553894
80,10,0.4752073287963867,0.5965288877487183,-0.7449511885643005,0.4752073287963867,0.5965288877487183,-0.7449511885643005
80,11,0.4438124895095825,0.6436461210250854,-0.5753943920135498,0.4438124895095825,0.6436461210250854,-0.5753943920135498
80,12,0.5439982414245605,0.5597913861274719,-0.5337836742401123,0.5439982414245605,0.5597913861274719,-0.5337836742401123
80,13,0.31425192952156067,0.6291046738624573,-0.5366962552070618,0.31425192952156067,0.6291046738624573,-0.5366962552070618
80,14,0.53215092420578,0.49034634232521057,-0.4226534962654114,0.53215092420578,0.49034634232521057,-0.4226534962654114
80,15,0.2041233777999878,0.5857357382774353,-0.5818009972572327,0.2041233777999878,0.5857357382774353,-0.5818009972572327
80,16,0.5023791790008545,0.4923527240753174,-0.3879261910915375,0.5023791790008545,0.4923527240753174,-0.3879261910915375
80,17,0.17066030204296112,0.5815621018409729,-0.6288714408874512,0.17066030204296112,0.5815621018409729,-0.6288714408874512
80,18,0.49014779925346375,0.4884110987186432,-0.40757614374160767,0.49014779925346375,0.4884110987186432,-0.40757614374160767
80,19,0.18815471231937408,0.5806601047515869,-0.6556751132011414,0.18815471231937408,0.5806601047515869,-0.6556751132011414
80,20,0.48537975549697876,0.5024330019950867,-0.4224507808685303,0.48537975549697876,0.5024330019950867,-0.4224507808685303
80,21,0.2029789388179779,0.5780771970748901,-0.5919083952903748,0.2029789388179779,0.5780771970748901,-0.5919083952903748
80,22,0.48672834038734436,0.5040063858032227,-0.3911367356777191,0.48672834038734436,0.5040063858032227,-0.3911367356777191
80,23,0.38210999965667725,0.5855022072792053,0.0003711949975695461,0.38210999965667725,0.5855022072792053,0.0003711949975695461
80,24,0.4224585294723511,0.5382562875747681,-0.00019624995184130967,0.4224585294723511,0.5382562875747681,-0.00019624995184130967
80,25,0.2970661222934723,0.5803640484809875,0.28973034024238586,0.2970661222934723,0.5803640484809875,0.28973034024238586
80,26,0.3293219208717346,0.4981487989425659,0.2631096839904785,0.3293219208717346,0.4981487989425659,0.2631096839904785
80,27,0.31870606541633606,0.5801712274551392,0.7008398175239563,0.31870606541633606,0.5801712274551392,0.7008398175239563
80,28,0.32981547713279724,0.5064646601676941,0.671766996383667,0.32981547713279724,0.5064646601676941,0.671766996383667
80,29,0.33106231689453125,0.5801612734794617,0.7458844780921936,0.33106231689453125,0.5801612734794617,0.7458844780921936
80,30,0.33743658661842346,0.5126241445541382,0.7188433408737183,0.33743658661842346,0.5126241445541382,0.7188433408737183
80,31,0.2823835015296936,0.5745404958724976,0.7170191407203674,0.2823835015296936,0.5745404958724976,0.7170191407203674
80,32,0.28390800952911377,0.4968734383583069,0.6893766522407532,0.28390800952911377,0.4968734383583069,0.6893766522407532
81,0,0.45942744612693787,0.5855538249015808,-0.7855945825576782,0.45942744612693787,0.5855538249015808,-0.7855945825576782
81,1,0.47571155428886414,0.5996426939964294,-0.8072161078453064,0.47571155428886414,0.5996426939964294,-0.8072161078453064
81,2,0.4736127257347107,0.6035294532775879,-0.8071916103363037,0.4736127257347107,0.6035294532775879,-0.8071916103363037
81,3,0.47144749760627747,0.6074159741401672,-0.8074547052383423,0.47144749760627747,0.6074159741401672,-0.8074547052383423
81,4,0.48037081956863403,0.5859435200691223,-0.8198309540748596,0.48037081956863403,0.5859435200691223,-0.8198309540748596
81,5,0.48094743490219116,0.585023045539856,-0.8200218677520752,0.48094743490219116,0.585023045539856,-0.8200218677520752
81,6,0.49806493520736694,0.5820387601852417,-0.820026695728302,0.49806493520736694,0.5820387601852417,-0.820026695728302
81,7,0.488357275724411,0.6157805919647217,-0.7342316508293152,0.488357275724411,0.6157805919647217,-0.7342316508293152
81,8,0.5284303426742554,0.5781974196434021,-0.7939113974571228,0.5284303426742554,0.5781974196434021,-0.7939113974571228
81,9,0.4575393795967102,0.592252790927887,-0.7363575100898743,0.4575393795967102,0.592252790927887,-0.7363575100898743
81,10,0.46559417247772217,0.5764012336730957,-0.7539869546890259,0.46559417247772217,0.5764012336730957,-0.7539869546890259
81,11,0.4664722681045532,0.6297699809074402,-0.615576446056366,0.4664722681045532,0.6297699809074402,-0.615576446056366
81,12,0.5592776536941528,0.5417026877403259,-0.5685625672340393,0.5592776536941528,0.5417026877403259,-0.5685625672340393
81,13,0.32539162039756775,0.6243510246276855,-0.5281502604484558,0.32539162039756775,0.6243510246276855,-0.5281502604484558
81,14,0.5932794213294983,0.47235384583473206,-0.35547590255737305,0.5932794213294983,0.47235384583473206,-0.35547590255737305
81,15,0.2131970077753067,0.5763699412345886,-0.5447999835014343,0.2131970077753067,0.5763699412345886,-0.5447999835014343
81,16,0.5142669677734375,0.48494812846183777,-0.20714308321475983,0.5142669677734375,0.48494812846183777,-0.20714308321475983
81,17,0.1859203279018402,0.5874963998794556,-0.5914211869239807,0.1859203279018402,0.5874963998794556,-0.5914211869239807
81,18,0.47972410917282104,0.4950034022331238,-0.21112921833992004,0.47972410917282104,0.4950034022331238,-0.21112921833992004
81,19,0.2034955769777298,0.5783461332321167,-0.6122032403945923,0.2034955769777298,0.5783461332321167,-0.6122032403945923
81,20,0.4851883053779602,0.5074313879013062,-0.22152557969093323,0.4851883053779602,0.5074313879013062,-0.22152557969093323
81,21,0.21596576273441315,0.5594093203544617,-0.5522972941398621,0.21596576273441315,0.5594093203544617,-0.5522972941398621
81,22,0.49614080786705017,0.4986031651496887,-0.20520572364330292,0.49614080786705017,0.4986031651496887,-0.20520572364330292
81,23,0.41644036769866943,0.5687188506126404,-0.002503353403881192,0.41644036769866943,0.5687188506126404,-0.002503353403881192
81,24,0.45201027393341064,0.5251719355583191,0.0031119368504732847,0.45201027393341064,0.5251719355583191,0.0031119368504732847
81,25,0.34386080503463745,0.5508437156677246,0.36295074224472046,0.34386080503463745,0.5508437156677246,0.36295074224472046
81,26,0.35878950357437134,0.49839603900909424,0.37845107913017273,0.35878950357437134,0.49839603900909424,0.37845107913017273
81,27,0.3355708420276642,0.5358669757843018,0.8128713965415955,0.3355708420276642,0.5358669757843018,0.8128713965415955
81,28,0.31237727403640747,0.49258801341056824,0.7672559022903442,0.31237727403640747,0.49258801341056824,0.7672559022903442
81,29,0.3374890089035034,0.5364352464675903,0.8622496128082275,0.3374890089035034,0.5364352464675903,0.8622496128082275
81,30,0.3106468617916107,0.496151864528656,0.811633288860321,0.3106468617916107,0.496151864528656,0.811633288860321
81,31,0.31171953678131104,0.5206519365310669,0.8347631096839905,0.31171953678131104,0.5206519365310669,0.8347631096839905
81,32,0.2581586241722107,0.48247507214546204,0.7708942890167236,0.2581586241722107,0.48247507214546204,0.7708942890167236
82,0,0.47938621044158936,0.591655969619751,-0.8592216968536377,0.47938621044158936,0.591655969619751,-0.8592216968536377
82,1,0.49255719780921936,0.6032418608665466,-0.8698762655258179,0.49255719780921936,0.6032418608665466,-0.8698762655258179
82,2,0.4893009066581726,0.6070474982261658,-0.8698880076408386,0.4893009066581726,0.6070474982261658,-0.8698880076408386
82,3,0.485963374376297,0.6108330488204956,-0.8701617121696472,0.485963374376297,0.6108330488204956,-0.8701617121696472
82,4,0.50632643699646,0.5929889678955078,-0.88361656665802,0.50632643699646,0.5929889678955078,-0.88361656665802
82,5,0.5126097798347473,0.5896355509757996,-0.8838071227073669,0.5126097798347473,0.5896355509757996,-0.8838071227073669
82,6,0.5188114047050476,0.5863186120986938,-0.8838034868240356,0.5188114047050476,0.5863186120986938,-0.8838034868240356
82,7,0.4976937174797058,0.6172341108322144,-0.7621156573295593,0.4976937174797058,0.6172341108322144,-0.7621156573295593
82,8,0.5474960207939148,0.5775378942489624,-0.8255801200866699,0.5474960207939148,0.5775378942489624,-0.8255801200866699
82,9,0.4731788635253906,0.5937045216560364,-0.8009756803512573,0.4731788635253906,0.5937045216560364,-0.8009756803512573
82,10,0.4836306869983673,0.5795602202415466,-0.8197044730186462,0.4836306869983673,0.5795602202415466,-0.8197044730186462
82,11,0.4563376307487488,0.6254329681396484,-0.6202355623245239,0.4563376307487488,0.6254329681396484,-0.6202355623245239
82,12,0.5717050433158875,0.5420856475830078,-0.5981535315513611,0.5717050433158875,0.5420856475830078,-0.5981535315513611
82,13,0.31207767128944397,0.6188076138496399,-0.5389336347579956,0.31207767128944397,0.6188076138496399,-0.5389336347579956
82,14,0.5990616083145142,0.4717744290828705,-0.36794769763946533,0.5990616083145142,0.4717744290828705,-0.36794769763946533
82,15,0.2400040179491043,0.5771329402923584,-0.5344589352607727,0.2400040179491043,0.5771329402923584,-0.5344589352607727
82,16,0.5245499014854431,0.4848857820034027,-0.18930424749851227,0.5245499014854431,0.4848857820034027,-0.18930424749851227
82,17,0.20491981506347656,0.5611556172370911,-0.5704406499862671,0.20491981506347656,0.5611556172370911,-0.5704406499862671
82,18,0.4956354796886444,0.4864858388900757,-0.1819172501564026,0.4956354796886444,0.4864858388900757,-0.1819172501564026
82,19,0.2394411861896515,0.5620371103286743,-0.5803413987159729,0.2394411861896515,0.5620371103286743,-0.5803413987159729
82,20,0.5005636215209961,0.49152493476867676,-0.19451700150966644,0.5005636215209961,0.49152493476867676,-0.19451700150966644
82,21,0.24992702901363373,0.5611386299133301,-0.5350425243377686,0.24992702901363373,0.5611386299133301,-0.5350425243377686
82,22,0.5029856562614441,0.49407875537872314,-0.18577957153320312,0.5029856562614441,0.49407875537872314,-0.18577957153320312
82,23,0.3988404870033264,0.560065507888794,-0.00014370307326316833,0.3988404870033264,0.560065507888794,-0.00014370307326316833
82,24,0.44679105281829834,0.5147302746772766,0.0004318321880418807,0.44679105281829834,0.5147302746772766,0.0004318321880418807
82,25,0.3113694489002228,0.545042872428894,0.3398240804672241,0.3113694489002228,0.545042872428894,0.3398240804672241
82,26,0.35934001207351685,0.481393039226532,0.32081338763237,0.35934001207351685,0.481393039226532,0.32081338763237
82,27,0.2832437753677368,0.5195401906967163,0.7650651931762695,0.2832437753677368,0.5195401906967163,0.7650651931762695
82,28,0.3392644226551056,0.48002439737319946,0.7728100419044495,0.3392644226551056,0.48002439737319946,0.7728100419044495
82,29,0.2843180000782013,0.5174003839492798,0.811676025390625,0.2843180000782013,0.5174003839492798,0.811676025390625
82,30,0.3398086428642273,0.4836336374282837,0.8245872259140015,0.3398086428642273,0.4836336374282837,0.8245872259140015
82,31,0.24204695224761963,0.5017595291137695,0.7621719837188721,0.24204695224761963,0.5017595291137695,0.7621719837188721
82,32,0.2946276366710663,0.46519678831100464,0.7921414971351624,0.2946276366710663,0.46519678831100464,0.7921414971351624
83,0,0.520912230014801,0.6121000051498413,-0.42816025018692017,0.520912230014801,0.6121000051498413,-0.42816025018692017
83,1,0.5243533253669739,0.603264570236206,-0.4660467207431793,0.5243533253669739,0.603264570236206,-0.4660467207431793
83,2,0.5298622846603394,0.5993337631225586,-0.46613872051239014,0.5298622846603394,0.5993337631225586,-0.46613872051239014
83,3,0.5351860523223877,0.5954111814498901,-0.4662536382675171,0.5351860523223877,0.5954111814498901,-0.4662536382675171
83,4,0.5065545439720154,0.6144031286239624,-0.47449004650115967,0.5065545439720154,0.6144031286239624,-0.47449004650115967
83,5,0.5032448172569275,0.6123170852661133,-0.4745660722255707,0.5032448172569275,0.6123170852661133,-0.4745660722255707
83,6,0.4983444809913635,0.6176019906997681,-0.47477152943611145,0.4983444809913635,0.6176019906997681,-0.47477152943611145
83,7,0.5397680997848511,0.5804836750030518,-0.49740079045295715,0.5397680997848511,0.5804836750030518,-0.49740079045295715
83,8,0.48550352454185486,0.6109044551849365,-0.5372427105903625,0.48550352454185486,0.6109044551849365,-0.5372427105903625
83,9,0.5283833742141724,0.6020871996879578,-0.42055246233940125,0.5283833742141724,0.6020871996879578,-0.42055246233940125
83,10,0.5097261071205139,0.6135741472244263,-0.43214643001556396,0.5097261071205139,0.6135741472244263,-0.43214643001556396
83,11,0.5615967512130737,0.5281696915626526,-0.3997623920440674,0.5615967512130737,0.5281696915626526,-0.3997623920440674
83,12,0.41502267122268677,0.610095739364624,-0.46957892179489136,0.41502267122268677,0.610095739364624,-0.46957892179489136
83,13,0.5319769978523254,0.46314895153045654,-0.2475259006023407,0.5319769978523254,0.46314895153045654,-0.2475259006023407
83,14,0.29562434554100037,0.6210736632347107,-0.3495250940322876,0.29562434554100037,0.6210736632347107,-0.3495250940322876
83,15,0.49920573830604553,0.47734758257865906,-0.17578618228435516,0.49920573830604553,0.47734758257865906,-0.17578618228435516
83,16,0.24722754955291748,0.6008486747741699,-0.27239829301834106,0.24722754955291748,0.6008486747741699,-0.27239829301834106
83,17,0.49403566122055054,0.4721437394618988,-0.19041921198368073,0.49403566122055054,0.4721437394618988,-0.19041921198368073
83,18,0.22834809124469757,0.5988417863845825,-0.29411232471466064,0.22834809124469757,0.5988417863845825,-0.29411232471466064
83,19,0.46172869205474854,0.48378559947013855,-0.2067565619945526,0.46172869205474854,0.48378559947013855,-0.2067565619945526
83,20,0.24343693256378174,0.5971696376800537,-0.31286486983299255,0.24343693256378174,0.5971696376800537,-0.31286486983299255
83,21,0.4837840795516968,0.48845794796943665,-0.17755424976348877,0.4837840795516968,0.48845794796943665,-0.17755424976348877
83,22,0.2533549666404724,0.596837043762207,-0.2756340503692627,0.2533549666404724,0.596837043762207,-0.2756340503692627
83,23,0.427562952041626,0.5148904323577881,0.030323738232254982,0.427562952041626,0.5148904323577881,0.030323738232254982
83,24,0.36218544840812683,0.5545039772987366,-0.0301120076328516,0.36218544840812683,0.5545039772987366,-0.0301120076328516
83,25,0.3758738040924072,0.4946101903915405,0.34295663237571716,0.3758738040924072,0.4946101903915405,0.34295663237571716
83,26,0.3050382137298584,0.5541424751281738,0.24203239381313324,0.3050382137298584,0.5541424751281738,0.24203239381313324
83,27,0.2354440540075302,0.49690666794776917,0.6718180775642395,0.2354440540075302,0.49690666794776917,0.6718180775642395
83,28,0.18751537799835205,0.5230584740638733,0.576130747795105,0.18751537799835205,0.5230584740638733,0.576130747795105
83,29,0.20832552015781403,0.4952242970466614,0.7125743627548218,0.20832552015781403,0.4952242970466614,0.7125743627548218
83,30,0.1675427109003067,0.5115742087364197,0.6153447031974792,0.1675427109003067,0.5115742087364197,0.6153447031974792
83,31,0.21411870419979095,0.5132788419723511,0.7671223878860474,0.21411870419979095,0.5132788419723511,0.7671223878860474
83,32,0.1737031191587448,0.5383851528167725,0.6412230730056763,0.1737031191587448,0.5383851528167725,0.6412230730056763
84,0,0.5016347169876099,0.5956294536590576,-0.5055949091911316,0.5016347169876099,0.5956294536590576,-0.5055949091911316
84,1,0.5123303532600403,0.5964561104774475,-0.5412705540657043,0.5123303532600403,0.5964561104774475,-0.5412705540657043
84,2,0.5152572393417358,0.595812976360321,-0.5412517786026001,0.5152572393417358,0.595812976360321,-0.5412517786026001
84,3,0.5181993246078491,0.5951839685440063,-0.5413615107536316,0.5181993246078491,0.5951839685440063,-0.5413615107536316
84,4,0.5053902864456177,0.598791241645813,-0.5534384250640869,0.5053902864456177,0.598791241645813,-0.5534384250640869
84,5,0.5037656426429749,0.5995737314224243,-0.5536078810691833,0.5037656426429749,0.5995737314224243,-0.5536078810691833
84,6,0.5021428465843201,0.6003724932670593,-0.5537548661231995,0.5021428465843201,0.6003724932670593,-0.5537548661231995
84,7,0.5302497744560242,0.5914628505706787,-0.5605213046073914,0.5302497744560242,0.5914628505706787,-0.5605213046073914
84,8,0.5063998699188232,0.5991984009742737,-0.619951605796814,0.5063998699188232,0.5991984009742737,-0.619951605796814
84,9,0.5056606531143188,0.5913013815879822,-0.4922552704811096,0.5056606531143188,0.5913013815879822,-0.4922552704811096
84,10,0.4987543821334839,0.5938906073570251,-0.5098771452903748,0.4987543821334839,0.5938906073570251,-0.5098771452903748
84,11,0.5518679618835449,0.5668976306915283,-0.4569704830646515,0.5518679618835449,0.5668976306915283,-0.4569704830646515
84,12,0.47411370277404785,0.5845877528190613,-0.5238757729530334,0.47411370277404785,0.5845877528190613,-0.5238757729530334
84,13,0.47475841641426086,0.5245745778083801,-0.30582454800605774,0.47475841641426086,0.5245745778083801,-0.30582454800605774
84,14,0.3831546902656555,0.5561855435371399,-0.4122112989425659,0.3831546902656555,0.5561855435371399,-0.4122112989425659
84,15,0.4135248363018036,0.5196109414100647,-0.27720916271209717,0.4135248363018036,0.5196109414100647,-0.27720916271209717
84,16,0.338720440864563,0.5773729085922241,-0.3537154197692871,0.338720440864563,0.5773729085922241,-0.3537154197692871
84,17,0.40227794647216797,0.5166351795196533,-0.311556339263916,0.40227794647216797,0.5166351795196533,-0.311556339263916
84,18,0.31866809725761414,0.5845471620559692,-0.3899473249912262,0.31866809725761414,0.5845471620559692,-0.3899473249912262
84,19,0.40315884351730347,0.5206400752067566,-0.33401983976364136,0.40315884351730347,0.5206400752067566,-0.33401983976364136
84,20,0.3369499742984772,0.5899076461791992,-0.3936357796192169,0.3369499742984772,0.5899076461791992,-0.3936357796192169
84,21,0.40435001254081726,0.5221555233001709,-0.28407353162765503,0.40435001254081726,0.5221555233001709,-0.28407353162765503
84,22,0.3455286920070648,0.5860498547554016,-0.3530956208705902,0.3455286920070648,0.5860498547554016,-0.3530956208705902
84,23,0.4391428232192993,0.5359434485435486,0.01920352689921856,0.4391428232192993,0.5359434485435486,0.01920352689921856
84,24,0.4026365578174591,0.5395037531852722,-0.019162336364388466,0.4026365578174591,0.5395037531852722,-0.019162336364388466
84,25,0.37810271978378296,0.5319274663925171,0.32269179821014404,0.37810271978378296,0.5319274663925171,0.32269179821014404
84,26,0.3529065251350403,0.536847710609436,0.2818921208381653,0.3529065251350403,0.536847710609436,0.2818921208381653
84,27,0.2819480299949646,0.5090899467468262,0.6824003458023071,0.2819480299949646,0.5090899467468262,0.6824003458023071
84,28,0.26618850231170654,0.5132150053977966,0.6428638696670532,0.26618850231170654,0.5132150053977966,0.6428638696670532
84,29,0.26412463188171387,0.5049008727073669,0.7237116098403931,0.26412463188171387,0.5049008727073669,0.7237116098403931
84,30,0.25361159443855286,0.508263349533081,0.6821889877319336,0.25361159443855286,0.508263349533081,0.6821889877319336
84,31,0.2587280571460724,0.5137506127357483,0.7238023281097412,0.2587280571460724,0.5137506127357483,0.7238023281097412
84,32,0.23895367980003357,0.5176876783370972,0.6647133231163025,0.23895367980003357,0.5176876783370972,0.6647133231163025
85,0,0.5318295955657959,0.5963678359985352,-0.369572252035141,0.5318295955657959,0.5963678359985352,-0.369572252035141
85,1,0.5410487055778503,0.5884966254234314,-0.40766197443008423,0.5410487055778503,0.5884966254234314,-0.40766197443008423
85,2,0.5473088622093201,0.5850178599357605,-0.4077964127063751,0.5473088622093201,0.5850178599357605,-0.4077964127063751
85,3,0.5533926486968994,0.5815410017967224,-0.40792497992515564,0.5533926486968994,0.5815410017967224,-0.40792497992515564
85,4,0.5260120630264282,0.5959258079528809,-0.419715017080307,0.5260120630264282,0.5959258079528809,-0.419715017080307
85,5,0.5197128057479858,0.6005525588989258,-0.4197929799556732,0.5197128057479858,0.6005525588989258,-0.4197929799556732
85,6,0.5111668705940247,0.5990025997161865,-0.42000555992126465,0.5111668705940247,0.5990025997161865,-0.42000555992126465
85,7,0.5629985332489014,0.5680235624313354,-0.43379202485084534,0.5629985332489014,0.5680235624313354,-0.43379202485084534
85,8,0.4982699453830719,0.6002990007400513,-0.48839569091796875,0.4982699453830719,0.6002990007400513,-0.48839569091796875
85,9,0.5398733019828796,0.5874610543251038,-0.3581048250198364,0.5398733019828796,0.5874610543251038,-0.3581048250198364
85,10,0.5194272994995117,0.597827136516571,-0.3738827705383301,0.5194272994995117,0.597827136516571,-0.3738827705383301
85,11,0.592090368270874,0.5176401734352112,-0.32990214228630066,0.592090368270874,0.5176401734352112,-0.32990214228630066
85,12,0.4287165701389313,0.5950286388397217,-0.43361303210258484,0.4287165701389313,0.5950286388397217,-0.43361303210258484
85,13,0.5945501327514648,0.4544818103313446,-0.17754487693309784,0.5945501327514648,0.4544818103313446,-0.17754487693309784
85,14,0.29971054196357727,0.5999259948730469,-0.32382068037986755,0.29971054196357727,0.5999259948730469,-0.32382068037986755
85,15,0.5300300121307373,0.4719043970108032,-0.12642426788806915,0.5300300121307373,0.4719043970108032,-0.12642426788806915
85,16,0.28195565938949585,0.5972803235054016,-0.2537534832954407,0.28195565938949585,0.5972803235054016,-0.2537534832954407
85,17,0.5255218744277954,0.46640849113464355,-0.1444682776927948,0.5255218744277954,0.46640849113464355,-0.1444682776927948
85,18,0.26734137535095215,0.6005616784095764,-0.28498393297195435,0.26734137535095215,0.6005616784095764,-0.28498393297195435
85,19,0.5096037983894348,0.47933486104011536,-0.1587059646844864,0.5096037983894348,0.47933486104011536,-0.1587059646844864
85,20,0.290732204914093,0.5996707677841187,-0.293133944272995,0.290732204914093,0.5996707677841187,-0.293133944272995
85,21,0.5092734694480896,0.48122158646583557,-0.12916086614131927,0.5092734694480896,0.48122158646583557,-0.12916086614131927
85,22,0.2996214032173157,0.5967485308647156,-0.25479966402053833,0.2996214032173157,0.5967485308647156,-0.25479966402053833
85,23,0.4544180929660797,0.5018051862716675,0.050808053463697433,0.4544180929660797,0.5018051862716675,0.050808053463697433
85,24,0.3780272603034973,0.5369481444358826,-0.050570230931043625,0.3780272603034973,0.5369481444358826,-0.050570230931043625
85,25,0.40302714705467224,0.4964112937450409,0.41568225622177124,0.40302714705467224,0.4964112937450409,0.41568225622177124
85,26,0.3270222544670105,0.5577711462974548,0.27607399225234985,0.3270222544670105,0.5577711462974548,0.27607399225234985
85,27,0.29262447357177734,0.47990477085113525,0.7817980051040649,0.29262447357177734,0.47990477085113525,0.7817980051040649
85,28,0.2419886589050293,0.5139864087104797,0.6826023459434509,0.2419886589050293,0.5139864087104797,0.6826023459434509
85,29,0.2711009085178375,0.47373276948928833,0.8262285590171814,0.2711009085178375,0.47373276948928833,0.8262285590171814
85,30,0.22926704585552216,0.49940791726112366,0.7306772470474243,0.22926704585552216,0.49940791726112366,0.7306772470474243
85,31,0.27678781747817993,0.4942176342010498,0.8773564100265503,0.27678781747817993,0.4942176342010498,0.8773564100265503
85,32,0.22773827612400055,0.529177188873291,0.7780577540397644,0.22773827612400055,0.529177188873291,0.7780577540397644
86,0,0.49855053424835205,0.5742447972297668,-0.8105058670043945,0.49855053424835205,0.5742447972297668,-0.8105058670043945
86,1,0.5143110156059265,0.5821125507354736,-0.8342953324317932,0.5143110156059265,0.5821125507354736,-0.8342953324317932
86,2,0.5137180089950562,0.5849767327308655,-0.8343621492385864,0.5137180089950562,0.5849767327308655,-0.8343621492385864
86,3,0.5130717158317566,0.5878292322158813,-0.8346778154373169,0.5130717158317566,0.5878292322158813,-0.8346778154373169
86,4,0.5196524262428284,0.5746733546257019,-0.8482939600944519,0.5196524262428284,0.5746733546257019,-0.8482939600944519
86,5,0.5228566527366638,0.5722649693489075,-0.848490834236145,0.5228566527366638,0.5722649693489075,-0.848490834236145
86,6,0.5259997844696045,0.5699229836463928,-0.8485367894172668,0.5259997844696045,0.5699229836463928,-0.8485367894172668
86,7,0.5276020169258118,0.5930222868919373,-0.7619278430938721,0.5276020169258118,0.5930222868919373,-0.7619278430938721
86,8,0.5470834374427795,0.5668572187423706,-0.827365517616272,0.5470834374427795,0.5668572187423706,-0.827365517616272
86,9,0.49591735005378723,0.5761501789093018,-0.7593531012535095,0.49591735005378723,0.5761501789093018,-0.7593531012535095
86,10,0.5017876029014587,0.5681273341178894,-0.7790184617042542,0.5017876029014587,0.5681273341178894,-0.7790184617042542
86,11,0.5167454481124878,0.5918790102005005,-0.5869752764701843,0.5167454481124878,0.5918790102005005,-0.5869752764701843
86,12,0.5418461561203003,0.5459161400794983,-0.6065605282783508,0.5418461561203003,0.5459161400794983,-0.6065605282783508
86,13,0.3665710389614105,0.5613951683044434,-0.42100879549980164,0.3665710389614105,0.5613951683044434,-0.42100879549980164
86,14,0.47777000069618225,0.4926016330718994,-0.36110636591911316,0.47777000069618225,0.4926016330718994,-0.36110636591911316
86,15,0.3260534405708313,0.5290749669075012,-0.36382368206977844,0.3260534405708313,0.5290749669075012,-0.36382368206977844
86,16,0.444959819316864,0.511884868144989,-0.20659805834293365,0.444959819316864,0.511884868144989,-0.20659805834293365
86,17,0.31459519267082214,0.5214168429374695,-0.3900817334651947,0.31459519267082214,0.5214168429374695,-0.3900817334651947
86,18,0.43366655707359314,0.5170083045959473,-0.21453435719013214,0.43366655707359314,0.5170083045959473,-0.21453435719013214
86,19,0.33061373233795166,0.5207425951957703,-0.40945446491241455,0.33061373233795166,0.5207425951957703,-0.40945446491241455
86,20,0.4450133442878723,0.5250169634819031,-0.23270314931869507,0.4450133442878723,0.5250169634819031,-0.23270314931869507
86,21,0.33541426062583923,0.5212404131889343,-0.3656681776046753,0.33541426062583923,0.5212404131889343,-0.3656681776046753
86,22,0.4461084306240082,0.5234582424163818,-0.20833054184913635,0.4461084306240082,0.5234582424163818,-0.20833054184913635
86,23,0.41449713706970215,0.5337151885032654,-0.004194021690636873,0.41449713706970215,0.5337151885032654,-0.004194021690636873
86,24,0.4236448109149933,0.5099945068359375,0.004598153289407492,0.4236448109149933,0.5099945068359375,0.004598153289407492
86,25,0.3152201473712921,0.5290840268135071,0.3261784017086029,0.3152201473712921,0.5290840268135071,0.3261784017086029
86,26,0.3346294164657593,0.5092416405677795,0.35065987706184387,0.3346294164657593,0.5092416405677795,0.35065987706184387
86,27,0.2235863357782364,0.5078130960464478,0.7471264004707336,0.2235863357782364,0.5078130960464478,0.7471264004707336
86,28,0.2495827078819275,0.48854202032089233,0.7674720287322998,0.2495827078819275,0.48854202032089233,0.7674720287322998
86,29,0.20913316309452057,0.506741464138031,0.7913467288017273,0.20913316309452057,0.506741464138031,0.7913467288017273
86,30,0.2362905889749527,0.48733052611351013,0.8123021125793457,0.2362905889749527,0.48733052611351013,0.8123021125793457
86,31,0.1874546855688095,0.4946657121181488,0.7445622086524963,0.1874546855688095,0.4946657121181488,0.7445622086524963
86,32,0.2105613350868225,0.4776315987110138,0.7683090567588806,0.2105613350868225,0.4776315987110138,0.7683090567588806
87,0,0.4979991316795349,0.5878995060920715,-0.7051683664321899,0.4979991316795349,0.5878995060920715,-0.7051683664321899
87,1,0.5074653625488281,0.5895729064941406,-0.7315908074378967,0.5074653625488281,0.5895729064941406,-0.7315908074378967
87,2,0.5100737810134888,0.5894993543624878,-0.7316088080406189,0.5100737810134888,0.5894993543624878,-0.7316088080406189
87,3,0.5126802325248718,0.5894448757171631,-0.7317070364952087,0.5126802325248718,0.5894448757171631,-0.7317070364952087
87,4,0.5027098059654236,0.5897344350814819,-0.7460486888885498,0.5027098059654236,0.5897344350814819,-0.7460486888885498
87,5,0.5023630261421204,0.5897840261459351,-0.7462844848632812,0.5023630261421204,0.5897840261459351,-0.7462844848632812
87,6,0.5019515752792358,0.589910626411438,-0.7464020848274231,0.5019515752792358,0.589910626411438,-0.7464020848274231
87,7,0.5303386449813843,0.5855662822723389,-0.6850998997688293,0.5303386449813843,0.5855662822723389,-0.6850998997688293
87,8,0.5085958242416382,0.5845381617546082,-0.7548131346702576,0.5085958242416382,0.5845381617546082,-0.7548131346702576
87,9,0.5054430365562439,0.5833232402801514,-0.6650438904762268,0.5054430365562439,0.5833232402801514,-0.6650438904762268
87,10,0.501228392124176,0.5840824246406555,-0.6856130957603455,0.501228392124176,0.5840824246406555,-0.6856130957603455
87,11,0.5664653182029724,0.5554122924804688,-0.5500537753105164,0.5664653182029724,0.5554122924804688,-0.5500537753105164
87,12,0.48231446743011475,0.5779047012329102,-0.5676196813583374,0.48231446743011475,0.5779047012329102,-0.5676196813583374
87,13,0.47201985120773315,0.5050851702690125,-0.34520432353019714,0.47201985120773315,0.5050851702690125,-0.34520432353019714
87,14,0.37615638971328735,0.5461863875389099,-0.4124580919742584,0.37615638971328735,0.5461863875389099,-0.4124580919742584
87,15,0.42578744888305664,0.49125492572784424,-0.2880363464355469,0.42578744888305664,0.49125492572784424,-0.2880363464355469
87,16,0.3581785261631012,0.5471644401550293,-0.35982710123062134,0.3581785261631012,0.5471644401550293,-0.35982710123062134
87,17,0.4148613214492798,0.48443689942359924,-0.3224554657936096,0.4148613214492798,0.48443689942359924,-0.3224554657936096
87,18,0.3419763445854187,0.5484684705734253,-0.39331337809562683,0.3419763445854187,0.5484684705734253,-0.39331337809562683
87,19,0.42353856563568115,0.4898845851421356,-0.34714147448539734,0.42353856563568115,0.4898845851421356,-0.34714147448539734
87,20,0.3648388385772705,0.5530252456665039,-0.41245341300964355,0.3648388385772705,0.5530252456665039,-0.41245341300964355
87,21,0.425546258687973,0.494145929813385,-0.29370981454849243,0.425546258687973,0.494145929813385,-0.29370981454849243
87,22,0.37209099531173706,0.5512105822563171,-0.36600756645202637,0.37209099531173706,0.5512105822563171,-0.36600756645202637
87,23,0.4509657025337219,0.51652592420578,-0.005332718137651682,0.4509657025337219,0.51652592420578,-0.005332718137651682
87,24,0.41689333319664,0.525036096572876,0.005820670165121555,0.41689333319664,0.525036096572876,0.005820670165121555
87,25,0.40619510412216187,0.5044410824775696,0.35665443539619446,0.40619510412216187,0.5044410824775696,0.35665443539619446
87,26,0.366804301738739,0.5248381495475769,0.3818299472332001,0.366804301738739,0.5248381495475769,0.3818299472332001
87,27,0.3342793583869934,0.4847354590892792,0.7992199659347534,0.3342793583869934,0.4847354590892792,0.7992199659347534
87,28,0.2958343029022217,0.5005090236663818,0.814526379108429,0.2958343029022217,0.5005090236663818,0.814526379108429
87,29,0.31708788871765137,0.48207494616508484,0.8500533103942871,0.31708788871765137,0.48207494616508484,0.8500533103942871
87,30,0.2842400372028351,0.4961501955986023,0.8634685277938843,0.2842400372028351,0.4961501955986023,0.8634685277938843
87,31,0.32782360911369324,0.4815101623535156,0.8833188414573669,0.32782360911369324,0.4815101623535156,0.8833188414573669
87,32,0.27824321389198303,0.49453991651535034,0.8905786275863647,0.27824321389198303,0.49453991651535034,0.8905786275863647
88,0,0.48681336641311646,0.5605740547180176,-0.7647279500961304,0.48681336641311646,0.5605740547180176,-0.7647279500961304
88,1,0.49463769793510437,0.5665123462677002,-0.799163818359375,0.49463769793510437,0.5665123462677002,-0.799163818359375
88,2,0.4967365264892578,0.5677340626716614,-0.7991006374359131,0.4967365264892578,0.5677340626716614,-0.7991006374359131
88,3,0.4985907971858978,0.5693924427032471,-0.7992500066757202,0.4985907971858978,0.5693924427032471,-0.7992500066757202
88,4,0.4983569383621216,0.5585203170776367,-0.8130659461021423,0.4983569383621216,0.5585203170776367,-0.8130659461021423
88,5,0.49925342202186584,0.5582031607627869,-0.8133120536804199,0.49925342202186584,0.5582031607627869,-0.8133120536804199
88,6,0.5086151957511902,0.5557757019996643,-0.8134308457374573,0.5086151957511902,0.5557757019996643,-0.8134308457374573
88,7,0.5041569471359253,0.5871709585189819,-0.7453839182853699,0.5041569471359253,0.5871709585189819,-0.7453839182853699
88,8,0.5360081195831299,0.5551592111587524,-0.8150935173034668,0.5360081195831299,0.5551592111587524,-0.8150935173034668
88,9,0.4905424118041992,0.5613824129104614,-0.7174364328384399,0.4905424118041992,0.5613824129104614,-0.7174364328384399
88,10,0.49138495326042175,0.5555479526519775,-0.7381023168563843,0.49138495326042175,0.5555479526519775,-0.7381023168563843
88,11,0.5206209421157837,0.5898378491401672,-0.6088643074035645,0.5206209421157837,0.5898378491401672,-0.6088643074035645
88,12,0.5664627552032471,0.5438358187675476,-0.6097413897514343,0.5664627552032471,0.5438358187675476,-0.6097413897514343
88,13,0.37659233808517456,0.5654858350753784,-0.4746807813644409,0.37659233808517456,0.5654858350753784,-0.4746807813644409
88,14,0.5127075910568237,0.48532071709632874,-0.43674910068511963,0.5127075910568237,0.48532071709632874,-0.43674910068511963
88,15,0.2910996079444885,0.5033489465713501,-0.47281399369239807,0.2910996079444885,0.5033489465713501,-0.47281399369239807
88,16,0.4646953344345093,0.49449285864830017,-0.38435932993888855,0.4646953344345093,0.49449285864830017,-0.38435932993888855
88,17,0.27186042070388794,0.4827532172203064,-0.5128403902053833,0.27186042070388794,0.4827532172203064,-0.5128403902053833
88,18,0.4499164819717407,0.496639221906662,-0.40798747539520264,0.4499164819717407,0.496639221906662,-0.40798747539520264
88,19,0.29982995986938477,0.4819004535675049,-0.529414713382721,0.29982995986938477,0.4819004535675049,-0.529414713382721
88,20,0.46193206310272217,0.5052693486213684,-0.42588984966278076,0.46193206310272217,0.5052693486213684,-0.42588984966278076
88,21,0.30567991733551025,0.48617827892303467,-0.4743121564388275,0.30567991733551025,0.48617827892303467,-0.4743121564388275
88,22,0.4632264971733093,0.5044779777526855,-0.38838234543800354,0.4632264971733093,0.5044779777526855,-0.38838234543800354
88,23,0.4327271580696106,0.5330851674079895,0.023627985268831253,0.4327271580696106,0.5330851674079895,0.023627985268831253
88,24,0.4390905499458313,0.5110782980918884,-0.023113977164030075,0.4390905499458313,0.5110782980918884,-0.023113977164030075
88,25,0.3801354765892029,0.5365002751350403,0.4299967885017395,0.3801354765892029,0.5365002751350403,0.4299967885017395
88,26,0.35824844241142273,0.5343266725540161,0.3136870265007019,0.35824844241142273,0.5343266725540161,0.3136870265007019
88,27,0.3655666708946228,0.4991892874240875,0.8655240535736084,0.3655666708946228,0.4991892874240875,0.8655240535736084
88,28,0.2987709045410156,0.509148895740509,0.7645627856254578,0.2987709045410156,0.509148895740509,0.7645627856254578
88,29,0.3623703122138977,0.49327656626701355,0.9164004921913147,0.3623703122138977,0.49327656626701355,0.9164004921913147
88,30,0.29806193709373474,0.5063656568527222,0.8205122947692871,0.29806193709373474,0.5063656568527222,0.8205122947692871
88,31,0.3568938970565796,0.48810064792633057,0.943209171295166,0.3568938970565796,0.48810064792633057,0.943209171295166
88,32,0.25294268131256104,0.5026126503944397,0.8609588742256165,0.25294268131256104,0.5026126503944397,0.8609588742256165
89,0,0.48591870069503784,0.5756399631500244,-0.5578347444534302,0.48591870069503784,0.5756399631500244,-0.5578347444534302
89,1,0.49896031618118286,0.5839842557907104,-0.5818768739700317,0.49896031618118286,0.5839842557907104,-0.5818768739700317
89,2,0.4983370900154114,0.5877538323402405,-0.5817780494689941,0.4983370900154114,0.5877538323402405,-0.5817780494689941
89,3,0.4975997507572174,0.5915114283561707,-0.5819238424301147,0.4975997507572174,0.5915114283561707,-0.5819238424301147
89,4,0.5087500214576721,0.5639179944992065,-0.6008867621421814,0.5087500214576721,0.5639179944992065,-0.6008867621421814
89,5,0.5083996057510376,0.5636074542999268,-0.6010796427726746,0.5083996057510376,0.5636074542999268,-0.6010796427726746
89,6,0.5122694373130798,0.5587875843048096,-0.6011660099029541,0.5122694373130798,0.5587875843048096,-0.6011660099029541
89,7,0.5199922919273376,0.5982107520103455,-0.5447139143943787,0.5199922919273376,0.5982107520103455,-0.5447139143943787
89,8,0.5324307680130005,0.5590611100196838,-0.633972704410553,0.5324307680130005,0.5590611100196838,-0.633972704410553
89,9,0.489202618598938,0.5787459015846252,-0.523350715637207,0.489202618598938,0.5787459015846252,-0.523350715637207
89,10,0.4981088638305664,0.5679945945739746,-0.5499926805496216,0.4981088638305664,0.5679945945739746,-0.5499926805496216
89,11,0.5259718298912048,0.608476996421814,-0.4172261953353882,0.5259718298912048,0.608476996421814,-0.4172261953353882
89,12,0.5758494138717651,0.5329080820083618,-0.4631478190422058,0.5758494138717651,0.5329080820083618,-0.4631478190422058
89,13,0.34210240840911865,0.5875086784362793,-0.2504540681838989,0.34210240840911865,0.5875086784362793,-0.2504540681838989
89,14,0.5341966152191162,0.4727724492549896,-0.22785641252994537,0.5341966152191162,0.4727724492549896,-0.22785641252994537
89,15,0.3308335244655609,0.5567139387130737,-0.17309114336967468,0.3308335244655609,0.5567139387130737,-0.17309114336967468
89,16,0.560988187789917,0.4620656371116638,0.0026978389360010624,0.560988187789917,0.4620656371116638,0.0026978389360010624
89,17,0.322297602891922,0.552916944026947,-0.15836045145988464,0.322297602891922,0.552916944026947,-0.15836045145988464
89,18,0.541210949420929,0.45480406284332275,0.04108807072043419,0.541210949420929,0.45480406284332275,0.04108807072043419
89,19,0.33375877141952515,0.5527688264846802,-0.17114593088626862,0.33375877141952515,0.5527688264846802,-0.17114593088626862
89,20,0.5389881730079651,0.4684318006038666,0.017933113500475883,0.5389881730079651,0.4684318006038666,0.017933113500475883
89,21,0.34104129672050476,0.5494922995567322,-0.16839401423931122,0.34104129672050476,0.5494922995567322,-0.16839401423931122
89,22,0.5428318977355957,0.47388985753059387,0.0041971346363425255,0.5428318977355957,0.47388985753059387,0.0041971346363425255
89,23,0.4364016652107239,0.5465846061706543,0.035657983273267746,0.4364016652107239,0.5465846061706543,0.035657983273267746
89,24,0.4519266188144684,0.5091338157653809,-0.035430923104286194,0.4519266188144684,0.5091338157653809,-0.035430923104286194
89,25,0.32914766669273376,0.5585808753967285,-0.033014990389347076,0.32914766669273376,0.5585808753967285,-0.033014990389347076
89,26,0.3983832597732544,0.5499216914176941,-0.1472322642803192,0.3983832597732544,0.5499216914176941,-0.1472322642803192
89,27,0.35126107931137085,0.5015175342559814,0.20914100110530853,0.35126107931137085,0.5015175342559814,0.20914100110530853
89,28,0.2976558208465576,0.527580738067627,0.06732910126447678,0.2976558208465576,0.527580738067627,0.06732910126447678
89,29,0.3666006326675415,0.4975613057613373,0.24183738231658936,0.3666006326675415,0.4975613057613373,0.24183738231658936
89,30,0.2980702519416809,0.526024341583252,0.09893431514501572,0.2980702519416809,0.526024341583252,0.09893431514501572
89,31,0.32855871319770813,0.4772220849990845,0.2627818286418915,0.32855871319770813,0.4772220849990845,0.2627818286418915
89,32,0.23108454048633575,0.521756649017334,0.1403767466545105,0.23108454048633575,0.521756649017334,0.1403767466545105
90,0,0.5167997479438782,0.5530568957328796,-0.7876632213592529,0.5167997479438782,0.5530568957328796,-0.7876632213592529
90,1,0.5279740691184998,0.5678893327713013,-0.8090006709098816,0.5279740691184998,0.5678893327713013,-0.8090006709098816
90,2,0.5281755924224854,0.5704663395881653,-0.8090634346008301,0.5281755924224854,0.5704663395881653,-0.8090634346008301
90,3,0.5258781909942627,0.5752958655357361,-0.80937260389328,0.5258781909942627,0.5752958655357361,-0.80937260389328
90,4,0.5382431149482727,0.5553496479988098,-0.8182409405708313,0.5382431149482727,0.5553496479988098,-0.8182409405708313
90,5,0.5457161068916321,0.5499116778373718,-0.8183297514915466,0.5457161068916321,0.5499116778373718,-0.8183297514915466
90,6,0.5558958053588867,0.551755964756012,-0.8184081315994263,0.5558958053588867,0.551755964756012,-0.8184081315994263
90,7,0.5404883623123169,0.5926256775856018,-0.7186684608459473,0.5404883623123169,0.5926256775856018,-0.7186684608459473
90,8,0.5866527557373047,0.5523242950439453,-0.764472484588623,0.5866527557373047,0.5523242950439453,-0.764472484588623
90,9,0.5161110758781433,0.5567988157272339,-0.7304025888442993,0.5161110758781433,0.5567988157272339,-0.7304025888442993
90,10,0.5231817960739136,0.5464799404144287,-0.7442187070846558,0.5231817960739136,0.5464799404144287,-0.7442187070846558
90,11,0.4932836890220642,0.6090344786643982,-0.5667328834533691,0.4932836890220642,0.6090344786643982,-0.5667328834533691
90,12,0.6323800683021545,0.5230611562728882,-0.5560637712478638,0.6323800683021545,0.5230611562728882,-0.5560637712478638
90,13,0.3220885097980499,0.5828631520271301,-0.520026445388794,0.3220885097980499,0.5828631520271301,-0.520026445388794
90,14,0.619718074798584,0.4592297077178955,-0.43439918756484985,0.619718074798584,0.4592297077178955,-0.43439918756484985
90,15,0.2992793917655945,0.5048842430114746,-0.5934232473373413,0.2992793917655945,0.5048842430114746,-0.5934232473373413
90,16,0.5673288702964783,0.4568103551864624,-0.47797760367393494,0.5673288702964783,0.4568103551864624,-0.47797760367393494
90,17,0.28157567977905273,0.4854511320590973,-0.6410817503929138,0.28157567977905273,0.4854511320590973,-0.6410817503929138
90,18,0.5504642128944397,0.45002850890159607,-0.5013266205787659,0.5504642128944397,0.45002850890159607,-0.5013266205787659
90,19,0.3241216540336609,0.4850694239139557,-0.6421474814414978,0.3241216540336609,0.4850694239139557,-0.6421474814414978
90,20,0.5439136624336243,0.46657100319862366,-0.5182939767837524,0.5439136624336243,0.46657100319862366,-0.5182939767837524
90,21,0.3248838186264038,0.48948433995246887,-0.5904754996299744,0.3248838186264038,0.48948433995246887,-0.5904754996299744
90,22,0.5419147610664368,0.47023752331733704,-0.481667160987854,0.5419147610664368,0.47023752331733704,-0.481667160987854
90,23,0.43032780289649963,0.5447242259979248,0.017242154106497765,0.43032780289649963,0.5447242259979248,0.017242154106497765
90,24,0.4853675067424774,0.49883848428726196,-0.016959164291620255,0.4853675067424774,0.49883848428726196,-0.016959164291620255
90,25,0.31357574462890625,0.5523973703384399,0.2877870202064514,0.31357574462890625,0.5523973703384399,0.2877870202064514
90,26,0.38865217566490173,0.5102114081382751,0.24500061571598053,0.38865217566490173,0.5102114081382751,0.24500061571598053
90,27,0.33535489439964294,0.5346637964248657,0.7229706645011902,0.33535489439964294,0.5346637964248657,0.7229706645011902
90,28,0.34546416997909546,0.5019980072975159,0.663182258605957,0.34546416997909546,0.5019980072975159,0.663182258605957
90,29,0.35048532485961914,0.5352488160133362,0.7731284499168396,0.35048532485961914,0.5352488160133362,0.7731284499168396
90,30,0.34932196140289307,0.5044121742248535,0.714876651763916,0.34932196140289307,0.5044121742248535,0.714876651763916
90,31,0.29558059573173523,0.5173259377479553,0.7763704061508179,0.29558059573173523,0.5173259377479553,0.7763704061508179
90,32,0.28776371479034424,0.4893139898777008,0.7270390391349792,0.28776371479034424,0.4893139898777008,0.7270390391349792
91,0,0.48039087653160095,0.5740861296653748,-0.4971533715724945,0.48039087653160095,0.5740861296653748,-0.4971533715724945
91,1,0.49725842475891113,0.5827229022979736,-0.5201429128646851,0.49725842475891113,0.5827229022979736,-0.5201429128646851
91,2,0.4972904324531555,0.5868879556655884,-0.5201043486595154,0.4972904324531555,0.5868879556655884,-0.5201043486595154
91,3,0.49721038341522217,0.5910528898239136,-0.5203155279159546,0.49721038341522217,0.5910528898239136,-0.5203155279159546
91,4,0.5127089023590088,0.5611039400100708,-0.541317880153656,0.5127089023590088,0.5611039400100708,-0.541317880153656
91,5,0.5111592411994934,0.5605236887931824,-0.5414599180221558,0.5111592411994934,0.5605236887931824,-0.5414599180221558
91,6,0.5129945278167725,0.557169497013092,-0.5415031313896179,0.5129945278167725,0.557169497013092,-0.5415031313896179
91,7,0.5201513767242432,0.5960078239440918,-0.48855534195899963,0.5201513767242432,0.5960078239440918,-0.48855534195899963
91,8,0.5345447063446045,0.5518516898155212,-0.5843360424041748,0.5345447063446045,0.5518516898155212,-0.5843360424041748
91,9,0.48276644945144653,0.5772082209587097,-0.46393778920173645,0.48276644945144653,0.5772082209587097,-0.46393778920173645
91,10,0.4899822771549225,0.564755380153656,-0.4927508234977722,0.4899822771549225,0.564755380153656,-0.4927508234977722
91,11,0.5249475836753845,0.6028851270675659,-0.37031877040863037,0.5249475836753845,0.6028851270675659,-0.37031877040863037
91,12,0.5559274554252625,0.5224365592002869,-0.40631991624832153,0.5559274554252625,0.5224365592002869,-0.40631991624832153
91,13,0.36140695214271545,0.5752382874488831,-0.20157447457313538,0.36140695214271545,0.5752382874488831,-0.20157447457313538
91,14,0.4873514771461487,0.4781002700328827,-0.13458096981048584,0.4873514771461487,0.4781002700328827,-0.13458096981048584
91,15,0.34018105268478394,0.5515292286872864,-0.1322881579399109,0.34018105268478394,0.5515292286872864,-0.1322881579399109
91,16,0.47866466641426086,0.4795343279838562,0.09953414648771286,0.47866466641426086,0.4795343279838562,0.09953414648771286
91,17,0.3364286422729492,0.5458634495735168,-0.12232425063848495,0.3364286422729492,0.5458634495735168,-0.12232425063848495
91,18,0.47170135378837585,0.4751794934272766,0.1356213241815567,0.47170135378837585,0.4751794934272766,0.1356213241815567
91,19,0.35071468353271484,0.5452952980995178,-0.13043497502803802,0.35071468353271484,0.5452952980995178,-0.13043497502803802
91,20,0.5311003923416138,0.4731218218803406,0.1153150126338005,0.5311003923416138,0.4731218218803406,0.1153150126338005
91,21,0.3566083014011383,0.5429452061653137,-0.12525653839111328,0.3566083014011383,0.5429452061653137,-0.12525653839111328
91,22,0.5130608081817627,0.48212680220603943,0.10138434916734695,0.5130608081817627,0.48212680220603943,0.10138434916734695
91,23,0.44288331270217896,0.5364183187484741,0.024729229509830475,0.44288331270217896,0.5364183187484741,0.024729229509830475
91,24,0.4553292989730835,0.5009753704071045,-0.02445114031434059,0.4553292989730835,0.5009753704071045,-0.02445114031434059
91,25,0.31760174036026,0.5551320910453796,-0.02392181195318699,0.31760174036026,0.5551320910453796,-0.02392181195318699
91,26,0.3715749979019165,0.540737509727478,-0.010390776209533215,0.3715749979019165,0.540737509727478,-0.010390776209533215
91,27,0.37501251697540283,0.5153678059577942,0.22094543278217316,0.37501251697540283,0.5153678059577942,0.22094543278217316
91,28,0.3284682631492615,0.5310307145118713,0.1751856803894043,0.3284682631492615,0.5310307145118713,0.1751856803894043
91,29,0.3942009508609772,0.5156264901161194,0.2570284903049469,0.3942009508609772,0.5156264901161194,0.2570284903049469
91,30,0.33575624227523804,0.5331476926803589,0.20510996878147125,0.33575624227523804,0.5331476926803589,0.20510996878147125
91,31,0.37490615248680115,0.49385905265808105,0.3234231173992157,0.37490615248680115,0.49385905265808105,0.3234231173992157
91,32,0.282619833946228,0.5255680084228516,0.2874666750431061,0.282619833946228,0.5255680084228516,0.2874666750431061
92,0,0.5194835662841797,0.5773715376853943,-0.6228615045547485,0.5194835662841797,0.5773715376853943,-0.6228615045547485
92,1,0.5460790395736694,0.5689458847045898,-0.6474614143371582,0.5460790395736694,0.5689458847045898,-0.6474614143371582
92,2,0.5323472023010254,0.5810328722000122,-0.6474387645721436,0.5323472023010254,0.5810328722000122,-0.6474387645721436
92,3,0.5343526005744934,0.5820257067680359,-0.6475489735603333,0.5343526005744934,0.5820257067680359,-0.6475489735603333
92,4,0.5291302800178528,0.5647478103637695,-0.664669394493103,0.5291302800178528,0.5647478103637695,-0.664669394493103
92,5,0.5273590087890625,0.5652549266815186,-0.6648924946784973,0.5273590087890625,0.5652549266815186,-0.6648924946784973
92,6,0.5260461568832397,0.566206157207489,-0.6651031374931335,0.5260461568832397,0.566206157207489,-0.6651031374931335
92,7,0.5510045289993286,0.5799877643585205,-0.5992982387542725,0.5510045289993286,0.5799877643585205,-0.5992982387542725
92,8,0.5369990468025208,0.5695786476135254,-0.6778498888015747,0.5369990468025208,0.5695786476135254,-0.6778498888015747
92,9,0.524687647819519,0.574774444103241,-0.5824424624443054,0.524687647819519,0.574774444103241,-0.5824424624443054
92,10,0.5227607488632202,0.5723374485969543,-0.6062677502632141,0.5227607488632202,0.5723374485969543,-0.6062677502632141
92,11,0.5677060484886169,0.5616416931152344,-0.444420725107193,0.5677060484886169,0.5616416931152344,-0.444420725107193
92,12,0.5148752927780151,0.5630726218223572,-0.47029536962509155,0.5148752927780151,0.5630726218223572,-0.47029536962509155
92,13,0.42314133048057556,0.5356060862541199,-0.28687721490859985,0.42314133048057556,0.5356060862541199,-0.28687721490859985
92,14,0.39538925886154175,0.5502294301986694,-0.325784295797348,0.39538925886154175,0.5502294301986694,-0.325784295797348
92,15,0.3723113536834717,0.5078911781311035,-0.27169129252433777,0.3723113536834717,0.5078911781311035,-0.27169129252433777
92,16,0.3840920925140381,0.5572428107261658,-0.25010988116264343,0.3840920925140381,0.5572428107261658,-0.25010988116264343
92,17,0.3586304187774658,0.49980592727661133,-0.284970760345459,0.3586304187774658,0.49980592727661133,-0.284970760345459
92,18,0.37270525097846985,0.5586475729942322,-0.25935712456703186,0.37270525097846985,0.5586475729942322,-0.25935712456703186
92,19,0.37244507670402527,0.5006536841392517,-0.29865750670433044,0.37244507670402527,0.5006536841392517,-0.29865750670433044
92,20,0.3974330723285675,0.558927059173584,-0.27516430616378784,0.3974330723285675,0.558927059173584,-0.27516430616378784
92,21,0.3799898326396942,0.503294050693512,-0.27077701687812805,0.3799898326396942,0.503294050693512,-0.27077701687812805
92,22,0.4018118977546692,0.558156430721283,-0.2533089220523834,0.4018118977546692,0.558156430721283,-0.2533089220523834
92,23,0.4556519687175751,0.5212964415550232,0.0004007918469142169,0.4556519687175751,0.5212964415550232,0.0004007918469142169
92,24,0.43947771191596985,0.5242692232131958,-0.00018914247630164027,0.43947771191596985,0.5242692232131958,-0.00018914247630164027
92,25,0.3621770143508911,0.5271918773651123,0.0858914852142334,0.3621770143508911,0.5271918773651123,0.0858914852142334
92,26,0.3439180254936218,0.5345292687416077,0.15566381812095642,0.3439180254936218,0.5345292687416077,0.15566381812095642
92,27,0.4295482337474823,0.5136263966560364,0.40727078914642334,0.4295482337474823,0.5136263966560364,0.40727078914642334
92,28,0.30332696437835693,0.5208228826522827,0.3860509395599365,0.30332696437835693,0.5208228826522827,0.3860509395599365
92,29,0.4486613869667053,0.5109477639198303,0.448501318693161,0.4486613869667053,0.5109477639198303,0.448501318693161
92,30,0.3108161687850952,0.5211833119392395,0.4172438085079193,0.3108161687850952,0.5211833119392395,0.4172438085079193
92,31,0.43072694540023804,0.5093204379081726,0.5088819265365601,0.43072694540023804,0.5093204379081726,0.5088819265365601
92,32,0.25555485486984253,0.5115124583244324,0.46261870861053467,0.25555485486984253,0.5115124583244324,0.46261870861053467
93,0,0.5627976655960083,0.5877729654312134,-1.0839037895202637,0.5627976655960083,0.5877729654312134,-1.0839037895202637
93,1,0.5613104104995728,0.5823757648468018,-1.0926154851913452,0.5613104104995728,0.5823757648468018,-1.0926154851913452
93,2,0.5628195405006409,0.5798488855361938,-1.0925859212875366,0.5628195405006409,0.5798488855361938,-1.0925859212875366
93,3,0.5643006563186646,0.5773912072181702,-1.0926612615585327,0.5643006563186646,0.5773912072181702,-1.0926612615585327
93,4,0.557137668132782,0.588958203792572,-1.1038204431533813,0.557137668132782,0.588958203792572,-1.1038204431533813
93,5,0.5562623143196106,0.5907724499702454,-1.104003667831421,0.5562623143196106,0.5907724499702454,-1.104003667831421
93,6,0.5554590821266174,0.5926039218902588,-1.1041274070739746,0.5554590821266174,0.5926039218902588,-1.1041274070739746
93,7,0.5690575838088989,0.565380871295929,-0.9471882581710815,0.5690575838088989,0.565380871295929,-0.9471882581710815
93,8,0.5544928908348083,0.5848822593688965,-1.0038353204727173,0.5544928908348083,0.5848822593688965,-1.0038353204727173
93,9,0.5675941109657288,0.5784691572189331,-1.008582592010498,0.5675941109657288,0.5784691572189331,-1.008582592010498
93,10,0.5636267066001892,0.586078405380249,-1.0250835418701172,0.5636267066001892,0.586078405380249,-1.0250835418701172
93,11,0.5626291632652283,0.5350233912467957,-0.7016695141792297,0.5626291632652283,0.5350233912467957,-0.7016695141792297
93,12,0.5271145105361938,0.5902647376060486,-0.728897213935852,0.5271145105361938,0.5902647376060486,-0.728897213935852
93,13,0.4265510141849518,0.5032374858856201,-0.5380469560623169,0.4265510141849518,0.5032374858856201,-0.5380469560623169
93,14,0.4002856910228729,0.6057780385017395,-0.5341975092887878,0.4002856910228729,0.6057780385017395,-0.5341975092887878
93,15,0.34273916482925415,0.4788447618484497,-0.4971699118614197,0.34273916482925415,0.4788447618484497,-0.4971699118614197
93,16,0.4193759560585022,0.6351821422576904,-0.42442527413368225,0.4193759560585022,0.6351821422576904,-0.42442527413368225
93,17,0.30077117681503296,0.4733668565750122,-0.5442375540733337,0.30077117681503296,0.4733668565750122,-0.5442375540733337
93,18,0.3976539969444275,0.6368263363838196,-0.4485480487346649,0.3976539969444275,0.6368263363838196,-0.4485480487346649
93,19,0.32743173837661743,0.4738497734069824,-0.5540156364440918,0.32743173837661743,0.4738497734069824,-0.5540156364440918
93,20,0.42133352160453796,0.6322770118713379,-0.4715563654899597,0.42133352160453796,0.6322770118713379,-0.4715563654899597
93,21,0.338156521320343,0.4809425175189972,-0.49734818935394287,0.338156521320343,0.4809425175189972,-0.49734818935394287
93,22,0.4254341423511505,0.6237246990203857,-0.4295193552970886,0.4254341423511505,0.6237246990203857,-0.4295193552970886
93,23,0.47764497995376587,0.5340111255645752,0.005064483731985092,0.47764497995376587,0.5340111255645752,0.005064483731985092
93,24,0.45677390694618225,0.5496326684951782,-0.005017939023673534,0.45677390694618225,0.5496326684951782,-0.005017939023673534
93,25,0.4733656942844391,0.5177330374717712,0.5312892198562622,0.4733656942844391,0.5177330374717712,0.5312892198562622
93,26,0.38856399059295654,0.5561470985412598,0.4547496736049652,0.38856399059295654,0.5561470985412598,0.4547496736049652
93,27,0.46485617756843567,0.5144354104995728,1.1384819746017456,0.46485617756843567,0.5144354104995728,1.1384819746017456
93,28,0.32677409052848816,0.5420070886611938,1.0249793529510498,0.32677409052848816,0.5420070886611938,1.0249793529510498
93,29,0.4586058259010315,0.5083532333374023,1.2044755220413208,0.4586058259010315,0.5083532333374023,1.2044755220413208
93,30,0.32370489835739136,0.5390105247497559,1.0890454053878784,0.32370489835739136,0.5390105247497559,1.0890454053878784
93,31,0.4745960831642151,0.5313931107521057,1.1981269121170044,0.4745960831642151,0.5313931107521057,1.1981269121170044
93,32,0.2948700189590454,0.5516850352287292,1.058556079864502,0.2948700189590454,0.5516850352287292,1.058556079864502
94,0,0.5639575719833374,0.5875950455665588,-1.0195457935333252,0.5639575719833374,0.5875950455665588,-1.0195457935333252
94,1,0.560586154460907,0.5816234946250916,-1.030694842338562,0.560586154460907,0.5816234946250916,-1.030694842338562
94,2,0.562539279460907,0.5787224769592285,-1.030680537223816,0.562539279460907,0.5787224769592285,-1.030680537223816
94,3,0.5644436478614807,0.5758761763572693,-1.0307551622390747,0.5644436478614807,0.5758761763572693,-1.0307551622390747
94,4,0.5551236271858215,0.5892501473426819,-1.0406627655029297,0.5551236271858215,0.5892501473426819,-1.0406627655029297
94,5,0.5537713170051575,0.591482937335968,-1.0408260822296143,0.5537713170051575,0.591482937335968,-1.0408260822296143
94,6,0.5524644255638123,0.5937411189079285,-1.0409537553787231,0.5524644255638123,0.5937411189079285,-1.0409537553787231
94,7,0.5710458159446716,0.5643052458763123,-0.8980448842048645,0.5710458159446716,0.5643052458763123,-0.8980448842048645
94,8,0.561340868473053,0.5879500508308411,-0.9483178853988647,0.561340868473053,0.5879500508308411,-0.9483178853988647
94,9,0.5713475942611694,0.578264057636261,-0.9492886662483215,0.5713475942611694,0.578264057636261,-0.9492886662483215
94,10,0.5656205415725708,0.5872132778167725,-0.9642038941383362,0.5656205415725708,0.5872132778167725,-0.9642038941383362
94,11,0.575148344039917,0.5297662019729614,-0.6727504134178162,0.575148344039917,0.5297662019729614,-0.6727504134178162
94,12,0.5272964239120483,0.5945723056793213,-0.6959982514381409,0.5272964239120483,0.5945723056793213,-0.6959982514381409
94,13,0.4584968686103821,0.48009008169174194,-0.5293699502944946,0.4584968686103821,0.48009008169174194,-0.5293699502944946
94,14,0.39951983094215393,0.6100484728813171,-0.52818363904953,0.39951983094215393,0.6100484728813171,-0.52818363904953
94,15,0.3886871933937073,0.46290114521980286,-0.5213284492492676,0.3886871933937073,0.46290114521980286,-0.5213284492492676
94,16,0.411200612783432,0.6367630958557129,-0.46036145091056824,0.411200612783432,0.6367630958557129,-0.46036145091056824
94,17,0.36798638105392456,0.4556678533554077,-0.5743703246116638,0.36798638105392456,0.4556678533554077,-0.5743703246116638
94,18,0.40659481287002563,0.6544218063354492,-0.4964914619922638,0.40659481287002563,0.6544218063354492,-0.4964914619922638
94,19,0.37239956855773926,0.4549075961112976,-0.5915190577507019,0.37239956855773926,0.4549075961112976,-0.5915190577507019
94,20,0.4320158362388611,0.6469853520393372,-0.5201520323753357,0.4320158362388611,0.6469853520393372,-0.5201520323753357
94,21,0.3612500727176666,0.4702318012714386,-0.5258656740188599,0.3612500727176666,0.4702318012714386,-0.5258656740188599
94,22,0.43177106976509094,0.6381095051765442,-0.46680164337158203,0.43177106976509094,0.6381095051765442,-0.46680164337158203
94,23,0.491587370634079,0.5310543179512024,0.002576202852651477,0.491587370634079,0.5310543179512024,0.002576202852651477
94,24,0.46098020672798157,0.549911379814148,-0.0026993940118700266,0.46098020672798157,0.549911379814148,-0.0026993940118700266
94,25,0.526712954044342,0.5250422358512878,0.5230369567871094,0.526712954044342,0.5250422358512878,0.5230369567871094
94,26,0.3946975767612457,0.5465885400772095,0.46624234318733215,0.3946975767612457,0.5465885400772095,0.46624234318733215
94,27,0.4741109609603882,0.5225234627723694,1.1247050762176514,0.4741109609603882,0.5225234627723694,1.1247050762176514
94,28,0.32066208124160767,0.5427970290184021,1.0380791425704956,0.32066208124160767,0.5427970290184021,1.0380791425704956
94,29,0.4638403654098511,0.5175076723098755,1.1911613941192627,0.4638403654098511,0.5175076723098755,1.1911613941192627
94,30,0.31253600120544434,0.541039764881134,1.1025575399398804,0.31253600120544434,0.541039764881134,1.1025575399398804
94,31,0.4707162082195282,0.5368847250938416,1.1977018117904663,0.4707162082195282,0.5368847250938416,1.1977018117904663
94,32,0.2974487841129303,0.5580270290374756,1.0697764158248901,0.2974487841129303,0.5580270290374756,1.0697764158248901
95,0,0.5877052545547485,0.5883645415306091,-0.8153523802757263,0.5877052545547485,0.5883645415306091,-0.8153523802757263
95,1,0.5854800939559937,0.5828472375869751,-0.8375357985496521,0.5854800939559937,0.5828472375869751,-0.8375357985496521
95,2,0.5863781571388245,0.5792229175567627,-0.8375487327575684,0.5863781571388245,0.5792229175567627,-0.8375487327575684
95,3,0.5872646570205688,0.5756666660308838,-0.8376487493515015,0.5872646570205688,0.5756666660308838,-0.8376487493515015
95,4,0.5811976194381714,0.5931362509727478,-0.8430348634719849,0.5811976194381714,0.5931362509727478,-0.8430348634719849
95,5,0.5795092582702637,0.5963036417961121,-0.8432011008262634,0.5795092582702637,0.5963036417961121,-0.8432011008262634
95,6,0.5778779983520508,0.5994765758514404,-0.8433510065078735,0.5778779983520508,0.5994765758514404,-0.8433510065078735
95,7,0.5856009721755981,0.5623213052749634,-0.7748777866363525,0.5856009721755981,0.5623213052749634,-0.7748777866363525
95,8,0.5773760080337524,0.5944585204124451,-0.8071469664573669,0.5773760080337524,0.5944585204124451,-0.8071469664573669
95,9,0.5891442894935608,0.5766546726226807,-0.7730870842933655,0.5891442894935608,0.5766546726226807,-0.7730870842933655
95,10,0.5845968127250671,0.5881834030151367,-0.7824748158454895,0.5845968127250671,0.5881834030151367,-0.7824748158454895
95,11,0.5735095739364624,0.5248494744300842,-0.5965403318405151,0.5735095739364624,0.5248494744300842,-0.5965403318405151
95,12,0.5295618176460266,0.5954186320304871,-0.622934103012085,0.5295618176460266,0.5954186320304871,-0.622934103012085
95,13,0.4437728822231293,0.49146807193756104,-0.46686527132987976,0.4437728822231293,0.49146807193756104,-0.46686527132987976
95,14,0.3978188633918762,0.6117802262306213,-0.47866320610046387,0.3978188633918762,0.6117802262306213,-0.47866320610046387
95,15,0.370528906583786,0.4786819815635681,-0.4755626916885376,0.370528906583786,0.4786819815635681,-0.4755626916885376
95,16,0.4068433940410614,0.6361156105995178,-0.4464854300022125,0.4068433940410614,0.6361156105995178,-0.4464854300022125
95,17,0.3490807116031647,0.473010778427124,-0.5365564227104187,0.3490807116031647,0.473010778427124,-0.5365564227104187
95,18,0.4035181403160095,0.6533796191215515,-0.49223923683166504,0.4035181403160095,0.6533796191215515,-0.49223923683166504
95,19,0.34840279817581177,0.47566258907318115,-0.5567102432250977,0.34840279817581177,0.47566258907318115,-0.5567102432250977
95,20,0.43594545125961304,0.6447818279266357,-0.521129310131073,0.43594545125961304,0.6447818279266357,-0.521129310131073
95,21,0.35818713903427124,0.482099324464798,-0.48319876194000244,0.35818713903427124,0.482099324464798,-0.48319876194000244
95,22,0.43560791015625,0.636110782623291,-0.4574001729488373,0.43560791015625,0.636110782623291,-0.4574001729488373
95,23,0.479675829410553,0.5243410468101501,0.006752577610313892,0.479675829410553,0.5243410468101501,0.006752577610313892
95,24,0.44652944803237915,0.5507180690765381,-0.006696250289678574,0.44652944803237915,0.5507180690765381,-0.006696250289678574
95,25,0.5230627655982971,0.5189010500907898,0.505309522151947,0.5230627655982971,0.5189010500907898,0.505309522151947
95,26,0.40568193793296814,0.562715470790863,0.41271352767944336,0.40568193793296814,0.562715470790863,0.41271352767944336
95,27,0.46894800662994385,0.5188822746276855,1.0636073350906372,0.46894800662994385,0.5188822746276855,1.0636073350906372
95,28,0.3355289101600647,0.5643465518951416,0.9312318563461304,0.3355289101600647,0.5643465518951416,0.9312318563461304
95,29,0.4556422531604767,0.5151654481887817,1.125529170036316,0.4556422531604767,0.5151654481887817,1.125529170036316
95,30,0.32520025968551636,0.5619897842407227,0.9903104901313782,0.32520025968551636,0.5619897842407227,0.9903104901313782
95,31,0.4742911756038666,0.5340719819068909,1.1379966735839844,0.4742911756038666,0.5340719819068909,1.1379966735839844
95,32,0.32231539487838745,0.5830289721488953,0.9739604592323303,0.32231539487838745,0.5830289721488953,0.9739604592323303
96,0,0.5766847729682922,0.5627763271331787,-1.1266745328903198,0.5766847729682922,0.5627763271331787,-1.1266745328903198
96,1,0.5833653211593628,0.5601966977119446,-1.1538156270980835,0.5833653211593628,0.5601966977119446,-1.1538156270980835
96,2,0.5837405920028687,0.5587425231933594,-1.1538299322128296,0.5837405920028687,0.5587425231933594,-1.1538299322128296
96,3,0.5841471552848816,0.5573089122772217,-1.1539990901947021,0.5841471552848816,0.5573089122772217,-1.1539990901947021
96,4,0.583004355430603,0.5635773539543152,-1.1554653644561768,0.583004355430603,0.5635773539543152,-1.1554653644561768
96,5,0.5834354162216187,0.5647937655448914,-1.1556330919265747,0.5834354162216187,0.5647937655448914,-1.1556330919265747
96,6,0.5839373469352722,0.5660287141799927,-1.1556819677352905,0.5839373469352722,0.5660287141799927,-1.1556819677352905
96,7,0.5864074230194092,0.551921010017395,-1.050526738166809,0.5864074230194092,0.551921010017395,-1.050526738166809
96,8,0.5853449702262878,0.5649479031562805,-1.067873239517212,0.5853449702262878,0.5649479031562805,-1.067873239517212
96,9,0.5720955729484558,0.5575112700462341,-1.0624356269836426,0.5720955729484558,0.5575112700462341,-1.0624356269836426
96,10,0.5715243220329285,0.5626899003982544,-1.0676066875457764,0.5715243220329285,0.5626899003982544,-1.0676066875457764
96,11,0.5559833645820618,0.532089114189148,-0.8174974918365479,0.5559833645820618,0.532089114189148,-0.8174974918365479
96,12,0.5590449571609497,0.5747036337852478,-0.8004240989685059,0.5590449571609497,0.5747036337852478,-0.8004240989685059
96,13,0.3993391990661621,0.5069660544395447,-0.6662610769271851,0.3993391990661621,0.5069660544395447,-0.6662610769271851
96,14,0.4424397349357605,0.600412905216217,-0.5832460522651672,0.4424397349357605,0.600412905216217,-0.5832460522651672
96,15,0.33674371242523193,0.49010902643203735,-0.667288601398468,0.33674371242523193,0.49010902643203735,-0.667288601398468
96,16,0.42114338278770447,0.6398579478263855,-0.5492352247238159,0.42114338278770447,0.6398579478263855,-0.5492352247238159
96,17,0.3215121030807495,0.47441643476486206,-0.7506359219551086,0.3215121030807495,0.47441643476486206,-0.7506359219551086
96,18,0.41471266746520996,0.6470850110054016,-0.6198845505714417,0.41471266746520996,0.6470850110054016,-0.6198845505714417
96,19,0.34640106558799744,0.4737641215324402,-0.7852883338928223,0.34640106558799744,0.4737641215324402,-0.7852883338928223
96,20,0.43482837080955505,0.6467372179031372,-0.6509618163108826,0.43482837080955505,0.6467372179031372,-0.6509618163108826
96,21,0.3560788333415985,0.4770682454109192,-0.681169331073761,0.3560788333415985,0.4770682454109192,-0.681169331073761
96,22,0.44563406705856323,0.6457306146621704,-0.5617765188217163,0.44563406705856323,0.6457306146621704,-0.5617765188217163
96,23,0.48666441440582275,0.5365068912506104,-0.005117332097142935,0.48666441440582275,0.5365068912506104,-0.005117332097142935
96,24,0.4777962565422058,0.5464480519294739,0.005386058706790209,0.4777962565422058,0.5464480519294739,0.005386058706790209
96,25,0.5166835188865662,0.528217613697052,0.5765954852104187,0.5166835188865662,0.528217613697052,0.5765954852104187
96,26,0.4606916606426239,0.5478204488754272,0.5593366026878357,0.4606916606426239,0.5478204488754272,0.5593366026878357
96,27,0.487616628408432,0.537513792514801,1.2535773515701294,0.487616628408432,0.537513792514801,1.2535773515701294
96,28,0.4473607838153839,0.5734122395515442,1.2302327156066895,0.4473607838153839,0.5734122395515442,1.2302327156066895
96,29,0.47514525055885315,0.535016655921936,1.3265184164047241,0.47514525055885315,0.535016655921936,1.3265184164047241
96,30,0.4456874132156372,0.5786392688751221,1.3029747009277344,0.4456874132156372,0.5786392688751221,1.3029747009277344
96,31,0.4992879331111908,0.5457633137702942,1.2911123037338257,0.4992879331111908,0.5457633137702942,1.2911123037338257
96,32,0.446321964263916,0.5850242376327515,1.2513749599456787,0.446321964263916,0.5850242376327515,1.2513749599456787
97,0,0.5641422271728516,0.5618759393692017,-1.0704092979431152,0.5641422271728516,0.5618759393692017,-1.0704092979431152
97,1,0.5594505071640015,0.5482189655303955,-1.0952575206756592,0.5594505071640015,0.5482189655303955,-1.0952575206756592
97,2,0.5606876015663147,0.5468951463699341,-1.0952767133712769,0.5606876015663147,0.5468951463699341,-1.0952767133712769
97,3,0.5693442225456238,0.5565112233161926,-1.0954567193984985,0.5693442225456238,0.5565112233161926,-1.0954567193984985
97,4,0.5636909008026123,0.5589244961738586,-1.0973180532455444,0.5636909008026123,0.5589244961738586,-1.0973180532455444
97,5,0.5691511034965515,0.5649498105049133,-1.097496747970581,0.5691511034965515,0.5649498105049133,-1.097496747970581
97,6,0.5700838565826416,0.5662991404533386,-1.0975522994995117,0.5700838565826416,0.5662991404533386,-1.0975522994995117
97,7,0.5771841406822205,0.5507879257202148,-0.9927116632461548,0.5771841406822205,0.5507879257202148,-0.9927116632461548
97,8,0.5770556330680847,0.566062331199646,-1.010060429573059,0.5770556330680847,0.566062331199646,-1.010060429573059
97,9,0.5646464228630066,0.5562633275985718,-1.0082626342773438,0.5646464228630066,0.5562633275985718,-1.0082626342773438
97,10,0.5647919178009033,0.5617079138755798,-1.0136873722076416,0.5647919178009033,0.5617079138755798,-1.0136873722076416
97,11,0.5550296902656555,0.5325104594230652,-0.7797222137451172,0.5550296902656555,0.5325104594230652,-0.7797222137451172
97,12,0.5624953508377075,0.5739709734916687,-0.7482911348342896,0.5624953508377075,0.5739709734916687,-0.7482911348342896
97,13,0.40666818618774414,0.5041324496269226,-0.6332654356956482,0.40666818618774414,0.5041324496269226,-0.6332654356956482
97,14,0.4445044994354248,0.6050693392753601,-0.5466154217720032,0.4445044994354248,0.6050693392753601,-0.5466154217720032
97,15,0.34072887897491455,0.4838332533836365,-0.5794681310653687,0.34072887897491455,0.4838332533836365,-0.5794681310653687
97,16,0.41681498289108276,0.6405797004699707,-0.4664386510848999,0.41681498289108276,0.6405797004699707,-0.4664386510848999
97,17,0.3244333863258362,0.467469185590744,-0.6416239738464355,0.3244333863258362,0.467469185590744,-0.6416239738464355
97,18,0.4128827154636383,0.6585063934326172,-0.5103307366371155,0.4128827154636383,0.6585063934326172,-0.5103307366371155
97,19,0.351079523563385,0.4642854928970337,-0.661327600479126,0.351079523563385,0.4642854928970337,-0.661327600479126
97,20,0.44324055314064026,0.656866729259491,-0.5314604640007019,0.44324055314064026,0.656866729259491,-0.5314604640007019
97,21,0.3642389178276062,0.4706588387489319,-0.5840319395065308,0.3642389178276062,0.4706588387489319,-0.5840319395065308
97,22,0.44170650839805603,0.64753657579422,-0.47237130999565125,0.44170650839805603,0.64753657579422,-0.47237130999565125
97,23,0.4763815999031067,0.5382260084152222,-0.008698209188878536,0.4763815999031067,0.5382260084152222,-0.008698209188878536
97,24,0.4769786298274994,0.5464504361152649,0.008948493748903275,0.4769786298274994,0.5464504361152649,0.008948493748903275
97,25,0.44086384773254395,0.5183423757553101,0.483029842376709,0.44086384773254395,0.5183423757553101,0.483029842376709
97,26,0.42755159735679626,0.5545136332511902,0.4999077320098877,0.42755159735679626,0.5545136332511902,0.4999077320098877
97,27,0.42824098467826843,0.5380938053131104,1.1199841499328613,0.42824098467826843,0.5380938053131104,1.1199841499328613
97,28,0.4090002775192261,0.5813826322555542,1.105683445930481,0.4090002775192261,0.5813826322555542,1.105683445930481
97,29,0.4240688979625702,0.5404089689254761,1.1903541088104248,0.4240688979625702,0.5404089689254761,1.1903541088104248
97,30,0.4079870283603668,0.5855247974395752,1.17353093624115,0.4079870283603668,0.5855247974395752,1.17353093624115
97,31,0.42586877942085266,0.5439106822013855,1.1699283123016357,0.42586877942085266,0.5439106822013855,1.1699283123016357
97,32,0.39863917231559753,0.5908093452453613,1.1432437896728516,0.39863917231559753,0.5908093452453613,1.1432437896728516
98,0,0.5795764327049255,0.5681296586990356,-1.4502391815185547,0.5795764327049255,0.5681296586990356,-1.4502391815185547
98,1,0.5821069478988647,0.5657115578651428,-1.4681181907653809,0.5821069478988647,0.5657115578651428,-1.4681181907653809
98,2,0.5824245810508728,0.5641952753067017,-1.4681717157363892,0.5824245810508728,0.5641952753067017,-1.4681717157363892
98,3,0.5827462077140808,0.5626962780952454,-1.468385934829712,0.5827462077140808,0.5626962780952454,-1.468385934829712
98,4,0.5819711685180664,0.5686050653457642,-1.4706693887710571,0.5819711685180664,0.5686050653457642,-1.4706693887710571
98,5,0.5826159715652466,0.5697294473648071,-1.4708794355392456,0.5826159715652466,0.5697294473648071,-1.4708794355392456
98,6,0.6021924018859863,0.5759919881820679,-1.4709794521331787,0.6021924018859863,0.5759919881820679,-1.4709794521331787
98,7,0.5882173180580139,0.5561639666557312,-1.3001688718795776,0.5882173180580139,0.5561639666557312,-1.3001688718795776
98,8,0.587916910648346,0.5683954358100891,-1.3203262090682983,0.587916910648346,0.5683954358100891,-1.3203262090682983
98,9,0.5786148905754089,0.56172114610672,-1.3601388931274414,0.5786148905754089,0.56172114610672,-1.3601388931274414
98,10,0.5760995149612427,0.5729489922523499,-1.3666391372680664,0.5760995149612427,0.5729489922523499,-1.3666391372680664
98,11,0.5580542683601379,0.5374555587768555,-1.024288296699524,0.5580542683601379,0.5374555587768555,-1.024288296699524
98,12,0.5760694742202759,0.5735501646995544,-0.9781162142753601,0.5760694742202759,0.5735501646995544,-0.9781162142753601
98,13,0.3958747088909149,0.5091745257377625,-0.9235842823982239,0.3958747088909149,0.5091745257377625,-0.9235842823982239
98,14,0.45990240573883057,0.6037129163742065,-0.7566318511962891,0.45990240573883057,0.6037129163742065,-0.7566318511962891
98,15,0.33799248933792114,0.47974541783332825,-0.974632740020752,0.33799248933792114,0.47974541783332825,-0.974632740020752
98,16,0.4242442548274994,0.6443485021591187,-0.6805474162101746,0.4242442548274994,0.6443485021591187,-0.6805474162101746
98,17,0.3225327432155609,0.46255701780319214,-1.0780106782913208,0.3225327432155609,0.46255701780319214,-1.0780106782913208
98,18,0.4241311252117157,0.6604225635528564,-0.7470031976699829,0.4241311252117157,0.6604225635528564,-0.7470031976699829
98,19,0.3519566059112549,0.4609648883342743,-1.10202157497406,0.3519566059112549,0.4609648883342743,-1.10202157497406
98,20,0.45140591263771057,0.6586387157440186,-0.7801581025123596,0.45140591263771057,0.6586387157440186,-0.7801581025123596
98,21,0.3640351891517639,0.467225044965744,-0.9861066937446594,0.3640351891517639,0.467225044965744,-0.9861066937446594
98,22,0.44990718364715576,0.6507967710494995,-0.6922764182090759,0.44990718364715576,0.6507967710494995,-0.6922764182090759
98,23,0.48079919815063477,0.5447473526000977,-0.01785958930850029,0.48079919815063477,0.5447473526000977,-0.01785958930850029
98,24,0.484118789434433,0.5461880564689636,0.01800210028886795,0.484118789434433,0.5461880564689636,0.01800210028886795
98,25,0.44057604670524597,0.5391620993614197,0.5958823561668396,0.44057604670524597,0.5391620993614197,0.5958823561668396
98,26,0.4217696189880371,0.5576689839363098,0.620999276638031,0.4217696189880371,0.5576689839363098,0.620999276638031
98,27,0.4376200735569,0.5516831874847412,1.4176126718521118,0.4376200735569,0.5516831874847412,1.4176126718521118
98,28,0.40014147758483887,0.5821583867073059,1.4344189167022705,0.40014147758483887,0.5821583867073059,1.4344189167022705
98,29,0.43536829948425293,0.549446165561676,1.505159854888916,0.43536829948425293,0.549446165561676,1.505159854888916
98,30,0.40155646204948425,0.5860951542854309,1.5221251249313354,0.40155646204948425,0.5860951542854309,1.5221251249313354
98,31,0.4411453604698181,0.5589343309402466,1.4392095804214478,0.4411453604698181,0.5589343309402466,1.4392095804214478
98,32,0.3861381709575653,0.5964637398719788,1.4480057954788208,0.3861381709575653,0.5964637398719788,1.4480057954788208
99,0,0.5692062973976135,0.572200357913971,-1.271344542503357,0.5692062973976135,0.572200357913971,-1.271344542503357
99,1,0.5712792873382568,0.5719116926193237,-1.281964659690857,0.5712792873382568,0.5719116926193237,-1.281964659690857
99,2,0.570907711982727,0.5715799331665039,-1.2819827795028687,0.570907711982727,0.5715799331665039,-1.2819827795028687
99,3,0.5705404281616211,0.5712963342666626,-1.282204270362854,0.5705404281616211,0.5712963342666626,-1.282204270362854
99,4,0.5736069083213806,0.5717962980270386,-1.2872533798217773,0.5736069083213806,0.5717962980270386,-1.2872533798217773
99,5,0.5753147602081299,0.5715370774269104,-1.2874188423156738,0.5753147602081299,0.5715370774269104,-1.2874188423156738
99,6,0.5770589113235474,0.5713043808937073,-1.2874133586883545,0.5770589113235474,0.5713043808937073,-1.2874133586883545
99,7,0.5775814652442932,0.5650503635406494,-1.1014387607574463,0.5775814652442932,0.5650503635406494,-1.1014387607574463
99,8,0.5858007073402405,0.5661976337432861,-1.1339030265808105,0.5858007073402405,0.5661976337432861,-1.1339030265808105
99,9,0.5688338279724121,0.5664755702018738,-1.1788402795791626,0.5688338279724121,0.5664755702018738,-1.1788402795791626
99,10,0.5679585337638855,0.5732439160346985,-1.1887309551239014,0.5679585337638855,0.5732439160346985,-1.1887309551239014
99,11,0.5592659115791321,0.5481231212615967,-0.8475033640861511,0.5592659115791321,0.5481231212615967,-0.8475033640861511
99,12,0.5811850428581238,0.562532901763916,-0.7927287220954895,0.5811850428581238,0.562532901763916,-0.7927287220954895
99,13,0.40736520290374756,0.5205971002578735,-0.6924965381622314,0.40736520290374756,0.5205971002578735,-0.6924965381622314
99,14,0.4717566967010498,0.5823662877082825,-0.517929196357727,0.4717566967010498,0.5823662877082825,-0.517929196357727
99,15,0.3447366952896118,0.48280465602874756,-0.6447679996490479,0.3447366952896118,0.48280465602874756,-0.6447679996490479
99,16,0.437749981880188,0.6173810958862305,-0.3881136178970337,0.437749981880188,0.6173810958862305,-0.3881136178970337
99,17,0.32122570276260376,0.4647071957588196,-0.713175892829895,0.32122570276260376,0.4647071957588196,-0.713175892829895
99,18,0.4248265027999878,0.6304202079772949,-0.42116498947143555,0.4248265027999878,0.6304202079772949,-0.42116498947143555
99,19,0.3531722128391266,0.46289321780204773,-0.7264804840087891,0.3531722128391266,0.46289321780204773,-0.7264804840087891
99,20,0.4402036666870117,0.630680501461029,-0.44631728529930115,0.4402036666870117,0.630680501461029,-0.44631728529930115
99,21,0.3634233772754669,0.46643877029418945,-0.646079957485199,0.3634233772754669,0.46643877029418945,-0.646079957485199
99,22,0.44369038939476013,0.623738706111908,-0.3927561044692993,0.44369038939476013,0.623738706111908,-0.3927561044692993
99,23,0.48544320464134216,0.5475991368293762,-0.020191609859466553,0.48544320464134216,0.5475991368293762,-0.020191609859466553
99,24,0.4896644055843353,0.5427213907241821,0.020382823422551155,0.4896644055843353,0.5427213907241821,0.020382823422551155
99,25,0.4515928626060486,0.5341523289680481,0.5185632109642029,0.4515928626060486,0.5341523289680481,0.5185632109642029
99,26,0.44485822319984436,0.5558971762657166,0.5704522132873535,0.44485822319984436,0.5558971762657166,0.5704522132873535
99,27,0.42349985241889954,0.5527986884117126,1.218127965927124,0.42349985241889954,0.5527986884117126,1.218127965927124
99,28,0.4217957556247711,0.5736415982246399,1.2463966608047485,0.4217957556247711,0.5736415982246399,1.2463966608047485
99,29,0.4195277690887451,0.5552006959915161,1.2951010465621948,0.4195277690887451,0.5552006959915161,1.2951010465621948
99,30,0.42057934403419495,0.5778185725212097,1.3208054304122925,0.42057934403419495,0.5778185725212097,1.3208054304122925
99,31,0.40981125831604004,0.5544596314430237,1.2654902935028076,0.40981125831604004,0.5544596314430237,1.2654902935028076
99,32,0.406769722700119,0.5829328298568726,1.278039574623108,0.406769722700119,0.5829328298568726,1.278039574623108
100,0,0.5859291553497314,0.5862255692481995,-1.3225418329238892,0.5859291553497314,0.5862255692481995,-1.3225418329238892
100,1,0.6073688864707947,0.5956678986549377,-1.3145742416381836,0.6073688864707947,0.5956678986549377,-1.3145742416381836
100,2,0.6091627478599548,0.6005312204360962,-1.3145323991775513,0.6091627478599548,0.6005312204360962,-1.3145323991775513
100,3,0.5875511169433594,0.6034883856773376,-1.3146940469741821,0.5875511169433594,0.6034883856773376,-1.3146940469741821
100,4,0.6100589036941528,0.5844319462776184,-1.3215218782424927,0.6100589036941528,0.5844319462776184,-1.3215218782424927
100,5,0.6132122874259949,0.5828629732131958,-1.321704626083374,0.6132122874259949,0.5828629732131958,-1.321704626083374
100,6,0.6168911457061768,0.5796248316764832,-1.3217600584030151,0.6168911457061768,0.5796248316764832,-1.3217600584030151
100,7,0.5908052921295166,0.6050615310668945,-1.0945186614990234,0.5908052921295166,0.6050615310668945,-1.0945186614990234
100,8,0.6360093355178833,0.569054901599884,-1.1373919248580933,0.6360093355178833,0.569054901599884,-1.1373919248580933
100,9,0.5711448192596436,0.5860235691070557,-1.2217326164245605,0.5711448192596436,0.5860235691070557,-1.2217326164245605
100,10,0.5736717581748962,0.5791528224945068,-1.2341160774230957,0.5736717581748962,0.5791528224945068,-1.2341160774230957
100,11,0.5352447032928467,0.6003577709197998,-0.8751965165138245,0.5352447032928467,0.6003577709197998,-0.8751965165138245
100,12,0.6140318512916565,0.5336683392524719,-0.7960070967674255,0.6140318512916565,0.5336683392524719,-0.7960070967674255
100,13,0.3933429718017578,0.5649783611297607,-0.7976316213607788,0.3933429718017578,0.5649783611297607,-0.7976316213607788
100,14,0.56130450963974,0.4815673232078552,-0.507180392742157,0.56130450963974,0.4815673232078552,-0.507180392742157
100,15,0.33642709255218506,0.5008587837219238,-0.8581690788269043,0.33642709255218506,0.5008587837219238,-0.8581690788269043
100,16,0.5520303845405579,0.45266109704971313,-0.3573867082595825,0.5520303845405579,0.45266109704971313,-0.3573867082595825
100,17,0.31878161430358887,0.48915502429008484,-0.9435080289840698,0.31878161430358887,0.48915502429008484,-0.9435080289840698
100,18,0.5510745644569397,0.44463050365448,-0.3853469491004944,0.5510745644569397,0.44463050365448,-0.3853469491004944
100,19,0.35620397329330444,0.46555522084236145,-0.960343599319458,0.35620397329330444,0.46555522084236145,-0.960343599319458
100,20,0.53179931640625,0.4626738727092743,-0.4276526868343353,0.53179931640625,0.4626738727092743,-0.4276526868343353
100,21,0.3643018901348114,0.4723057150840759,-0.8669257164001465,0.3643018901348114,0.4723057150840759,-0.8669257164001465
100,22,0.5482333898544312,0.4558057487010956,-0.3709128201007843,0.5482333898544312,0.4558057487010956,-0.3709128201007843
100,23,0.4578995406627655,0.5739554166793823,-0.014352661557495594,0.4578995406627655,0.5739554166793823,-0.014352661557495594
100,24,0.47525209188461304,0.5357099771499634,0.014549651183187962,0.47525209188461304,0.5357099771499634,0.014549651183187962
100,25,0.4475436508655548,0.5675737261772156,0.6199067234992981,0.4475436508655548,0.5675737261772156,0.6199067234992981
100,26,0.42989030480384827,0.5456758737564087,0.5965960621833801,0.42989030480384827,0.5456758737564087,0.5965960621833801
100,27,0.42937132716178894,0.5666179060935974,1.2744182348251343,0.42937132716178894,0.5666179060935974,1.2744182348251343
100,28,0.3941897451877594,0.5571094751358032,1.256640911102295,0.3941897451877594,0.5571094751358032,1.256640911102295
100,29,0.424053817987442,0.563820481300354,1.3446534872055054,0.424053817987442,0.563820481300354,1.3446534872055054
100,30,0.3867884576320648,0.5615975856781006,1.3249258995056152,0.3867884576320648,0.5615975856781006,1.3249258995056152
100,31,0.4031936824321747,0.5620101094245911,1.2795158624649048,0.4031936824321747,0.5620101094245911,1.2795158624649048
100,32,0.3677698075771332,0.5586653351783752,1.2237399816513062,0.3677698075771332,0.5586653351783752,1.2237399816513062
101,0,0.5803812146186829,0.5759302377700806,-1.2817500829696655,0.5803812146186829,0.5759302377700806,-1.2817500829696655
101,1,0.5931599736213684,0.5802708864212036,-1.2797449827194214,0.5931599736213684,0.5802708864212036,-1.2797449827194214
101,2,0.5915538668632507,0.5832666158676147,-1.2796763181686401,0.5915538668632507,0.5832666158676147,-1.2796763181686401
101,3,0.5898600816726685,0.5863039493560791,-1.279852032661438,0.5898600816726685,0.5863039493560791,-1.279852032661438
101,4,0.6118361949920654,0.5778140425682068,-1.2847504615783691,0.6118361949920654,0.5778140425682068,-1.2847504615783691
101,5,0.6160387992858887,0.5748710632324219,-1.2847868204116821,0.6160387992858887,0.5748710632324219,-1.2847868204116821
101,6,0.6204114556312561,0.5714050531387329,-1.284637212753296,0.6204114556312561,0.5714050531387329,-1.284637212753296
101,7,0.5914830565452576,0.5854252576828003,-1.0836544036865234,0.5914830565452576,0.5854252576828003,-1.0836544036865234
101,8,0.6250081062316895,0.5593858957290649,-1.116896152496338,0.6250081062316895,0.5593858957290649,-1.116896152496338
101,9,0.5674042105674744,0.581212043762207,-1.1898599863052368,0.5674042105674744,0.581212043762207,-1.1898599863052368
101,10,0.5695016384124756,0.5739603042602539,-1.1993831396102905,0.5695016384124756,0.5739603042602539,-1.1993831396102905
101,11,0.5356571078300476,0.580531895160675,-0.8981186747550964,0.5356571078300476,0.580531895160675,-0.8981186747550964
101,12,0.5969619750976562,0.5409015417098999,-0.7660621404647827,0.5969619750976562,0.5409015417098999,-0.7660621404647827
101,13,0.3953234553337097,0.5401521325111389,-0.7986459136009216,0.3953234553337097,0.5401521325111389,-0.7986459136009216
101,14,0.5093976259231567,0.5224801898002625,-0.5108392238616943,0.5093976259231567,0.5224801898002625,-0.5108392238616943
101,15,0.33483991026878357,0.4776504337787628,-0.8050389289855957,0.33483991026878357,0.4776504337787628,-0.8050389289855957
101,16,0.4457986056804657,0.5467298626899719,-0.39804619550704956,0.4457986056804657,0.5467298626899719,-0.39804619550704956
101,17,0.31842827796936035,0.45309340953826904,-0.8796497583389282,0.31842827796936035,0.45309340953826904,-0.8796497583389282
101,18,0.42914053797721863,0.5541173815727234,-0.42508774995803833,0.42914053797721863,0.5541173815727234,-0.42508774995803833
101,19,0.35085418820381165,0.4540226459503174,-0.887400209903717,0.35085418820381165,0.4540226459503174,-0.887400209903717
101,20,0.43803465366363525,0.5592174530029297,-0.4471505582332611,0.43803465366363525,0.5592174530029297,-0.4471505582332611
101,21,0.3601793646812439,0.46077194809913635,-0.8049387335777283,0.3601793646812439,0.46077194809913635,-0.8049387335777283
101,22,0.44241130352020264,0.5560706853866577,-0.40300533175468445,0.44241130352020264,0.5560706853866577,-0.40300533175468445
101,23,0.44963663816452026,0.559055745601654,-0.03870682418346405,0.44963663816452026,0.559055745601654,-0.03870682418346405
101,24,0.47219109535217285,0.5317846536636353,0.038727741688489914,0.47219109535217285,0.5317846536636353,0.038727741688489914
101,25,0.39766383171081543,0.5389187335968018,0.5112046599388123,0.39766383171081543,0.5389187335968018,0.5112046599388123
101,26,0.3923318088054657,0.5338466167449951,0.5704331398010254,0.3923318088054657,0.5338466167449951,0.5704331398010254
101,27,0.3424256145954132,0.53997802734375,1.0778216123580933,0.3424256145954132,0.53997802734375,1.0778216123580933
101,28,0.3322259783744812,0.5347676873207092,1.1423932313919067,0.3322259783744812,0.5347676873207092,1.1423932313919067
101,29,0.3318365514278412,0.5417688488960266,1.1377424001693726,0.3318365514278412,0.5417688488960266,1.1377424001693726
101,30,0.3222224712371826,0.5402488708496094,1.2028474807739258,0.3222224712371826,0.5402488708496094,1.2028474807739258
101,31,0.3146205246448517,0.5274543166160583,1.083444356918335,0.3146205246448517,0.5274543166160583,1.083444356918335
101,32,0.29597702622413635,0.5257443785667419,1.1314592361450195,0.29597702622413635,0.5257443785667419,1.1314592361450195
102,0,0.5850405693054199,0.5869579315185547,-1.203610897064209,0.5850405693054199,0.5869579315185547,-1.203610897064209
102,1,0.6056623458862305,0.5944317579269409,-1.2052288055419922,0.6056623458862305,0.5944317579269409,-1.2052288055419922
102,2,0.6072883009910583,0.5971015095710754,-1.205223560333252,0.6072883009910583,0.5971015095710754,-1.205223560333252
102,3,0.5913981795310974,0.5929891467094421,-1.2053894996643066,0.5913981795310974,0.5929891467094421,-1.2053894996643066
102,4,0.606933057308197,0.5849321484565735,-1.2015608549118042,0.606933057308197,0.5849321484565735,-1.2015608549118042
102,5,0.6098570823669434,0.5825952887535095,-1.2016137838363647,0.6098570823669434,0.5825952887535095,-1.2016137838363647
102,6,0.6150049567222595,0.5805118083953857,-1.2015585899353027,0.6150049567222595,0.5805118083953857,-1.2015585899353027
102,7,0.5913824439048767,0.5903350114822388,-1.0387481451034546,0.5913824439048767,0.5903350114822388,-1.0387481451034546
102,8,0.6254174709320068,0.5738216638565063,-1.0306745767593384,0.6254174709320068,0.5738216638565063,-1.0306745767593384
102,9,0.5737397074699402,0.5882699489593506,-1.1237047910690308,0.5737397074699402,0.5882699489593506,-1.1237047910690308
102,10,0.5750303268432617,0.5822945833206177,-1.1217310428619385,0.5750303268432617,0.5822945833206177,-1.1217310428619385
102,11,0.5380947589874268,0.5777763724327087,-0.8814542293548584,0.5380947589874268,0.5777763724327087,-0.8814542293548584
102,12,0.5789588689804077,0.5666621923446655,-0.7025388479232788,0.5789588689804077,0.5666621923446655,-0.7025388479232788
102,13,0.3953065872192383,0.5298313498497009,-0.8113406300544739,0.3953065872192383,0.5298313498497009,-0.8113406300544739
102,14,0.4674150347709656,0.5643496513366699,-0.47656869888305664,0.4674150347709656,0.5643496513366699,-0.47656869888305664
102,15,0.3386911153793335,0.47035035490989685,-0.7940599918365479,0.3386911153793335,0.47035035490989685,-0.7940599918365479
102,16,0.4222993850708008,0.5850375890731812,-0.356106698513031,0.4222993850708008,0.5850375890731812,-0.356106698513031
102,17,0.31805509328842163,0.4514811635017395,-0.8713510036468506,0.31805509328842163,0.4514811635017395,-0.8713510036468506
102,18,0.4077412188053131,0.5921046733856201,-0.3800510764122009,0.4077412188053131,0.5921046733856201,-0.3800510764122009
102,19,0.3430500030517578,0.4486828148365021,-0.8773356080055237,0.3430500030517578,0.4486828148365021,-0.8773356080055237
102,20,0.41929352283477783,0.5950379371643066,-0.40345945954322815,0.41929352283477783,0.5950379371643066,-0.40345945954322815
102,21,0.3540032207965851,0.45629650354385376,-0.7932870984077454,0.3540032207965851,0.45629650354385376,-0.7932870984077454
102,22,0.4233909845352173,0.5914026498794556,-0.3617221415042877,0.4233909845352173,0.5914026498794556,-0.3617221415042877
102,23,0.43448904156684875,0.5657081007957458,-0.05073288828134537,0.43448904156684875,0.5657081007957458,-0.05073288828134537
102,24,0.4554149806499481,0.5517973899841309,0.05053608864545822,0.4554149806499481,0.5517973899841309,0.05053608864545822
102,25,0.37428104877471924,0.5403687953948975,0.49750202894210815,0.37428104877471924,0.5403687953948975,0.49750202894210815
102,26,0.4061039686203003,0.5490064024925232,0.6386927366256714,0.4061039686203003,0.5490064024925232,0.6386927366256714
102,27,0.31035348773002625,0.546028196811676,1.1113823652267456,0.31035348773002625,0.546028196811676,1.1113823652267456
102,28,0.369901567697525,0.5594191551208496,1.2584254741668701,0.369901567697525,0.5594191551208496,1.2584254741668701
102,29,0.3006567656993866,0.5491958260536194,1.1773866415023804,0.3006567656993866,0.5491958260536194,1.1773866415023804
102,30,0.3637402355670929,0.5662959218025208,1.3250261545181274,0.3637402355670929,0.5662959218025208,1.3250261545181274
102,31,0.2828005254268646,0.5338367223739624,1.1194210052490234,0.2828005254268646,0.5338367223739624,1.1194210052490234
102,32,0.3470967710018158,0.5504616498947144,1.2673078775405884,0.3470967710018158,0.5504616498947144,1.2673078775405884
103,0,0.5882251262664795,0.5855087637901306,-0.9619439840316772,0.5882251262664795,0.5855087637901306,-0.9619439840316772
103,1,0.6078027486801147,0.5861700177192688,-0.9803969264030457,0.6078027486801147,0.5861700177192688,-0.9803969264030457
103,2,0.603571891784668,0.5814954042434692,-0.9803999662399292,0.603571891784668,0.5814954042434692,-0.9803999662399292
103,3,0.6023777723312378,0.5801368355751038,-0.9805858135223389,0.6023777723312378,0.5801368355751038,-0.9805858135223389
103,4,0.6085355877876282,0.5825705528259277,-0.98609459400177,0.6085355877876282,0.5825705528259277,-0.98609459400177
103,5,0.6127867698669434,0.580438494682312,-0.9862756133079529,0.6127867698669434,0.580438494682312,-0.9862756133079529
103,6,0.6158454418182373,0.5782721638679504,-0.9862596988677979,0.6158454418182373,0.5782721638679504,-0.9862596988677979
103,7,0.5954598784446716,0.5699823498725891,-0.9015799760818481,0.5954598784446716,0.5699823498725891,-0.9015799760818481
103,8,0.6226351857185364,0.572711169719696,-0.9365265965461731,0.6226351857185364,0.572711169719696,-0.9365265965461731
103,9,0.5725888013839722,0.583858072757721,-0.9123103022575378,0.5725888013839722,0.583858072757721,-0.9123103022575378
103,10,0.5801066756248474,0.5808519124984741,-0.922827959060669,0.5801066756248474,0.5808519124984741,-0.922827959060669
103,11,0.5453168153762817,0.5345849990844727,-0.7559763193130493,0.5453168153762817,0.5345849990844727,-0.7559763193130493
103,12,0.5629898309707642,0.5786716341972351,-0.7107076644897461,0.5629898309707642,0.5786716341972351,-0.7107076644897461
103,13,0.4116060733795166,0.5018630027770996,-0.6044057011604309,0.4116060733795166,0.5018630027770996,-0.6044057011604309
103,14,0.45382508635520935,0.6021522879600525,-0.5114660859107971,0.45382508635520935,0.6021522879600525,-0.5114660859107971
103,15,0.3481466472148895,0.4699119031429291,-0.4898234009742737,0.3481466472148895,0.4699119031429291,-0.4898234009742737
103,16,0.4075029194355011,0.6568301916122437,-0.3636161684989929,0.4075029194355011,0.6568301916122437,-0.3636161684989929
103,17,0.33374160528182983,0.45415204763412476,-0.5462092757225037,0.33374160528182983,0.45415204763412476,-0.5462092757225037
103,18,0.4048916697502136,0.6735035181045532,-0.39378511905670166,0.4048916697502136,0.6735035181045532,-0.39378511905670166
103,19,0.36021342873573303,0.4532943367958069,-0.5628242492675781,0.36021342873573303,0.4532943367958069,-0.5628242492675781
103,20,0.4301169812679291,0.669014573097229,-0.4114592373371124,0.4301169812679291,0.669014573097229,-0.4114592373371124
103,21,0.3713360130786896,0.4596906304359436,-0.49198320508003235,0.3713360130786896,0.4596906304359436,-0.49198320508003235
103,22,0.408404678106308,0.6588210463523865,-0.36597877740859985,0.408404678106308,0.6588210463523865,-0.36597877740859985
103,23,0.4394987225532532,0.5412284135818481,-0.014352445490658283,0.4394987225532532,0.5412284135818481,-0.014352445490658283
103,24,0.44314995408058167,0.5510628819465637,0.014317593537271023,0.44314995408058167,0.5510628819465637,0.014317593537271023
103,25,0.43048325181007385,0.536690890789032,0.5020588040351868,0.43048325181007385,0.536690890789032,0.5020588040351868
103,26,0.43500077724456787,0.5721965432167053,0.565861701965332,0.43500077724456787,0.5721965432167053,0.565861701965332
103,27,0.40655484795570374,0.546412467956543,1.1309177875518799,0.40655484795570374,0.546412467956543,1.1309177875518799
103,28,0.43258872628211975,0.5874967575073242,1.18476140499115,0.43258872628211975,0.5874967575073242,1.18476140499115
103,29,0.3994391858577728,0.5462126731872559,1.2016602754592896,0.3994391858577728,0.5462126731872559,1.2016602754592896
103,30,0.42854756116867065,0.5908840298652649,1.2529326677322388,0.42854756116867065,0.5908840298652649,1.2529326677322388
103,31,0.40674063563346863,0.5478431582450867,1.19049072265625,0.40674063563346863,0.5478431582450867,1.19049072265625
103,32,0.44211438298225403,0.5930526852607727,1.2362903356552124,0.44211438298225403,0.5930526852607727,1.2362903356552124
104,0,0.5921803116798401,0.592218279838562,-0.8151549100875854,0.5921803116798401,0.592218279838562,-0.8151549100875854
104,1,0.6123986840248108,0.5982909202575684,-0.8268598914146423,0.6123986840248108,0.5982909202575684,-0.8268598914146423
104,2,0.6142005324363708,0.6018534302711487,-0.826923131942749,0.6142005324363708,0.6018534302711487,-0.826923131942749
104,3,0.605851948261261,0.6031626462936401,-0.8270934820175171,0.605851948261261,0.6031626462936401,-0.8270934820175171
104,4,0.6128077507019043,0.5886887311935425,-0.8350056409835815,0.6128077507019043,0.5886887311935425,-0.8350056409835815
104,5,0.6148424744606018,0.5857904553413391,-0.8351388573646545,0.6148424744606018,0.5857904553413391,-0.8351388573646545
104,6,0.6081975102424622,0.602948784828186,-0.8351789712905884,0.6081975102424622,0.602948784828186,-0.8351789712905884
104,7,0.6040832996368408,0.5946934819221497,-0.7504792809486389,0.6040832996368408,0.5946934819221497,-0.7504792809486389
104,8,0.6055305004119873,0.5965880751609802,-0.7930830121040344,0.6055305004119873,0.5965880751609802,-0.7930830121040344
104,9,0.5757747888565063,0.5907774567604065,-0.7700234651565552,0.5757747888565063,0.5907774567604065,-0.7700234651565552
104,10,0.5764360427856445,0.5844577550888062,-0.7828389406204224,0.5764360427856445,0.5844577550888062,-0.7828389406204224
104,11,0.5523665547370911,0.5647054314613342,-0.647217869758606,0.5523665547370911,0.5647054314613342,-0.647217869758606
104,12,0.5609278082847595,0.5909883975982666,-0.600642740726471,0.5609278082847595,0.5909883975982666,-0.600642740726471
104,13,0.419689804315567,0.5194811820983887,-0.5660149455070496,0.419689804315567,0.5194811820983887,-0.5660149455070496
104,14,0.4474753737449646,0.6105236411094666,-0.43491455912590027,0.4474753737449646,0.6105236411094666,-0.43491455912590027
104,15,0.3498961925506592,0.47363924980163574,-0.4906625747680664,0.3498961925506592,0.47363924980163574,-0.4906625747680664
104,16,0.4037056267261505,0.647290825843811,-0.297404408454895,0.4037056267261505,0.647290825843811,-0.297404408454895
104,17,0.3330129086971283,0.4591914713382721,-0.5454393625259399,0.3330129086971283,0.4591914713382721,-0.5454393625259399
104,18,0.38911914825439453,0.6589080691337585,-0.3214821517467499,0.38911914825439453,0.6589080691337585,-0.3214821517467499
104,19,0.3578157126903534,0.4556480646133423,-0.5501379370689392,0.3578157126903534,0.4556480646133423,-0.5501379370689392
104,20,0.4016571640968323,0.6618279814720154,-0.332428514957428,0.4016571640968323,0.6618279814720154,-0.332428514957428
104,21,0.367291659116745,0.46225643157958984,-0.4897596836090088,0.367291659116745,0.46225643157958984,-0.4897596836090088
104,22,0.40670663118362427,0.6558746099472046,-0.29804956912994385,0.40670663118362427,0.6558746099472046,-0.29804956912994385
104,23,0.43069034814834595,0.5643876791000366,-0.006812342908233404,0.43069034814834595,0.5643876791000366,-0.006812342908233404
104,24,0.43440788984298706,0.5669360756874084,0.006525612436234951,0.43440788984298706,0.5669360756874084,0.006525612436234951
104,25,0.39328449964523315,0.5548433661460876,0.4488665759563446,0.39328449964523315,0.5548433661460876,0.4488665759563446
104,26,0.40007343888282776,0.5722553133964539,0.5006544589996338,0.40007343888282776,0.5722553133964539,0.5006544589996338
104,27,0.3519851863384247,0.5603140592575073,0.9831263422966003,0.3519851863384247,0.5603140592575073,0.9831263422966003
104,28,0.37076959013938904,0.5826655626296997,1.0112696886062622,0.37076959013938904,0.5826655626296997,1.0112696886062622
104,29,0.3453561067581177,0.5614041686058044,1.0435432195663452,0.3453561067581177,0.5614041686058044,1.0435432195663452
104,30,0.3653540313243866,0.5856296420097351,1.0663961172103882,0.3653540313243866,0.5856296420097351,1.0663961172103882
104,31,0.3358503580093384,0.5614926815032959,1.021714210510254,0.3358503580093384,0.5614926815032959,1.021714210510254
104,32,0.35807231068611145,0.5891135334968567,1.0275955200195312,0.35807231068611145,0.5891135334968567,1.0275955200195312
105,0,0.5911278128623962,0.5950151681900024,-0.8491877317428589,0.5911278128623962,0.5950151681900024,-0.8491877317428589
105,1,0.6113643646240234,0.6013652682304382,-0.859765350818634,0.6113643646240234,0.6013652682304382,-0.859765350818634
105,2,0.613301157951355,0.6041606664657593,-0.8598587512969971,0.613301157951355,0.6041606664657593,-0.8598587512969971
105,3,0.6069834232330322,0.6088686585426331,-0.8599879741668701,0.6069834232330322,0.6088686585426331,-0.8599879741668701
105,4,0.6111626029014587,0.5949934124946594,-0.8667882680892944,0.6111626029014587,0.5949934124946594,-0.8667882680892944
105,5,0.6131486296653748,0.5930862426757812,-0.8669594526290894,0.6131486296653748,0.5930862426757812,-0.8669594526290894
105,6,0.6032667756080627,0.606735348701477,-0.8671110272407532,0.6032667756080627,0.606735348701477,-0.8671110272407532
105,7,0.607599139213562,0.6019043922424316,-0.7787109613418579,0.607599139213562,0.6019043922424316,-0.7787109613418579
105,8,0.6014396548271179,0.6003212332725525,-0.8148311972618103,0.6014396548271179,0.6003212332725525,-0.8148311972618103
105,9,0.5799870491027832,0.5954762697219849,-0.801395833492279,0.5799870491027832,0.5954762697219849,-0.801395833492279
105,10,0.5739331841468811,0.5900094509124756,-0.8124459385871887,0.5739331841468811,0.5900094509124756,-0.8124459385871887
105,11,0.5636885166168213,0.5774614214897156,-0.6605254411697388,0.5636885166168213,0.5774614214897156,-0.6605254411697388
105,12,0.5546825528144836,0.5885885953903198,-0.6111869812011719,0.5546825528144836,0.5885885953903198,-0.6111869812011719
105,13,0.42154985666275024,0.5235724449157715,-0.6084370613098145,0.42154985666275024,0.5235724449157715,-0.6084370613098145
105,14,0.4389919936656952,0.5880342125892639,-0.4337535500526428,0.4389919936656952,0.5880342125892639,-0.4337535500526428
105,15,0.34811025857925415,0.47423771023750305,-0.6008143424987793,0.34811025857925415,0.47423771023750305,-0.6008143424987793
105,16,0.3932548463344574,0.6070504784584045,-0.28859269618988037,0.3932548463344574,0.6070504784584045,-0.28859269618988037
105,17,0.32939836382865906,0.45673269033432007,-0.6706400513648987,0.32939836382865906,0.45673269033432007,-0.6706400513648987
105,18,0.382143497467041,0.6136742830276489,-0.3200259506702423,0.382143497467041,0.6136742830276489,-0.3200259506702423
105,19,0.35294872522354126,0.4547629952430725,-0.6793881058692932,0.35294872522354126,0.4547629952430725,-0.6793881058692932
105,20,0.3935420513153076,0.6163808107376099,-0.33129143714904785,0.3935420513153076,0.6163808107376099,-0.33129143714904785
105,21,0.3625314235687256,0.4623525142669678,-0.6052243113517761,0.3625314235687256,0.4623525142669678,-0.6052243113517761
105,22,0.3973712623119354,0.6129075884819031,-0.2909889817237854,0.3973712623119354,0.6129075884819031,-0.2909889817237854
105,23,0.43464064598083496,0.5709043145179749,-0.00736311124637723,0.43464064598083496,0.5709043145179749,-0.00736311124637723
105,24,0.42977434396743774,0.5670247077941895,0.007156728766858578,0.42977434396743774,0.5670247077941895,0.007156728766858578
105,25,0.40886107087135315,0.56648188829422,0.474272221326828,0.40886107087135315,0.56648188829422,0.474272221326828
105,26,0.39981991052627563,0.5741941928863525,0.5082090497016907,0.39981991052627563,0.5741941928863525,0.5082090497016907
105,27,0.3746902346611023,0.566355288028717,1.0508164167404175,0.3746902346611023,0.566355288028717,1.0508164167404175
105,28,0.3817262649536133,0.5857513546943665,1.0493983030319214,0.3817262649536133,0.5857513546943665,1.0493983030319214
105,29,0.36958402395248413,0.5677757859230042,1.1138601303100586,0.36958402395248413,0.5677757859230042,1.1138601303100586
105,30,0.3813830018043518,0.5897786617279053,1.106580376625061,0.3813830018043518,0.5897786617279053,1.106580376625061
105,31,0.3569366931915283,0.5639516115188599,1.0693860054016113,0.3569366931915283,0.5639516115188599,1.0693860054016113
105,32,0.35958072543144226,0.5910991430282593,1.0428085327148438,0.35958072543144226,0.5910991430282593,1.0428085327148438
106,0,0.591437578201294,0.5911290049552917,-1.0887775421142578,0.591437578201294,0.5911290049552917,-1.0887775421142578
106,1,0.6168493032455444,0.5975954532623291,-1.0887764692306519,0.6168493032455444,0.5975954532623291,-1.0887764692306519
106,2,0.6197260022163391,0.6002999544143677,-1.0887930393218994,0.6197260022163391,0.6002999544143677,-1.0887930393218994
106,3,0.6086161732673645,0.5966036319732666,-1.088902473449707,0.6086161732673645,0.5966036319732666,-1.088902473449707
106,4,0.6132102012634277,0.5896528959274292,-1.1061666011810303,0.6132102012634277,0.5896528959274292,-1.1061666011810303
106,5,0.6143026947975159,0.5869971513748169,-1.106253981590271,0.6143026947975159,0.5869971513748169,-1.106253981590271
106,6,0.6156670451164246,0.5811807513237,-1.1062812805175781,0.6156670451164246,0.5811807513237,-1.1062812805175781
106,7,0.610914409160614,0.5856569409370422,-0.9412708282470703,0.610914409160614,0.5856569409370422,-0.9412708282470703
106,8,0.6103395819664001,0.5853806734085083,-1.0267225503921509,0.6103395819664001,0.5853806734085083,-1.0267225503921509
106,9,0.5804226398468018,0.5910516977310181,-1.0153378248214722,0.5804226398468018,0.5910516977310181,-1.0153378248214722
106,10,0.5796658992767334,0.5843210220336914,-1.0405287742614746,0.5796658992767334,0.5843210220336914,-1.0405287742614746
106,11,0.5681930780410767,0.555393397808075,-0.7758251428604126,0.5681930780410767,0.555393397808075,-0.7758251428604126
106,12,0.5670881271362305,0.5805732011795044,-0.7661028504371643,0.5670881271362305,0.5805732011795044,-0.7661028504371643
106,13,0.4186023771762848,0.5201078057289124,-0.6465453505516052,0.4186023771762848,0.5201078057289124,-0.6465453505516052
106,14,0.4382832646369934,0.6043571829795837,-0.5957756042480469,0.4382832646369934,0.6043571829795837,-0.5957756042480469
106,15,0.34637707471847534,0.4723069369792938,-0.5790022015571594,0.34637707471847534,0.4723069369792938,-0.5790022015571594
106,16,0.399697870016098,0.6464552879333496,-0.4551163911819458,0.399697870016098,0.6464552879333496,-0.4551163911819458
106,17,0.3304797410964966,0.4525999128818512,-0.636772632598877,0.3304797410964966,0.4525999128818512,-0.636772632598877
106,18,0.38321220874786377,0.6591062545776367,-0.49701187014579773,0.38321220874786377,0.6591062545776367,-0.49701187014579773
106,19,0.3590240478515625,0.4522012770175934,-0.6523878574371338,0.3590240478515625,0.4522012770175934,-0.6523878574371338
106,20,0.40262219309806824,0.6618703603744507,-0.5046334266662598,0.40262219309806824,0.6618703603744507,-0.5046334266662598
106,21,0.3635709285736084,0.45826950669288635,-0.5816096067428589,0.3635709285736084,0.45826950669288635,-0.5816096067428589
106,22,0.4075847566127777,0.6544978022575378,-0.45550721883773804,0.4075847566127777,0.6544978022575378,-0.45550721883773804
106,23,0.4318734407424927,0.5506786108016968,-0.01682456023991108,0.4318734407424927,0.5506786108016968,-0.01682456023991108
106,24,0.44273674488067627,0.5517086982727051,0.016325902193784714,0.44273674488067627,0.5517086982727051,0.016325902193784714
106,25,0.34919798374176025,0.5128715634346008,0.48186060786247253,0.34919798374176025,0.5128715634346008,0.48186060786247253
106,26,0.41014161705970764,0.542330265045166,0.6058183312416077,0.41014161705970764,0.542330265045166,0.6058183312416077
106,27,0.23374149203300476,0.5002719163894653,1.084471583366394,0.23374149203300476,0.5002719163894653,1.084471583366394
106,28,0.3432011902332306,0.5482621192932129,1.2058162689208984,0.3432011902332306,0.5482621192932129,1.2058162689208984
106,29,0.2107178419828415,0.5005826354026794,1.150987148284912,0.2107178419828415,0.5005826354026794,1.150987148284912
106,30,0.3292645812034607,0.5516321659088135,1.2684537172317505,0.3292645812034607,0.5516321659088135,1.2684537172317505
106,31,0.21791067719459534,0.4831807613372803,1.1046925783157349,0.21791067719459534,0.4831807613372803,1.1046925783157349
106,32,0.32700115442276,0.5507547855377197,1.2233487367630005,0.32700115442276,0.5507547855377197,1.2233487367630005
107,0,0.5,0.5,0.0,0.5,0.5,0.0
107,1,0.5,0.5,0.0,0.5,0.5,0.0
107,2,0.5,0.5,0.0,0.5,0.5,0.0
107,3,0.5,0.5,0.0,0.5,0.5,0.0
107,4,0.5,0.5,0.0,0.5,0.5,0.0
107,5,0.5,0.5,0.0,0.5,0.5,0.0
107,6,0.5,0.5,0.0,0.5,0.5,0.0
107,7,0.5,0.5,0.0,0.5,0.5,0.0
107,8,0.5,0.5,0.0,0.5,0.5,0.0
107,9,0.5,0.5,0.0,0.5,0.5,0.0
107,10,0.5,0.5,0.0,0.5,0.5,0.0
107,11,0.5,0.5,0.0,0.5,0.5,0.0
107,12,0.5,0.5,0.0,0.5,0.5,0.0
107,13,0.5,0.5,0.0,0.5,0.5,0.0
107,14,0.5,0.5,0.0,0.5,0.5,0.0
107,15,0.5,0.5,0.0,0.5,0.5,0.0
107,16,0.5,0.5,0.0,0.5,0.5,0.0
107,17,0.5,0.5,0.0,0.5,0.5,0.0
107,18,0.5,0.5,0.0,0.5,0.5,0.0
107,19,0.5,0.5,0.0,0.5,0.5,0.0
107,20,0.5,0.5,0.0,0.5,0.5,0.0
107,21,0.5,0.5,0.0,0.5,0.5,0.0
107,22,0.5,0.5,0.0,0.5,0.5,0.0
107,23,0.5,0.5,0.0,0.5,0.5,0.0
107,24,0.5,0.5,0.0,0.5,0.5,0.0
107,25,0.5,0.5,0.0,0.5,0.5,0.0
107,26,0.5,0.5,0.0,0.5,0.5,0.0
107,27,0.5,0.5,0.0,0.5,0.5,0.0
107,28,0.5,0.5,0.0,0.5,0.5,0.0
107,29,0.5,0.5,0.0,0.5,0.5,0.0
107,30,0.5,0.5,0.0,0.5,0.5,0.0
107,31,0.5,0.5,0.0,0.5,0.5,0.0
107,32,0.5,0.5,0.0,0.5,0.5,0.0
108,0,0.5977068543434143,0.5922250747680664,-0.9972983598709106,0.5977068543434143,0.5922250747680664,-0.9972983598709106
108,1,0.6203764081001282,0.5954530835151672,-1.0024901628494263,0.6203764081001282,0.5954530835151672,-1.0024901628494263
108,2,0.6236031651496887,0.5985240936279297,-1.0025380849838257,0.6236031651496887,0.5985240936279297,-1.0025380849838257
108,3,0.6181792616844177,0.6006934642791748,-1.0027077198028564,0.6181792616844177,0.6006934642791748,-1.0027077198028564
108,4,0.6178379654884338,0.5867828130722046,-1.0120195150375366,0.6178379654884338,0.5867828130722046,-1.0120195150375366
108,5,0.6194471716880798,0.5841382741928101,-1.0121523141860962,0.6194471716880798,0.5841382741928101,-1.0121523141860962
108,6,0.6216554641723633,0.582252562046051,-1.0121463537216187,0.6216554641723633,0.582252562046051,-1.0121463537216187
108,7,0.6150988340377808,0.591497004032135,-0.8852648138999939,0.6150988340377808,0.591497004032135,-0.8852648138999939
108,8,0.6092485785484314,0.5884966254234314,-0.9344650506973267,0.6092485785484314,0.5884966254234314,-0.9344650506973267
108,9,0.5814296007156372,0.5922642946243286,-0.9361969828605652,0.5814296007156372,0.5922642946243286,-0.9361969828605652
108,10,0.5814167261123657,0.5843220949172974,-0.9507417678833008,0.5814167261123657,0.5843220949172974,-0.9507417678833008
108,11,0.5634527206420898,0.5634799003601074,-0.7395282983779907,0.5634527206420898,0.5634799003601074,-0.7395282983779907
108,12,0.5507776141166687,0.585797905921936,-0.6903175115585327,0.5507776141166687,0.585797905921936,-0.6903175115585327
108,13,0.42098939418792725,0.5224034190177917,-0.6108812093734741,0.42098939418792725,0.5224034190177917,-0.6108812093734741
108,14,0.43228065967559814,0.6179882884025574,-0.5212153196334839,0.43228065967559814,0.6179882884025574,-0.5212153196334839
108,15,0.3506419062614441,0.47705602645874023,-0.5399497151374817,0.3506419062614441,0.47705602645874023,-0.5399497151374817
108,16,0.41934725642204285,0.6700937151908875,-0.4292739927768707,0.41934725642204285,0.6700937151908875,-0.4292739927768707
108,17,0.3346758186817169,0.4568290710449219,-0.5998450517654419,0.3346758186817169,0.4568290710449219,-0.5998450517654419
108,18,0.4158305525779724,0.6876195073127747,-0.4718378186225891,0.4158305525779724,0.6876195073127747,-0.4718378186225891
108,19,0.361086905002594,0.45565885305404663,-0.6154400110244751,0.361086905002594,0.45565885305404663,-0.6154400110244751
108,20,0.41212671995162964,0.6822271943092346,-0.48682793974876404,0.41212671995162964,0.6822271943092346,-0.48682793974876404
108,21,0.3710164725780487,0.46254825592041016,-0.5416014790534973,0.3710164725780487,0.46254825592041016,-0.5416014790534973
108,22,0.417019784450531,0.6754686832427979,-0.4337126314640045,0.417019784450531,0.6754686832427979,-0.4337126314640045
108,23,0.437295138835907,0.5620715022087097,-0.008800526149570942,0.437295138835907,0.5620715022087097,-0.008800526149570942
108,24,0.4380325675010681,0.5616093873977661,0.008665294386446476,0.4380325675010681,0.5616093873977661,0.008665294386446476
108,25,0.3911094665527344,0.5429614186286926,0.47376078367233276,0.3911094665527344,0.5429614186286926,0.47376078367233276
108,26,0.40777483582496643,0.5734760761260986,0.5406882762908936,0.40777483582496643,0.5734760761260986,0.5406882762908936
108,27,0.33427727222442627,0.5310423374176025,1.0571331977844238,0.33427727222442627,0.5310423374176025,1.0571331977844238
108,28,0.3817475736141205,0.5842596292495728,1.106945514678955,0.3817475736141205,0.5842596292495728,1.106945514678955
108,29,0.324834942817688,0.5293871760368347,1.1221487522125244,0.324834942817688,0.5293871760368347,1.1221487522125244
108,30,0.376318097114563,0.5877429246902466,1.1679551601409912,0.376318097114563,0.5877429246902466,1.1679551601409912
108,31,0.3156101405620575,0.5241311192512512,1.089784860610962,0.3156101405620575,0.5241311192512512,1.089784860610962
108,32,0.36797255277633667,0.5892786979675293,1.1312717199325562,0.36797255277633667,0.5892786979675293,1.1312717199325562
109,0,0.5962870717048645,0.5860187411308289,-0.9769176244735718,0.5962870717048645,0.5860187411308289,-0.9769176244735718
109,1,0.615157961845398,0.6011647582054138,-0.9873179793357849,0.615157961845398,0.6011647582054138,-0.9873179793357849
109,2,0.6141506433486938,0.6052451729774475,-0.9873396158218384,0.6141506433486938,0.6052451729774475,-0.9873396158218384
109,3,0.6130400896072388,0.6093260049819946,-0.9875100255012512,0.6130400896072388,0.6093260049819946,-0.9875100255012512
109,4,0.619312047958374,0.5903539657592773,-0.9800586104393005,0.619312047958374,0.5903539657592773,-0.9800586104393005
109,5,0.6213821768760681,0.586033284664154,-0.9801820516586304,0.6213821768760681,0.586033284664154,-0.9801820516586304
109,6,0.6234637498855591,0.5817920565605164,-0.9802169799804688,0.6234637498855591,0.5817920565605164,-0.9802169799804688
109,7,0.6102719306945801,0.6129764318466187,-0.8811090588569641,0.6102719306945801,0.6129764318466187,-0.8811090588569641
109,8,0.6238665580749512,0.5746667981147766,-0.8541631102561951,0.6238665580749512,0.5746667981147766,-0.8541631102561951
109,9,0.5793236494064331,0.5910865664482117,-0.9171997904777527,0.5793236494064331,0.5910865664482117,-0.9171997904777527
109,10,0.5794159173965454,0.5787690877914429,-0.9096826910972595,0.5794159173965454,0.5787690877914429,-0.9096826910972595
109,11,0.5395309329032898,0.6107375025749207,-0.7879950404167175,0.5395309329032898,0.6107375025749207,-0.7879950404167175
109,12,0.5927555561065674,0.5609546303749084,-0.5582585334777832,0.5927555561065674,0.5609546303749084,-0.5582585334777832
109,13,0.3980637490749359,0.5665767192840576,-0.7382935285568237,0.3980637490749359,0.5665767192840576,-0.7382935285568237
109,14,0.5022317171096802,0.5268514156341553,-0.28156694769859314,0.5022317171096802,0.5268514156341553,-0.28156694769859314
109,15,0.3484237790107727,0.4834515154361725,-0.764592707157135,0.3484237790107727,0.4834515154361725,-0.764592707157135
109,16,0.47296759486198425,0.5166643261909485,-0.11659130454063416,0.47296759486198425,0.5166643261909485,-0.11659130454063416
109,17,0.3287317454814911,0.46686530113220215,-0.839271605014801,0.3287317454814911,0.46686530113220215,-0.839271605014801
109,18,0.4657248258590698,0.5133320093154907,-0.12734436988830566,0.4657248258590698,0.5133320093154907,-0.12734436988830566
109,19,0.3553937077522278,0.45900067687034607,-0.8517053127288818,0.3553937077522278,0.45900067687034607,-0.8517053127288818
109,20,0.4725077152252197,0.5151169896125793,-0.1573345959186554,0.4725077152252197,0.5151169896125793,-0.1573345959186554
109,21,0.3673306107521057,0.4661010801792145,-0.768631637096405,0.3673306107521057,0.4661010801792145,-0.768631637096405
109,22,0.472703754901886,0.5172016620635986,-0.12482250481843948,0.472703754901886,0.5172016620635986,-0.12482250481843948
109,23,0.39137107133865356,0.5873216986656189,-0.08416981250047684,0.39137107133865356,0.5873216986656189,-0.08416981250047684
109,24,0.432547926902771,0.5656566619873047,0.08416427671909332,0.432547926902771,0.5656566619873047,0.08416427671909332
109,25,0.30199867486953735,0.5407807230949402,0.3533762991428375,0.30199867486953735,0.5407807230949402,0.3533762991428375
109,26,0.43151038885116577,0.563624382019043,0.6045347452163696,0.43151038885116577,0.563624382019043,0.6045347452163696
109,27,0.205795556306839,0.5330789685249329,0.8910933136940002,0.205795556306839,0.5330789685249329,0.8910933136940002
109,28,0.41924333572387695,0.5903710722923279,1.1601951122283936,0.41924333572387695,0.5903710722923279,1.1601951122283936
109,29,0.1865607351064682,0.5408757925033569,0.9460545778274536,0.1865607351064682,0.5408757925033569,0.9460545778274536
109,30,0.41808590292930603,0.6020511984825134,1.2183502912521362,0.41808590292930603,0.6020511984825134,1.2183502912521362
109,31,0.1828526258468628,0.49048346281051636,0.8694809079170227,0.1828526258468628,0.49048346281051636,0.8694809079170227
109,32,0.393998920917511,0.5795870423316956,1.1885321140289307,0.393998920917511,0.5795870423316956,1.1885321140289307
110,0,0.5926342606544495,0.592887818813324,-0.9576499462127686,0.5926342606544495,0.592887818813324,-0.9576499462127686
110,1,0.6146243810653687,0.600028395652771,-0.9641820788383484,0.6146243810653687,0.600028395652771,-0.9641820788383484
110,2,0.6159325242042542,0.6028850078582764,-0.9641952514648438,0.6159325242042542,0.6028850078582764,-0.9641952514648438
110,3,0.6176806092262268,0.6055004000663757,-0.9643399119377136,0.6176806092262268,0.6055004000663757,-0.9643399119377136
110,4,0.6152811646461487,0.5897449254989624,-0.9737164378166199,0.6152811646461487,0.5897449254989624,-0.9737164378166199
110,5,0.617107093334198,0.5869281888008118,-0.9738278388977051,0.617107093334198,0.5869281888008118,-0.9738278388977051
110,6,0.6124510765075684,0.5985379815101624,-0.9737676978111267,0.6124510765075684,0.5985379815101624,-0.9737676978111267
110,7,0.6077572107315063,0.5931382179260254,-0.852928638458252,0.6077572107315063,0.5931382179260254,-0.852928638458252
110,8,0.6056214570999146,0.5900260210037231,-0.9015951752662659,0.6056214570999146,0.5900260210037231,-0.9015951752662659
110,9,0.5827840566635132,0.5935242772102356,-0.8983240723609924,0.5827840566635132,0.5935242772102356,-0.8983240723609924
110,10,0.5831202268600464,0.5848912596702576,-0.9126259684562683,0.5831202268600464,0.5848912596702576,-0.9126259684562683
110,11,0.5522511005401611,0.5664010047912598,-0.7208116054534912,0.5522511005401611,0.5664010047912598,-0.7208116054534912
110,12,0.5559037923812866,0.5882338285446167,-0.6515156626701355,0.5559037923812866,0.5882338285446167,-0.6515156626701355
110,13,0.41338345408439636,0.5250483155250549,-0.6109923720359802,0.41338345408439636,0.5250483155250549,-0.6109923720359802
110,14,0.44592899084091187,0.6074836850166321,-0.4452798664569855,0.44592899084091187,0.6074836850166321,-0.4452798664569855
110,15,0.35152047872543335,0.47607773542404175,-0.5571703910827637,0.35152047872543335,0.47607773542404175,-0.5571703910827637
110,16,0.42767977714538574,0.6424993872642517,-0.27759137749671936,0.42767977714538574,0.6424993872642517,-0.27759137749671936
110,17,0.3439399302005768,0.4600731134414673,-0.6162764430046082,0.3439399302005768,0.4600731134414673,-0.6162764430046082
110,18,0.415160596370697,0.6537113785743713,-0.30137577652931213,0.415160596370697,0.6537113785743713,-0.30137577652931213
110,19,0.37117668986320496,0.4597089886665344,-0.6260584592819214,0.37117668986320496,0.4597089886665344,-0.6260584592819214
110,20,0.43549805879592896,0.6542772054672241,-0.3091626763343811,0.43549805879592896,0.6542772054672241,-0.3091626763343811
110,21,0.37897592782974243,0.4651109576225281,-0.5576196908950806,0.37897592782974243,0.4651109576225281,-0.5576196908950806
110,22,0.43820786476135254,0.6482349634170532,-0.2769562900066376,0.43820786476135254,0.6482349634170532,-0.2769562900066376
110,23,0.4185350239276886,0.5669538974761963,-0.021144229918718338,0.4185350239276886,0.5669538974761963,-0.021144229918718338
110,24,0.43416866660118103,0.564092218875885,0.020984863862395287,0.43416866660118103,0.564092218875885,0.020984863862395287
110,25,0.3356195390224457,0.5284338593482971,0.4129604399204254,0.3356195390224457,0.5284338593482971,0.4129604399204254
110,26,0.3974395990371704,0.5579039454460144,0.5426283478736877,0.3974395990371704,0.5579039454460144,0.5426283478736877
110,27,0.23641006648540497,0.5199835300445557,0.918427050113678,0.23641006648540497,0.5199835300445557,0.918427050113678
110,28,0.3456089198589325,0.5750163197517395,1.0461560487747192,0.3456089198589325,0.5750163197517395,1.0461560487747192
110,29,0.21444426476955414,0.5215433835983276,0.9767529368400574,0.21444426476955414,0.5215433835983276,0.9767529368400574
110,30,0.3339444398880005,0.5822361707687378,1.101448655128479,0.3339444398880005,0.5822361707687378,1.101448655128479
110,31,0.22342444956302643,0.5005276203155518,0.9622991681098938,0.22342444956302643,0.5005276203155518,0.9622991681098938
110,32,0.33092641830444336,0.5722134709358215,1.0924689769744873,0.33092641830444336,0.5722134709358215,1.0924689769744873
111,0,0.5914990901947021,0.5873876810073853,-1.178655743598938,0.5914990901947021,0.5873876810073853,-1.178655743598938
111,1,0.6111716032028198,0.5939458608627319,-1.1890993118286133,0.6111716032028198,0.5939458608627319,-1.1890993118286133
111,2,0.6091806292533875,0.5970139503479004,-1.189104676246643,0.6091806292533875,0.5970139503479004,-1.189104676246643
111,3,0.6071319580078125,0.6001164317131042,-1.1893733739852905,0.6071319580078125,0.6001164317131042,-1.1893733739852905
111,4,0.6155838370323181,0.582335352897644,-1.1859394311904907,0.6155838370323181,0.582335352897644,-1.1859394311904907
111,5,0.6177499890327454,0.5771421790122986,-1.1861268281936646,0.6177499890327454,0.5771421790122986,-1.1861268281936646
111,6,0.6197735667228699,0.5743879079818726,-1.1860785484313965,0.6197735667228699,0.5743879079818726,-1.1860785484313965
111,7,0.6019812822341919,0.6005684733390808,-1.0494121313095093,0.6019812822341919,0.6005684733390808,-1.0494121313095093
111,8,0.6253417730331421,0.5681329965591431,-1.0443888902664185,0.6253417730331421,0.5681329965591431,-1.0443888902664185
111,9,0.572791337966919,0.5903672575950623,-1.1051950454711914,0.572791337966919,0.5903672575950623,-1.1051950454711914
111,10,0.5758746266365051,0.5786086916923523,-1.1038544178009033,0.5758746266365051,0.5786086916923523,-1.1038544178009033
111,11,0.5394875407218933,0.5956442952156067,-0.9118508696556091,0.5394875407218933,0.5956442952156067,-0.9118508696556091
111,12,0.5949305295944214,0.5545711517333984,-0.6942258477210999,0.5949305295944214,0.5545711517333984,-0.6942258477210999
111,13,0.4042721390724182,0.5559625029563904,-0.8117926716804504,0.4042721390724182,0.5559625029563904,-0.8117926716804504
111,14,0.5237429738044739,0.5177297592163086,-0.36759310960769653,0.5237429738044739,0.5177297592163086,-0.36759310960769653
111,15,0.3557054102420807,0.4922698736190796,-0.832056999206543,0.3557054102420807,0.4922698736190796,-0.832056999206543
111,16,0.5288584232330322,0.507737398147583,-0.18114250898361206,0.5288584232330322,0.507737398147583,-0.18114250898361206
111,17,0.3420959413051605,0.46592676639556885,-0.9112018346786499,0.3420959413051605,0.46592676639556885,-0.9112018346786499
111,18,0.5330207943916321,0.5065335035324097,-0.19418933987617493,0.5330207943916321,0.5065335035324097,-0.19418933987617493
111,19,0.37535831332206726,0.4637172222137451,-0.9357399344444275,0.37535831332206726,0.4637172222137451,-0.9357399344444275
111,20,0.5383232831954956,0.5066776871681213,-0.2249557226896286,0.5383232831954956,0.5066776871681213,-0.2249557226896286
111,21,0.3789319097995758,0.4695960283279419,-0.8395299911499023,0.3789319097995758,0.4695960283279419,-0.8395299911499023
111,22,0.533672034740448,0.5081954598426819,-0.18844765424728394,0.533672034740448,0.5081954598426819,-0.18844765424728394
111,23,0.4212535619735718,0.5835917592048645,-0.06568009406328201,0.4212535619735718,0.5835917592048645,-0.06568009406328201
111,24,0.4522346258163452,0.557826817035675,0.06589086353778839,0.4522346258163452,0.557826817035675,0.06589086353778839
111,25,0.3527401387691498,0.5321518778800964,0.42383694648742676,0.3527401387691498,0.5321518778800964,0.42383694648742676
111,26,0.42078566551208496,0.5539456605911255,0.6186420917510986,0.42078566551208496,0.5539456605911255,0.6186420917510986
111,27,0.2639305293560028,0.5215430855751038,1.0319768190383911,0.2639305293560028,0.5215430855751038,1.0319768190383911
111,28,0.39290305972099304,0.577882707118988,1.2436274290084839,0.39290305972099304,0.577882707118988,1.2436274290084839
111,29,0.24300061166286469,0.5253939628601074,1.098357081413269,0.24300061166286469,0.5253939628601074,1.098357081413269
111,30,0.3861812353134155,0.5883458256721497,1.31094491481781,0.3861812353134155,0.5883458256721497,1.31094491481781
111,31,0.24650557339191437,0.48954105377197266,1.0485681295394897,0.24650557339191437,0.48954105377197266,1.0485681295394897
111,32,0.3773624002933502,0.5690073370933533,1.279500961303711,0.3773624002933502,0.5690073370933533,1.279500961303711
112,0,0.5967873334884644,0.5911104083061218,-0.8791980147361755,0.5967873334884644,0.5911104083061218,-0.8791980147361755
112,1,0.6067282557487488,0.6029298305511475,-0.9030739068984985,0.6067282557487488,0.6029298305511475,-0.9030739068984985
112,2,0.6067129373550415,0.6058260202407837,-0.9031774997711182,0.6067129373550415,0.6058260202407837,-0.9031774997711182
112,3,0.6066381335258484,0.6087289452552795,-0.9034067392349243,0.6066381335258484,0.6087289452552795,-0.9034067392349243
112,4,0.6081575751304626,0.595441460609436,-0.8950667381286621,0.6081575751304626,0.595441460609436,-0.8950667381286621
112,5,0.6091316938400269,0.5926965475082397,-0.8952742218971252,0.6091316938400269,0.5926965475082397,-0.8952742218971252
112,6,0.6101179122924805,0.5900012254714966,-0.8954160213470459,0.6101179122924805,0.5900012254714966,-0.8954160213470459
112,7,0.6089839935302734,0.6122432351112366,-0.8465085029602051,0.6089839935302734,0.6122432351112366,-0.8465085029602051
112,8,0.6131861209869385,0.5863127708435059,-0.8146125674247742,0.6131861209869385,0.5863127708435059,-0.8146125674247742
112,9,0.5796213150024414,0.5926875472068787,-0.8358994126319885,0.5796213150024414,0.5926875472068787,-0.8358994126319885
112,10,0.5813578367233276,0.5838244557380676,-0.8271088004112244,0.5813578367233276,0.5838244557380676,-0.8271088004112244
112,11,0.5532516241073608,0.6146690845489502,-0.7528168559074402,0.5532516241073608,0.6146690845489502,-0.7528168559074402
112,12,0.5814205408096313,0.5707144737243652,-0.6026983261108398,0.5814205408096313,0.5707144737243652,-0.6026983261108398
112,13,0.40363284945487976,0.569672703742981,-0.7773163318634033,0.40363284945487976,0.569672703742981,-0.7773163318634033
112,14,0.4820956587791443,0.5436407327651978,-0.5312127470970154,0.4820956587791443,0.5436407327651978,-0.5312127470970154
112,15,0.3550008535385132,0.4930835962295532,-0.8315800428390503,0.3550008535385132,0.4930835962295532,-0.8315800428390503
112,16,0.5051281452178955,0.5527278780937195,-0.5467267632484436,0.5051281452178955,0.5527278780937195,-0.5467267632484436
112,17,0.3420065641403198,0.47792020440101624,-0.9140596389770508,0.3420065641403198,0.47792020440101624,-0.9140596389770508
112,18,0.5180965662002563,0.5560552477836609,-0.5968040823936462,0.5180965662002563,0.5560552477836609,-0.5968040823936462
112,19,0.37322965264320374,0.4716010093688965,-0.9160017371177673,0.37322965264320374,0.4716010093688965,-0.9160017371177673
112,20,0.5249846577644348,0.5584428310394287,-0.5985741019248962,0.5249846577644348,0.5584428310394287,-0.5985741019248962
112,21,0.3803117871284485,0.4748457670211792,-0.8333633542060852,0.3803117871284485,0.4748457670211792,-0.8333633542060852
112,22,0.519079864025116,0.5584882497787476,-0.549513578414917,0.519079864025116,0.5584882497787476,-0.549513578414917
112,23,0.4128153920173645,0.5974201560020447,-0.030120035633444786,0.4128153920173645,0.5974201560020447,-0.030120035633444786
112,24,0.4327138662338257,0.5768905282020569,0.030116001144051552,0.4327138662338257,0.5768905282020569,0.030116001144051552
112,25,0.3624856472015381,0.5618872046470642,0.4421437084674835,0.3624856472015381,0.5618872046470642,0.4421437084674835
112,26,0.40769198536872864,0.5794170498847961,0.5483949184417725,0.40769198536872864,0.5794170498847961,0.5483949184417725
112,27,0.30356910824775696,0.5633118152618408,1.037255883216858,0.30356910824775696,0.5633118152618408,1.037255883216858
112,28,0.3862832188606262,0.6088327765464783,1.1152942180633545,0.3862832188606262,0.6088327765464783,1.1152942180633545
112,29,0.29366111755371094,0.5680020451545715,1.1024158000946045,0.29366111755371094,0.5680020451545715,1.1024158000946045
112,30,0.384949654340744,0.6187378764152527,1.1772961616516113,0.384949654340744,0.6187378764152527,1.1772961616516113
112,31,0.2795103192329407,0.5439857840538025,1.0510940551757812,0.2795103192329407,0.5439857840538025,1.0510940551757812
112,32,0.36332494020462036,0.6099883913993835,1.1259158849716187,0.36332494020462036,0.6099883913993835,1.1259158849716187
113,0,0.5,0.5,0.0,0.5,0.5,0.0
113,1,0.5,0.5,0.0,0.5,0.5,0.0
113,2,0.5,0.5,0.0,0.5,0.5,0.0
113,3,0.5,0.5,0.0,0.5,0.5,0.0
113,4,0.5,0.5,0.0,0.5,0.5,0.0
113,5,0.5,0.5,0.0,0.5,0.5,0.0
113,6,0.5,0.5,0.0,0.5,0.5,0.0
113,7,0.5,0.5,0.0,0.5,0.5,0.0
113,8,0.5,0.5,0.0,0.5,0.5,0.0
113,9,0.5,0.5,0.0,0.5,0.5,0.0
113,10,0.5,0.5,0.0,0.5,0.5,0.0
113,11,0.5,0.5,0.0,0.5,0.5,0.0
113,12,0.5,0.5,0.0,0.5,0.5,0.0
113,13,0.5,0.5,0.0,0.5,0.5,0.0
113,14,0.5,0.5,0.0,0.5,0.5,0.0
113,15,0.5,0.5,0.0,0.5,0.5,0.0
113,16,0.5,0.5,0.0,0.5,0.5,0.0
113,17,0.5,0.5,0.0,0.5,0.5,0.0
113,18,0.5,0.5,0.0,0.5,0.5,0.0
113,19,0.5,0.5,0.0,0.5,0.5,0.0
113,20,0.5,0.5,0.0,0.5,0.5,0.0
113,21,0.5,0.5,0.0,0.5,0.5,0.0
113,22,0.5,0.5,0.0,0.5,0.5,0.0
113,23,0.5,0.5,0.0,0.5,0.5,0.0
113,24,0.5,0.5,0.0,0.5,0.5,0.0
113,25,0.5,0.5,0.0,0.5,0.5,0.0
113,26,0.5,0.5,0.0,0.5,0.5,0.0
113,27,0.5,0.5,0.0,0.5,0.5,0.0
113,28,0.5,0.5,0.0,0.5,0.5,0.0
113,29,0.5,0.5,0.0,0.5,0.5,0.0
113,30,0.5,0.5,0.0,0.5,0.5,0.0
113,31,0.5,0.5,0.0,0.5,0.5,0.0
113,32,0.5,0.5,0.0,0.5,0.5,0.0
114,0,0.5,0.5,0.0,0.5,0.5,0.0
114,1,0.5,0.5,0.0,0.5,0.5,0.0
114,2,0.5,0.5,0.0,0.5,0.5,0.0
114,3,0.5,0.5,0.0,0.5,0.5,0.0
114,4,0.5,0.5,0.0,0.5,0.5,0.0
114,5,0.5,0.5,0.0,0.5,0.5,0.0
114,6,0.5,0.5,0.0,0.5,0.5,0.0
114,7,0.5,0.5,0.0,0.5,0.5,0.0
114,8,0.5,0.5,0.0,0.5,0.5,0.0
114,9,0.5,0.5,0.0,0.5,0.5,0.0
114,10,0.5,0.5,0.0,0.5,0.5,0.0
114,11,0.5,0.5,0.0,0.5,0.5,0.0
114,12,0.5,0.5,0.0,0.5,0.5,0.0
114,13,0.5,0.5,0.0,0.5,0.5,0.0
114,14,0.5,0.5,0.0,0.5,0.5,0.0
114,15,0.5,0.5,0.0,0.5,0.5,0.0
114,16,0.5,0.5,0.0,0.5,0.5,0.0
114,17,0.5,0.5,0.0,0.5,0.5,0.0
114,18,0.5,0.5,0.0,0.5,0.5,0.0
114,19,0.5,0.5,0.0,0.5,0.5,0.0
114,20,0.5,0.5,0.0,0.5,0.5,0.0
114,21,0.5,0.5,0.0,0.5,0.5,0.0
114,22,0.5,0.5,0.0,0.5,0.5,0.0
114,23,0.5,0.5,0.0,0.5,0.5,0.0
114,24,0.5,0.5,0.0,0.5,0.5,0.0
114,25,0.5,0.5,0.0,0.5,0.5,0.0
114,26,0.5,0.5,0.0,0.5,0.5,0.0
114,27,0.5,0.5,0.0,0.5,0.5,0.0
114,28,0.5,0.5,0.0,0.5,0.5,0.0
114,29,0.5,0.5,0.0,0.5,0.5,0.0
114,30,0.5,0.5,0.0,0.5,0.5,0.0
114,31,0.5,0.5,0.0,0.5,0.5,0.0
114,32,0.5,0.5,0.0,0.5,0.5,0.0
115,0,0.5,0.5,0.0,0.5,0.5,0.0
115,1,0.5,0.5,0.0,0.5,0.5,0.0
115,2,0.5,0.5,0.0,0.5,0.5,0.0
115,3,0.5,0.5,0.0,0.5,0.5,0.0
115,4,0.5,0.5,0.0,0.5,0.5,0.0
115,5,0.5,0.5,0.0,0.5,0.5,0.0
115,6,0.5,0.5,0.0,0.5,0.5,0.0
115,7,0.5,0.5,0.0,0.5,0.5,0.0
115,8,0.5,0.5,0.0,0.5,0.5,0.0
115,9,0.5,0.5,0.0,0.5,0.5,0.0
115,10,0.5,0.5,0.0,0.5,0.5,0.0
115,11,0.5,0.5,0.0,0.5,0.5,0.0
115,12,0.5,0.5,0.0,0.5,0.5,0.0
115,13,0.5,0.5,0.0,0.5,0.5,0.0
115,14,0.5,0.5,0.0,0.5,0.5,0.0
115,15,0.5,0.5,0.0,0.5,0.5,0.0
115,16,0.5,0.5,0.0,0.5,0.5,0.0
115,17,0.5,0.5,0.0,0.5,0.5,0.0
115,18,0.5,0.5,0.0,0.5,0.5,0.0
115,19,0.5,0.5,0.0,0.5,0.5,0.0
115,20,0.5,0.5,0.0,0.5,0.5,0.0
115,21,0.5,0.5,0.0,0.5,0.5,0.0
115,22,0.5,0.5,0.0,0.5,0.5,0.0
115,23,0.5,0.5,0.0,0.5,0.5,0.0
115,24,0.5,0.5,0.0,0.5,0.5,0.0
115,25,0.5,0.5,0.0,0.5,0.5,0.0
115,26,0.5,0.5,0.0,0.5,0.5,0.0
115,27,0.5,0.5,0.0,0.5,0.5,0.0
115,28,0.5,0.5,0.0,0.5,0.5,0.0
115,29,0.5,0.5,0.0,0.5,0.5,0.0
115,30,0.5,0.5,0.0,0.5,0.5,0.0
115,31,0.5,0.5,0.0,0.5,0.5,0.0
115,32,0.5,0.5,0.0,0.5,0.5,0.0
116,0,0.5,0.5,0.0,0.5,0.5,0.0
116,1,0.5,0.5,0.0,0.5,0.5,0.0
116,2,0.5,0.5,0.0,0.5,0.5,0.0
116,3,0.5,0.5,0.0,0.5,0.5,0.0
116,4,0.5,0.5,0.0,0.5,0.5,0.0
116,5,0.5,0.5,0.0,0.5,0.5,0.0
116,6,0.5,0.5,0.0,0.5,0.5,0.0
116,7,0.5,0.5,0.0,0.5,0.5,0.0
116,8,0.5,0.5,0.0,0.5,0.5,0.0
116,9,0.5,0.5,0.0,0.5,0.5,0.0
116,10,0.5,0.5,0.0,0.5,0.5,0.0
116,11,0.5,0.5,0.0,0.5,0.5,0.0
116,12,0.5,0.5,0.0,0.5,0.5,0.0
116,13,0.5,0.5,0.0,0.5,0.5,0.0
116,14,0.5,0.5,0.0,0.5,0.5,0.0
116,15,0.5,0.5,0.0,0.5,0.5,0.0
116,16,0.5,0.5,0.0,0.5,0.5,0.0
116,17,0.5,0.5,0.0,0.5,0.5,0.0
116,18,0.5,0.5,0.0,0.5,0.5,0.0
116,19,0.5,0.5,0.0,0.5,0.5,0.0
116,20,0.5,0.5,0.0,0.5,0.5,0.0
116,21,0.5,0.5,0.0,0.5,0.5,0.0
116,22,0.5,0.5,0.0,0.5,0.5,0.0
116,23,0.5,0.5,0.0,0.5,0.5,0.0
116,24,0.5,0.5,0.0,0.5,0.5,0.0
116,25,0.5,0.5,0.0,0.5,0.5,0.0
116,26,0.5,0.5,0.0,0.5,0.5,0.0
116,27,0.5,0.5,0.0,0.5,0.5,0.0
116,28,0.5,0.5,0.0,0.5,0.5,0.0
116,29,0.5,0.5,0.0,0.5,0.5,0.0
116,30,0.5,0.5,0.0,0.5,0.5,0.0
116,31,0.5,0.5,0.0,0.5,0.5,0.0
116,32,0.5,0.5,0.0,0.5,0.5,0.0
117,0,0.5,0.5,0.0,0.5,0.5,0.0
117,1,0.5,0.5,0.0,0.5,0.5,0.0
117,2,0.5,0.5,0.0,0.5,0.5,0.0
117,3,0.5,0.5,0.0,0.5,0.5,0.0
117,4,0.5,0.5,0.0,0.5,0.5,0.0
117,5,0.5,0.5,0.0,0.5,0.5,0.0
117,6,0.5,0.5,0.0,0.5,0.5,0.0
117,7,0.5,0.5,0.0,0.5,0.5,0.0
117,8,0.5,0.5,0.0,0.5,0.5,0.0
117,9,0.5,0.5,0.0,0.5,0.5,0.0
117,10,0.5,0.5,0.0,0.5,0.5,0.0
117,11,0.5,0.5,0.0,0.5,0.5,0.0
117,12,0.5,0.5,0.0,0.5,0.5,0.0
117,13,0.5,0.5,0.0,0.5,0.5,0.0
117,14,0.5,0.5,0.0,0.5,0.5,0.0
117,15,0.5,0.5,0.0,0.5,0.5,0.0
117,16,0.5,0.5,0.0,0.5,0.5,0.0
117,17,0.5,0.5,0.0,0.5,0.5,0.0
117,18,0.5,0.5,0.0,0.5,0.5,0.0
117,19,0.5,0.5,0.0,0.5,0.5,0.0
117,20,0.5,0.5,0.0,0.5,0.5,0.0
117,21,0.5,0.5,0.0,0.5,0.5,0.0
117,22,0.5,0.5,0.0,0.5,0.5,0.0
117,23,0.5,0.5,0.0,0.5,0.5,0.0
117,24,0.5,0.5,0.0,0.5,0.5,0.0
117,25,0.5,0.5,0.0,0.5,0.5,0.0
117,26,0.5,0.5,0.0,0.5,0.5,0.0
117,27,0.5,0.5,0.0,0.5,0.5,0.0
117,28,0.5,0.5,0.0,0.5,0.5,0.0
117,29,0.5,0.5,0.0,0.5,0.5,0.0
117,30,0.5,0.5,0.0,0.5,0.5,0.0
117,31,0.5,0.5,0.0,0.5,0.5,0.0
117,32,0.5,0.5,0.0,0.5,0.5,0.0
118,0,0.6266749501228333,0.5948618650436401,-1.2526055574417114,0.6266749501228333,0.5948618650436401,-1.2526055574417114
118,1,0.63382887840271,0.6028529405593872,-1.2760201692581177,0.63382887840271,0.6028529405593872,-1.2760201692581177
118,2,0.6310979127883911,0.6061139106750488,-1.2759062051773071,0.6310979127883911,0.6061139106750488,-1.2759062051773071
118,3,0.6281659603118896,0.6094028353691101,-1.2759824991226196,0.6281659603118896,0.6094028353691101,-1.2759824991226196
118,4,0.6414237022399902,0.595000684261322,-1.2727108001708984,0.6414237022399902,0.595000684261322,-1.2727108001708984
118,5,0.6441384553909302,0.5917322039604187,-1.2729374170303345,0.6441384553909302,0.5917322039604187,-1.2729374170303345
118,6,0.6467981338500977,0.5885303020477295,-1.2729182243347168,0.6467981338500977,0.5885303020477295,-1.2729182243347168
118,7,0.6171164512634277,0.6109029650688171,-1.1468740701675415,0.6171164512634277,0.6109029650688171,-1.1468740701675415
118,8,0.64258873462677,0.583228588104248,-1.1366358995437622,0.64258873462677,0.583228588104248,-1.1366358995437622
118,9,0.5968527793884277,0.5957426428794861,-1.176249623298645,0.5968527793884277,0.5957426428794861,-1.176249623298645
118,10,0.608711838722229,0.583646297454834,-1.1742135286331177,0.608711838722229,0.583646297454834,-1.1742135286331177
118,11,0.5517695546150208,0.6057296991348267,-0.972886860370636,0.5517695546150208,0.6057296991348267,-0.972886860370636
118,12,0.6110780835151672,0.5574572086334229,-0.7966583371162415,0.6110780835151672,0.5574572086334229,-0.7966583371162415
118,13,0.42014315724372864,0.5765849351882935,-0.8797702789306641,0.42014315724372864,0.5765849351882935,-0.8797702789306641
118,14,0.5370596647262573,0.5087476372718811,-0.48867809772491455,0.5370596647262573,0.5087476372718811,-0.48867809772491455
118,15,0.38318923115730286,0.513079822063446,-0.8941517472267151,0.38318923115730286,0.513079822063446,-0.8941517472267151
118,16,0.5709583759307861,0.4544616639614105,-0.3450052738189697,0.5709583759307861,0.4544616639614105,-0.3450052738189697
118,17,0.3633502423763275,0.4966965615749359,-0.9902602434158325,0.3633502423763275,0.4966965615749359,-0.9902602434158325
118,18,0.5657443404197693,0.4454508423805237,-0.3907718360424042,0.5657443404197693,0.4454508423805237,-0.3907718360424042
118,19,0.3885665535926819,0.48317384719848633,-1.0065762996673584,0.3885665535926819,0.48317384719848633,-1.0065762996673584
118,20,0.5655840635299683,0.45440593361854553,-0.43560388684272766,0.5655840635299683,0.45440593361854553,-0.43560388684272766
118,21,0.39752689003944397,0.48861008882522583,-0.9037371873855591,0.39752689003944397,0.48861008882522583,-0.9037371873855591
118,22,0.563718318939209,0.45946505665779114,-0.3630150854587555,0.563718318939209,0.45946505665779114,-0.3630150854587555
118,23,0.4217643141746521,0.5977568626403809,-0.04374073073267937,0.4217643141746521,0.5977568626403809,-0.04374073073267937
118,24,0.4296838045120239,0.5709811449050903,0.04375232756137848,0.4296838045120239,0.5709811449050903,0.04375232756137848
118,25,0.43402406573295593,0.6108258962631226,0.6884907484054565,0.43402406573295593,0.6108258962631226,0.6884907484054565
118,26,0.43315282464027405,0.5941715836524963,0.7541995048522949,0.43315282464027405,0.5941715836524963,0.7541995048522949
118,27,0.46307796239852905,0.6367214322090149,1.4891777038574219,0.46307796239852905,0.6367214322090149,1.4891777038574219
118,28,0.4385482966899872,0.6190324425697327,1.560083270072937,0.4385482966899872,0.6190324425697327,1.560083270072937
118,29,0.46723905205726624,0.6384181976318359,1.577941656112671,0.46723905205726624,0.6384181976318359,1.577941656112671
118,30,0.4400090277194977,0.6256070137023926,1.6474212408065796,0.4400090277194977,0.6256070137023926,1.6474212408065796
118,31,0.44566115736961365,0.639927089214325,1.5420476198196411,0.44566115736961365,0.639927089214325,1.5420476198196411
118,32,0.4283180832862854,0.6228381991386414,1.6023170948028564,0.4283180832862854,0.6228381991386414,1.6023170948028564
119,0,0.5,0.5,0.0,0.5,0.5,0.0
119,1,0.5,0.5,0.0,0.5,0.5,0.0
119,2,0.5,0.5,0.0,0.5,0.5,0.0
119,3,0.5,0.5,0.0,0.5,0.5,0.0
119,4,0.5,0.5,0.0,0.5,0.5,0.0
119,5,0.5,0.5,0.0,0.5,0.5,0.0
119,6,0.5,0.5,0.0,0.5,0.5,0.0
119,7,0.5,0.5,0.0,0.5,0.5,0.0
119,8,0.5,0.5,0.0,0.5,0.5,0.0
119,9,0.5,0.5,0.0,0.5,0.5,0.0
119,10,0.5,0.5,0.0,0.5,0.5,0.0
119,11,0.5,0.5,0.0,0.5,0.5,0.0
119,12,0.5,0.5,0.0,0.5,0.5,0.0
119,13,0.5,0.5,0.0,0.5,0.5,0.0
119,14,0.5,0.5,0.0,0.5,0.5,0.0
119,15,0.5,0.5,0.0,0.5,0.5,0.0
119,16,0.5,0.5,0.0,0.5,0.5,0.0
119,17,0.5,0.5,0.0,0.5,0.5,0.0
119,18,0.5,0.5,0.0,0.5,0.5,0.0
119,19,0.5,0.5,0.0,0.5,0.5,0.0
119,20,0.5,0.5,0.0,0.5,0.5,0.0
119,21,0.5,0.5,0.0,0.5,0.5,0.0
119,22,0.5,0.5,0.0,0.5,0.5,0.0
119,23,0.5,0.5,0.0,0.5,0.5,0.0
119,24,0.5,0.5,0.0,0.5,0.5,0.0
119,25,0.5,0.5,0.0,0.5,0.5,0.0
119,26,0.5,0.5,0.0,0.5,0.5,0.0
119,27,0.5,0.5,0.0,0.5,0.5,0.0
119,28,0.5,0.5,0.0,0.5,0.5,0.0
119,29,0.5,0.5,0.0,0.5,0.5,0.0
119,30,0.5,0.5,0.0,0.5,0.5,0.0
119,31,0.5,0.5,0.0,0.5,0.5,0.0
119,32,0.5,0.5,0.0,0.5,0.5,0.0
120,0,0.5995566248893738,0.588826596736908,-0.9118764996528625,0.5995566248893738,0.588826596736908,-0.9118764996528625
120,1,0.6139827966690063,0.5931049585342407,-0.9212591052055359,0.6139827966690063,0.5931049585342407,-0.9212591052055359
120,2,0.6146425008773804,0.5960939526557922,-0.9212847352027893,0.6146425008773804,0.5960939526557922,-0.9212847352027893
120,3,0.6152154207229614,0.5991055965423584,-0.9214698076248169,0.6152154207229614,0.5991055965423584,-0.9214698076248169
120,4,0.6135013103485107,0.5838804841041565,-0.9257630705833435,0.6135013103485107,0.5838804841041565,-0.9257630705833435
120,5,0.6140540838241577,0.5804135799407959,-0.926014244556427,0.6140540838241577,0.5804135799407959,-0.926014244556427
120,6,0.6146072149276733,0.5770207643508911,-0.926179826259613,0.6146072149276733,0.5770207643508911,-0.926179826259613
120,7,0.6219952702522278,0.6000300645828247,-0.7916170954704285,0.6219952702522278,0.6000300645828247,-0.7916170954704285
120,8,0.6301830410957336,0.5655449032783508,-0.8236296772956848,0.6301830410957336,0.5655449032783508,-0.8236296772956848
120,9,0.58187335729599,0.591723620891571,-0.8432523012161255,0.58187335729599,0.591723620891571,-0.8432523012161255
120,10,0.5856190323829651,0.5839284658432007,-0.8534477353096008,0.5856190323829651,0.5839284658432007,-0.8534477353096008
120,11,0.5868587493896484,0.6059393882751465,-0.6688803434371948,0.5868587493896484,0.6059393882751465,-0.6688803434371948
120,12,0.5829254984855652,0.5382163524627686,-0.5736006498336792,0.5829254984855652,0.5382163524627686,-0.5736006498336792
120,13,0.44650399684906006,0.5790121555328369,-0.6654902696609497,0.44650399684906006,0.5790121555328369,-0.6654902696609497
120,14,0.5120670199394226,0.49576258659362793,-0.4975017309188843,0.5120670199394226,0.49576258659362793,-0.4975017309188843
120,15,0.3833966553211212,0.5122189521789551,-0.7735379934310913,0.3833966553211212,0.5122189521789551,-0.7735379934310913
120,16,0.5345984697341919,0.492815226316452,-0.6077389121055603,0.5345984697341919,0.492815226316452,-0.6077389121055603
120,17,0.3540266454219818,0.4977265000343323,-0.8357671499252319,0.3540266454219818,0.4977265000343323,-0.8357671499252319
120,18,0.5421012043952942,0.49119293689727783,-0.6419640183448792,0.5421012043952942,0.49119293689727783,-0.6419640183448792
120,19,0.3901668190956116,0.47806620597839355,-0.8446112871170044,0.3901668190956116,0.47806620597839355,-0.8446112871170044
120,20,0.5522187352180481,0.4782605767250061,-0.6808724999427795,0.5522187352180481,0.4782605767250061,-0.6808724999427795
120,21,0.3954608142375946,0.4818299114704132,-0.7708762288093567,0.3954608142375946,0.4818299114704132,-0.7708762288093567
120,22,0.5539586544036865,0.4797338843345642,-0.6227107048034668,0.5539586544036865,0.4797338843345642,-0.6227107048034668
120,23,0.44033780694007874,0.5928786396980286,0.02735796570777893,0.44033780694007874,0.5928786396980286,0.02735796570777893
120,24,0.41337141394615173,0.5507699251174927,-0.02701629512012005,0.41337141394615173,0.5507699251174927,-0.02701629512012005
120,25,0.47974294424057007,0.624538004398346,0.34279412031173706,0.47974294424057007,0.624538004398346,0.34279412031173706
120,26,0.41038277745246887,0.5709264278411865,-0.43566757440567017,0.41038277745246887,0.5709264278411865,-0.43566757440567017
120,27,0.46434974670410156,0.596213698387146,0.8049110174179077,0.46434974670410156,0.596213698387146,0.8049110174179077
120,28,0.43849998712539673,0.6415131092071533,-0.16066494584083557,0.43849998712539673,0.6415131092071533,-0.16066494584083557
120,29,0.4557268023490906,0.5896214842796326,0.8582398891448975,0.4557268023490906,0.5896214842796326,0.8582398891448975
120,30,0.43550819158554077,0.6488786935806274,-0.11958644539117813,0.43550819158554077,0.6488786935806274,-0.11958644539117813
120,31,0.46698832511901855,0.5948527455329895,0.8274649977684021,0.46698832511901855,0.5948527455329895,0.8274649977684021
120,32,0.46928974986076355,0.6758891344070435,-0.20206362009048462,0.46928974986076355,0.6758891344070435,-0.20206362009048462
121,0,0.5824851989746094,0.586252748966217,-1.0166209936141968,0.5824851989746094,0.586252748966217,-1.0166209936141968
121,1,0.6065785884857178,0.5942487120628357,-1.026386022567749,0.6065785884857178,0.5942487120628357,-1.026386022567749
121,2,0.5984562635421753,0.5970225930213928,-1.026366114616394,0.5984562635421753,0.5970225930213928,-1.026366114616394
121,3,0.600243330001831,0.6008540391921997,-1.0266170501708984,0.600243330001831,0.6008540391921997,-1.0266170501708984
121,4,0.6036549210548401,0.5834993124008179,-1.0317541360855103,0.6036549210548401,0.5834993124008179,-1.0317541360855103
121,5,0.6030310988426208,0.574893593788147,-1.0319408178329468,0.6030310988426208,0.574893593788147,-1.0319408178329468
121,6,0.6046579480171204,0.5737853646278381,-1.0319913625717163,0.6046579480171204,0.5737853646278381,-1.0319913625717163
121,7,0.615462601184845,0.6045387983322144,-0.8742340207099915,0.615462601184845,0.6045387983322144,-0.8742340207099915
121,8,0.6080603003501892,0.563926637172699,-0.9038548469543457,0.6080603003501892,0.563926637172699,-0.9038548469543457
121,9,0.5712267756462097,0.5928905606269836,-0.9357244968414307,0.5712267756462097,0.5928905606269836,-0.9357244968414307
121,10,0.5683771371841431,0.5773687362670898,-0.9451618790626526,0.5683771371841431,0.5773687362670898,-0.9451618790626526
121,11,0.5944899320602417,0.6167924404144287,-0.7503851056098938,0.5944899320602417,0.6167924404144287,-0.7503851056098938
121,12,0.5907278060913086,0.541878879070282,-0.6628062129020691,0.5907278060913086,0.541878879070282,-0.6628062129020691
121,13,0.43874406814575195,0.5744012594223022,-0.8319563269615173,0.43874406814575195,0.5744012594223022,-0.8319563269615173
121,14,0.5125827789306641,0.5358545184135437,-0.7981629967689514,0.5125827789306641,0.5358545184135437,-0.7981629967689514
121,15,0.37439316511154175,0.4969859719276428,-1.0048013925552368,0.37439316511154175,0.4969859719276428,-1.0048013925552368
121,16,0.5294308662414551,0.5624848008155823,-1.0999176502227783,0.5294308662414551,0.5624848008155823,-1.0999176502227783
121,17,0.36167100071907043,0.47631993889808655,-1.0856961011886597,0.36167100071907043,0.47631993889808655,-1.0856961011886597
121,18,0.536939263343811,0.5662563443183899,-1.1752244234085083,0.536939263343811,0.5662563443183899,-1.1752244234085083
121,19,0.3887971043586731,0.47200489044189453,-1.1022100448608398,0.3887971043586731,0.47200489044189453,-1.1022100448608398
121,20,0.5481183528900146,0.569814145565033,-1.1741111278533936,0.5481183528900146,0.569814145565033,-1.1741111278533936
121,21,0.40009021759033203,0.4773179888725281,-1.0071216821670532,0.40009021759033203,0.4773179888725281,-1.0071216821670532
121,22,0.5416029095649719,0.5719364881515503,-1.1048336029052734,0.5416029095649719,0.5719364881515503,-1.1048336029052734
121,23,0.43708184361457825,0.6032894253730774,0.005639946553856134,0.43708184361457825,0.6032894253730774,0.005639946553856134
121,24,0.4274776875972748,0.550820529460907,-0.005715223494917154,0.4274776875972748,0.550820529460907,-0.005715223494917154
121,25,0.38252532482147217,0.6199109554290771,-0.41374918818473816,0.38252532482147217,0.6199109554290771,-0.41374918818473816
121,26,0.35693809390068054,0.5355033874511719,-0.41287723183631897,0.35693809390068054,0.5355033874511719,-0.41287723183631897
121,27,0.3521474599838257,0.5092778205871582,-0.14930933713912964,0.3521474599838257,0.5092778205871582,-0.14930933713912964
121,28,0.33963507413864136,0.5981565713882446,-0.15011891722679138,0.33963507413864136,0.5981565713882446,-0.15011891722679138
121,29,0.3610554337501526,0.49910983443260193,-0.1130034551024437,0.3610554337501526,0.49910983443260193,-0.1130034551024437
121,30,0.3496934175491333,0.6083951592445374,-0.11442413181066513,0.3496934175491333,0.6083951592445374,-0.11442413181066513
121,31,0.3503730595111847,0.4610599875450134,-0.1949082911014557,0.3503730595111847,0.4610599875450134,-0.1949082911014557
121,32,0.3365403413772583,0.6199801564216614,-0.17423854768276215,0.3365403413772583,0.6199801564216614,-0.17423854768276215
122,0,0.5924930572509766,0.6000960469245911,-1.2478851079940796,0.5924930572509766,0.6000960469245911,-1.2478851079940796
122,1,0.614084005355835,0.6055746078491211,-1.2420601844787598,0.614084005355835,0.6055746078491211,-1.2420601844787598
122,2,0.6145936846733093,0.607883095741272,-1.242105484008789,0.6145936846733093,0.607883095741272,-1.242105484008789
122,3,0.6132984161376953,0.6106093525886536,-1.2423208951950073,0.6132984161376953,0.6106093525886536,-1.2423208951950073
122,4,0.6164027452468872,0.5948686599731445,-1.2657440900802612,0.6164027452468872,0.5948686599731445,-1.2657440900802612
122,5,0.6180266737937927,0.5925377607345581,-1.2660554647445679,0.6180266737937927,0.5925377607345581,-1.2660554647445679
122,6,0.6177752614021301,0.5859180092811584,-1.266173243522644,0.6177752614021301,0.5859180092811584,-1.266173243522644
122,7,0.6216546297073364,0.6072241067886353,-1.0390316247940063,0.6216546297073364,0.6072241067886353,-1.0390316247940063
122,8,0.6073164343833923,0.5786424875259399,-1.1542150974273682,0.6073164343833923,0.5786424875259399,-1.1542150974273682
122,9,0.5777630805969238,0.6027348637580872,-1.1507762670516968,0.5777630805969238,0.6027348637580872,-1.1507762670516968
122,10,0.5778263211250305,0.5901171565055847,-1.1847574710845947,0.5778263211250305,0.5901171565055847,-1.1847574710845947
122,11,0.5870757102966309,0.6090430021286011,-0.8642610907554626,0.5870757102966309,0.6090430021286011,-0.8642610907554626
122,12,0.5511518120765686,0.5480172038078308,-0.8764885067939758,0.5511518120765686,0.5480172038078308,-0.8764885067939758
122,13,0.4698124825954437,0.5668991208076477,-0.8634943962097168,0.4698124825954437,0.5668991208076477,-0.8634943962097168
122,14,0.49233728647232056,0.5392420887947083,-0.9918031692504883,0.49233728647232056,0.5392420887947083,-0.9918031692504883
122,15,0.3853822946548462,0.5068643093109131,-1.0143184661865234,0.3853822946548462,0.5068643093109131,-1.0143184661865234
122,16,0.5240838527679443,0.5662381052970886,-1.287300944328308,0.5240838527679443,0.5662381052970886,-1.287300944328308
122,17,0.3686041831970215,0.49833548069000244,-1.0987204313278198,0.3686041831970215,0.49833548069000244,-1.0987204313278198
122,18,0.5347514748573303,0.5723571181297302,-1.3886064291000366,0.5347514748573303,0.5723571181297302,-1.3886064291000366
122,19,0.39642781019210815,0.48210132122039795,-1.1331840753555298,0.39642781019210815,0.48210132122039795,-1.1331840753555298
122,20,0.5526365041732788,0.5730372071266174,-1.3947209119796753,0.5526365041732788,0.5730372071266174,-1.3947209119796753
122,21,0.40193960070610046,0.48421499133110046,-1.0269790887832642,0.40193960070610046,0.48421499133110046,-1.0269790887832642
122,22,0.5479011535644531,0.5726542472839355,-1.2980273962020874,0.5479011535644531,0.5726542472839355,-1.2980273962020874
122,23,0.4252356290817261,0.5995185971260071,0.025664908811450005,0.4252356290817261,0.5995185971260071,0.025664908811450005
122,24,0.39956334233283997,0.5528748035430908,-0.025562148541212082,0.39956334233283997,0.5528748035430908,-0.025562148541212082
122,25,0.4446672201156616,0.605263888835907,-0.12395817786455154,0.4446672201156616,0.605263888835907,-0.12395817786455154
122,26,0.38743147253990173,0.5451859831809998,-0.32150426506996155,0.38743147253990173,0.5451859831809998,-0.32150426506996155
122,27,0.32783856987953186,0.5383964776992798,0.42537108063697815,0.32783856987953186,0.5383964776992798,0.42537108063697815
122,28,0.37082645297050476,0.5877564549446106,0.2765195369720459,0.37082645297050476,0.5877564549446106,0.2765195369720459
122,29,0.3098667860031128,0.5280755162239075,0.4872884750366211,0.3098667860031128,0.5280755162239075,0.4872884750366211
122,30,0.36897653341293335,0.59319007396698,0.34573817253112793,0.36897653341293335,0.59319007396698,0.34573817253112793
122,31,0.3184956908226013,0.5164175033569336,0.4007974863052368,0.3184956908226013,0.5164175033569336,0.4007974863052368
122,32,0.38473114371299744,0.6070770025253296,0.2737392783164978,0.38473114371299744,0.6070770025253296,0.2737392783164978
123,0,0.5844963192939758,0.6003124117851257,-1.0460283756256104,0.5844963192939758,0.6003124117851257,-1.0460283756256104
123,1,0.6062449812889099,0.6043134927749634,-1.0595570802688599,0.6062449812889099,0.6043134927749634,-1.0595570802688599
123,2,0.6081826090812683,0.6059433817863464,-1.0595970153808594,0.6081826090812683,0.6059433817863464,-1.0595970153808594
123,3,0.6011743545532227,0.6071574091911316,-1.0597213506698608,0.6011743545532227,0.6071574091911316,-1.0597213506698608
123,4,0.60328209400177,0.5942463278770447,-1.0743217468261719,0.60328209400177,0.5942463278770447,-1.0743217468261719
123,5,0.6047877669334412,0.5923003554344177,-1.0745017528533936,0.6047877669334412,0.5923003554344177,-1.0745017528533936
123,6,0.5834357738494873,0.5939967036247253,-1.0745614767074585,0.5834357738494873,0.5939967036247253,-1.0745614767074585
123,7,0.6140540838241577,0.6041051745414734,-0.925524115562439,0.6140540838241577,0.6041051745414734,-0.925524115562439
123,8,0.5896956324577332,0.5844982266426086,-0.9967679381370544,0.5896956324577332,0.5844982266426086,-0.9967679381370544
123,9,0.5747496485710144,0.6025158762931824,-0.9716665148735046,0.5747496485710144,0.6025158762931824,-0.9716665148735046
123,10,0.5720354914665222,0.5916376113891602,-0.9928582310676575,0.5720354914665222,0.5916376113891602,-0.9928582310676575
123,11,0.6050331592559814,0.5945645570755005,-0.7873810529708862,0.6050331592559814,0.5945645570755005,-0.7873810529708862
123,12,0.5378125905990601,0.5695531368255615,-0.7518818974494934,0.5378125905990601,0.5695531368255615,-0.7518818974494934
123,13,0.46882981061935425,0.546533465385437,-0.8016122579574585,0.46882981061935425,0.546533465385437,-0.8016122579574585
123,14,0.44435063004493713,0.6019938588142395,-0.8258705735206604,0.44435063004493713,0.6019938588142395,-0.8258705735206604
123,15,0.3782820403575897,0.49308133125305176,-0.9186761975288391,0.3782820403575897,0.49308133125305176,-0.9186761975288391
123,16,0.48983368277549744,0.6756178140640259,-1.004913568496704,0.48983368277549744,0.6756178140640259,-1.004913568496704
123,17,0.3633858859539032,0.4736463725566864,-0.9922974705696106,0.3633858859539032,0.4736463725566864,-0.9922974705696106
123,18,0.49950769543647766,0.6965179443359375,-1.0852224826812744,0.49950769543647766,0.6965179443359375,-1.0852224826812744
123,19,0.3887038826942444,0.4711061120033264,-1.0179640054702759,0.3887038826942444,0.4711061120033264,-1.0179640054702759
123,20,0.5256596207618713,0.6943824291229248,-1.077427625656128,0.5256596207618713,0.6943824291229248,-1.077427625656128
123,21,0.3997671902179718,0.4767950177192688,-0.92437744140625,0.3997671902179718,0.4767950177192688,-0.92437744140625
123,22,0.5218972563743591,0.6878476142883301,-1.0049711465835571,0.5218972563743591,0.6878476142883301,-1.0049711465835571
123,23,0.44613248109817505,0.5924712419509888,0.018629586324095726,0.44613248109817505,0.5924712419509888,0.018629586324095726
123,24,0.4138133227825165,0.5548577904701233,-0.01856982335448265,0.4138133227825165,0.5548577904701233,-0.01856982335448265
123,25,0.4081108272075653,0.6281951665878296,-0.4634910523891449,0.4081108272075653,0.6281951665878296,-0.4634910523891449
123,26,0.39940667152404785,0.5218309760093689,-0.5396568775177002,0.39940667152404785,0.5218309760093689,-0.5396568775177002
123,27,0.3553756773471832,0.5319047570228577,-0.14319173991680145,0.3553756773471832,0.5319047570228577,-0.14319173991680145
123,28,0.3638789653778076,0.5938013195991516,-0.3027232885360718,0.3638789653778076,0.5938013195991516,-0.3027232885360718
123,29,0.3615184724330902,0.5203384160995483,-0.10289765149354935,0.3615184724330902,0.5203384160995483,-0.10289765149354935
123,30,0.3695179522037506,0.603571355342865,-0.2731243371963501,0.3695179522037506,0.603571355342865,-0.2731243371963501
123,31,0.348762571811676,0.5008651614189148,-0.2061375230550766,0.348762571811676,0.5008651614189148,-0.2061375230550766
123,32,0.362921804189682,0.6256924271583557,-0.37830570340156555,0.362921804189682,0.6256924271583557,-0.37830570340156555
124,0,0.5936871767044067,0.6010573506355286,-0.5207968354225159,0.5936871767044067,0.6010573506355286,-0.5207968354225159
124,1,0.6037739515304565,0.6003229022026062,-0.5397062301635742,0.6037739515304565,0.6003229022026062,-0.5397062301635742
124,2,0.6075112819671631,0.6008924245834351,-0.5397223830223083,0.6075112819671631,0.6008924245834351,-0.5397223830223083
124,3,0.6112877130508423,0.6014680862426758,-0.5397640466690063,0.6112877130508423,0.6014680862426758,-0.5397640466690063
124,4,0.5947122573852539,0.5967261791229248,-0.5540297031402588,0.5947122573852539,0.5967261791229248,-0.5540297031402588
124,5,0.5925964713096619,0.5951008796691895,-0.5541994571685791,0.5925964713096619,0.5951008796691895,-0.5541994571685791
124,6,0.5904638171195984,0.5935675501823425,-0.5543292760848999,0.5904638171195984,0.5935675501823425,-0.5543292760848999
124,7,0.622918426990509,0.5965201258659363,-0.4827831983566284,0.622918426990509,0.5965201258659363,-0.4827831983566284
124,8,0.5940549373626709,0.5843280553817749,-0.551995575428009,0.5940549373626709,0.5843280553817749,-0.551995575428009
124,9,0.5850248336791992,0.5960424542427063,-0.47930148243904114,0.5850248336791992,0.5960424542427063,-0.47930148243904114
124,10,0.5803607106208801,0.5924213528633118,-0.500281572341919,0.5803607106208801,0.5924213528633118,-0.500281572341919
124,11,0.6212034821510315,0.5787311792373657,-0.44077569246292114,0.6212034821510315,0.5787311792373657,-0.44077569246292114
124,12,0.540929913520813,0.5722988247871399,-0.42106011509895325,0.540929913520813,0.5722988247871399,-0.42106011509895325
124,13,0.47128352522850037,0.5432890057563782,-0.44526219367980957,0.47128352522850037,0.5432890057563782,-0.44526219367980957
124,14,0.4298136830329895,0.6228929758071899,-0.4711802899837494,0.4298136830329895,0.6228929758071899,-0.4711802899837494
124,15,0.3901519179344177,0.4962276518344879,-0.536206066608429,0.3901519179344177,0.4962276518344879,-0.536206066608429
124,16,0.49229028820991516,0.7016500234603882,-0.5803791284561157,0.49229028820991516,0.7016500234603882,-0.5803791284561157
124,17,0.3788912296295166,0.47446537017822266,-0.5841751098632812,0.3788912296295166,0.47446537017822266,-0.5841751098632812
124,18,0.5043989419937134,0.7246195077896118,-0.6378528475761414,0.5043989419937134,0.7246195077896118,-0.6378528475761414
124,19,0.4064382314682007,0.4736666977405548,-0.6020958423614502,0.4064382314682007,0.4736666977405548,-0.6020958423614502
124,20,0.5723837614059448,0.7187560200691223,-0.6248762607574463,0.5723837614059448,0.7187560200691223,-0.6248762607574463
124,21,0.4202549159526825,0.47893014550209045,-0.5352892875671387,0.4202549159526825,0.47893014550209045,-0.5352892875671387
124,22,0.5298827886581421,0.7119684815406799,-0.574882984161377,0.5298827886581421,0.7119684815406799,-0.574882984161377
124,23,0.4371127784252167,0.5835450291633606,0.014711737632751465,0.4371127784252167,0.5835450291633606,0.014711737632751465
124,24,0.4076613485813141,0.5512421131134033,-0.014623782597482204,0.4076613485813141,0.5512421131134033,-0.014623782597482204
124,25,0.37028631567955017,0.6456247568130493,-0.5577126741409302,0.37028631567955017,0.6456247568130493,-0.5577126741409302
124,26,0.41971448063850403,0.517431378364563,-0.635047435760498,0.41971448063850403,0.517431378364563,-0.635047435760498
124,27,0.3116443157196045,0.5391446948051453,-0.43951693177223206,0.3116443157196045,0.5391446948051453,-0.43951693177223206
124,28,0.381302148103714,0.6105341911315918,-0.6420459747314453,0.381302148103714,0.6105341911315918,-0.6420459747314453
124,29,0.32159101963043213,0.5265303254127502,-0.41809940338134766,0.32159101963043213,0.5265303254127502,-0.41809940338134766
124,30,0.3873870372772217,0.6201443076133728,-0.6341435313224792,0.3873870372772217,0.6201443076133728,-0.6341435313224792
124,31,0.29641056060791016,0.5048773288726807,-0.4948401153087616,0.29641056060791016,0.5048773288726807,-0.4948401153087616
124,32,0.38257694244384766,0.6553040146827698,-0.7243437170982361,0.38257694244384766,0.6553040146827698,-0.7243437170982361
125,0,0.5930593609809875,0.6056089401245117,-0.4618941843509674,0.5930593609809875,0.6056089401245117,-0.4618941843509674
125,1,0.6141303777694702,0.6059670448303223,-0.47140568494796753,0.6141303777694702,0.6059670448303223,-0.47140568494796753
125,2,0.6169936656951904,0.6053270101547241,-0.47155818343162537,0.6169936656951904,0.6053270101547241,-0.47155818343162537
125,3,0.6208462715148926,0.6040157079696655,-0.4716477692127228,0.6208462715148926,0.6040157079696655,-0.4716477692127228
125,4,0.610482931137085,0.605384349822998,-0.5120363831520081,0.610482931137085,0.605384349822998,-0.5120363831520081
125,5,0.6114966869354248,0.6046560406684875,-0.5122663378715515,0.6114966869354248,0.6046560406684875,-0.5122663378715515
125,6,0.6123417615890503,0.6036416888237,-0.5124341249465942,0.6123417615890503,0.6036416888237,-0.5124341249465942
125,7,0.6358667612075806,0.578233003616333,-0.42809420824050903,0.6358667612075806,0.578233003616333,-0.42809420824050903
125,8,0.592233419418335,0.590609073638916,-0.6160698533058167,0.592233419418335,0.590609073638916,-0.6160698533058167
125,9,0.5824724435806274,0.5982882380485535,-0.43050944805145264,0.5824724435806274,0.5982882380485535,-0.43050944805145264
125,10,0.5813738107681274,0.59625643491745,-0.486478716135025,0.5813738107681274,0.59625643491745,-0.486478716135025
125,11,0.616455078125,0.5273804068565369,-0.35906195640563965,0.616455078125,0.5273804068565369,-0.35906195640563965
125,12,0.5139253735542297,0.571724534034729,-0.6151000261306763,0.5139253735542297,0.571724534034729,-0.6151000261306763
125,13,0.5102089643478394,0.48871171474456787,-0.28139692544937134,0.5102089643478394,0.48871171474456787,-0.28139692544937134
125,14,0.42365264892578125,0.6619656085968018,-0.6954143047332764,0.42365264892578125,0.6619656085968018,-0.6954143047332764
125,15,0.4286675453186035,0.46637237071990967,-0.3342418968677521,0.4286675453186035,0.46637237071990967,-0.3342418968677521
125,16,0.5608634948730469,0.7182509303092957,-0.7469867467880249,0.5608634948730469,0.7182509303092957,-0.7469867467880249
125,17,0.4149148464202881,0.45671993494033813,-0.355669766664505,0.4149148464202881,0.45671993494033813,-0.355669766664505
125,18,0.5913798213005066,0.7360737919807434,-0.8223713040351868,0.5913798213005066,0.7360737919807434,-0.8223713040351868
125,19,0.4160735011100769,0.4652702510356903,-0.398014098405838,0.4160735011100769,0.4652702510356903,-0.398014098405838
125,20,0.6134315729141235,0.7265805006027222,-0.808164656162262,0.6134315729141235,0.7265805006027222,-0.808164656162262
125,21,0.422532856464386,0.4596767723560333,-0.3450952172279358,0.422532856464386,0.4596767723560333,-0.3450952172279358
125,22,0.6013098359107971,0.7195936441421509,-0.7425989508628845,0.6013098359107971,0.7195936441421509,-0.7425989508628845
125,23,0.39208880066871643,0.5373862981796265,0.11327451467514038,0.39208880066871643,0.5373862981796265,0.11327451467514038
125,24,0.34330588579177856,0.5270401835441589,-0.11353307962417603,0.34330588579177856,0.5270401835441589,-0.11353307962417603
125,25,0.3424791395664215,0.6365767121315002,-0.14722886681556702,0.3424791395664215,0.6365767121315002,-0.14722886681556702
125,26,0.3284167945384979,0.5527276396751404,-0.7660430669784546,0.3284167945384979,0.5527276396751404,-0.7660430669784546
125,27,0.27661412954330444,0.5336368680000305,0.06766612827777863,0.27661412954330444,0.5336368680000305,0.06766612827777863
125,28,0.3443763852119446,0.6028069853782654,-0.6867695450782776,0.3443763852119446,0.6028069853782654,-0.6867695450782776
125,29,0.28315818309783936,0.5167945623397827,0.0990634337067604,0.28315818309783936,0.5167945623397827,0.0990634337067604
125,30,0.357053279876709,0.603627622127533,-0.6651322841644287,0.357053279876709,0.603627622127533,-0.6651322841644287
125,31,0.24895408749580383,0.5168021321296692,0.08269563317298889,0.24895408749580383,0.5168021321296692,0.08269563317298889
125,32,0.34557345509529114,0.6393994092941284,-0.6833370923995972,0.34557345509529114,0.6393994092941284,-0.6833370923995972
126,0,0.593592643737793,0.6001684665679932,-0.3957521915435791,0.593592643737793,0.6001684665679932,-0.3957521915435791
126,1,0.6191161870956421,0.5990386605262756,-0.4073023498058319,0.6191161870956421,0.5990386605262756,-0.4073023498058319
126,2,0.6100732088088989,0.6008151769638062,-0.4073585867881775,0.6100732088088989,0.6008151769638062,-0.4073585867881775
126,3,0.6126366257667542,0.6015743017196655,-0.4074467718601227,0.6126366257667542,0.6015743017196655,-0.4074467718601227
126,4,0.6166175007820129,0.5957086682319641,-0.4302620589733124,0.6166175007820129,0.5957086682319641,-0.4302620589733124
126,5,0.616607666015625,0.593673050403595,-0.4304208755493164,0.616607666015625,0.593673050403595,-0.4304208755493164
126,6,0.6144400835037231,0.5872604250907898,-0.43046241998672485,0.6144400835037231,0.5872604250907898,-0.43046241998672485
126,7,0.6181864738464355,0.5923299193382263,-0.3431512713432312,0.6181864738464355,0.5923299193382263,-0.3431512713432312
126,8,0.5989140868186951,0.5775561332702637,-0.45485472679138184,0.5989140868186951,0.5775561332702637,-0.45485472679138184
126,9,0.5785728693008423,0.6015073657035828,-0.35374265909194946,0.5785728693008423,0.6015073657035828,-0.35374265909194946
126,10,0.5728210806846619,0.5905472040176392,-0.3872857689857483,0.5728210806846619,0.5905472040176392,-0.3872857689857483
126,11,0.5934319496154785,0.562995970249176,-0.3023405075073242,0.5934319496154785,0.562995970249176,-0.3023405075073242
126,12,0.5289080142974854,0.5535663366317749,-0.3764394223690033,0.5289080142974854,0.5535663366317749,-0.3764394223690033
126,13,0.4573298692703247,0.5333717465400696,-0.24505943059921265,0.4573298692703247,0.5333717465400696,-0.24505943059921265
126,14,0.43765345215797424,0.631733775138855,-0.40015581250190735,0.43765345215797424,0.631733775138855,-0.40015581250190735
126,15,0.3991333246231079,0.4877818822860718,-0.31617090106010437,0.3991333246231079,0.4877818822860718,-0.31617090106010437
126,16,0.5243250131607056,0.7190721035003662,-0.467099130153656,0.5243250131607056,0.7190721035003662,-0.467099130153656
126,17,0.37714409828186035,0.47143110632896423,-0.3480913043022156,0.37714409828186035,0.47143110632896423,-0.3480913043022156
126,18,0.5809892416000366,0.7325537204742432,-0.5241411924362183,0.5809892416000366,0.7325537204742432,-0.5241411924362183
126,19,0.4055796265602112,0.4713016152381897,-0.3761548399925232,0.4055796265602112,0.4713016152381897,-0.3761548399925232
126,20,0.6012409925460815,0.7236277461051941,-0.505062460899353,0.6012409925460815,0.7236277461051941,-0.505062460899353
126,21,0.41363194584846497,0.4770338535308838,-0.3180874288082123,0.41363194584846497,0.4770338535308838,-0.3180874288082123
126,22,0.5906399488449097,0.7144743800163269,-0.45755282044410706,0.5906399488449097,0.7144743800163269,-0.45755282044410706
126,23,0.38163089752197266,0.5625417828559875,0.036795660853385925,0.38163089752197266,0.5625417828559875,0.036795660853385925
126,24,0.3556402027606964,0.5262985229492188,-0.03674188256263733,0.3556402027606964,0.5262985229492188,-0.03674188256263733
126,25,0.2712417244911194,0.6455930471420288,-0.5043975710868835,0.2712417244911194,0.6455930471420288,-0.5043975710868835
126,26,0.3093535006046295,0.5018692016601562,-0.6281393766403198,0.3093535006046295,0.5018692016601562,-0.6281393766403198
126,27,0.20420575141906738,0.5303901433944702,-0.42043060064315796,0.20420575141906738,0.5303901433944702,-0.42043060064315796
126,28,0.32717064023017883,0.5957220792770386,-0.5839928388595581,0.32717064023017883,0.5957220792770386,-0.5839928388595581
126,29,0.2169652283191681,0.5142359733581543,-0.40003013610839844,0.2169652283191681,0.5142359733581543,-0.40003013610839844
126,30,0.3423500061035156,0.6055713891983032,-0.5677070021629333,0.3423500061035156,0.6055713891983032,-0.5677070021629333
126,31,0.16969771683216095,0.4997504949569702,-0.456903338432312,0.16969771683216095,0.4997504949569702,-0.456903338432312
126,32,0.3333930969238281,0.6389213800430298,-0.6092562079429626,0.3333930969238281,0.6389213800430298,-0.6092562079429626
127,0,0.5998166799545288,0.6031118631362915,-0.3512791395187378,0.5998166799545288,0.6031118631362915,-0.3512791395187378
127,1,0.62401282787323,0.5965588092803955,-0.35842758417129517,0.62401282787323,0.5965588092803955,-0.35842758417129517
127,2,0.6277297735214233,0.5948625802993774,-0.358696311712265,0.6277297735214233,0.5948625802993774,-0.358696311712265
127,3,0.6245636940002441,0.5893936157226562,-0.35888543725013733,0.6245636940002441,0.5893936157226562,-0.35888543725013733
127,4,0.6178154945373535,0.6003679037094116,-0.39572176337242126,0.6178154945373535,0.6003679037094116,-0.39572176337242126
127,5,0.6170920133590698,0.5987635254859924,-0.3959525227546692,0.6170920133590698,0.5987635254859924,-0.3959525227546692
127,6,0.6159587502479553,0.5966668725013733,-0.39607828855514526,0.6159587502479553,0.5966668725013733,-0.39607828855514526
127,7,0.6378823518753052,0.5681959390640259,-0.29841628670692444,0.6378823518753052,0.5681959390640259,-0.29841628670692444
127,8,0.5836343765258789,0.5799403190612793,-0.4707466959953308,0.5836343765258789,0.5799403190612793,-0.4707466959953308
127,9,0.5875903964042664,0.5978606939315796,-0.31414100527763367,0.5875903964042664,0.5978606939315796,-0.31414100527763367
127,10,0.5805422067642212,0.5983545184135437,-0.36551713943481445,0.5805422067642212,0.5983545184135437,-0.36551713943481445
127,11,0.6406375169754028,0.5141689777374268,-0.22442521154880524,0.6406375169754028,0.5141689777374268,-0.22442521154880524
127,12,0.4887549579143524,0.5694736242294312,-0.4376918375492096,0.4887549579143524,0.5694736242294312,-0.4376918375492096
127,13,0.527829110622406,0.47988879680633545,-0.08213458955287933,0.527829110622406,0.47988879680633545,-0.08213458955287933
127,14,0.42002955079078674,0.6748144030570984,-0.4494818449020386,0.42002955079078674,0.6748144030570984,-0.4494818449020386
127,15,0.46941104531288147,0.4499606788158417,-0.08369071781635284,0.46941104531288147,0.4499606788158417,-0.08369071781635284
127,16,0.5736987590789795,0.7188552021980286,-0.4325980246067047,0.5736987590789795,0.7188552021980286,-0.4325980246067047
127,17,0.5044068694114685,0.44902774691581726,-0.08731722086668015,0.5044068694114685,0.44902774691581726,-0.08731722086668015
127,18,0.6104137897491455,0.7354209423065186,-0.4876597225666046,0.6104137897491455,0.7354209423065186,-0.4876597225666046
127,19,0.4677142798900604,0.44113796949386597,-0.12227988243103027,0.4677142798900604,0.44113796949386597,-0.12227988243103027
127,20,0.6306090950965881,0.7274540662765503,-0.4776228666305542,0.6306090950965881,0.7274540662765503,-0.4776228666305542
127,21,0.4649631381034851,0.44761213660240173,-0.08896142244338989,0.4649631381034851,0.44761213660240173,-0.08896142244338989
127,22,0.6198534369468689,0.7201293706893921,-0.42772334814071655,0.6198534369468689,0.7201293706893921,-0.42772334814071655
127,23,0.3853459060192108,0.5278466939926147,0.07734102010726929,0.3853459060192108,0.5278466939926147,0.07734102010726929
127,24,0.3389943838119507,0.5134735107421875,-0.07737544178962708,0.3389943838119507,0.5134735107421875,-0.07737544178962708
127,25,0.30699628591537476,0.6289894580841064,-0.34987494349479675,0.30699628591537476,0.6289894580841064,-0.34987494349479675
127,26,0.31880149245262146,0.5308386087417603,-0.7679236531257629,0.31880149245262146,0.5308386087417603,-0.7679236531257629
127,27,0.25665003061294556,0.5122376084327698,-0.18783733248710632,0.25665003061294556,0.5122376084327698,-0.18783733248710632
127,28,0.3131134510040283,0.5894650816917419,-0.6693176627159119,0.3131134510040283,0.5894650816917419,-0.6693176627159119
127,29,0.2711081802845001,0.49935266375541687,-0.157901331782341,0.2711081802845001,0.49935266375541687,-0.157901331782341
127,30,0.3272492587566376,0.5921865105628967,-0.643142580986023,0.3272492587566376,0.5921865105628967,-0.643142580986023
127,31,0.22904720902442932,0.4773874282836914,-0.19639568030834198,0.22904720902442932,0.4773874282836914,-0.19639568030834198
127,32,0.30365124344825745,0.6287730932235718,-0.6883417963981628,0.30365124344825745,0.6287730932235718,-0.6883417963981628
128,0,0.5968928933143616,0.5933248996734619,-0.5373970866203308,0.5968928933143616,0.5933248996734619,-0.5373970866203308
128,1,0.6219912767410278,0.5935719013214111,-0.5509858727455139,0.6219912767410278,0.5935719013214111,-0.5509858727455139
128,2,0.6261533498764038,0.5933630466461182,-0.551224946975708,0.6261533498764038,0.5933630466461182,-0.551224946975708
128,3,0.6336051821708679,0.5925188660621643,-0.5515061616897583,0.6336051821708679,0.5925188660621643,-0.5515061616897583
128,4,0.6141856908798218,0.5898920297622681,-0.5734912157058716,0.6141856908798218,0.5898920297622681,-0.5734912157058716
128,5,0.6083400249481201,0.580268383026123,-0.5736948847770691,0.6083400249481201,0.580268383026123,-0.5736948847770691
128,6,0.6050620675086975,0.5763491988182068,-0.5737419128417969,0.6050620675086975,0.5763491988182068,-0.5737419128417969
128,7,0.6341450810432434,0.5756134986877441,-0.48000118136405945,0.6341450810432434,0.5756134986877441,-0.48000118136405945
128,8,0.5915165543556213,0.5640182495117188,-0.5825479626655579,0.5915165543556213,0.5640182495117188,-0.5825479626655579
128,9,0.5876743793487549,0.5944825410842896,-0.4933129847049713,0.5876743793487549,0.5944825410842896,-0.4933129847049713
128,10,0.5767568349838257,0.5881879925727844,-0.5241104960441589,0.5767568349838257,0.5881879925727844,-0.5241104960441589
128,11,0.6359039545059204,0.5425001382827759,-0.3860601782798767,0.6359039545059204,0.5425001382827759,-0.3860601782798767
128,12,0.5012269020080566,0.5538327693939209,-0.5010687708854675,0.5012269020080566,0.5538327693939209,-0.5010687708854675
128,13,0.5450865030288696,0.5429068207740784,-0.2820570468902588,0.5450865030288696,0.5429068207740784,-0.2820570468902588
128,14,0.42626067996025085,0.672232449054718,-0.49641692638397217,0.42626067996025085,0.672232449054718,-0.49641692638397217
128,15,0.5055137276649475,0.5326268076896667,-0.3614380359649658,0.5055137276649475,0.5326268076896667,-0.3614380359649658
128,16,0.5791059732437134,0.7175875902175903,-0.5009123682975769,0.5791059732437134,0.7175875902175903,-0.5009123682975769
128,17,0.501749575138092,0.5265994071960449,-0.3880273401737213,0.501749575138092,0.5265994071960449,-0.3880273401737213
128,18,0.6207562685012817,0.7352504730224609,-0.5615304708480835,0.6207562685012817,0.7352504730224609,-0.5615304708480835
128,19,0.5104234218597412,0.5255720019340515,-0.42112261056900024,0.5104234218597412,0.5255720019340515,-0.42112261056900024
128,20,0.6402639150619507,0.7257015705108643,-0.5640966892242432,0.6402639150619507,0.7257015705108643,-0.5640966892242432
128,21,0.5050800442695618,0.5289275646209717,-0.3681163787841797,0.5050800442695618,0.5289275646209717,-0.3681163787841797
128,22,0.6255860328674316,0.7108750343322754,-0.5042418837547302,0.6255860328674316,0.7108750343322754,-0.5042418837547302
128,23,0.40659064054489136,0.5354809761047363,0.051742807030677795,0.40659064054489136,0.5354809761047363,0.051742807030677795
128,24,0.3509140610694885,0.5051212310791016,-0.05149054899811745,0.3509140610694885,0.5051212310791016,-0.05149054899811745
128,25,0.3522913455963135,0.6447138786315918,-0.43348875641822815,0.3522913455963135,0.6447138786315918,-0.43348875641822815
128,26,0.2933761477470398,0.48727652430534363,-0.707967221736908,0.2933761477470398,0.48727652430534363,-0.707967221736908
128,27,0.26692038774490356,0.5082641839981079,-0.21485064923763275,0.26692038774490356,0.5082641839981079,-0.21485064923763275
128,28,0.29028329253196716,0.5763415098190308,-0.4591979682445526,0.29028329253196716,0.5763415098190308,-0.4591979682445526
128,29,0.2809385061264038,0.4931687116622925,-0.17403949797153473,0.2809385061264038,0.4931687116622925,-0.17403949797153473
128,30,0.31858474016189575,0.5828508734703064,-0.413249135017395,0.31858474016189575,0.5828508734703064,-0.413249135017395
128,31,0.2227063775062561,0.4695245921611786,-0.2056318074464798,0.2227063775062561,0.4695245921611786,-0.2056318074464798
128,32,0.2595718502998352,0.6199154257774353,-0.4266204833984375,0.2595718502998352,0.6199154257774353,-0.4266204833984375
129,0,0.5965285897254944,0.6004422307014465,-0.633185088634491,0.5965285897254944,0.6004422307014465,-0.633185088634491
129,1,0.6220381259918213,0.5994089841842651,-0.648739755153656,0.6220381259918213,0.5994089841842651,-0.648739755153656
129,2,0.6249310970306396,0.5988487601280212,-0.6489683389663696,0.6249310970306396,0.5988487601280212,-0.6489683389663696
129,3,0.6130046844482422,0.5901720523834229,-0.6492041349411011,0.6130046844482422,0.5901720523834229,-0.6492041349411011
129,4,0.6145915985107422,0.5904340744018555,-0.6749312877655029,0.6145915985107422,0.5904340744018555,-0.6749312877655029
129,5,0.613583505153656,0.5887359380722046,-0.675163209438324,0.613583505153656,0.5887359380722046,-0.675163209438324
129,6,0.6123160123825073,0.586505651473999,-0.6752392649650574,0.6123160123825073,0.586505651473999,-0.6752392649650574
129,7,0.6213102340698242,0.579863429069519,-0.5788173079490662,0.6213102340698242,0.579863429069519,-0.5788173079490662
129,8,0.5835272073745728,0.5722463726997375,-0.6986883282661438,0.5835272073745728,0.5722463726997375,-0.6986883282661438
129,9,0.5811484456062317,0.5938403010368347,-0.5884931683540344,0.5811484456062317,0.5938403010368347,-0.5884931683540344
129,10,0.5778017640113831,0.5906622409820557,-0.6238892674446106,0.5778017640113831,0.5906622409820557,-0.6238892674446106
129,11,0.6244548559188843,0.5380029082298279,-0.4620512127876282,0.6244548559188843,0.5380029082298279,-0.4620512127876282
129,12,0.4997727870941162,0.557985782623291,-0.604149580001831,0.4997727870941162,0.557985782623291,-0.604149580001831
129,13,0.5138237476348877,0.5368350148200989,-0.3794967532157898,0.5138237476348877,0.5368350148200989,-0.3794967532157898
129,14,0.4306192696094513,0.6647559404373169,-0.6274579763412476,0.4306192696094513,0.6647559404373169,-0.6274579763412476
129,15,0.4526214003562927,0.5342437624931335,-0.49257171154022217,0.4526214003562927,0.5342437624931335,-0.49257171154022217
129,16,0.5823168754577637,0.6947410106658936,-0.6581560969352722,0.5823168754577637,0.6947410106658936,-0.6581560969352722
129,17,0.44724324345588684,0.5306134223937988,-0.525888204574585,0.44724324345588684,0.5306134223937988,-0.525888204574585
129,18,0.6137416362762451,0.6935396790504456,-0.7260319590568542,0.6137416362762451,0.6935396790504456,-0.7260319590568542
129,19,0.4553377628326416,0.5297521352767944,-0.5664864778518677,0.4553377628326416,0.5297521352767944,-0.5664864778518677
129,20,0.6386719942092896,0.6792677640914917,-0.7281164526939392,0.6386719942092896,0.6792677640914917,-0.7281164526939392
129,21,0.4506598711013794,0.5325521230697632,-0.5044682621955872,0.4506598711013794,0.5325521230697632,-0.5044682621955872
129,22,0.6217129230499268,0.6751770973205566,-0.6630464792251587,0.6217129230499268,0.6751770973205566,-0.6630464792251587
129,23,0.4086554944515228,0.5316032767295837,0.0662623941898346,0.4086554944515228,0.5316032767295837,0.0662623941898346
129,24,0.34708577394485474,0.5136731266975403,-0.06616489589214325,0.34708577394485474,0.5136731266975403,-0.06616489589214325
129,25,0.35063427686691284,0.6314423680305481,-0.26027607917785645,0.35063427686691284,0.6314423680305481,-0.26027607917785645
129,26,0.29979854822158813,0.5226434469223022,-0.5695182085037231,0.29979854822158813,0.5226434469223022,-0.5695182085037231
129,27,0.27584606409072876,0.5137954950332642,-0.12722010910511017,0.27584606409072876,0.5137954950332642,-0.12722010910511017
129,28,0.2849390506744385,0.5703980922698975,-0.2916949391365051,0.2849390506744385,0.5703980922698975,-0.2916949391365051
129,29,0.28670746088027954,0.49960458278656006,-0.09794313460588455,0.28670746088027954,0.49960458278656006,-0.09794313460588455
129,30,0.3026595115661621,0.5748628973960876,-0.24725893139839172,0.3026595115661621,0.5748628973960876,-0.24725893139839172
129,31,0.23685115575790405,0.4838067889213562,-0.11734948307275772,0.23685115575790405,0.4838067889213562,-0.11734948307275772
129,32,0.26016765832901,0.6006214022636414,-0.22261232137680054,0.26016765832901,0.6006214022636414,-0.22261232137680054
130,0,0.5845779776573181,0.5787734389305115,-0.6069580316543579,0.5845779776573181,0.5787734389305115,-0.6069580316543579
130,1,0.6100085973739624,0.5915966033935547,-0.6242926120758057,0.6100085973739624,0.5915966033935547,-0.6242926120758057
130,2,0.6123260259628296,0.5926375985145569,-0.6243352890014648,0.6123260259628296,0.5926375985145569,-0.6243352890014648
130,3,0.5936565399169922,0.5925650000572205,-0.6245312094688416,0.5936565399169922,0.5925650000572205,-0.6245312094688416
130,4,0.6056116819381714,0.5783952474594116,-0.641033947467804,0.6056116819381714,0.5783952474594116,-0.641033947467804
130,5,0.5855598449707031,0.5679625868797302,-0.6412515044212341,0.5855598449707031,0.5679625868797302,-0.6412515044212341
130,6,0.5858690738677979,0.5636019706726074,-0.6414154767990112,0.5858690738677979,0.5636019706726074,-0.6414154767990112
130,7,0.6116175651550293,0.5950908064842224,-0.5137759447097778,0.6116175651550293,0.5950908064842224,-0.5137759447097778
130,8,0.6023422479629517,0.5533825159072876,-0.5920420289039612,0.6023422479629517,0.5533825159072876,-0.5920420289039612
130,9,0.5773023366928101,0.5915116667747498,-0.5450040698051453,0.5773023366928101,0.5915116667747498,-0.5450040698051453
130,10,0.5750033855438232,0.5798625946044922,-0.5679843425750732,0.5750033855438232,0.5798625946044922,-0.5679843425750732
130,11,0.6034557223320007,0.6066485047340393,-0.4166143834590912,0.6034557223320007,0.6066485047340393,-0.4166143834590912
130,12,0.5649388432502747,0.5206270813941956,-0.4407179057598114,0.5649388432502747,0.5206270813941956,-0.4407179057598114
130,13,0.4740338921546936,0.6300863027572632,-0.5124589800834656,0.4740338921546936,0.6300863027572632,-0.5124589800834656
130,14,0.4803415834903717,0.5019329786300659,-0.4796426296234131,0.4803415834903717,0.5019329786300659,-0.4796426296234131
130,15,0.4530252516269684,0.5914440155029297,-0.7542879581451416,0.4530252516269684,0.5914440155029297,-0.7542879581451416
130,16,0.5281273126602173,0.4675389528274536,-0.6247082352638245,0.5281273126602173,0.4675389528274536,-0.6247082352638245
130,17,0.44351789355278015,0.5823444724082947,-0.7980160117149353,0.44351789355278015,0.5823444724082947,-0.7980160117149353
130,18,0.5274530649185181,0.4576558470726013,-0.6463180184364319,0.5274530649185181,0.4576558470726013,-0.6463180184364319
130,19,0.46303966641426086,0.5704699158668518,-0.7931504845619202,0.46303966641426086,0.5704699158668518,-0.7931504845619202
130,20,0.5350470542907715,0.4645933210849762,-0.6758776307106018,0.5350470542907715,0.4645933210849762,-0.6758776307106018
130,21,0.4612121880054474,0.5702818036079407,-0.7491405010223389,0.4612121880054474,0.5702818036079407,-0.7491405010223389
130,22,0.5347322821617126,0.4676673710346222,-0.6370481848716736,0.5347322821617126,0.4676673710346222,-0.6370481848716736
130,23,0.37449339032173157,0.5632222890853882,0.033934999257326126,0.37449339032173157,0.5632222890853882,0.033934999257326126
130,24,0.3521587550640106,0.510349690914154,-0.03385166451334953,0.3521587550640106,0.510349690914154,-0.03385166451334953
130,25,0.3194256126880646,0.6445602178573608,-0.1648527979850769,0.3194256126880646,0.6445602178573608,-0.1648527979850769
130,26,0.33627209067344666,0.5066080093383789,-0.4601883590221405,0.33627209067344666,0.5066080093383789,-0.4601883590221405
130,27,0.2986581325531006,0.5159004330635071,-0.13237816095352173,0.2986581325531006,0.5159004330635071,-0.13237816095352173
130,28,0.30476582050323486,0.5572105646133423,-0.28695157170295715,0.30476582050323486,0.5572105646133423,-0.28695157170295715
130,29,0.3162810504436493,0.5004850029945374,-0.11490270495414734,0.3162810504436493,0.5004850029945374,-0.11490270495414734
130,30,0.3131202757358551,0.562057614326477,-0.253659188747406,0.3131202757358551,0.562057614326477,-0.253659188747406
130,31,0.2755545377731323,0.47792649269104004,-0.11298832297325134,0.2755545377731323,0.47792649269104004,-0.11298832297325134
130,32,0.29210901260375977,0.5908747911453247,-0.2350221574306488,0.29210901260375977,0.5908747911453247,-0.2350221574306488
131,0,0.593991756439209,0.5901435017585754,-0.6023201942443848,0.593991756439209,0.5901435017585754,-0.6023201942443848
131,1,0.6192740201950073,0.5904611945152283,-0.6117720007896423,0.6192740201950073,0.5904611945152283,-0.6117720007896423
131,2,0.6218981146812439,0.589119017124176,-0.612044095993042,0.6218981146812439,0.589119017124176,-0.612044095993042
131,3,0.6223263144493103,0.5848422646522522,-0.6123513579368591,0.6223263144493103,0.5848422646522522,-0.6123513579368591
131,4,0.6162697672843933,0.5820533633232117,-0.6380732655525208,0.6162697672843933,0.5820533633232117,-0.6380732655525208
131,5,0.6160534024238586,0.5809935927391052,-0.638302206993103,0.6160534024238586,0.5809935927391052,-0.638302206993103
131,6,0.6117568612098694,0.577798068523407,-0.6384201645851135,0.6117568612098694,0.577798068523407,-0.6384201645851135
131,7,0.640984058380127,0.5685864686965942,-0.5221669673919678,0.640984058380127,0.5685864686965942,-0.5221669673919678
131,8,0.5934392809867859,0.5640104413032532,-0.645502507686615,0.5934392809867859,0.5640104413032532,-0.645502507686615
131,9,0.582748532295227,0.589930534362793,-0.5542618632316589,0.582748532295227,0.589930534362793,-0.5542618632316589
131,10,0.5763612389564514,0.5801337957382202,-0.5900925993919373,0.5763612389564514,0.5801337957382202,-0.5900925993919373
131,11,0.609274685382843,0.5477789044380188,-0.425727903842926,0.609274685382843,0.5477789044380188,-0.425727903842926
131,12,0.49910151958465576,0.5414527058601379,-0.5495132207870483,0.49910151958465576,0.5414527058601379,-0.5495132207870483
131,13,0.5412027835845947,0.5706813931465149,-0.38826483488082886,0.5412027835845947,0.5706813931465149,-0.38826483488082886
131,14,0.44118642807006836,0.5833860039710999,-0.627596378326416,0.44118642807006836,0.5833860039710999,-0.627596378326416
131,15,0.5163770914077759,0.5861356258392334,-0.5316852331161499,0.5163770914077759,0.5861356258392334,-0.5316852331161499
131,16,0.5219684839248657,0.5794677734375,-0.721575915813446,0.5219684839248657,0.5794677734375,-0.721575915813446
131,17,0.5227529406547546,0.5899617075920105,-0.5723268985748291,0.5227529406547546,0.5899617075920105,-0.5723268985748291
131,18,0.5471668243408203,0.5802291035652161,-0.7733517289161682,0.5471668243408203,0.5802291035652161,-0.7733517289161682
131,19,0.5293020606040955,0.5867394804954529,-0.6072722673416138,0.5293020606040955,0.5867394804954529,-0.6072722673416138
131,20,0.5685967803001404,0.5684229731559753,-0.7953776717185974,0.5685967803001404,0.5684229731559753,-0.7953776717185974
131,21,0.5183536410331726,0.5861467719078064,-0.5450717210769653,0.5183536410331726,0.5861467719078064,-0.5450717210769653
131,22,0.5544049739837646,0.5679561495780945,-0.7359189987182617,0.5544049739837646,0.5679561495780945,-0.7359189987182617
131,23,0.37405771017074585,0.5254119038581848,0.07053040713071823,0.37405771017074585,0.5254119038581848,0.07053040713071823
131,24,0.3232119679450989,0.5023004412651062,-0.07045284658670425,0.3232119679450989,0.5023004412651062,-0.07045284658670425
131,25,0.32947927713394165,0.6337572336196899,-0.12291587144136429,0.32947927713394165,0.6337572336196899,-0.12291587144136429
131,26,0.32166218757629395,0.5338806509971619,-0.46297356486320496,0.32166218757629395,0.5338806509971619,-0.46297356486320496
131,27,0.26860129833221436,0.5190482139587402,-0.05584745854139328,0.26860129833221436,0.5190482139587402,-0.05584745854139328
131,28,0.3075275123119354,0.5609564781188965,-0.21443195641040802,0.3075275123119354,0.5609564781188965,-0.21443195641040802
131,29,0.27702417969703674,0.5052406787872314,-0.038005366921424866,0.27702417969703674,0.5052406787872314,-0.038005366921424866
131,30,0.31678342819213867,0.563943088054657,-0.17519257962703705,0.31678342819213867,0.563943088054657,-0.17519257962703705
131,31,0.24625612795352936,0.4906162917613983,-0.04134795814752579,0.24625612795352936,0.4906162917613983,-0.04134795814752579
131,32,0.30685776472091675,0.5824999809265137,-0.13279178738594055,0.30685776472091675,0.5824999809265137,-0.13279178738594055
132,0,0.5980632305145264,0.585667073726654,-0.5385759472846985,0.5980632305145264,0.585667073726654,-0.5385759472846985
132,1,0.6232495903968811,0.5881019830703735,-0.556050717830658,0.6232495903968811,0.5881019830703735,-0.556050717830658
132,2,0.626745343208313,0.5892027616500854,-0.556174635887146,0.626745343208313,0.5892027616500854,-0.556174635887146
132,3,0.6185608506202698,0.5886795520782471,-0.5563482046127319,0.6185608506202698,0.5886795520782471,-0.5563482046127319
132,4,0.6143362522125244,0.573391318321228,-0.5767918825149536,0.6143362522125244,0.573391318321228,-0.5767918825149536
132,5,0.6139385104179382,0.5708490014076233,-0.5769757628440857,0.6139385104179382,0.5708490014076233,-0.5769757628440857
132,6,0.612014889717102,0.5588928461074829,-0.5770896673202515,0.612014889717102,0.5588928461074829,-0.5770896673202515
132,7,0.6339702606201172,0.5896449089050293,-0.4703221619129181,0.6339702606201172,0.5896449089050293,-0.4703221619129181
132,8,0.6201761960983276,0.5434706807136536,-0.566573441028595,0.6201761960983276,0.5434706807136536,-0.566573441028595
132,9,0.5847293734550476,0.5883106589317322,-0.487345427274704,0.5847293734550476,0.5883106589317322,-0.487345427274704
132,10,0.5806880593299866,0.5736974477767944,-0.5155414342880249,0.5806880593299866,0.5736974477767944,-0.5155414342880249
132,11,0.6210035085678101,0.5898641347885132,-0.383193701505661,0.6210035085678101,0.5898641347885132,-0.383193701505661
132,12,0.5627645254135132,0.517713189125061,-0.4435020089149475,0.5627645254135132,0.517713189125061,-0.4435020089149475
132,13,0.5028443336486816,0.590021550655365,-0.320831835269928,0.5028443336486816,0.590021550655365,-0.320831835269928
132,14,0.47565770149230957,0.5333396792411804,-0.3675190806388855,0.47565770149230957,0.5333396792411804,-0.3675190806388855
132,15,0.41936567425727844,0.5338716506958008,-0.41810867190361023,0.41936567425727844,0.5338716506958008,-0.41810867190361023
132,16,0.48906373977661133,0.5346226692199707,-0.3519565761089325,0.48906373977661133,0.5346226692199707,-0.3519565761089325
132,17,0.40147656202316284,0.5175611972808838,-0.44104692339897156,0.40147656202316284,0.5175611972808838,-0.44104692339897156
132,18,0.4924449324607849,0.5353936553001404,-0.3636164367198944,0.4924449324607849,0.5353936553001404,-0.3636164367198944
132,19,0.419572114944458,0.5023877024650574,-0.45522770285606384,0.419572114944458,0.5023877024650574,-0.45522770285606384
132,20,0.5135163068771362,0.527854859828949,-0.3901866674423218,0.5135163068771362,0.527854859828949,-0.3901866674423218
132,21,0.42481520771980286,0.507476270198822,-0.4160348176956177,0.42481520771980286,0.507476270198822,-0.4160348176956177
132,22,0.5075748562812805,0.5283870100975037,-0.3599596917629242,0.5075748562812805,0.5283870100975037,-0.3599596917629242
132,23,0.3673267364501953,0.5435839891433716,0.04095587134361267,0.3673267364501953,0.5435839891433716,0.04095587134361267
132,24,0.3362137973308563,0.49086305499076843,-0.0410555861890316,0.3362137973308563,0.49086305499076843,-0.0410555861890316
132,25,0.2635961174964905,0.6331798434257507,-0.07738107442855835,0.2635961174964905,0.6331798434257507,-0.07738107442855835
132,26,0.28984254598617554,0.5077369809150696,-0.4288143217563629,0.28984254598617554,0.5077369809150696,-0.4288143217563629
132,27,0.22060087323188782,0.5172024369239807,-0.09907852113246918,0.22060087323188782,0.5172024369239807,-0.09907852113246918
132,28,0.2759159505367279,0.5836527347564697,-0.21391205489635468,0.2759159505367279,0.5836527347564697,-0.21391205489635468
132,29,0.23580224812030792,0.4981854557991028,-0.09003430604934692,0.23580224812030792,0.4981854557991028,-0.09003430604934692
132,30,0.28578981757164,0.5899471044540405,-0.17571918666362762,0.28578981757164,0.5899471044540405,-0.17571918666362762
132,31,0.17102442681789398,0.48568984866142273,-0.0616869181394577,0.17102442681789398,0.48568984866142273,-0.0616869181394577
132,32,0.2607637941837311,0.6278880834579468,-0.1099061593413353,0.2607637941837311,0.6278880834579468,-0.1099061593413353
133,0,0.5970621109008789,0.5954697728157043,-0.6371042132377625,0.5970621109008789,0.5954697728157043,-0.6371042132377625
133,1,0.622122049331665,0.6006034016609192,-0.6529581546783447,0.622122049331665,0.6006034016609192,-0.6529581546783447
133,2,0.624759316444397,0.6018051505088806,-0.6531946063041687,0.624759316444397,0.6018051505088806,-0.6531946063041687
133,3,0.6279559135437012,0.602314829826355,-0.6535249948501587,0.6279559135437012,0.602314829826355,-0.6535249948501587
133,4,0.6183590888977051,0.5886049270629883,-0.6776300072669983,0.6183590888977051,0.5886049270629883,-0.6776300072669983
133,5,0.6187063455581665,0.5871167182922363,-0.6778808236122131,0.6187063455581665,0.5871167182922363,-0.6778808236122131
133,6,0.6188231706619263,0.5769033432006836,-0.6779972314834595,0.6188231706619263,0.5769033432006836,-0.6779972314834595
133,7,0.6320221424102783,0.5930417776107788,-0.5615711212158203,0.6320221424102783,0.5930417776107788,-0.5615711212158203
133,8,0.6226314306259155,0.5562700629234314,-0.6750553846359253,0.6226314306259155,0.5562700629234314,-0.6750553846359253
133,9,0.5866796970367432,0.596087634563446,-0.5822942852973938,0.5866796970367432,0.596087634563446,-0.5822942852973938
133,10,0.5850286483764648,0.5842093825340271,-0.6155378222465515,0.5850286483764648,0.5842093825340271,-0.6155378222465515
133,11,0.6335939168930054,0.5850022435188293,-0.47094762325286865,0.6335939168930054,0.5850022435188293,-0.47094762325286865
133,12,0.544301450252533,0.5217453837394714,-0.5734973549842834,0.544301450252533,0.5217453837394714,-0.5734973549842834
133,13,0.49261319637298584,0.604381263256073,-0.45988598465919495,0.49261319637298584,0.604381263256073,-0.45988598465919495
133,14,0.4147874116897583,0.5602642297744751,-0.5464267730712891,0.4147874116897583,0.5602642297744751,-0.5464267730712891
133,15,0.4241199195384979,0.538890540599823,-0.577865481376648,0.4241199195384979,0.538890540599823,-0.577865481376648
133,16,0.41811150312423706,0.5681277513504028,-0.5713694095611572,0.41811150312423706,0.5681277513504028,-0.5713694095611572
133,17,0.40644294023513794,0.5180326700210571,-0.609795331954956,0.40644294023513794,0.5180326700210571,-0.609795331954956
133,18,0.4210512638092041,0.56819748878479,-0.6151424050331116,0.4210512638092041,0.56819748878479,-0.6151424050331116
133,19,0.4243408739566803,0.5015805959701538,-0.6238161325454712,0.4243408739566803,0.5015805959701538,-0.6238161325454712
133,20,0.4418692886829376,0.5614119172096252,-0.638942539691925,0.4418692886829376,0.5614119172096252,-0.638942539691925
133,21,0.429685115814209,0.5059168934822083,-0.5756027102470398,0.429685115814209,0.5059168934822083,-0.5756027102470398
133,22,0.4376612901687622,0.5615761280059814,-0.5819065570831299,0.4376612901687622,0.5615761280059814,-0.5819065570831299
133,23,0.38442909717559814,0.5427291989326477,0.05260894075036049,0.38442909717559814,0.5427291989326477,0.05260894075036049
133,24,0.333181768655777,0.49314191937446594,-0.052415456622838974,0.333181768655777,0.49314191937446594,-0.052415456622838974
133,25,0.3415994346141815,0.6564695835113525,-0.09149032086133957,0.3415994346141815,0.6564695835113525,-0.09149032086133957
133,26,0.28537869453430176,0.5109186768531799,-0.5577536225318909,0.28537869453430176,0.5109186768531799,-0.5577536225318909
133,27,0.2583187520503998,0.5207623243331909,-0.12365223467350006,0.2583187520503998,0.5207623243331909,-0.12365223467350006
133,28,0.3087603747844696,0.5917747616767883,-0.3661069869995117,0.3087603747844696,0.5917747616767883,-0.3661069869995117
133,29,0.2675572335720062,0.503480076789856,-0.11221931129693985,0.2675572335720062,0.503480076789856,-0.11221931129693985
133,30,0.33146968483924866,0.5969569087028503,-0.32713767886161804,0.33146968483924866,0.5969569087028503,-0.32713767886161804
133,31,0.2193363755941391,0.48575660586357117,-0.08970550447702408,0.2193363755941391,0.48575660586357117,-0.08970550447702408
133,32,0.30747225880622864,0.6395589709281921,-0.2710319757461548,0.30747225880622864,0.6395589709281921,-0.2710319757461548
134,0,0.6003279089927673,0.5865245461463928,-0.5887558460235596,0.6003279089927673,0.5865245461463928,-0.5887558460235596
134,1,0.6249022483825684,0.5888838171958923,-0.614850640296936,0.6249022483825684,0.5888838171958923,-0.614850640296936
134,2,0.631803035736084,0.5901017785072327,-0.6150882840156555,0.631803035736084,0.5901017785072327,-0.6150882840156555
134,3,0.6280757784843445,0.5901486277580261,-0.6152987480163574,0.6280757784843445,0.5901486277580261,-0.6152987480163574
134,4,0.6203278303146362,0.5867504477500916,-0.6363778710365295,0.6203278303146362,0.5867504477500916,-0.6363778710365295
134,5,0.6201426982879639,0.5856427550315857,-0.6366709470748901,0.6201426982879639,0.5856427550315857,-0.6366709470748901
134,6,0.6160663366317749,0.5825836658477783,-0.6368047595024109,0.6160663366317749,0.5825836658477783,-0.6368047595024109
134,7,0.644468367099762,0.5883724093437195,-0.5588628649711609,0.644468367099762,0.5883724093437195,-0.5588628649711609
134,8,0.6235400438308716,0.5706790089607239,-0.6544753909111023,0.6235400438308716,0.5706790089607239,-0.6544753909111023
134,9,0.5918219685554504,0.5877338647842407,-0.5453796982765198,0.5918219685554504,0.5877338647842407,-0.5453796982765198
134,10,0.5879776477813721,0.5851266980171204,-0.573661208152771,0.5879776477813721,0.5851266980171204,-0.573661208152771
134,11,0.6642338037490845,0.5568512082099915,-0.4097164571285248,0.6642338037490845,0.5568512082099915,-0.4097164571285248
134,12,0.5326753854751587,0.5601366758346558,-0.5764752626419067,0.5326753854751587,0.5601366758346558,-0.5764752626419067
134,13,0.550905704498291,0.5473405122756958,-0.2330995500087738,0.550905704498291,0.5473405122756958,-0.2330995500087738
134,14,0.4627721309661865,0.6663193702697754,-0.540493369102478,0.4627721309661865,0.6663193702697754,-0.540493369102478
134,15,0.4595365822315216,0.5082446336746216,-0.2196061611175537,0.4595365822315216,0.5082446336746216,-0.2196061611175537
134,16,0.6026433110237122,0.7025691270828247,-0.46092700958251953,0.6026433110237122,0.7025691270828247,-0.46092700958251953
134,17,0.4250989258289337,0.4954931139945984,-0.224601611495018,0.4250989258289337,0.4954931139945984,-0.224601611495018
134,18,0.6441183090209961,0.7236295938491821,-0.4992343485355377,0.6441183090209961,0.7236295938491821,-0.4992343485355377
134,19,0.4538235068321228,0.4884660840034485,-0.25675368309020996,0.4538235068321228,0.4884660840034485,-0.25675368309020996
134,20,0.6643853187561035,0.7044309973716736,-0.5041074156761169,0.6643853187561035,0.7044309973716736,-0.5041074156761169
134,21,0.455217182636261,0.49729683995246887,-0.2236155867576599,0.455217182636261,0.49729683995246887,-0.2236155867576599
134,22,0.6407488584518433,0.693530261516571,-0.46234947443008423,0.6407488584518433,0.693530261516571,-0.46234947443008423
134,23,0.40217116475105286,0.5282652974128723,0.0856655016541481,0.40217116475105286,0.5282652974128723,0.0856655016541481
134,24,0.3434549868106842,0.5039960145950317,-0.0858837217092514,0.3434549868106842,0.5039960145950317,-0.0858837217092514
134,25,0.3153710961341858,0.6581165194511414,-0.1570737510919571,0.3153710961341858,0.6581165194511414,-0.1570737510919571
134,26,0.32335856556892395,0.5727348327636719,-0.3501632809638977,0.32335856556892395,0.5727348327636719,-0.3501632809638977
134,27,0.26619571447372437,0.5121796727180481,-0.18111953139305115,0.26619571447372437,0.5121796727180481,-0.18111953139305115
134,28,0.29785603284835815,0.5658974051475525,-0.03428345546126366,0.29785603284835815,0.5658974051475525,-0.03428345546126366
134,29,0.2848053574562073,0.491723895072937,-0.16898077726364136,0.2848053574562073,0.491723895072937,-0.16898077726364136
134,30,0.3134930729866028,0.5588680505752563,0.014789607375860214,0.3134930729866028,0.5588680505752563,0.014789607375860214
134,31,0.219535231590271,0.4765578806400299,-0.13661904633045197,0.219535231590271,0.4765578806400299,-0.13661904633045197
134,32,0.2642039656639099,0.590498149394989,0.12413869798183441,0.2642039656639099,0.590498149394989,0.12413869798183441
135,0,0.6006274223327637,0.601076602935791,-0.6555532813072205,0.6006274223327637,0.601076602935791,-0.6555532813072205
135,1,0.6253319978713989,0.6049146056175232,-0.6635928153991699,0.6253319978713989,0.6049146056175232,-0.6635928153991699
135,2,0.6280678510665894,0.609634280204773,-0.6638796925544739,0.6280678510665894,0.609634280204773,-0.6638796925544739
135,3,0.6315072178840637,0.6105584502220154,-0.6641994714736938,0.6315072178840637,0.6105584502220154,-0.6641994714736938
135,4,0.6201299428939819,0.6000204086303711,-0.6963657140731812,0.6201299428939819,0.6000204086303711,-0.6963657140731812
135,5,0.6201783418655396,0.592156708240509,-0.6966026425361633,0.6201783418655396,0.592156708240509,-0.6966026425361633
135,6,0.6198122501373291,0.5891422033309937,-0.6966544389724731,0.6198122501373291,0.5891422033309937,-0.6966544389724731
135,7,0.6489814519882202,0.5950291156768799,-0.5537171959877014,0.6489814519882202,0.5950291156768799,-0.5537171959877014
135,8,0.6246397495269775,0.565140962600708,-0.7044156789779663,0.6246397495269775,0.565140962600708,-0.7044156789779663
135,9,0.5928226113319397,0.6003991365432739,-0.5955643057823181,0.5928226113319397,0.6003991365432739,-0.5955643057823181
135,10,0.5856042504310608,0.5878357291221619,-0.6395986676216125,0.5856042504310608,0.5878357291221619,-0.6395986676216125
135,11,0.6433718800544739,0.5779915452003479,-0.43461528420448303,0.6433718800544739,0.5779915452003479,-0.43461528420448303
135,12,0.5345906019210815,0.5277755856513977,-0.621813178062439,0.5345906019210815,0.5277755856513977,-0.621813178062439
135,13,0.4972648322582245,0.5998223423957825,-0.3808717727661133,0.4972648322582245,0.5998223423957825,-0.3808717727661133
135,14,0.41664817929267883,0.6063012480735779,-0.6181430220603943,0.41664817929267883,0.6063012480735779,-0.6181430220603943
135,15,0.430267333984375,0.5394747853279114,-0.5252832770347595,0.430267333984375,0.5394747853279114,-0.5252832770347595
135,16,0.4832686185836792,0.6397640705108643,-0.6022512912750244,0.4832686185836792,0.6397640705108643,-0.6022512912750244
135,17,0.41235852241516113,0.5195811986923218,-0.5602147579193115,0.41235852241516113,0.5195811986923218,-0.5602147579193115
135,18,0.50360107421875,0.6498235464096069,-0.6557435393333435,0.50360107421875,0.6498235464096069,-0.6557435393333435
135,19,0.4275553524494171,0.5027642250061035,-0.5867933034896851,0.4275553524494171,0.5027642250061035,-0.5867933034896851
135,20,0.5336510539054871,0.6367611885070801,-0.6619476079940796,0.5336510539054871,0.6367611885070801,-0.6619476079940796
135,21,0.43257150053977966,0.5157855153083801,-0.5289392471313477,0.43257150053977966,0.5157855153083801,-0.5289392471313477
135,22,0.5230245590209961,0.6329129934310913,-0.6053094863891602,0.5230245590209961,0.6329129934310913,-0.6053094863891602
135,23,0.3869820237159729,0.5362231731414795,0.08073718845844269,0.3869820237159729,0.5362231731414795,0.08073718845844269
135,24,0.3287433385848999,0.49557575583457947,-0.08041781187057495,0.3287433385848999,0.49557575583457947,-0.08041781187057495
135,25,0.27565038204193115,0.632925808429718,-0.03110039047896862,0.27565038204193115,0.632925808429718,-0.03110039047896862
135,26,0.27479228377342224,0.5424337983131409,-0.3870175778865814,0.27479228377342224,0.5424337983131409,-0.3870175778865814
135,27,0.23590272665023804,0.5196372270584106,-0.034406498074531555,0.23590272665023804,0.5196372270584106,-0.034406498074531555
135,28,0.3010473847389221,0.5770049095153809,-0.1133175864815712,0.3010473847389221,0.5770049095153809,-0.1133175864815712
135,29,0.25178712606430054,0.5005120635032654,-0.020375452935695648,0.25178712606430054,0.5005120635032654,-0.020375452935695648
135,30,0.3214891850948334,0.5750752687454224,-0.0682036504149437,0.3214891850948334,0.5750752687454224,-0.0682036504149437
135,31,0.19798366725444794,0.4927922785282135,0.020673587918281555,0.19798366725444794,0.4927922785282135,0.020673587918281555
135,32,0.29178786277770996,0.613315224647522,0.036657750606536865,0.29178786277770996,0.613315224647522,0.036657750606536865
136,0,0.6064974069595337,0.5961837768554688,-0.54155433177948,0.6064974069595337,0.5961837768554688,-0.54155433177948
136,1,0.629710853099823,0.6006803512573242,-0.5609740614891052,0.629710853099823,0.6006803512573242,-0.5609740614891052
136,2,0.6327016949653625,0.6020590662956238,-0.5612165927886963,0.6327016949653625,0.6020590662956238,-0.5612165927886963
136,3,0.6385303735733032,0.6029688119888306,-0.5614202618598938,0.6385303735733032,0.6029688119888306,-0.5614202618598938
136,4,0.6236858367919922,0.5950393676757812,-0.5850986242294312,0.6236858367919922,0.5950393676757812,-0.5850986242294312
136,5,0.6232762336730957,0.5929328203201294,-0.5853714942932129,0.6232762336730957,0.5929328203201294,-0.5853714942932129
136,6,0.6227927803993225,0.5904386639595032,-0.5854818224906921,0.6227927803993225,0.5904386639595032,-0.5854818224906921
136,7,0.6428738236427307,0.592549741268158,-0.5008811354637146,0.6428738236427307,0.592549741268158,-0.5008811354637146
136,8,0.6244891285896301,0.5759773254394531,-0.608322262763977,0.6244891285896301,0.5759773254394531,-0.608322262763977
136,9,0.5940954089164734,0.5975283980369568,-0.4999698996543884,0.5940954089164734,0.5975283980369568,-0.4999698996543884
136,10,0.5881633758544922,0.5906965136528015,-0.5315002202987671,0.5881633758544922,0.5906965136528015,-0.5315002202987671
136,11,0.6600968241691589,0.5580628514289856,-0.36929193139076233,0.6600968241691589,0.5580628514289856,-0.36929193139076233
136,12,0.5207350850105286,0.5559842586517334,-0.5333072543144226,0.5207350850105286,0.5559842586517334,-0.5333072543144226
136,13,0.5535826086997986,0.549470841884613,-0.24602633714675903,0.5535826086997986,0.549470841884613,-0.24602633714675903
136,14,0.4355772137641907,0.6316899061203003,-0.4763981103897095,0.4355772137641907,0.6316899061203003,-0.4763981103897095
136,15,0.4581909775733948,0.5245228409767151,-0.29321280121803284,0.4581909775733948,0.5245228409767151,-0.29321280121803284
136,16,0.4405701458454132,0.6427148580551147,-0.41473838686943054,0.4405701458454132,0.6427148580551147,-0.41473838686943054
136,17,0.42715150117874146,0.5024132132530212,-0.3158751428127289,0.42715150117874146,0.5024132132530212,-0.3158751428127289
136,18,0.4506836533546448,0.6502078175544739,-0.45406100153923035,0.4506836533546448,0.6502078175544739,-0.45406100153923035
136,19,0.44922930002212524,0.4986247718334198,-0.3514821529388428,0.44922930002212524,0.4986247718334198,-0.3514821529388428
136,20,0.48422056436538696,0.6388713121414185,-0.4711063504219055,0.48422056436538696,0.6388713121414185,-0.4711063504219055
136,21,0.45461857318878174,0.5025737881660461,-0.30203643441200256,0.45461857318878174,0.5025737881660461,-0.30203643441200256
136,22,0.4783306121826172,0.6345922946929932,-0.4213753342628479,0.4783306121826172,0.6345922946929932,-0.4213753342628479
136,23,0.396727979183197,0.527438223361969,0.08454567193984985,0.396727979183197,0.527438223361969,0.08454567193984985
136,24,0.3370441794395447,0.5025237798690796,-0.08460064232349396,0.3370441794395447,0.5025237798690796,-0.08460064232349396
136,25,0.32477396726608276,0.6445900797843933,-0.10091092437505722,0.32477396726608276,0.6445900797843933,-0.10091092437505722
136,26,0.34093597531318665,0.566993772983551,-0.3849198520183563,0.34093597531318665,0.566993772983551,-0.3849198520183563
136,27,0.27763575315475464,0.5194457769393921,-0.10880692303180695,0.27763575315475464,0.5194457769393921,-0.10880692303180695
136,28,0.29959970712661743,0.5523797869682312,-0.14849789440631866,0.29959970712661743,0.5523797869682312,-0.14849789440631866
136,29,0.29120612144470215,0.502467930316925,-0.09809664636850357,0.29120612144470215,0.502467930316925,-0.09809664636850357
136,30,0.3072100281715393,0.5457848310470581,-0.10953414440155029,0.3072100281715393,0.5457848310470581,-0.10953414440155029
136,31,0.24330227077007294,0.48934757709503174,-0.06480472534894943,0.24330227077007294,0.48934757709503174,-0.06480472534894943
136,32,0.276665598154068,0.5705572962760925,-0.023095006123185158,0.276665598154068,0.5705572962760925,-0.023095006123185158
137,0,0.6093490123748779,0.6105949878692627,-0.4909484088420868,0.6093490123748779,0.6105949878692627,-0.4909484088420868
137,1,0.6309479475021362,0.6124800443649292,-0.5038043856620789,0.6309479475021362,0.6124800443649292,-0.5038043856620789
137,2,0.6344026327133179,0.6130713224411011,-0.5041354894638062,0.6344026327133179,0.6130713224411011,-0.5041354894638062
137,3,0.6380974650382996,0.6133601665496826,-0.5044716596603394,0.6380974650382996,0.6133601665496826,-0.5044716596603394
137,4,0.6238418221473694,0.6049336194992065,-0.5459474325180054,0.6238418221473694,0.6049336194992065,-0.5459474325180054
137,5,0.6226388812065125,0.6030822396278381,-0.5462250709533691,0.6226388812065125,0.6030822396278381,-0.5462250709533691
137,6,0.6214469075202942,0.6006061434745789,-0.546267032623291,0.6214469075202942,0.6006061434745789,-0.546267032623291
137,7,0.6523776650428772,0.595923662185669,-0.43443718552589417,0.6523776650428772,0.595923662185669,-0.43443718552589417
137,8,0.625000536441803,0.5786461234092712,-0.6239385604858398,0.625000536441803,0.5786461234092712,-0.6239385604858398
137,9,0.600033700466156,0.60295170545578,-0.4453102648258209,0.600033700466156,0.60295170545578,-0.4453102648258209
137,10,0.5939745903015137,0.5993890166282654,-0.5004248023033142,0.5939745903015137,0.5993890166282654,-0.5004248023033142
137,11,0.6803680658340454,0.5511385798454285,-0.3207145631313324,0.6803680658340454,0.5511385798454285,-0.3207145631313324
137,12,0.5172512531280518,0.5513810515403748,-0.5944024324417114,0.5172512531280518,0.5513810515403748,-0.5944024324417114
137,13,0.5672417283058167,0.5725066065788269,-0.25185105204582214,0.5672417283058167,0.5725066065788269,-0.25185105204582214
137,14,0.46234330534935,0.6501368284225464,-0.6077938675880432,0.46234330534935,0.6501368284225464,-0.6077938675880432
137,15,0.488545298576355,0.5473535656929016,-0.4012742340564728,0.488545298576355,0.5473535656929016,-0.4012742340564728
137,16,0.6053071022033691,0.6918644905090332,-0.5021946430206299,0.6053071022033691,0.6918644905090332,-0.5021946430206299
137,17,0.4889264404773712,0.5521548986434937,-0.43283846974372864,0.4889264404773712,0.5521548986434937,-0.43283846974372864
137,18,0.6414413452148438,0.7119756937026978,-0.5532404184341431,0.6414413452148438,0.7119756937026978,-0.5532404184341431
137,19,0.5000125169754028,0.5454331636428833,-0.46967923641204834,0.5000125169754028,0.5454331636428833,-0.46967923641204834
137,20,0.663204550743103,0.6865687370300293,-0.5512613654136658,0.663204550743103,0.6865687370300293,-0.5512613654136658
137,21,0.49511486291885376,0.5477632880210876,-0.41464415192604065,0.49511486291885376,0.5477632880210876,-0.41464415192604065
137,22,0.6405245065689087,0.6812602281570435,-0.5010133981704712,0.6405245065689087,0.6812602281570435,-0.5010133981704712
137,23,0.3838065564632416,0.5186462998390198,0.10506067425012589,0.3838065564632416,0.5186462998390198,0.10506067425012589
137,24,0.3235241174697876,0.49905478954315186,-0.1046919897198677,0.3235241174697876,0.49905478954315186,-0.1046919897198677
137,25,0.3029327392578125,0.6262040138244629,0.030843324959278107,0.3029327392578125,0.6262040138244629,0.030843324959278107
137,26,0.31577834486961365,0.5869250893592834,-0.36069825291633606,0.31577834486961365,0.5869250893592834,-0.36069825291633606
137,27,0.2536892294883728,0.5287526845932007,0.020519686862826347,0.2536892294883728,0.5287526845932007,0.020519686862826347
137,28,0.37351468205451965,0.5848982930183411,-0.2783218324184418,0.37351468205451965,0.5848982930183411,-0.2783218324184418
137,29,0.2619814872741699,0.5126707553863525,0.029612040147185326,0.2619814872741699,0.5126707553863525,0.029612040147185326
137,30,0.390863835811615,0.5777083039283752,-0.2573191225528717,0.390863835811615,0.5777083039283752,-0.2573191225528717
137,31,0.22844882309436798,0.5030619502067566,0.04971638694405556,0.22844882309436798,0.5030619502067566,0.04971638694405556
137,32,0.39859673380851746,0.6086030006408691,-0.20387199521064758,0.39859673380851746,0.6086030006408691,-0.20387199521064758
138,0,0.6059280633926392,0.6099414825439453,-0.3175732493400574,0.6059280633926392,0.6099414825439453,-0.3175732493400574
138,1,0.6265449523925781,0.6122701168060303,-0.3352055549621582,0.6265449523925781,0.6122701168060303,-0.3352055549621582
138,2,0.6292706727981567,0.6126703023910522,-0.3354834020137787,0.6292706727981567,0.6126703023910522,-0.3354834020137787
138,3,0.6325446367263794,0.612775444984436,-0.33567267656326294,0.6325446367263794,0.612775444984436,-0.33567267656326294
138,4,0.6218786835670471,0.6095739603042603,-0.3780575692653656,0.6218786835670471,0.6095739603042603,-0.3780575692653656
138,5,0.621730625629425,0.6081339120864868,-0.3783605992794037,0.621730625629425,0.6081339120864868,-0.3783605992794037
138,6,0.6217166781425476,0.6065036654472351,-0.378438800573349,0.6217166781425476,0.6065036654472351,-0.378438800573349
138,7,0.6450539231300354,0.5953326225280762,-0.31025099754333496,0.6450539231300354,0.5953326225280762,-0.31025099754333496
138,8,0.6281808614730835,0.5900160670280457,-0.5083017349243164,0.6281808614730835,0.5900160670280457,-0.5083017349243164
138,9,0.595090389251709,0.6065719723701477,-0.2911818325519562,0.595090389251709,0.6065719723701477,-0.2911818325519562
138,10,0.5899282693862915,0.6033601760864258,-0.3491562008857727,0.5899282693862915,0.6033601760864258,-0.3491562008857727
138,11,0.6810595393180847,0.5354851484298706,-0.21857716143131256,0.6810595393180847,0.5354851484298706,-0.21857716143131256
138,12,0.5221843123435974,0.5624730587005615,-0.507376492023468,0.5221843123435974,0.5624730587005615,-0.507376492023468
138,13,0.6194292306900024,0.5367844104766846,-0.12938292324543,0.6194292306900024,0.5367844104766846,-0.12938292324543
138,14,0.46562257409095764,0.636096715927124,-0.46452635526657104,0.46562257409095764,0.636096715927124,-0.46452635526657104
138,15,0.5696828961372375,0.53473961353302,-0.24634158611297607,0.5696828961372375,0.53473961353302,-0.24634158611297607
138,16,0.5338826179504395,0.6574255228042603,-0.29783895611763,0.5338826179504395,0.6574255228042603,-0.29783895611763
138,17,0.5719975829124451,0.5313594341278076,-0.2702898681163788,0.5719975829124451,0.5313594341278076,-0.2702898681163788
138,18,0.5597867369651794,0.67152339220047,-0.3253994286060333,0.5597867369651794,0.67152339220047,-0.3253994286060333
138,19,0.5784368515014648,0.5288280248641968,-0.30377116799354553,0.5784368515014648,0.5288280248641968,-0.30377116799354553
138,20,0.5922149419784546,0.6568912267684937,-0.3282521367073059,0.5922149419784546,0.6568912267684937,-0.3282521367073059
138,21,0.5693113207817078,0.5308331847190857,-0.25888484716415405,0.5693113207817078,0.5308331847190857,-0.25888484716415405
138,22,0.5791768431663513,0.6510356664657593,-0.2940993309020996,0.5791768431663513,0.6510356664657593,-0.2940993309020996
138,23,0.3804415464401245,0.5171507596969604,0.11799544841051102,0.3804415464401245,0.5171507596969604,0.11799544841051102
138,24,0.32095739245414734,0.5035932660102844,-0.11767099797725677,0.32095739245414734,0.5035932660102844,-0.11767099797725677
138,25,0.32153579592704773,0.6252386569976807,0.23192861676216125,0.32153579592704773,0.6252386569976807,0.23192861676216125
138,26,0.32732638716697693,0.5697412490844727,-0.4942387342453003,0.32732638716697693,0.5697412490844727,-0.4942387342453003
138,27,0.26203614473342896,0.5319536924362183,0.31026676297187805,0.26203614473342896,0.5319536924362183,0.31026676297187805
138,28,0.3740668296813965,0.5990298986434937,-0.4849795699119568,0.3740668296813965,0.5990298986434937,-0.4849795699119568
138,29,0.26595941185951233,0.5188352465629578,0.3227856755256653,0.26595941185951233,0.5188352465629578,0.3227856755256653
138,30,0.3826892077922821,0.5950872898101807,-0.47275859117507935,0.3826892077922821,0.5950872898101807,-0.47275859117507935
138,31,0.24829374253749847,0.5136939287185669,0.34573113918304443,0.24829374253749847,0.5136939287185669,0.34573113918304443
138,32,0.4150375723838806,0.6335250735282898,-0.44768017530441284,0.4150375723838806,0.6335250735282898,-0.44768017530441284
139,0,0.6153985261917114,0.6097995638847351,-0.3641373813152313,0.6153985261917114,0.6097995638847351,-0.3641373813152313
139,1,0.6399701833724976,0.6120197772979736,-0.39412590861320496,0.6399701833724976,0.6120197772979736,-0.39412590861320496
139,2,0.6428312063217163,0.6119642853736877,-0.39440709352493286,0.6428312063217163,0.6119642853736877,-0.39440709352493286
139,3,0.6461706757545471,0.6057307720184326,-0.39473581314086914,0.6461706757545471,0.6057307720184326,-0.39473581314086914
139,4,0.6337970495223999,0.6102370023727417,-0.43099403381347656,0.6337970495223999,0.6102370023727417,-0.43099403381347656
139,5,0.6323128938674927,0.6089727878570557,-0.431234747171402,0.6323128938674927,0.6089727878570557,-0.431234747171402
139,6,0.630790650844574,0.6076074242591858,-0.4313117265701294,0.630790650844574,0.6076074242591858,-0.4313117265701294
139,7,0.6470590829849243,0.5895987153053284,-0.391569048166275,0.6470590829849243,0.5895987153053284,-0.391569048166275
139,8,0.631430983543396,0.5920627117156982,-0.553741455078125,0.631430983543396,0.5920627117156982,-0.553741455078125
139,9,0.6074000597000122,0.6024047136306763,-0.3413788974285126,0.6074000597000122,0.6024047136306763,-0.3413788974285126
139,10,0.597665011882782,0.5989352464675903,-0.3885709345340729,0.597665011882782,0.5989352464675903,-0.3885709345340729
139,11,0.6819510459899902,0.5301967263221741,-0.2635057866573334,0.6819510459899902,0.5301967263221741,-0.2635057866573334
139,12,0.538699746131897,0.5663414001464844,-0.544024646282196,0.538699746131897,0.5663414001464844,-0.544024646282196
139,13,0.6102080345153809,0.5161659121513367,-0.10277898609638214,0.6102080345153809,0.5161659121513367,-0.10277898609638214
139,14,0.4771530330181122,0.665527880191803,-0.5563198924064636,0.4771530330181122,0.665527880191803,-0.5563198924064636
139,15,0.5534318089485168,0.5163268446922302,-0.12836572527885437,0.5534318089485168,0.5163268446922302,-0.12836572527885437
139,16,0.6500760316848755,0.7161939144134521,-0.4590376615524292,0.6500760316848755,0.7161939144134521,-0.4590376615524292
139,17,0.5514824390411377,0.5119488835334778,-0.1451142579317093,0.5514824390411377,0.5119488835334778,-0.1451142579317093
139,18,0.6918790340423584,0.7376153469085693,-0.5137062668800354,0.6918790340423584,0.7376153469085693,-0.5137062668800354
139,19,0.5520130395889282,0.5156823396682739,-0.19226445257663727,0.5520130395889282,0.5156823396682739,-0.19226445257663727
139,20,0.7068840861320496,0.7252289056777954,-0.5088005661964417,0.7068840861320496,0.7252289056777954,-0.5088005661964417
139,21,0.5456620454788208,0.5185094475746155,-0.1449427604675293,0.5456620454788208,0.5185094475746155,-0.1449427604675293
139,22,0.6915746927261353,0.7146908044815063,-0.45748090744018555,0.6915746927261353,0.7146908044815063,-0.45748090744018555
139,23,0.38137245178222656,0.5050706267356873,0.1256125122308731,0.38137245178222656,0.5050706267356873,0.1256125122308731
139,24,0.3209896981716156,0.5105623602867126,-0.1258479207754135,0.3209896981716156,0.5105623602867126,-0.1258479207754135
139,25,0.28338494896888733,0.6246709823608398,0.08444466441869736,0.28338494896888733,0.6246709823608398,0.08444466441869736
139,26,0.3462817668914795,0.6201583743095398,-0.1405351758003235,0.3462817668914795,0.6201583743095398,-0.1405351758003235
139,27,0.24479514360427856,0.5217993259429932,-0.004400000907480717,0.24479514360427856,0.5217993259429932,-0.004400000907480717
139,28,0.37089240550994873,0.5809933543205261,0.07867081463336945,0.37089240550994873,0.5809933543205261,0.07867081463336945
139,29,0.25648316740989685,0.5056649446487427,-0.00506169069558382,0.25648316740989685,0.5056649446487427,-0.00506169069558382
139,30,0.38290828466415405,0.569054901599884,0.11247184127569199,0.38290828466415405,0.569054901599884,0.11247184127569199
139,31,0.21128609776496887,0.5020124912261963,0.009601054713129997,0.21128609776496887,0.5020124912261963,0.009601054713129997
139,32,0.37771230936050415,0.5940505862236023,0.22122828662395477,0.37771230936050415,0.5940505862236023,0.22122828662395477
140,0,0.5991743803024292,0.5920537114143372,-0.6017941236495972,0.5991743803024292,0.5920537114143372,-0.6017941236495972
140,1,0.6231735944747925,0.5954646468162537,-0.6410365104675293,0.6231735944747925,0.5954646468162537,-0.6410365104675293
140,2,0.6261059641838074,0.5963302254676819,-0.6412538886070251,0.6261059641838074,0.5963302254676819,-0.6412538886070251
140,3,0.6346763968467712,0.5992959141731262,-0.6415700316429138,0.6346763968467712,0.5992959141731262,-0.6415700316429138
140,4,0.6185891628265381,0.5899282693862915,-0.659162700176239,0.6185891628265381,0.5899282693862915,-0.659162700176239
140,5,0.6196056604385376,0.5832357406616211,-0.6593944430351257,0.6196056604385376,0.5832357406616211,-0.6593944430351257
140,6,0.6207563877105713,0.5811707377433777,-0.6594506502151489,0.6207563877105713,0.5811707377433777,-0.6594506502151489
140,7,0.6562577486038208,0.588889479637146,-0.6034625172615051,0.6562577486038208,0.588889479637146,-0.6034625172615051
140,8,0.6285526752471924,0.5752295851707458,-0.6793943643569946,0.6285526752471924,0.5752295851707458,-0.6793943643569946
140,9,0.5893831253051758,0.5928203463554382,-0.5599977374076843,0.5893831253051758,0.5928203463554382,-0.5599977374076843
140,10,0.5839850902557373,0.5796071887016296,-0.582355797290802,0.5839850902557373,0.5796071887016296,-0.582355797290802
140,11,0.6881073713302612,0.5446287989616394,-0.3916565179824829,0.6881073713302612,0.5446287989616394,-0.3916565179824829
140,12,0.5359123945236206,0.5742912292480469,-0.5712036490440369,0.5359123945236206,0.5742912292480469,-0.5712036490440369
140,13,0.5971711277961731,0.5615607500076294,-0.22154223918914795,0.5971711277961731,0.5615607500076294,-0.22154223918914795
140,14,0.47247570753097534,0.6662943363189697,-0.4749717712402344,0.47247570753097534,0.6662943363189697,-0.4749717712402344
140,15,0.5857412219047546,0.5514559149742126,-0.2831982970237732,0.5857412219047546,0.5514559149742126,-0.2831982970237732
140,16,0.6353691816329956,0.7123776078224182,-0.3114715814590454,0.6353691816329956,0.7123776078224182,-0.3114715814590454
140,17,0.5905085802078247,0.5447672605514526,-0.3075665235519409,0.5905085802078247,0.5447672605514526,-0.3075665235519409
140,18,0.6677600741386414,0.7331969738006592,-0.3482925593852997,0.6677600741386414,0.7331969738006592,-0.3482925593852997
140,19,0.5962576866149902,0.5476369857788086,-0.34203842282295227,0.5962576866149902,0.5476369857788086,-0.34203842282295227
140,20,0.6902332305908203,0.7217309474945068,-0.36332231760025024,0.6902332305908203,0.7217309474945068,-0.36332231760025024
140,21,0.5880285501480103,0.5507226586341858,-0.2938329875469208,0.5880285501480103,0.5507226586341858,-0.2938329875469208
140,22,0.6814570426940918,0.7157489657402039,-0.3159484267234802,0.6814570426940918,0.7157489657402039,-0.3159484267234802
140,23,0.39277833700180054,0.5035620927810669,0.1169280931353569,0.39277833700180054,0.5035620927810669,0.1169280931353569
140,24,0.3232586085796356,0.5051489472389221,-0.11693482100963593,0.3232586085796356,0.5051489472389221,-0.11693482100963593
140,25,0.3641361892223358,0.6311046481132507,0.17341189086437225,0.3641361892223358,0.6311046481132507,0.17341189086437225
140,26,0.4058403968811035,0.6326949000358582,-0.0905756726861,0.4058403968811035,0.6326949000358582,-0.0905756726861
140,27,0.29377734661102295,0.5288346409797668,0.2807448208332062,0.29377734661102295,0.5288346409797668,0.2807448208332062
140,28,0.3556167483329773,0.6026029586791992,0.24896389245986938,0.3556167483329773,0.6026029586791992,0.24896389245986938
140,29,0.3005082309246063,0.5104843974113464,0.3019786477088928,0.3005082309246063,0.5104843974113464,0.3019786477088928
140,30,0.35712045431137085,0.587619960308075,0.2966085970401764,0.35712045431137085,0.587619960308075,0.2966085970401764
140,31,0.25435930490493774,0.5189617872238159,0.3402822017669678,0.25435930490493774,0.5189617872238159,0.3402822017669678
140,32,0.3369692862033844,0.6367520093917847,0.4086584448814392,0.3369692862033844,0.6367520093917847,0.4086584448814392
141,0,0.5936818718910217,0.5945127010345459,-0.5625967383384705,0.5936818718910217,0.5945127010345459,-0.5625967383384705
141,1,0.6172685623168945,0.5976489186286926,-0.5956233143806458,0.6172685623168945,0.5976489186286926,-0.5956233143806458
141,2,0.6190723180770874,0.5986131429672241,-0.5958348512649536,0.6190723180770874,0.5986131429672241,-0.5958348512649536
141,3,0.6225058436393738,0.6049274206161499,-0.5960776209831238,0.6225058436393738,0.6049274206161499,-0.5960776209831238
141,4,0.6173347234725952,0.5931286811828613,-0.6252265572547913,0.6173347234725952,0.5931286811828613,-0.6252265572547913
141,5,0.6196229457855225,0.5865968465805054,-0.6254547238349915,0.6196229457855225,0.5865968465805054,-0.6254547238349915
141,6,0.6216830611228943,0.5842263698577881,-0.6255506873130798,0.6216830611228943,0.5842263698577881,-0.6255506873130798
141,7,0.6366998553276062,0.5921171307563782,-0.5298492312431335,0.6366998553276062,0.5921171307563782,-0.5298492312431335
141,8,0.633156955242157,0.5719133615493774,-0.658589780330658,0.633156955242157,0.5719133615493774,-0.658589780330658
141,9,0.581724226474762,0.5932142734527588,-0.5094842910766602,0.581724226474762,0.5932142734527588,-0.5094842910766602
141,10,0.5806740522384644,0.5813907384872437,-0.5473044514656067,0.5806740522384644,0.5813907384872437,-0.5473044514656067
141,11,0.6485824584960938,0.5752755403518677,-0.3494439423084259,0.6485824584960938,0.5752755403518677,-0.3494439423084259
141,12,0.5786560773849487,0.548448920249939,-0.5973618030548096,0.5786560773849487,0.548448920249939,-0.5973618030548096
141,13,0.4939452111721039,0.5804992914199829,-0.3270699977874756,0.4939452111721039,0.5804992914199829,-0.3270699977874756
141,14,0.48196160793304443,0.6624367833137512,-0.582006573677063,0.48196160793304443,0.6624367833137512,-0.582006573677063
141,15,0.48384350538253784,0.5411252975463867,-0.5403923392295837,0.48384350538253784,0.5411252975463867,-0.5403923392295837
141,16,0.6390438079833984,0.7138887047767639,-0.4829489290714264,0.6390438079833984,0.7138887047767639,-0.4829489290714264
141,17,0.4819697141647339,0.5270283818244934,-0.5694807767868042,0.4819697141647339,0.5270283818244934,-0.5694807767868042
141,18,0.6845788955688477,0.7337364554405212,-0.5230017304420471,0.6845788955688477,0.7337364554405212,-0.5230017304420471
141,19,0.49818405508995056,0.5274524092674255,-0.5825537443161011,0.49818405508995056,0.5274524092674255,-0.5825537443161011
141,20,0.7055485248565674,0.724581241607666,-0.5259642601013184,0.7055485248565674,0.724581241607666,-0.5259642601013184
141,21,0.4953646659851074,0.530718207359314,-0.5436627268791199,0.4953646659851074,0.530718207359314,-0.5436627268791199
141,22,0.685188889503479,0.7146324515342712,-0.48227107524871826,0.685188889503479,0.7146324515342712,-0.48227107524871826
141,23,0.3773488998413086,0.520969808101654,0.12128563970327377,0.3773488998413086,0.520969808101654,0.12128563970327377
141,24,0.3424125015735626,0.4935275614261627,-0.12155856937170029,0.3424125015735626,0.4935275614261627,-0.12155856937170029
141,25,0.248269185423851,0.6317585110664368,0.014011300168931484,0.248269185423851,0.6317585110664368,0.014011300168931484
141,26,0.40842658281326294,0.5848042368888855,-0.21438251435756683,0.40842658281326294,0.5848042368888855,-0.21438251435756683
141,27,0.23790767788887024,0.5237483978271484,-0.0005618814611807466,0.23790767788887024,0.5237483978271484,-0.0005618814611807466
141,28,0.33218538761138916,0.5977566242218018,0.026094429194927216,0.33218538761138916,0.5977566242218018,0.026094429194927216
141,29,0.2603079080581665,0.5018206238746643,0.01406386774033308,0.2603079080581665,0.5018206238746643,0.01406386774033308
141,30,0.33524322509765625,0.5893322229385376,0.06724999099969864,0.33524322509765625,0.5893322229385376,0.06724999099969864
141,31,0.18629199266433716,0.4983951151371002,0.049446359276771545,0.18629199266433716,0.4983951151371002,0.049446359276771545
141,32,0.29056307673454285,0.6418238282203674,0.1751023232936859,0.29056307673454285,0.6418238282203674,0.1751023232936859
142,0,0.5934902429580688,0.59733647108078,-0.5987855792045593,0.5934902429580688,0.59733647108078,-0.5987855792045593
142,1,0.6153562664985657,0.6021338105201721,-0.6349068880081177,0.6153562664985657,0.6021338105201721,-0.6349068880081177
142,2,0.6184366941452026,0.6036292314529419,-0.635175883769989,0.6184366941452026,0.6036292314529419,-0.635175883769989
142,3,0.6206656694412231,0.6081894636154175,-0.6355614066123962,0.6206656694412231,0.6081894636154175,-0.6355614066123962
142,4,0.6139888763427734,0.5970489978790283,-0.6643432378768921,0.6139888763427734,0.5970489978790283,-0.6643432378768921
142,5,0.614845335483551,0.5943424701690674,-0.6646241545677185,0.614845335483551,0.5943424701690674,-0.6646241545677185
142,6,0.6162769794464111,0.5873037576675415,-0.6647717356681824,0.6162769794464111,0.5873037576675415,-0.6647717356681824
142,7,0.6354392170906067,0.5937399864196777,-0.5951246023178101,0.6354392170906067,0.5937399864196777,-0.5951246023178101
142,8,0.6255630254745483,0.5768608450889587,-0.7232466340065002,0.6255630254745483,0.5768608450889587,-0.7232466340065002
142,9,0.5827553272247314,0.5950908660888672,-0.5562344789505005,0.5827553272247314,0.5950908660888672,-0.5562344789505005
142,10,0.5807880163192749,0.5890982151031494,-0.5937740802764893,0.5807880163192749,0.5890982151031494,-0.5937740802764893
142,11,0.665191650390625,0.5602389574050903,-0.4106541574001312,0.665191650390625,0.5602389574050903,-0.4106541574001312
142,12,0.5439353585243225,0.5562566518783569,-0.6669394373893738,0.5439353585243225,0.5562566518783569,-0.6669394373893738
142,13,0.5758351683616638,0.5748897790908813,-0.30273568630218506,0.5758351683616638,0.5748897790908813,-0.30273568630218506
142,14,0.47837579250335693,0.6603775024414062,-0.6437556147575378,0.47837579250335693,0.6603775024414062,-0.6437556147575378
142,15,0.5765402913093567,0.5761749148368835,-0.4098856449127197,0.5765402913093567,0.5761749148368835,-0.4098856449127197
142,16,0.6474955081939697,0.7152708768844604,-0.5290263295173645,0.6474955081939697,0.7152708768844604,-0.5290263295173645
142,17,0.585003137588501,0.5751215219497681,-0.43209829926490784,0.585003137588501,0.5751215219497681,-0.43209829926490784
142,18,0.6878464818000793,0.7369292378425598,-0.577640950679779,0.6878464818000793,0.7369292378425598,-0.577640950679779
142,19,0.5923700332641602,0.5757876038551331,-0.4669969975948334,0.5923700332641602,0.5757876038551331,-0.4669969975948334
142,20,0.7006347179412842,0.7233017683029175,-0.5817559957504272,0.7006347179412842,0.7233017683029175,-0.5817559957504272
142,21,0.5832668542861938,0.5760598182678223,-0.4222414791584015,0.5832668542861938,0.5760598182678223,-0.4222414791584015
142,22,0.6904779076576233,0.7165474891662598,-0.5305988192558289,0.6904779076576233,0.7165474891662598,-0.5305988192558289
142,23,0.3946535289287567,0.5134999752044678,0.12176534533500671,0.3946535289287567,0.5134999752044678,0.12176534533500671
142,24,0.3295433521270752,0.49544405937194824,-0.1216084435582161,0.3295433521270752,0.49544405937194824,-0.1216084435582161
142,25,0.3371203541755676,0.640381932258606,0.06756122410297394,0.3371203541755676,0.640381932258606,0.06756122410297394
142,26,0.3481155037879944,0.5854229927062988,-0.26044848561286926,0.3481155037879944,0.5854229927062988,-0.26044848561286926
142,27,0.26544544100761414,0.5262387990951538,0.04028317704796791,0.26544544100761414,0.5262387990951538,0.04028317704796791
142,28,0.3016371726989746,0.5852103233337402,0.07846127450466156,0.3016371726989746,0.5852103233337402,0.07846127450466156
142,29,0.2719770669937134,0.506280243396759,0.05171450227499008,0.2719770669937134,0.506280243396759,0.05171450227499008
142,30,0.30755776166915894,0.5763275623321533,0.12950606644153595,0.30755776166915894,0.5763275623321533,0.12950606644153595
142,31,0.22789537906646729,0.5116382837295532,0.09434019029140472,0.22789537906646729,0.5116382837295532,0.09434019029140472
142,32,0.27752983570098877,0.624791145324707,0.2540619969367981,0.27752983570098877,0.624791145324707,0.2540619969367981
143,0,0.5930233001708984,0.5973560810089111,-0.5161266922950745,0.5930233001708984,0.5973560810089111,-0.5161266922950745
143,1,0.616526186466217,0.6029563546180725,-0.5480775833129883,0.616526186466217,0.6029563546180725,-0.5480775833129883
143,2,0.6191903948783875,0.6082704663276672,-0.5483283400535583,0.6191903948783875,0.6082704663276672,-0.5483283400535583
143,3,0.6224730014801025,0.6089539527893066,-0.5484883189201355,0.6224730014801025,0.6089539527893066,-0.5484883189201355
143,4,0.6132211685180664,0.5984309911727905,-0.58100426197052,0.6132211685180664,0.5984309911727905,-0.58100426197052
143,5,0.6139583587646484,0.5961129665374756,-0.5813007354736328,0.6139583587646484,0.5961129665374756,-0.5813007354736328
143,6,0.6156226396560669,0.5883788466453552,-0.5813843011856079,0.6156226396560669,0.5883788466453552,-0.5813843011856079
143,7,0.6395155191421509,0.5954777598381042,-0.5023292899131775,0.6395155191421509,0.5954777598381042,-0.5023292899131775
143,8,0.6294360756874084,0.573780357837677,-0.6519211530685425,0.6294360756874084,0.573780357837677,-0.6519211530685425
143,9,0.5863617658615112,0.5957943201065063,-0.47223734855651855,0.5863617658615112,0.5957943201065063,-0.47223734855651855
143,10,0.5821525454521179,0.5848497152328491,-0.5159075856208801,0.5821525454521179,0.5848497152328491,-0.5159075856208801
143,11,0.6700592637062073,0.5560839772224426,-0.3638125956058502,0.6700592637062073,0.5560839772224426,-0.3638125956058502
143,12,0.569440484046936,0.5541147589683533,-0.6068564057350159,0.569440484046936,0.5541147589683533,-0.6068564057350159
143,13,0.5468138456344604,0.5422415733337402,-0.33476102352142334,0.5468138456344604,0.5422415733337402,-0.33476102352142334
143,14,0.4750376343727112,0.6485336422920227,-0.6230669021606445,0.4750376343727112,0.6485336422920227,-0.6230669021606445
143,15,0.4687371551990509,0.4969257116317749,-0.5493065714836121,0.4687371551990509,0.4969257116317749,-0.5493065714836121
143,16,0.5689069628715515,0.67735755443573,-0.5323276519775391,0.5689069628715515,0.67735755443573,-0.5323276519775391
143,17,0.44871389865875244,0.48448988795280457,-0.591823935508728,0.44871389865875244,0.48448988795280457,-0.591823935508728
143,18,0.622795820236206,0.6902912855148315,-0.5791217684745789,0.622795820236206,0.6902912855148315,-0.5791217684745789
143,19,0.46451541781425476,0.48104727268218994,-0.6315114498138428,0.46451541781425476,0.48104727268218994,-0.6315114498138428
143,20,0.6241542100906372,0.6768032312393188,-0.593644380569458,0.6241542100906372,0.6768032312393188,-0.593644380569458
143,21,0.4657348692417145,0.48533499240875244,-0.5648579597473145,0.4657348692417145,0.48533499240875244,-0.5648579597473145
143,22,0.6113705635070801,0.6712741851806641,-0.5365604162216187,0.6113705635070801,0.6712741851806641,-0.5365604162216187
143,23,0.3875069320201874,0.51404869556427,0.12465614825487137,0.3875069320201874,0.51404869556427,0.12465614825487137
143,24,0.34052518010139465,0.4946180284023285,-0.12482142448425293,0.34052518010139465,0.4946180284023285,-0.12482142448425293
143,25,0.3268011808395386,0.6523749828338623,0.01884620264172554,0.3268011808395386,0.6523749828338623,0.01884620264172554
143,26,0.4053817689418793,0.585702657699585,-0.16580313444137573,0.4053817689418793,0.585702657699585,-0.16580313444137573
143,27,0.24433091282844543,0.5222522020339966,-0.10871012508869171,0.24433091282844543,0.5222522020339966,-0.10871012508869171
143,28,0.38175997138023376,0.6147090196609497,-0.09331344068050385,0.38175997138023376,0.6147090196609497,-0.09331344068050385
143,29,0.25341877341270447,0.4985731840133667,-0.10901463031768799,0.25341877341270447,0.4985731840133667,-0.10901463031768799
143,30,0.39076128602027893,0.6074962615966797,-0.06856455653905869,0.39076128602027893,0.6074962615966797,-0.06856455653905869
143,31,0.20289555191993713,0.5013832449913025,-0.11089709401130676,0.20289555191993713,0.5013832449913025,-0.11089709401130676
143,32,0.3692770302295685,0.6623662114143372,0.006636266130954027,0.3692770302295685,0.6623662114143372,0.006636266130954027
144,0,0.5994316339492798,0.6141654253005981,-0.4905288517475128,0.5994316339492798,0.6141654253005981,-0.4905288517475128
144,1,0.6229569911956787,0.6162742376327515,-0.5278409123420715,0.6229569911956787,0.6162742376327515,-0.5278409123420715
144,2,0.6282083988189697,0.6170443296432495,-0.5281383395195007,0.6282083988189697,0.6170443296432495,-0.5281383395195007
144,3,0.6316745281219482,0.61664217710495,-0.528477668762207,0.6316745281219482,0.61664217710495,-0.528477668762207
144,4,0.6167581081390381,0.6134132742881775,-0.5653800368309021,0.6167581081390381,0.6134132742881775,-0.5653800368309021
144,5,0.6153699159622192,0.6111471056938171,-0.5656782388687134,0.6153699159622192,0.6111471056938171,-0.5656782388687134
144,6,0.6138583421707153,0.6084212064743042,-0.5657566785812378,0.6138583421707153,0.6084212064743042,-0.5657566785812378
144,7,0.6433210372924805,0.5983299612998962,-0.5142598748207092,0.6433210372924805,0.5983299612998962,-0.5142598748207092
144,8,0.619783341884613,0.5841031074523926,-0.6779350638389587,0.619783341884613,0.5841031074523926,-0.6779350638389587
144,9,0.5942943096160889,0.6113249063491821,-0.45798417925834656,0.5942943096160889,0.6113249063491821,-0.45798417925834656
144,10,0.5865771770477295,0.6078591346740723,-0.5054095983505249,0.5865771770477295,0.6078591346740723,-0.5054095983505249
144,11,0.6847833395004272,0.5413133502006531,-0.34306108951568604,0.6847833395004272,0.5413133502006531,-0.34306108951568604
144,12,0.5325390696525574,0.5620021224021912,-0.6442788243293762,0.5325390696525574,0.5620021224021912,-0.6442788243293762
144,13,0.5771198868751526,0.5803938508033752,-0.16533981263637543,0.5771198868751526,0.5803938508033752,-0.16533981263637543
144,14,0.46854591369628906,0.6629849076271057,-0.6141453385353088,0.46854591369628906,0.6629849076271057,-0.6141453385353088
144,15,0.5414021015167236,0.5838567614555359,-0.2629197835922241,0.5414021015167236,0.5838567614555359,-0.2629197835922241
144,16,0.6357154250144958,0.7087485790252686,-0.48129886388778687,0.6357154250144958,0.7087485790252686,-0.48129886388778687
144,17,0.5398175716400146,0.5831130146980286,-0.2967652380466461,0.5398175716400146,0.5831130146980286,-0.2967652380466461
144,18,0.6884943246841431,0.7339007258415222,-0.5458583831787109,0.6884943246841431,0.7339007258415222,-0.5458583831787109
144,19,0.5461112856864929,0.5834474563598633,-0.35204797983169556,0.5461112856864929,0.5834474563598633,-0.35204797983169556
144,20,0.7080051898956299,0.720552921295166,-0.5572367906570435,0.7080051898956299,0.720552921295166,-0.5572367906570435
144,21,0.540330708026886,0.5833707451820374,-0.28540828824043274,0.540330708026886,0.5833707451820374,-0.28540828824043274
144,22,0.6936246156692505,0.7047154903411865,-0.4872976541519165,0.6936246156692505,0.7047154903411865,-0.4872976541519165
144,23,0.3888072967529297,0.5083267688751221,0.13572150468826294,0.3888072967529297,0.5083267688751221,0.13572150468826294
144,24,0.3140909969806671,0.5010494589805603,-0.1353820562362671,0.3140909969806671,0.5010494589805603,-0.1353820562362671
144,25,0.3599155843257904,0.6267204284667969,0.20320609211921692,0.3599155843257904,0.6267204284667969,0.20320609211921692
144,26,0.37321338057518005,0.6330389976501465,-0.15358443558216095,0.37321338057518005,0.6330389976501465,-0.15358443558216095
144,27,0.24884656071662903,0.5296214818954468,0.31231775879859924,0.24884656071662903,0.5296214818954468,0.31231775879859924
144,28,0.2704867124557495,0.5726891756057739,0.23248286545276642,0.2704867124557495,0.5726891756057739,0.23248286545276642
144,29,0.24834536015987396,0.5088489651679993,0.33346834778785706,0.24834536015987396,0.5088489651679993,0.33346834778785706
144,30,0.26727262139320374,0.5541200041770935,0.28586289286613464,0.26727262139320374,0.5541200041770935,0.28586289286613464
144,31,0.20022393763065338,0.5237796306610107,0.3975584805011749,0.20022393763065338,0.5237796306610107,0.3975584805011749
144,32,0.23042309284210205,0.596856415271759,0.44061172008514404,0.23042309284210205,0.596856415271759,0.44061172008514404
145,0,0.5896974802017212,0.5709051489830017,-0.4491564631462097,0.5896974802017212,0.5709051489830017,-0.4491564631462097
145,1,0.6120394468307495,0.5742546319961548,-0.5007463693618774,0.6120394468307495,0.5742546319961548,-0.5007463693618774
145,2,0.5997761487960815,0.578357994556427,-0.5008593201637268,0.5997761487960815,0.578357994556427,-0.5008593201637268
145,3,0.6021237373352051,0.5808190107345581,-0.5010417699813843,0.6021237373352051,0.5808190107345581,-0.5010417699813843
145,4,0.6108397245407104,0.5650582313537598,-0.5077821016311646,0.6108397245407104,0.5650582313537598,-0.5077821016311646
145,5,0.6122586727142334,0.5645567178726196,-0.5079201459884644,0.6122586727142334,0.5645567178726196,-0.5079201459884644
145,6,0.6137063503265381,0.5639650821685791,-0.5080703496932983,0.6137063503265381,0.5639650821685791,-0.5080703496932983
145,7,0.6352794170379639,0.5779627561569214,-0.5324663519859314,0.6352794170379639,0.5779627561569214,-0.5324663519859314
145,8,0.6284365653991699,0.5653579831123352,-0.5682688355445862,0.6284365653991699,0.5653579831123352,-0.5682688355445862
145,9,0.5842586755752563,0.5740591287612915,-0.4361596405506134,0.5842586755752563,0.5740591287612915,-0.4361596405506134
145,10,0.583999514579773,0.5635930299758911,-0.447356253862381,0.583999514579773,0.5635930299758911,-0.447356253862381
145,11,0.6572933197021484,0.5764303207397461,-0.495441198348999,0.6572933197021484,0.5764303207397461,-0.495441198348999
145,12,0.5919352173805237,0.5556839108467102,-0.4779515266418457,0.5919352173805237,0.5556839108467102,-0.4779515266418457
145,13,0.49997812509536743,0.5642094612121582,-0.5251982808113098,0.49997812509536743,0.5642094612121582,-0.5251982808113098
145,14,0.4845349192619324,0.584744393825531,-0.5509069561958313,0.4845349192619324,0.584744393825531,-0.5509069561958313
145,15,0.4454402029514313,0.5084018111228943,-0.6736186742782593,0.4454402029514313,0.5084018111228943,-0.6736186742782593
145,16,0.5258910655975342,0.5907318592071533,-0.7191754579544067,0.5258910655975342,0.5907318592071533,-0.7191754579544067
145,17,0.42803359031677246,0.4829850494861603,-0.705630898475647,0.42803359031677246,0.4829850494861603,-0.705630898475647
145,18,0.5376187562942505,0.5946495532989502,-0.7616631388664246,0.5376187562942505,0.5946495532989502,-0.7616631388664246
145,19,0.4539623260498047,0.4742055833339691,-0.7099533081054688,0.4539623260498047,0.4742055833339691,-0.7099533081054688
145,20,0.5634281635284424,0.5825268626213074,-0.7830784320831299,0.5634281635284424,0.5825268626213074,-0.7830784320831299
145,21,0.451183557510376,0.492038369178772,-0.6684395670890808,0.451183557510376,0.492038369178772,-0.6684395670890808
145,22,0.5531036257743835,0.5810548067092896,-0.7323885560035706,0.5531036257743835,0.5810548067092896,-0.7323885560035706
145,23,0.40649881958961487,0.5372732281684875,0.04939635843038559,0.40649881958961487,0.5372732281684875,0.04939635843038559
145,24,0.3570854961872101,0.5043777823448181,-0.04931153357028961,0.3570854961872101,0.5043777823448181,-0.04931153357028961
145,25,0.35878312587738037,0.65887850522995,-0.03818587213754654,0.35878312587738037,0.65887850522995,-0.03818587213754654
145,26,0.307349294424057,0.5166060924530029,-0.42534181475639343,0.307349294424057,0.5166060924530029,-0.42534181475639343
145,27,0.2702580392360687,0.5356023907661438,-0.07951744645833969,0.2702580392360687,0.5356023907661438,-0.07951744645833969
145,28,0.3064286708831787,0.5883383750915527,-0.15887223184108734,0.3064286708831787,0.5883383750915527,-0.15887223184108734
145,29,0.2740332782268524,0.5180007219314575,-0.07159259170293808,0.2740332782268524,0.5180007219314575,-0.07159259170293808
145,30,0.3232313394546509,0.5920755863189697,-0.11451632529497147,0.3232313394546509,0.5920755863189697,-0.11451632529497147
145,31,0.22914712131023407,0.5134077668190002,-0.04843578115105629,0.22914712131023407,0.5134077668190002,-0.04843578115105629
145,32,0.2896566689014435,0.6426684856414795,-0.03246774896979332,0.2896566689014435,0.6426684856414795,-0.03246774896979332
146,0,0.5957565307617188,0.5684757828712463,-0.43781936168670654,0.5957565307617188,0.5684757828712463,-0.43781936168670654
146,1,0.6147659420967102,0.5736880302429199,-0.4584444761276245,0.6147659420967102,0.5736880302429199,-0.4584444761276245
146,2,0.6050937175750732,0.5804969072341919,-0.4584694504737854,0.6050937175750732,0.5804969072341919,-0.4584694504737854
146,3,0.6064610481262207,0.5842947363853455,-0.4586506187915802,0.6064610481262207,0.5842947363853455,-0.4586506187915802
146,4,0.611603856086731,0.5687754154205322,-0.47049856185913086,0.611603856086731,0.5687754154205322,-0.47049856185913086
146,5,0.6127985715866089,0.5584460496902466,-0.470587819814682,0.6127985715866089,0.5584460496902466,-0.470587819814682
146,6,0.6144557595252991,0.5572741031646729,-0.4707995653152466,0.6144557595252991,0.5572741031646729,-0.4707995653152466
146,7,0.6252104043960571,0.5882527232170105,-0.39543667435646057,0.6252104043960571,0.5882527232170105,-0.39543667435646057
146,8,0.6290030479431152,0.5513578057289124,-0.4552614688873291,0.6290030479431152,0.5513578057289124,-0.4552614688873291
146,9,0.5889945030212402,0.5700185298919678,-0.3971601724624634,0.5889945030212402,0.5700185298919678,-0.3971601724624634
146,10,0.5852828025817871,0.5653460621833801,-0.41525477170944214,0.5852828025817871,0.5653460621833801,-0.41525477170944214
146,11,0.6270431280136108,0.6009858846664429,-0.29047518968582153,0.6270431280136108,0.6009858846664429,-0.29047518968582153
146,12,0.6021448373794556,0.5152406096458435,-0.33466410636901855,0.6021448373794556,0.5152406096458435,-0.33466410636901855
146,13,0.5324428677558899,0.6280023455619812,-0.37894222140312195,0.5324428677558899,0.6280023455619812,-0.37894222140312195
146,14,0.5315099358558655,0.4978450536727905,-0.08426205068826675,0.5315099358558655,0.4978450536727905,-0.08426205068826675
146,15,0.6044542193412781,0.6324560046195984,-0.5721083879470825,0.6044542193412781,0.6324560046195984,-0.5721083879470825
146,16,0.5396089553833008,0.4893083870410919,0.20436103641986847,0.5396089553833008,0.4893083870410919,0.20436103641986847
146,17,0.6292101144790649,0.6353703141212463,-0.5905134677886963,0.6292101144790649,0.6353703141212463,-0.5905134677886963
146,18,0.5475034117698669,0.46370571851730347,0.25979745388031006,0.5475034117698669,0.46370571851730347,0.25979745388031006
146,19,0.6406148076057434,0.629913330078125,-0.5712286233901978,0.6406148076057434,0.629913330078125,-0.5712286233901978
146,20,0.555431067943573,0.4673252999782562,0.22568728029727936,0.555431067943573,0.4673252999782562,0.22568728029727936
146,21,0.6296643018722534,0.6233412027359009,-0.5627496242523193,0.6296643018722534,0.6233412027359009,-0.5627496242523193
146,22,0.5484937429428101,0.4697282910346985,0.20124304294586182,0.5484937429428101,0.4697282910346985,0.20124304294586182
146,23,0.390245646238327,0.5465636849403381,0.06950773298740387,0.390245646238327,0.5465636849403381,0.06950773298740387
146,24,0.35005179047584534,0.4893222153186798,-0.06930869072675705,0.35005179047584534,0.4893222153186798,-0.06930869072675705
146,25,0.37918731570243835,0.6551867127418518,0.039698246866464615,0.37918731570243835,0.6551867127418518,0.039698246866464615
146,26,0.31216973066329956,0.5309664011001587,-0.44014233350753784,0.31216973066329956,0.5309664011001587,-0.44014233350753784
146,27,0.2699941098690033,0.5405714511871338,-0.009281441569328308,0.2699941098690033,0.5405714511871338,-0.009281441569328308
146,28,0.27206990122795105,0.5684512257575989,-0.0806182250380516,0.27206990122795105,0.5684512257575989,-0.0806182250380516
146,29,0.26796314120292664,0.520383358001709,-0.0014847832499071956,0.26796314120292664,0.520383358001709,-0.0014847832499071956
146,30,0.28105875849723816,0.5651812553405762,-0.026967918500304222,0.28105875849723816,0.5651812553405762,-0.026967918500304222
146,31,0.2168632447719574,0.5312578082084656,0.04144272580742836,0.2168632447719574,0.5312578082084656,0.04144272580742836
146,32,0.239338219165802,0.621283233165741,0.08648091554641724,0.239338219165802,0.621283233165741,0.08648091554641724
147,0,0.5844715237617493,0.5716598033905029,-0.4099019169807434,0.5844715237617493,0.5716598033905029,-0.4099019169807434
147,1,0.6054913401603699,0.5790976285934448,-0.44876882433891296,0.6054913401603699,0.5790976285934448,-0.44876882433891296
147,2,0.5956138372421265,0.5790345668792725,-0.44881436228752136,0.5956138372421265,0.5790345668792725,-0.44881436228752136
147,3,0.5981661081314087,0.5820568799972534,-0.4489481747150421,0.5981661081314087,0.5820568799972534,-0.4489481747150421
147,4,0.6075950860977173,0.5671277046203613,-0.46047747135162354,0.6075950860977173,0.5671277046203613,-0.46047747135162354
147,5,0.611046314239502,0.565449059009552,-0.4606625735759735,0.611046314239502,0.565449059009552,-0.4606625735759735
147,6,0.6144603490829468,0.5638500452041626,-0.46086448431015015,0.6144603490829468,0.5638500452041626,-0.46086448431015015
147,7,0.6290427446365356,0.5834814310073853,-0.44731757044792175,0.6290427446365356,0.5834814310073853,-0.44731757044792175
147,8,0.6298340559005737,0.557309627532959,-0.5034971237182617,0.6298340559005737,0.557309627532959,-0.5034971237182617
147,9,0.5751257538795471,0.5737353563308716,-0.387158066034317,0.5751257538795471,0.5737353563308716,-0.387158066034317
147,10,0.5786573886871338,0.5626496076583862,-0.4041508734226227,0.5786573886871338,0.5626496076583862,-0.4041508734226227
147,11,0.6474324464797974,0.5685385465621948,-0.35484182834625244,0.6474324464797974,0.5685385465621948,-0.35484182834625244
147,12,0.5821565389633179,0.5520521402359009,-0.405912309885025,0.5821565389633179,0.5520521402359009,-0.405912309885025
147,13,0.5099840760231018,0.5617510676383972,-0.2749333381652832,0.5099840760231018,0.5617510676383972,-0.2749333381652832
147,14,0.48116976022720337,0.559571385383606,-0.24449728429317474,0.48116976022720337,0.559571385383606,-0.24449728429317474
147,15,0.4707670509815216,0.5212627649307251,-0.3441416025161743,0.4707670509815216,0.5212627649307251,-0.3441416025161743
147,16,0.508346676826477,0.540425717830658,-0.0711207166314125,0.508346676826477,0.540425717830658,-0.0711207166314125
147,17,0.4555324912071228,0.5102711319923401,-0.3616718351840973,0.4555324912071228,0.5102711319923401,-0.3616718351840973
147,18,0.5099673271179199,0.5355405211448669,-0.062077928334474564,0.5099673271179199,0.5355405211448669,-0.062077928334474564
147,19,0.47729921340942383,0.5053099989891052,-0.38085097074508667,0.47729921340942383,0.5053099989891052,-0.38085097074508667
147,20,0.5335779786109924,0.527328610420227,-0.10414513200521469,0.5335779786109924,0.527328610420227,-0.10414513200521469
147,21,0.4791175127029419,0.5092154741287231,-0.34603559970855713,0.4791175127029419,0.5092154741287231,-0.34603559970855713
147,22,0.5297415256500244,0.5285857915878296,-0.08290045708417892,0.5297415256500244,0.5285857915878296,-0.08290045708417892
147,23,0.3893766701221466,0.5173856019973755,0.08362098783254623,0.3893766701221466,0.5173856019973755,0.08362098783254623
147,24,0.33496975898742676,0.4938545227050781,-0.08352047950029373,0.33496975898742676,0.4938545227050781,-0.08352047950029373
147,25,0.43653830885887146,0.6359869241714478,0.11185614764690399,0.43653830885887146,0.6359869241714478,0.11185614764690399
147,26,0.3437519073486328,0.5651950240135193,-0.2606116235256195,0.3437519073486328,0.5651950240135193,-0.2606116235256195
147,27,0.35358595848083496,0.5476409792900085,0.0526772104203701,0.35358595848083496,0.5476409792900085,0.0526772104203701
147,28,0.3461502492427826,0.5968418121337891,-0.043449703603982925,0.3461502492427826,0.5968418121337891,-0.043449703603982925
147,29,0.34737345576286316,0.5309571027755737,0.054484881460666656,0.34737345576286316,0.5309571027755737,0.054484881460666656
147,30,0.3549479842185974,0.5917911529541016,-0.008013850077986717,0.3549479842185974,0.5917911529541016,-0.008013850077986717
147,31,0.3334658443927765,0.5458366274833679,0.08311200141906738,0.3334658443927765,0.5458366274833679,0.08311200141906738
147,32,0.34341752529144287,0.6487903594970703,0.06402172148227692,0.34341752529144287,0.6487903594970703,0.06402172148227692
148,0,0.5866287350654602,0.5659825801849365,-0.3775922954082489,0.5866287350654602,0.5659825801849365,-0.3775922954082489
148,1,0.6084399819374084,0.5757320523262024,-0.4224158227443695,0.6084399819374084,0.5757320523262024,-0.4224158227443695
148,2,0.5908441543579102,0.5764687657356262,-0.4222872853279114,0.5908441543579102,0.5764687657356262,-0.4222872853279114
148,3,0.5922524333000183,0.5807727575302124,-0.4223679006099701,0.5922524333000183,0.5807727575302124,-0.4223679006099701
148,4,0.6079448461532593,0.5653209090232849,-0.42342063784599304,0.6079448461532593,0.5653209090232849,-0.42342063784599304
148,5,0.6094633340835571,0.5564015507698059,-0.42346182465553284,0.6094633340835571,0.5564015507698059,-0.42346182465553284
148,6,0.6115421652793884,0.555106520652771,-0.42364808917045593,0.6115421652793884,0.555106520652771,-0.42364808917045593
148,7,0.6344612240791321,0.5908652544021606,-0.43289777636528015,0.6344612240791321,0.5908652544021606,-0.43289777636528015
148,8,0.6257486343383789,0.5567595958709717,-0.44119739532470703,0.6257486343383789,0.5567595958709717,-0.44119739532470703
148,9,0.5747474431991577,0.5720808506011963,-0.3598673939704895,0.5747474431991577,0.5720808506011963,-0.3598673939704895
148,10,0.5811978578567505,0.5675232410430908,-0.36288872361183167,0.5811978578567505,0.5675232410430908,-0.36288872361183167
148,11,0.6190037727355957,0.6179307699203491,-0.3413562774658203,0.6190037727355957,0.6179307699203491,-0.3413562774658203
148,12,0.6178237199783325,0.5306342244148254,-0.31341567635536194,0.6178237199783325,0.5306342244148254,-0.31341567635536194
148,13,0.5088238716125488,0.6184440851211548,-0.29272738099098206,0.5088238716125488,0.6184440851211548,-0.29272738099098206
148,14,0.538947582244873,0.5046103596687317,-0.03616791591048241,0.538947582244873,0.5046103596687317,-0.03616791591048241
148,15,0.5214930772781372,0.6205652952194214,-0.3548915684223175,0.5214930772781372,0.6205652952194214,-0.3548915684223175
148,16,0.5450276732444763,0.4634709656238556,0.19389845430850983,0.5450276732444763,0.4634709656238556,0.19389845430850983
148,17,0.5261711478233337,0.6239660978317261,-0.35309386253356934,0.5261711478233337,0.6239660978317261,-0.35309386253356934
148,18,0.5382276773452759,0.45554763078689575,0.2507931888103485,0.5382276773452759,0.45554763078689575,0.2507931888103485
148,19,0.5370844006538391,0.620193362236023,-0.354276567697525,0.5370844006538391,0.620193362236023,-0.354276567697525
148,20,0.5417066216468811,0.46174708008766174,0.20474594831466675,0.5417066216468811,0.46174708008766174,0.20474594831466675
148,21,0.5371313095092773,0.6129863262176514,-0.34899261593818665,0.5371313095092773,0.6129863262176514,-0.34899261593818665
148,22,0.5458396673202515,0.4655090868473053,0.1851685494184494,0.5458396673202515,0.4655090868473053,0.1851685494184494
148,23,0.38945242762565613,0.558308482170105,0.020325109362602234,0.38945242762565613,0.558308482170105,0.020325109362602234
148,24,0.36622354388237,0.5007389783859253,-0.01993015594780445,0.36622354388237,0.5007389783859253,-0.01993015594780445
148,25,0.41563963890075684,0.650550365447998,-0.08682742714881897,0.41563963890075684,0.650550365447998,-0.08682742714881897
148,26,0.30070048570632935,0.4770093858242035,-0.4341314733028412,0.30070048570632935,0.4770093858242035,-0.4341314733028412
148,27,0.38933202624320984,0.5441262722015381,-0.14224618673324585,0.38933202624320984,0.5441262722015381,-0.14224618673324585
148,28,0.33901628851890564,0.5743586421012878,-0.2530079483985901,0.33901628851890564,0.5743586421012878,-0.2530079483985901
148,29,0.3936953544616699,0.5331941246986389,-0.13446739315986633,0.3936953544616699,0.5331941246986389,-0.13446739315986633
148,30,0.36451491713523865,0.5861694812774658,-0.21638226509094238,0.36451491713523865,0.5861694812774658,-0.21638226509094238
148,31,0.3835803270339966,0.5123642086982727,-0.11457841843366623,0.3835803270339966,0.5123642086982727,-0.11457841843366623
148,32,0.3364625573158264,0.6215278506278992,-0.16677215695381165,0.3364625573158264,0.6215278506278992,-0.16677215695381165
149,0,0.5921698808670044,0.5790880918502808,-0.49378541111946106,0.5921698808670044,0.5790880918502808,-0.49378541111946106
149,1,0.6163864135742188,0.5848374366760254,-0.5134918689727783,0.6163864135742188,0.5848374366760254,-0.5134918689727783
149,2,0.6207677125930786,0.5940573811531067,-0.5134432911872864,0.6207677125930786,0.5940573811531067,-0.5134432911872864
149,3,0.6231131553649902,0.5965671539306641,-0.5135475397109985,0.6231131553649902,0.5965671539306641,-0.5135475397109985
149,4,0.611716628074646,0.5686039328575134,-0.5268829464912415,0.611716628074646,0.5686039328575134,-0.5268829464912415
149,5,0.6131725311279297,0.565618634223938,-0.5269142389297485,0.6131725311279297,0.565618634223938,-0.5269142389297485
149,6,0.6148486733436584,0.5628896355628967,-0.5270266532897949,0.6148486733436584,0.5628896355628967,-0.5270266532897949
149,7,0.6385709643363953,0.59562087059021,-0.43435415625572205,0.6385709643363953,0.59562087059021,-0.43435415625572205
149,8,0.6246271133422852,0.5509045124053955,-0.4976573586463928,0.6246271133422852,0.5509045124053955,-0.4976573586463928
149,9,0.5847270488739014,0.5897892713546753,-0.4464356005191803,0.5847270488739014,0.5897892713546753,-0.4464356005191803
149,10,0.5819380283355713,0.5757119655609131,-0.4650892913341522,0.5819380283355713,0.5757119655609131,-0.4650892913341522
149,11,0.6244698166847229,0.6247231364250183,-0.3192177414894104,0.6244698166847229,0.6247231364250183,-0.3192177414894104
149,12,0.6038028001785278,0.5190735459327698,-0.35018664598464966,0.6038028001785278,0.5190735459327698,-0.35018664598464966
149,13,0.4873230755329132,0.6541854739189148,-0.3185548186302185,0.4873230755329132,0.6541854739189148,-0.3185548186302185
149,14,0.5122165083885193,0.49607107043266296,-0.06572502851486206,0.5122165083885193,0.49607107043266296,-0.06572502851486206
149,15,0.5223909616470337,0.6487879753112793,-0.4784025251865387,0.5223909616470337,0.6487879753112793,-0.4784025251865387
149,16,0.5535099506378174,0.46043071150779724,0.1761615127325058,0.5535099506378174,0.46043071150779724,0.1761615127325058
149,17,0.5359809398651123,0.6558960676193237,-0.48811399936676025,0.5359809398651123,0.6558960676193237,-0.48811399936676025
149,18,0.5503031015396118,0.4496144652366638,0.2347635179758072,0.5503031015396118,0.4496144652366638,0.2347635179758072
149,19,0.5437270998954773,0.6524063944816589,-0.48765188455581665,0.5437270998954773,0.6524063944816589,-0.48765188455581665
149,20,0.5495347380638123,0.45521605014801025,0.1954512894153595,0.5495347380638123,0.45521605014801025,0.1954512894153595
149,21,0.539679229259491,0.6425134539604187,-0.47567248344421387,0.539679229259491,0.6425134539604187,-0.47567248344421387
149,22,0.5474849343299866,0.4587920606136322,0.17105987668037415,0.5474849343299866,0.4587920606136322,0.17105987668037415
149,23,0.37518006563186646,0.5652742385864258,0.032566752284765244,0.37518006563186646,0.5652742385864258,0.032566752284765244
149,24,0.35761019587516785,0.5015712976455688,-0.03226935863494873,0.35761019587516785,0.5015712976455688,-0.03226935863494873
149,25,0.31154370307922363,0.6508643627166748,-0.13777902722358704,0.31154370307922363,0.6508643627166748,-0.13777902722358704
149,26,0.2904905378818512,0.49906930327415466,-0.4653080999851227,0.2904905378818512,0.49906930327415466,-0.4653080999851227
149,27,0.27502691745758057,0.5333381295204163,-0.06968628615140915,0.27502691745758057,0.5333381295204163,-0.06968628615140915
149,28,0.29595476388931274,0.5748735070228577,-0.12376236170530319,0.29595476388931274,0.5748735070228577,-0.12376236170530319
149,29,0.2889048457145691,0.518028974533081,-0.04999236389994621,0.2889048457145691,0.518028974533081,-0.04999236389994621
149,30,0.3172333538532257,0.5831889510154724,-0.07300066947937012,0.3172333538532257,0.5831889510154724,-0.07300066947937012
149,31,0.23210199177265167,0.5089150071144104,-0.018601136282086372,0.23210199177265167,0.5089150071144104,-0.018601136282086372
149,32,0.2640906572341919,0.621390163898468,-0.003329403232783079,0.2640906572341919,0.621390163898468,-0.003329403232783079
150,0,0.6090328097343445,0.5984582304954529,-0.6477206349372864,0.6090328097343445,0.5984582304954529,-0.6477206349372864
150,1,0.6327924728393555,0.6033992171287537,-0.6715391278266907,0.6327924728393555,0.6033992171287537,-0.6715391278266907
150,2,0.6352145671844482,0.6055812835693359,-0.6717242002487183,0.6352145671844482,0.6055812835693359,-0.6717242002487183
150,3,0.6403239965438843,0.6124911904335022,-0.671992301940918,0.6403239965438843,0.6124911904335022,-0.671992301940918
150,4,0.6274725198745728,0.5901132822036743,-0.6911113858222961,0.6274725198745728,0.5901132822036743,-0.6911113858222961
150,5,0.6239403486251831,0.5854303240776062,-0.6912178993225098,0.6239403486251831,0.5854303240776062,-0.6912178993225098
150,6,0.6234138011932373,0.5818209648132324,-0.6913808584213257,0.6234138011932373,0.5818209648132324,-0.6913808584213257
150,7,0.6500734090805054,0.6042746305465698,-0.5870194435119629,0.6500734090805054,0.6042746305465698,-0.5870194435119629
150,8,0.6306625604629517,0.570173978805542,-0.6739904880523682,0.6306625604629517,0.570173978805542,-0.6739904880523682
150,9,0.5993101596832275,0.6006826162338257,-0.5917828679084778,0.5993101596832275,0.6006826162338257,-0.5917828679084778
150,10,0.5905951261520386,0.5915372967720032,-0.6178358793258667,0.5905951261520386,0.5915372967720032,-0.6178358793258667
150,11,0.6684027314186096,0.6230602264404297,-0.4336712062358856,0.6684027314186096,0.6230602264404297,-0.4336712062358856
150,12,0.561515748500824,0.5302700400352478,-0.5655845403671265,0.561515748500824,0.5302700400352478,-0.5655845403671265
150,13,0.5503743886947632,0.6500465869903564,-0.45870909094810486,0.5503743886947632,0.6500465869903564,-0.45870909094810486
150,14,0.456418514251709,0.580944299697876,-0.5484695434570312,0.456418514251709,0.580944299697876,-0.5484695434570312
150,15,0.6206218600273132,0.708306074142456,-0.6513727307319641,0.6206218600273132,0.708306074142456,-0.6513727307319641
150,16,0.5757911801338196,0.6457300186157227,-0.5452269315719604,0.5757911801338196,0.6457300186157227,-0.5452269315719604
150,17,0.6460209488868713,0.7241417169570923,-0.6720936298370361,0.6460209488868713,0.7241417169570923,-0.6720936298370361
150,18,0.6096833944320679,0.6656684279441833,-0.5750511884689331,0.6096833944320679,0.6656684279441833,-0.5750511884689331
150,19,0.5991581678390503,0.7059303522109985,-0.6870616674423218,0.5991581678390503,0.7059303522109985,-0.6870616674423218
150,20,0.6414591670036316,0.6532429456710815,-0.5689341425895691,0.6414591670036316,0.6532429456710815,-0.5689341425895691
150,21,0.5847022533416748,0.6955393552780151,-0.6557587385177612,0.5847022533416748,0.6955393552780151,-0.6557587385177612
150,22,0.6266908645629883,0.6485849022865295,-0.5437601804733276,0.6266908645629883,0.6485849022865295,-0.5437601804733276
150,23,0.3934253752231598,0.5641180872917175,0.06684073060750961,0.3934253752231598,0.5641180872917175,0.06684073060750961
150,24,0.3351716101169586,0.5034608840942383,-0.06661684066057205,0.3351716101169586,0.5034608840942383,-0.06661684066057205
150,25,0.3624127507209778,0.6661825776100159,-0.14118148386478424,0.3624127507209778,0.6661825776100159,-0.14118148386478424
150,26,0.25782859325408936,0.5298455357551575,-0.5204986929893494,0.25782859325408936,0.5298455357551575,-0.5204986929893494
150,27,0.2589612901210785,0.544893741607666,0.031218286603689194,0.2589612901210785,0.544893741607666,0.031218286603689194
150,28,0.2535678744316101,0.5866302251815796,0.038972750306129456,0.2535678744316101,0.5866302251815796,0.038972750306129456
150,29,0.2488347887992859,0.5311812162399292,0.060370806604623795,0.2488347887992859,0.5311812162399292,0.060370806604623795
150,30,0.27633634209632874,0.5919692516326904,0.11261036247015,0.27633634209632874,0.5919692516326904,0.11261036247015
150,31,0.1697399616241455,0.538264274597168,0.07880109548568726,0.1697399616241455,0.538264274597168,0.07880109548568726
150,32,0.2071356177330017,0.6239306926727295,0.20899608731269836,0.2071356177330017,0.6239306926727295,0.20899608731269836
151,0,0.5985130667686462,0.5595529675483704,-0.4341500699520111,0.5985130667686462,0.5595529675483704,-0.4341500699520111
151,1,0.6222029328346252,0.5706166625022888,-0.45997434854507446,0.6222029328346252,0.5706166625022888,-0.45997434854507446
151,2,0.6250935792922974,0.5733106732368469,-0.4598582983016968,0.6250935792922974,0.5733106732368469,-0.4598582983016968
151,3,0.6312888860702515,0.5763852596282959,-0.4599910080432892,0.6312888860702515,0.5763852596282959,-0.4599910080432892
151,4,0.6194391250610352,0.5558940172195435,-0.4591726064682007,0.6194391250610352,0.5558940172195435,-0.4591726064682007
151,5,0.6211941838264465,0.5463448762893677,-0.45911169052124023,0.6211941838264465,0.5463448762893677,-0.45911169052124023
151,6,0.6217654943466187,0.5441348552703857,-0.45918458700180054,0.6217654943466187,0.5441348552703857,-0.45918458700180054
151,7,0.6467965841293335,0.5862592458724976,-0.39791759848594666,0.6467965841293335,0.5862592458724976,-0.39791759848594666
151,8,0.6324718594551086,0.5424619317054749,-0.396108478307724,0.6324718594551086,0.5424619317054749,-0.396108478307724
151,9,0.5889517068862915,0.5721748471260071,-0.3927837312221527,0.5889517068862915,0.5721748471260071,-0.3927837312221527
151,10,0.5864717364311218,0.5583663582801819,-0.39239048957824707,0.5864717364311218,0.5583663582801819,-0.39239048957824707
151,11,0.6200509071350098,0.6310619711875916,-0.2628825306892395,0.6200509071350098,0.6310619711875916,-0.2628825306892395
151,12,0.6205942034721375,0.5218393206596375,-0.2684750556945801,0.6205942034721375,0.5218393206596375,-0.2684750556945801
151,13,0.4767114520072937,0.6529062986373901,-0.23511971533298492,0.4767114520072937,0.6529062986373901,-0.23511971533298492
151,14,0.5148585438728333,0.4967358112335205,-0.04306834563612938,0.5148585438728333,0.4967358112335205,-0.04306834563612938
151,15,0.46511876583099365,0.6227143406867981,-0.32240456342697144,0.46511876583099365,0.6227143406867981,-0.32240456342697144
151,16,0.5384701490402222,0.453041672706604,0.06624564528465271,0.5384701490402222,0.453041672706604,0.06624564528465271
151,17,0.4654545783996582,0.6215858459472656,-0.3208003640174866,0.4654545783996582,0.6215858459472656,-0.3208003640174866
151,18,0.5456212162971497,0.44320225715637207,0.10590681433677673,0.5456212162971497,0.44320225715637207,0.10590681433677673
151,19,0.47917068004608154,0.6164700984954834,-0.3153393864631653,0.47917068004608154,0.6164700984954834,-0.3153393864631653
151,20,0.5559434294700623,0.4507066607475281,0.0655900239944458,0.5559434294700623,0.4507066607475281,0.0655900239944458
151,21,0.4807150959968567,0.609226644039154,-0.31390196084976196,0.4807150959968567,0.609226644039154,-0.31390196084976196
151,22,0.5494251251220703,0.4564821720123291,0.05799585208296776,0.5494251251220703,0.4564821720123291,0.05799585208296776
151,23,0.37115001678466797,0.5810736417770386,0.01691855490207672,0.37115001678466797,0.5810736417770386,0.01691855490207672
151,24,0.37585726380348206,0.5131165981292725,-0.016692208126187325,0.37585726380348206,0.5131165981292725,-0.016692208126187325
151,25,0.31048667430877686,0.6499667167663574,-0.3318862318992615,0.31048667430877686,0.6499667167663574,-0.3318862318992615
151,26,0.286777526140213,0.4838985502719879,-0.5412416458129883,0.286777526140213,0.4838985502719879,-0.5412416458129883
151,27,0.2564537227153778,0.5185714364051819,-0.2719641625881195,0.2564537227153778,0.5185714364051819,-0.2719641625881195
151,28,0.3406257629394531,0.5768327713012695,-0.1571783870458603,0.3406257629394531,0.5768327713012695,-0.1571783870458603
151,29,0.2707687020301819,0.5027808547019958,-0.251347154378891,0.2707687020301819,0.5027808547019958,-0.251347154378891
151,30,0.3748950958251953,0.5865831971168518,-0.09801894426345825,0.3748950958251953,0.5865831971168518,-0.09801894426345825
151,31,0.19993002712726593,0.4842306971549988,-0.23205891251564026,0.19993002712726593,0.4842306971549988,-0.23205891251564026
151,32,0.30489468574523926,0.6256784796714783,-0.02288389392197132,0.30489468574523926,0.6256784796714783,-0.02288389392197132
152,0,0.5880915522575378,0.549351692199707,-0.5819318294525146,0.5880915522575378,0.549351692199707,-0.5819318294525146
152,1,0.6114773154258728,0.5523676872253418,-0.6174485087394714,0.6114773154258728,0.5523676872253418,-0.6174485087394714
152,2,0.6160999536514282,0.5625592470169067,-0.6173011064529419,0.6160999536514282,0.5625592470169067,-0.6173011064529419
152,3,0.5990949869155884,0.5660561919212341,-0.617497444152832,0.5990949869155884,0.5660561919212341,-0.617497444152832
152,4,0.6102688312530518,0.5390383005142212,-0.6114047765731812,0.6102688312530518,0.5390383005142212,-0.6114047765731812
152,5,0.6126943826675415,0.5366123914718628,-0.6114022135734558,0.6126943826675415,0.5366123914718628,-0.6114022135734558
152,6,0.6156476736068726,0.5341514945030212,-0.6114688515663147,0.6156476736068726,0.5341514945030212,-0.6114688515663147
152,7,0.6441115140914917,0.5781985521316528,-0.5778073668479919,0.6441115140914917,0.5781985521316528,-0.5778073668479919
152,8,0.6344951391220093,0.5358467102050781,-0.553385317325592,0.6344951391220093,0.5358467102050781,-0.553385317325592
152,9,0.5816001892089844,0.562747061252594,-0.5455796122550964,0.5816001892089844,0.562747061252594,-0.5455796122550964
152,10,0.5804001092910767,0.548845648765564,-0.5389875173568726,0.5804001092910767,0.548845648765564,-0.5389875173568726
152,11,0.6160793304443359,0.6322036981582642,-0.4326295852661133,0.6160793304443359,0.6322036981582642,-0.4326295852661133
152,12,0.6294819712638855,0.5069980621337891,-0.3923688530921936,0.6294819712638855,0.5069980621337891,-0.3923688530921936
152,13,0.4587395191192627,0.6508997082710266,-0.4315865635871887,0.4587395191192627,0.6508997082710266,-0.4315865635871887
152,14,0.50674968957901,0.4951237440109253,-0.10261522978544235,0.50674968957901,0.4951237440109253,-0.10261522978544235
152,15,0.3943721652030945,0.6013462543487549,-0.5303580164909363,0.3943721652030945,0.6013462543487549,-0.5303580164909363
152,16,0.5329239368438721,0.4564095437526703,0.06301719695329666,0.5329239368438721,0.4564095437526703,0.06301719695329666
152,17,0.3844524025917053,0.593614399433136,-0.531272828578949,0.3844524025917053,0.593614399433136,-0.531272828578949
152,18,0.5285550951957703,0.446020245552063,0.10970094054937363,0.5285550951957703,0.446020245552063,0.10970094054937363
152,19,0.4064372181892395,0.5890175700187683,-0.525442898273468,0.4064372181892395,0.5890175700187683,-0.525442898273468
152,20,0.5504547357559204,0.4513516426086426,0.07451813668012619,0.5504547357559204,0.4513516426086426,0.07451813668012619
152,21,0.4124469459056854,0.5851303935050964,-0.5199955105781555,0.4124469459056854,0.5851303935050964,-0.5199955105781555
152,22,0.5446162819862366,0.45718860626220703,0.058841537684202194,0.5446162819862366,0.45718860626220703,0.058841537684202194
152,23,0.37352126836776733,0.5920833349227905,0.012486941181123257,0.37352126836776733,0.5920833349227905,0.012486941181123257
152,24,0.37111711502075195,0.5196515321731567,-0.012015337124466896,0.37111711502075195,0.5196515321731567,-0.012015337124466896
152,25,0.30632784962654114,0.6526201367378235,-0.39999470114707947,0.30632784962654114,0.6526201367378235,-0.39999470114707947
152,26,0.24525010585784912,0.4947521686553955,-0.598807156085968,0.24525010585784912,0.4947521686553955,-0.598807156085968
152,27,0.2357414811849594,0.5361229777336121,-0.14661622047424316,0.2357414811849594,0.5361229777336121,-0.14661622047424316
152,28,0.3088167905807495,0.5874670147895813,0.005072907079011202,0.3088167905807495,0.5874670147895813,0.005072907079011202
152,29,0.2234642207622528,0.5202964544296265,-0.1063542515039444,0.2234642207622528,0.5202964544296265,-0.1063542515039444
152,30,0.3446894884109497,0.5991052985191345,0.08565374463796616,0.3446894884109497,0.5991052985191345,0.08565374463796616
152,31,0.1302330195903778,0.5122769474983215,-0.11186488717794418,0.1302330195903778,0.5122769474983215,-0.11186488717794418
152,32,0.26248928904533386,0.6296391487121582,0.15389838814735413,0.26248928904533386,0.6296391487121582,0.15389838814735413
153,0,0.6212376952171326,0.5886537432670593,-0.507966160774231,0.6212376952171326,0.5886537432670593,-0.507966160774231
153,1,0.6434559226036072,0.5825732350349426,-0.5229982733726501,0.6434559226036072,0.5825732350349426,-0.5229982733726501
153,2,0.6482247114181519,0.5908967852592468,-0.5230806469917297,0.6482247114181519,0.5908967852592468,-0.5230806469917297
153,3,0.6518753170967102,0.5914453864097595,-0.5233194828033447,0.6518753170967102,0.5914453864097595,-0.5233194828033447
153,4,0.6331342458724976,0.5747123956680298,-0.5333969593048096,0.6331342458724976,0.5747123956680298,-0.5333969593048096
153,5,0.6293907165527344,0.5628604888916016,-0.5335026979446411,0.6293907165527344,0.5628604888916016,-0.5335026979446411
153,6,0.6279741525650024,0.5593965649604797,-0.5336706042289734,0.6279741525650024,0.5593965649604797,-0.5336706042289734
153,7,0.6615523099899292,0.5848832726478577,-0.4472113251686096,0.6615523099899292,0.5848832726478577,-0.4472113251686096
153,8,0.6217085123062134,0.5469894409179688,-0.4938059449195862,0.6217085123062134,0.5469894409179688,-0.4938059449195862
153,9,0.6130471229553223,0.5925688743591309,-0.46275630593299866,0.6130471229553223,0.5925688743591309,-0.46275630593299866
153,10,0.596497118473053,0.5773602724075317,-0.4769917130470276,0.596497118473053,0.5773602724075317,-0.4769917130470276
153,11,0.6469728350639343,0.6145063638687134,-0.29061785340309143,0.6469728350639343,0.6145063638687134,-0.29061785340309143
153,12,0.5445531606674194,0.5266095995903015,-0.3901654779911041,0.5445531606674194,0.5266095995903015,-0.3901654779911041
153,13,0.5333676338195801,0.6458173394203186,-0.30871984362602234,0.5333676338195801,0.6458173394203186,-0.30871984362602234
153,14,0.43379920721054077,0.531487226486206,-0.18890933692455292,0.43379920721054077,0.531487226486206,-0.18890933692455292
153,15,0.5988602638244629,0.6886613965034485,-0.45171770453453064,0.5988602638244629,0.6886613965034485,-0.45171770453453064
153,16,0.4764366149902344,0.529127299785614,0.018921595066785812,0.4764366149902344,0.529127299785614,0.018921595066785812
153,17,0.6524672508239746,0.7164539098739624,-0.45236799120903015,0.6524672508239746,0.7164539098739624,-0.45236799120903015
153,18,0.4937812089920044,0.5297207832336426,0.05401400104165077,0.4937812089920044,0.5297207832336426,0.05401400104165077
153,19,0.658332109451294,0.7165910601615906,-0.45566225051879883,0.658332109451294,0.7165910601615906,-0.45566225051879883
153,20,0.5155588984489441,0.518983006477356,0.03321637958288193,0.5155588984489441,0.518983006477356,0.03321637958288193
153,21,0.6276624202728271,0.7041001915931702,-0.4534350335597992,0.6276624202728271,0.7041001915931702,-0.4534350335597992
153,22,0.5068058371543884,0.5207042098045349,0.016295231878757477,0.5068058371543884,0.5207042098045349,0.016295231878757477
153,23,0.3833913803100586,0.5739235281944275,0.057990577071905136,0.3833913803100586,0.5739235281944275,0.057990577071905136
153,24,0.345826655626297,0.5200783014297485,-0.05747774615883827,0.345826655626297,0.5200783014297485,-0.05747774615883827
153,25,0.3387683033943176,0.6409152746200562,-0.1815405786037445,0.3387683033943176,0.6409152746200562,-0.1815405786037445
153,26,0.25691598653793335,0.5184051394462585,-0.613175094127655,0.25691598653793335,0.5184051394462585,-0.613175094127655
153,27,0.2213524878025055,0.5339304804801941,-0.000790726684499532,0.2213524878025055,0.5339304804801941,-0.000790726684499532
153,28,0.34267717599868774,0.5763589143753052,-0.19091399013996124,0.34267717599868774,0.5763589143753052,-0.19091399013996124
153,29,0.22013159096240997,0.5200775861740112,0.02896563522517681,0.22013159096240997,0.5200775861740112,0.02896563522517681
153,30,0.3711189329624176,0.5800666809082031,-0.13121964037418365,0.3711189329624176,0.5800666809082031,-0.13121964037418365
153,31,0.15505526959896088,0.5168023705482483,0.0449075922369957,0.15505526959896088,0.5168023705482483,0.0449075922369957
153,32,0.336598664522171,0.6186525821685791,-0.08831348270177841,0.336598664522171,0.6186525821685791,-0.08831348270177841
154,0,0.6092236042022705,0.5465301871299744,-0.38609063625335693,0.6092236042022705,0.5465301871299744,-0.38609063625335693
154,1,0.6358625888824463,0.5459489226341248,-0.4117458462715149,0.6358625888824463,0.5459489226341248,-0.4117458462715149
154,2,0.6414542198181152,0.5486466288566589,-0.4117863178253174,0.6414542198181152,0.5486466288566589,-0.4117863178253174
154,3,0.6476229429244995,0.5555576682090759,-0.4120368957519531,0.6476229429244995,0.5555576682090759,-0.4120368957519531
154,4,0.6270413994789124,0.534934937953949,-0.39184367656707764,0.6270413994789124,0.534934937953949,-0.39184367656707764
154,5,0.6262624263763428,0.5332539677619934,-0.391841858625412,0.6262624263763428,0.5332539677619934,-0.391841858625412
154,6,0.6258580684661865,0.5312948226928711,-0.3919362425804138,0.6258580684661865,0.5312948226928711,-0.3919362425804138
154,7,0.6635432243347168,0.566816508769989,-0.38161614537239075,0.6635432243347168,0.566816508769989,-0.38161614537239075
154,8,0.6245623230934143,0.5289442539215088,-0.28990674018859863,0.6245623230934143,0.5289442539215088,-0.28990674018859863
154,9,0.6014916300773621,0.5609999895095825,-0.3622351884841919,0.6014916300773621,0.5609999895095825,-0.3622351884841919
154,10,0.590312659740448,0.5493905544281006,-0.33569827675819397,0.590312659740448,0.5493905544281006,-0.33569827675819397
154,11,0.6497930288314819,0.6130512952804565,-0.2807313799858093,0.6497930288314819,0.6130512952804565,-0.2807313799858093
154,12,0.5585622191429138,0.5400183796882629,-0.1777481883764267,0.5585622191429138,0.5400183796882629,-0.1777481883764267
154,13,0.49060332775115967,0.6155960559844971,-0.2727767825126648,0.49060332775115967,0.6155960559844971,-0.2727767825126648
154,14,0.4291984438896179,0.5233253836631775,-0.08270996809005737,0.4291984438896179,0.5233253836631775,-0.08270996809005737
154,15,0.43759575486183167,0.569511353969574,-0.29208728671073914,0.43759575486183167,0.569511353969574,-0.29208728671073914
154,16,0.3903033137321472,0.5022867321968079,-0.0447908416390419,0.3903033137321472,0.5022867321968079,-0.0447908416390419
154,17,0.43556222319602966,0.561322808265686,-0.28926172852516174,0.43556222319602966,0.561322808265686,-0.28926172852516174
154,18,0.37877321243286133,0.47622042894363403,-0.02295512706041336,0.37877321243286133,0.47622042894363403,-0.02295512706041336
154,19,0.4481714963912964,0.5546479821205139,-0.26936259865760803,0.4481714963912964,0.5546479821205139,-0.26936259865760803
154,20,0.3975418508052826,0.47684597969055176,-0.05810559168457985,0.3975418508052826,0.47684597969055176,-0.05810559168457985
154,21,0.4449344277381897,0.5543552041053772,-0.27561184763908386,0.4449344277381897,0.5543552041053772,-0.27561184763908386
154,22,0.39761754870414734,0.49541395902633667,-0.05569468066096306,0.39761754870414734,0.49541395902633667,-0.05569468066096306
154,23,0.3409954309463501,0.5690022110939026,0.011198495514690876,0.3409954309463501,0.5690022110939026,0.011198495514690876
154,24,0.32080015540122986,0.5237018465995789,-0.01096479780972004,0.32080015540122986,0.5237018465995789,-0.01096479780972004
154,25,0.34845495223999023,0.6348192095756531,-0.05350484326481819,0.34845495223999023,0.6348192095756531,-0.05350484326481819
154,26,0.34620293974876404,0.5262120366096497,-0.5550925731658936,0.34620293974876404,0.5262120366096497,-0.5550925731658936
154,27,0.20848038792610168,0.5308894515037537,-0.00724009657278657,0.20848038792610168,0.5308894515037537,-0.00724009657278657
154,28,0.4181661903858185,0.5917766094207764,-0.5937188863754272,0.4181661903858185,0.5917766094207764,-0.5937188863754272
154,29,0.19658327102661133,0.5165001749992371,0.007600557524710894,0.19658327102661133,0.5165001749992371,0.007600557524710894
154,30,0.4331248998641968,0.5975969433784485,-0.5785061717033386,0.4331248998641968,0.5975969433784485,-0.5785061717033386
154,31,0.15384437143802643,0.5126566290855408,0.015934674069285393,0.15384437143802643,0.5126566290855408,0.015934674069285393
154,32,0.43192166090011597,0.6371890902519226,-0.5630954504013062,0.43192166090011597,0.6371890902519226,-0.5630954504013062
155,0,0.6077039241790771,0.5287521481513977,-0.39666303992271423,0.6077039241790771,0.5287521481513977,-0.39666303992271423
155,1,0.6351593732833862,0.5278021097183228,-0.426819771528244,0.6351593732833862,0.5278021097183228,-0.426819771528244
155,2,0.6427116990089417,0.5365518927574158,-0.4268198311328888,0.6427116990089417,0.5365518927574158,-0.4268198311328888
155,3,0.6489367485046387,0.5401028990745544,-0.42706307768821716,0.6489367485046387,0.5401028990745544,-0.42706307768821716
155,4,0.6281240582466125,0.5217656493186951,-0.4092619717121124,0.6281240582466125,0.5217656493186951,-0.4092619717121124
155,5,0.6268309354782104,0.5174109935760498,-0.409305602312088,0.6268309354782104,0.5174109935760498,-0.409305602312088
155,6,0.6272819638252258,0.516431450843811,-0.40944790840148926,0.6272819638252258,0.516431450843811,-0.40944790840148926
155,7,0.6710231304168701,0.555368959903717,-0.39369142055511475,0.6710231304168701,0.555368959903717,-0.39369142055511475
155,8,0.6408603191375732,0.5199003219604492,-0.31107571721076965,0.6408603191375732,0.5199003219604492,-0.31107571721076965
155,9,0.6018897294998169,0.5497305989265442,-0.3669721484184265,0.6018897294998169,0.5497305989265442,-0.3669721484184265
155,10,0.5926899909973145,0.5444759726524353,-0.3431868851184845,0.5926899909973145,0.5444759726524353,-0.3431868851184845
155,11,0.6579570770263672,0.6207855939865112,-0.26046887040138245,0.6579570770263672,0.6207855939865112,-0.26046887040138245
155,12,0.6085735559463501,0.5144510269165039,-0.20942403376102448,0.6085735559463501,0.5144510269165039,-0.20942403376102448
155,13,0.5386420488357544,0.655739963054657,-0.4127165377140045,0.5386420488357544,0.655739963054657,-0.4127165377140045
155,14,0.48316967487335205,0.4856838285923004,0.04871981590986252,0.48316967487335205,0.4856838285923004,0.04871981590986252
155,15,0.6453294157981873,0.7036791443824768,-0.6215705275535583,0.6453294157981873,0.7036791443824768,-0.6215705275535583
155,16,0.546478807926178,0.4478047490119934,0.2772364020347595,0.546478807926178,0.4478047490119934,0.2772364020347595
155,17,0.6845377683639526,0.7121251821517944,-0.6376581788063049,0.6845377683639526,0.7121251821517944,-0.6376581788063049
155,18,0.5495514869689941,0.441991925239563,0.34220948815345764,0.5495514869689941,0.441991925239563,0.34220948815345764
155,19,0.6998648643493652,0.7168503403663635,-0.6160984635353088,0.6998648643493652,0.7168503403663635,-0.6160984635353088
155,20,0.554906964302063,0.44684863090515137,0.3057142496109009,0.554906964302063,0.44684863090515137,0.3057142496109009
155,21,0.6548416614532471,0.6867289543151855,-0.6166470050811768,0.6548416614532471,0.6867289543151855,-0.6166470050811768
155,22,0.5497047901153564,0.4514976441860199,0.2726909816265106,0.5497047901153564,0.4514976441860199,0.2726909816265106
155,23,0.35243311524391174,0.5731830596923828,-0.015015028417110443,0.35243311524391174,0.5731830596923828,-0.015015028417110443
155,24,0.34566375613212585,0.5145553350448608,0.015442370437085629,0.34566375613212585,0.5145553350448608,0.015442370437085629
155,25,0.37869107723236084,0.6296340823173523,-0.3040663003921509,0.37869107723236084,0.6296340823173523,-0.3040663003921509
155,26,0.3488304316997528,0.5027101635932922,-0.5048975348472595,0.3488304316997528,0.5027101635932922,-0.5048975348472595
155,27,0.27240073680877686,0.5159720778465271,-0.11004217714071274,0.27240073680877686,0.5159720778465271,-0.11004217714071274
155,28,0.3606848120689392,0.5770251750946045,-0.2535138726234436,0.3606848120689392,0.5770251750946045,-0.2535138726234436
155,29,0.2757265567779541,0.5036904811859131,-0.07633063197135925,0.2757265567779541,0.5036904811859131,-0.07633063197135925
155,30,0.377424955368042,0.5882263779640198,-0.21196594834327698,0.377424955368042,0.5882263779640198,-0.21196594834327698
155,31,0.20901493728160858,0.4855816066265106,-0.08755017817020416,0.20901493728160858,0.4855816066265106,-0.08755017817020416
155,32,0.33280712366104126,0.6115696430206299,-0.20421898365020752,0.33280712366104126,0.6115696430206299,-0.20421898365020752
156,0,0.6433700919151306,0.5556591749191284,-0.5655999779701233,0.6433700919151306,0.5556591749191284,-0.5655999779701233
156,1,0.6699656248092651,0.5453227162361145,-0.5690946578979492,0.6699656248092651,0.5453227162361145,-0.5690946578979492
156,2,0.6737945079803467,0.5463359951972961,-0.5694204568862915,0.6737945079803467,0.5463359951972961,-0.5694204568862915
156,3,0.6794211864471436,0.5530091524124146,-0.5699514746665955,0.6794211864471436,0.5530091524124146,-0.5699514746665955
156,4,0.6620883941650391,0.539365828037262,-0.5852450132369995,0.6620883941650391,0.539365828037262,-0.5852450132369995
156,5,0.6590409278869629,0.5293468236923218,-0.5852381587028503,0.6590409278869629,0.5293468236923218,-0.5852381587028503
156,6,0.6577050089836121,0.5256537199020386,-0.5852885246276855,0.6577050089836121,0.5256537199020386,-0.5852885246276855
156,7,0.6881628036499023,0.5424128770828247,-0.4359216094017029,0.6881628036499023,0.5424128770828247,-0.4359216094017029
156,8,0.6610684394836426,0.5143590569496155,-0.5041751265525818,0.6610684394836426,0.5143590569496155,-0.5041751265525818
156,9,0.6325273513793945,0.5578600168228149,-0.498794287443161,0.6325273513793945,0.5578600168228149,-0.498794287443161
156,10,0.6206085681915283,0.5459648966789246,-0.5192551612854004,0.6206085681915283,0.5459648966789246,-0.5192551612854004
156,11,0.6657629013061523,0.570967435836792,-0.28432497382164,0.6657629013061523,0.570967435836792,-0.28432497382164
156,12,0.5589070916175842,0.5066652894020081,-0.45106586813926697,0.5589070916175842,0.5066652894020081,-0.45106586813926697
156,13,0.5389861464500427,0.6255942583084106,-0.2580901086330414,0.5389861464500427,0.6255942583084106,-0.2580901086330414
156,14,0.49378737807273865,0.623458206653595,-0.4986584484577179,0.49378737807273865,0.623458206653595,-0.4986584484577179
156,15,0.5964037179946899,0.6615537405014038,-0.3276786804199219,0.5964037179946899,0.6615537405014038,-0.3276786804199219
156,16,0.6313556432723999,0.7009251117706299,-0.5311678647994995,0.6313556432723999,0.7009251117706299,-0.5311678647994995
156,17,0.6312748193740845,0.6737247109413147,-0.33049285411834717,0.6312748193740845,0.6737247109413147,-0.33049285411834717
156,18,0.6727015972137451,0.7266892790794373,-0.5788074731826782,0.6727015972137451,0.7266892790794373,-0.5788074731826782
156,19,0.631950318813324,0.6780784726142883,-0.3692357540130615,0.631950318813324,0.6780784726142883,-0.3692357540130615
156,20,0.6917105913162231,0.7146530151367188,-0.555452823638916,0.6917105913162231,0.7146530151367188,-0.555452823638916
156,21,0.6141118407249451,0.6718618273735046,-0.33967748284339905,0.6141118407249451,0.6718618273735046,-0.33967748284339905
156,22,0.675826907157898,0.7067160606384277,-0.5255545377731323,0.675826907157898,0.7067160606384277,-0.5255545377731323
156,23,0.3578689396381378,0.5430325865745544,0.048247408121824265,0.3578689396381378,0.5430325865745544,0.048247408121824265
156,24,0.35300153493881226,0.4838000237941742,-0.04791385307908058,0.35300153493881226,0.4838000237941742,-0.04791385307908058
156,25,0.23334813117980957,0.648609459400177,-0.29723212122917175,0.23334813117980957,0.648609459400177,-0.29723212122917175
156,26,0.3579609990119934,0.4800507426261902,-0.6300439238548279,0.3579609990119934,0.4800507426261902,-0.6300439238548279
156,27,0.21538405120372772,0.5361977219581604,-0.004322595428675413,0.21538405120372772,0.5361977219581604,-0.004322595428675413
156,28,0.43017953634262085,0.5731320381164551,-0.3073139190673828,0.43017953634262085,0.5731320381164551,-0.3073139190673828
156,29,0.2284347265958786,0.5095892548561096,0.043943680822849274,0.2284347265958786,0.5095892548561096,0.043943680822849274
156,30,0.4560459852218628,0.5815108418464661,-0.24971194565296173,0.4560459852218628,0.5815108418464661,-0.24971194565296173
156,31,0.12737224996089935,0.5066117644309998,0.11920205503702164,0.12737224996089935,0.5066117644309998,0.11920205503702164
156,32,0.42075419425964355,0.6164387464523315,-0.14595429599285126,0.42075419425964355,0.6164387464523315,-0.14595429599285126
157,0,0.6424323320388794,0.5686872005462646,-0.8571597337722778,0.6424323320388794,0.5686872005462646,-0.8571597337722778
157,1,0.6677727103233337,0.5684061050415039,-0.8581039905548096,0.6677727103233337,0.5684061050415039,-0.8581039905548096
157,2,0.6784089207649231,0.5670377016067505,-0.8583629727363586,0.6784089207649231,0.5670377016067505,-0.8583629727363586
157,3,0.6837723255157471,0.5666104555130005,-0.858829915523529,0.6837723255157471,0.5666104555130005,-0.858829915523529
157,4,0.6561673283576965,0.553930401802063,-0.8878539800643921,0.6561673283576965,0.553930401802063,-0.8878539800643921
157,5,0.6524416208267212,0.5494598150253296,-0.8880652785301208,0.6524416208267212,0.5494598150253296,-0.8880652785301208
157,6,0.6487767100334167,0.5450797080993652,-0.8881433010101318,0.6487767100334167,0.5450797080993652,-0.8881433010101318
157,7,0.7009155750274658,0.5488957166671753,-0.6956493854522705,0.7009155750274658,0.5488957166671753,-0.6956493854522705
157,8,0.6495859622955322,0.5274009108543396,-0.8251346349716187,0.6495859622955322,0.5274009108543396,-0.8251346349716187
157,9,0.6361308097839355,0.5673382878303528,-0.7760043740272522,0.6361308097839355,0.5673382878303528,-0.7760043740272522
157,10,0.6276308298110962,0.5566226243972778,-0.8144351243972778,0.6276308298110962,0.5566226243972778,-0.8144351243972778
157,11,0.6776160597801208,0.5648110508918762,-0.4969641864299774,0.6776160597801208,0.5648110508918762,-0.4969641864299774
157,12,0.5624836683273315,0.49871301651000977,-0.7532879114151001,0.5624836683273315,0.49871301651000977,-0.7532879114151001
157,13,0.5891781449317932,0.6165107488632202,-0.44830140471458435,0.5891781449317932,0.6165107488632202,-0.44830140471458435
157,14,0.47479987144470215,0.6009150743484497,-0.8405976295471191,0.47479987144470215,0.6009150743484497,-0.8405976295471191
157,15,0.6158303022384644,0.6918165683746338,-0.5901614427566528,0.6158303022384644,0.6918165683746338,-0.5901614427566528
157,16,0.6302657127380371,0.7116796970367432,-0.9004366397857666,0.6302657127380371,0.7116796970367432,-0.9004366397857666
157,17,0.6725896000862122,0.7302971482276917,-0.6149795651435852,0.6725896000862122,0.7302971482276917,-0.6149795651435852
157,18,0.6742851138114929,0.7351382374763489,-0.9790756106376648,0.6742851138114929,0.7351382374763489,-0.9790756106376648
157,19,0.6827617883682251,0.7283564209938049,-0.6956441402435303,0.6827617883682251,0.7283564209938049,-0.6956441402435303
157,20,0.7025225162506104,0.7297355532646179,-0.954311728477478,0.7025225162506104,0.7297355532646179,-0.954311728477478
157,21,0.6172789335250854,0.7117029428482056,-0.6232108473777771,0.6172789335250854,0.7117029428482056,-0.6232108473777771
157,22,0.6862026453018188,0.7200340628623962,-0.8953266739845276,0.6862026453018188,0.7200340628623962,-0.8953266739845276
157,23,0.38880079984664917,0.5405266880989075,0.08544638752937317,0.38880079984664917,0.5405266880989075,0.08544638752937317
157,24,0.35073143243789673,0.49153274297714233,-0.08516888320446014,0.35073143243789673,0.49153274297714233,-0.08516888320446014
157,25,0.2007811963558197,0.6497583985328674,-0.2770339548587799,0.2007811963558197,0.6497583985328674,-0.2770339548587799
157,26,0.3219495117664337,0.5083672404289246,-0.7032357454299927,0.3219495117664337,0.5083672404289246,-0.7032357454299927
157,27,0.22767142951488495,0.5402308106422424,0.1706354022026062,0.22767142951488495,0.5402308106422424,0.1706354022026062
157,28,0.39981162548065186,0.5946419835090637,-0.3360343873500824,0.39981162548065186,0.5946419835090637,-0.3360343873500824
157,29,0.2474973499774933,0.5088704228401184,0.2351657748222351,0.2474973499774933,0.5088704228401184,0.2351657748222351
157,30,0.42823997139930725,0.600905179977417,-0.27625444531440735,0.42823997139930725,0.600905179977417,-0.27625444531440735
157,31,0.14717385172843933,0.5219241976737976,0.31619441509246826,0.14717385172843933,0.5219241976737976,0.31619441509246826
157,32,0.3842620253562927,0.63824462890625,-0.178536519408226,0.3842620253562927,0.63824462890625,-0.178536519408226
158,0,0.6703007221221924,0.5492756366729736,-0.6456305980682373,0.6703007221221924,0.5492756366729736,-0.6456305980682373
158,1,0.6963890790939331,0.5449026226997375,-0.6600541472434998,0.6963890790939331,0.5449026226997375,-0.6600541472434998
158,2,0.7026343941688538,0.5459640026092529,-0.6603755950927734,0.7026343941688538,0.5459640026092529,-0.6603755950927734
158,3,0.7071281671524048,0.5467620491981506,-0.6608874201774597,0.7071281671524048,0.5467620491981506,-0.6608874201774597
158,4,0.6875722408294678,0.5339365005493164,-0.6852076649665833,0.6875722408294678,0.5339365005493164,-0.6852076649665833
158,5,0.6628714203834534,0.5345291495323181,-0.6852781176567078,0.6628714203834534,0.5345291495323181,-0.6852781176567078
158,6,0.6576371192932129,0.5313380360603333,-0.685250461101532,0.6576371192932129,0.5313380360603333,-0.685250461101532
158,7,0.7125471234321594,0.5338006019592285,-0.5516813397407532,0.7125471234321594,0.5338006019592285,-0.5516813397407532
158,8,0.651692271232605,0.5188841223716736,-0.661199152469635,0.651692271232605,0.5188841223716736,-0.661199152469635
158,9,0.6617482900619507,0.5535229444503784,-0.5835174918174744,0.6617482900619507,0.5535229444503784,-0.5835174918174744
158,10,0.6433184146881104,0.5500694513320923,-0.6155829429626465,0.6433184146881104,0.5500694513320923,-0.6155829429626465
158,11,0.7059201598167419,0.5374165177345276,-0.35450685024261475,0.7059201598167419,0.5374165177345276,-0.35450685024261475
158,12,0.563207745552063,0.5137364268302917,-0.5917444229125977,0.563207745552063,0.5137364268302917,-0.5917444229125977
158,13,0.6141998171806335,0.5875421762466431,-0.2947741448879242,0.6141998171806335,0.5875421762466431,-0.2947741448879242
158,14,0.5043393969535828,0.6342542171478271,-0.6277908086776733,0.5043393969535828,0.6342542171478271,-0.6277908086776733
158,15,0.6141515970230103,0.6493945717811584,-0.45576053857803345,0.6141515970230103,0.6493945717811584,-0.45576053857803345
158,16,0.647348165512085,0.7152137160301208,-0.6516797542572021,0.647348165512085,0.7152137160301208,-0.6516797542572021
158,17,0.6325899958610535,0.6642429828643799,-0.4849278926849365,0.6325899958610535,0.6642429828643799,-0.4849278926849365
158,18,0.6810343265533447,0.7357443571090698,-0.7096729278564453,0.6810343265533447,0.7357443571090698,-0.7096729278564453
158,19,0.6266935467720032,0.669635534286499,-0.5516358613967896,0.6266935467720032,0.669635534286499,-0.5516358613967896
158,20,0.699620246887207,0.7251830101013184,-0.7176114916801453,0.699620246887207,0.7251830101013184,-0.7176114916801453
158,21,0.6136730909347534,0.6632354259490967,-0.48346057534217834,0.6136730909347534,0.6632354259490967,-0.48346057534217834
158,22,0.6881208419799805,0.7181414365768433,-0.6579408645629883,0.6881208419799805,0.7181414365768433,-0.6579408645629883
158,23,0.3822098970413208,0.5212917327880859,0.12222496420145035,0.3822098970413208,0.5212917327880859,0.12222496420145035
158,24,0.3456785976886749,0.5005255341529846,-0.12199939042329788,0.3456785976886749,0.5005255341529846,-0.12199939042329788
158,25,0.21688149869441986,0.6184983253479004,0.08524215221405029,0.21688149869441986,0.6184983253479004,0.08524215221405029
158,26,0.4207364618778229,0.5731763243675232,-0.5532701015472412,0.4207364618778229,0.5731763243675232,-0.5532701015472412
158,27,0.2231329381465912,0.544617235660553,0.4904595613479614,0.2231329381465912,0.544617235660553,0.4904595613479614
158,28,0.5170305967330933,0.6206508278846741,-0.38407301902770996,0.5170305967330933,0.6206508278846741,-0.38407301902770996
158,29,0.24633288383483887,0.525130569934845,0.5455923080444336,0.24633288383483887,0.525130569934845,0.5455923080444336
158,30,0.5314469933509827,0.6195050477981567,-0.34787890315055847,0.5314469933509827,0.6195050477981567,-0.34787890315055847
158,31,0.1705639660358429,0.54556804895401,0.6330995559692383,0.1705639660358429,0.54556804895401,0.6330995559692383
158,32,0.5465531349182129,0.6611427664756775,-0.2628466784954071,0.5465531349182129,0.6611427664756775,-0.2628466784954071
159,0,0.6821179389953613,0.5543477535247803,-0.6130512356758118,0.6821179389953613,0.5543477535247803,-0.6130512356758118
159,1,0.7121638059616089,0.544395923614502,-0.6224107146263123,0.7121638059616089,0.544395923614502,-0.6224107146263123
159,2,0.7153711318969727,0.5437666177749634,-0.6226589679718018,0.7153711318969727,0.5437666177749634,-0.6226589679718018
159,3,0.7200946807861328,0.5432076454162598,-0.6231219172477722,0.7200946807861328,0.5432076454162598,-0.6231219172477722
159,4,0.7049093246459961,0.5426694750785828,-0.6592434048652649,0.7049093246459961,0.5426694750785828,-0.6592434048652649
159,5,0.7019307017326355,0.5408715605735779,-0.6594259142875671,0.7019307017326355,0.5408715605735779,-0.6594259142875671
159,6,0.6771344542503357,0.5434378385543823,-0.6594077348709106,0.6771344542503357,0.5434378385543823,-0.6594077348709106
159,7,0.7225316762924194,0.525985598564148,-0.5203048586845398,0.7225316762924194,0.525985598564148,-0.5203048586845398
159,8,0.6668809652328491,0.5264670848846436,-0.6836094260215759,0.6668809652328491,0.5264670848846436,-0.6836094260215759
159,9,0.6712514162063599,0.5527290105819702,-0.5558480620384216,0.6712514162063599,0.5527290105819702,-0.5558480620384216
159,10,0.659387469291687,0.548092246055603,-0.6035446524620056,0.659387469291687,0.548092246055603,-0.6035446524620056
159,11,0.7109643816947937,0.5183629989624023,-0.346341609954834,0.7109643816947937,0.5183629989624023,-0.346341609954834
159,12,0.5705182552337646,0.5129607319831848,-0.6406834721565247,0.5705182552337646,0.5129607319831848,-0.6406834721565247
159,13,0.6383316516876221,0.5503817200660706,-0.2601298689842224,0.6383316516876221,0.5503817200660706,-0.2601298689842224
159,14,0.5005345344543457,0.6321085095405579,-0.6676177978515625,0.5005345344543457,0.6321085095405579,-0.6676177978515625
159,15,0.6171308755874634,0.6033327579498291,-0.4143049120903015,0.6171308755874634,0.6033327579498291,-0.4143049120903015
159,16,0.6499031782150269,0.7146215438842773,-0.6112371683120728,0.6499031782150269,0.7146215438842773,-0.6112371683120728
159,17,0.6284348964691162,0.6156209707260132,-0.4385016858577728,0.6284348964691162,0.6156209707260132,-0.4385016858577728
159,18,0.6837040185928345,0.7365765571594238,-0.6685457229614258,0.6837040185928345,0.7365765571594238,-0.6685457229614258
159,19,0.6225064396858215,0.6194644570350647,-0.5002206563949585,0.6225064396858215,0.6194644570350647,-0.5002206563949585
159,20,0.7075408697128296,0.7305545210838318,-0.6676766872406006,0.7075408697128296,0.7305545210838318,-0.6676766872406006
159,21,0.6100305318832397,0.6141376495361328,-0.4388996660709381,0.6100305318832397,0.6141376495361328,-0.4388996660709381
159,22,0.700558602809906,0.7224675416946411,-0.6111711859703064,0.700558602809906,0.7224675416946411,-0.6111711859703064
159,23,0.38463732600212097,0.5099067091941833,0.12301375716924667,0.38463732600212097,0.5099067091941833,0.12301375716924667
159,24,0.329012006521225,0.4993501901626587,-0.12309259921312332,0.329012006521225,0.4993501901626587,-0.12309259921312332
159,25,0.29802680015563965,0.6011945009231567,0.007457943167537451,0.29802680015563965,0.6011945009231567,0.007457943167537451
159,26,0.3051607608795166,0.5878660678863525,-0.6033007502555847,0.3051607608795166,0.5878660678863525,-0.6033007502555847
159,27,0.24457043409347534,0.5460063815116882,0.3468922972679138,0.24457043409347534,0.5460063815116882,0.3468922972679138
159,28,0.42872723937034607,0.593373715877533,-0.19072569906711578,0.42872723937034607,0.593373715877533,-0.19072569906711578
159,29,0.24622847139835358,0.5276765823364258,0.39272722601890564,0.24622847139835358,0.5276765823364258,0.39272722601890564
159,30,0.45753908157348633,0.5849432945251465,-0.13139937818050385,0.45753908157348633,0.5849432945251465,-0.13139937818050385
159,31,0.19973035156726837,0.5428913831710815,0.4488917887210846,0.19973035156726837,0.5428913831710815,0.4488917887210846
159,32,0.4481675624847412,0.6241552829742432,-0.01248306967318058,0.4481675624847412,0.6241552829742432,-0.01248306967318058
160,0,0.6785019636154175,0.5351485013961792,-0.838945746421814,0.6785019636154175,0.5351485013961792,-0.838945746421814
160,1,0.7233450412750244,0.5233209133148193,-0.8456652164459229,0.7233450412750244,0.5233209133148193,-0.8456652164459229
160,2,0.727672815322876,0.5248461365699768,-0.8458409905433655,0.727672815322876,0.5248461365699768,-0.8458409905433655
160,3,0.731724202632904,0.526424765586853,-0.8462817668914795,0.731724202632904,0.526424765586853,-0.8462817668914795
160,4,0.7082394361495972,0.5114377737045288,-0.8645702600479126,0.7082394361495972,0.5114377737045288,-0.8645702600479126
160,5,0.7046858668327332,0.5073235034942627,-0.8647398352622986,0.7046858668327332,0.5073235034942627,-0.8647398352622986
160,6,0.6975075006484985,0.4999306797981262,-0.864926278591156,0.6975075006484985,0.4999306797981262,-0.864926278591156
160,7,0.7323012351989746,0.5230357646942139,-0.6988577246665955,0.7323012351989746,0.5230357646942139,-0.6988577246665955
160,8,0.6956138610839844,0.49444422125816345,-0.780591607093811,0.6956138610839844,0.49444422125816345,-0.780591607093811
160,9,0.6759524941444397,0.5401456952095032,-0.7626467347145081,0.6759524941444397,0.5401456952095032,-0.7626467347145081
160,10,0.6588925123214722,0.5292841792106628,-0.7871140837669373,0.6588925123214722,0.5292841792106628,-0.7871140837669373
160,11,0.6936125755310059,0.5469815135002136,-0.49456271529197693,0.6936125755310059,0.5469815135002136,-0.49456271529197693
160,12,0.5563002228736877,0.5061315298080444,-0.671663224697113,0.5563002228736877,0.5061315298080444,-0.671663224697113
160,13,0.5664708614349365,0.5892733335494995,-0.35034602880477905,0.5664708614349365,0.5892733335494995,-0.35034602880477905
160,14,0.4926435351371765,0.6152116060256958,-0.696588397026062,0.4926435351371765,0.6152116060256958,-0.696588397026062
160,15,0.5466670989990234,0.6328623294830322,-0.392133504152298,0.5466670989990234,0.6328623294830322,-0.392133504152298
160,16,0.6392028331756592,0.7075269818305969,-0.7485898733139038,0.6392028331756592,0.7075269818305969,-0.7485898733139038
160,17,0.5704251527786255,0.641327977180481,-0.38383209705352783,0.5704251527786255,0.641327977180481,-0.38383209705352783
160,18,0.6815216541290283,0.7308744788169861,-0.8111156225204468,0.6815216541290283,0.7308744788169861,-0.8111156225204468
160,19,0.572040855884552,0.6468737721443176,-0.45144936442375183,0.572040855884552,0.6468737721443176,-0.45144936442375183
160,20,0.7049905061721802,0.7231932878494263,-0.7861466407775879,0.7049905061721802,0.7231932878494263,-0.7861466407775879
160,21,0.5602213144302368,0.6433764696121216,-0.41182461380958557,0.5602213144302368,0.6433764696121216,-0.41182461380958557
160,22,0.6927938461303711,0.7125048637390137,-0.7427767515182495,0.6927938461303711,0.7125048637390137,-0.7427767515182495
160,23,0.40538305044174194,0.5432775616645813,0.06848429888486862,0.40538305044174194,0.5432775616645813,0.06848429888486862
160,24,0.33332931995391846,0.49683332443237305,-0.06819090247154236,0.33332931995391846,0.49683332443237305,-0.06819090247154236
160,25,0.3020366430282593,0.6349173784255981,-0.32929086685180664,0.3020366430282593,0.6349173784255981,-0.32929086685180664
160,26,0.22006163001060486,0.5132020115852356,-0.6885024309158325,0.22006163001060486,0.5132020115852356,-0.6885024309158325
160,27,0.28068798780441284,0.5771939158439636,0.10893738269805908,0.28068798780441284,0.5771939158439636,0.10893738269805908
160,28,0.37150338292121887,0.5660359859466553,-0.12161502242088318,0.37150338292121887,0.5660359859466553,-0.12161502242088318
160,29,0.2947523891925812,0.564047634601593,0.16933487355709076,0.2947523891925812,0.564047634601593,0.16933487355709076
160,30,0.41187265515327454,0.5694901943206787,-0.04148432984948158,0.41187265515327454,0.5694901943206787,-0.04148432984948158
160,31,0.236705482006073,0.5788298845291138,0.24504344165325165,0.236705482006073,0.5788298845291138,0.24504344165325165
160,32,0.3818505108356476,0.597541093826294,0.07828441262245178,0.3818505108356476,0.597541093826294,0.07828441262245178
161,0,0.5,0.5,0.0,0.5,0.5,0.0
161,1,0.5,0.5,0.0,0.5,0.5,0.0
161,2,0.5,0.5,0.0,0.5,0.5,0.0
161,3,0.5,0.5,0.0,0.5,0.5,0.0
161,4,0.5,0.5,0.0,0.5,0.5,0.0
161,5,0.5,0.5,0.0,0.5,0.5,0.0
161,6,0.5,0.5,0.0,0.5,0.5,0.0
161,7,0.5,0.5,0.0,0.5,0.5,0.0
161,8,0.5,0.5,0.0,0.5,0.5,0.0
161,9,0.5,0.5,0.0,0.5,0.5,0.0
161,10,0.5,0.5,0.0,0.5,0.5,0.0
161,11,0.5,0.5,0.0,0.5,0.5,0.0
161,12,0.5,0.5,0.0,0.5,0.5,0.0
161,13,0.5,0.5,0.0,0.5,0.5,0.0
161,14,0.5,0.5,0.0,0.5,0.5,0.0
161,15,0.5,0.5,0.0,0.5,0.5,0.0
161,16,0.5,0.5,0.0,0.5,0.5,0.0
161,17,0.5,0.5,0.0,0.5,0.5,0.0
161,18,0.5,0.5,0.0,0.5,0.5,0.0
161,19,0.5,0.5,0.0,0.5,0.5,0.0
161,20,0.5,0.5,0.0,0.5,0.5,0.0
161,21,0.5,0.5,0.0,0.5,0.5,0.0
161,22,0.5,0.5,0.0,0.5,0.5,0.0
161,23,0.5,0.5,0.0,0.5,0.5,0.0
161,24,0.5,0.5,0.0,0.5,0.5,0.0
161,25,0.5,0.5,0.0,0.5,0.5,0.0
161,26,0.5,0.5,0.0,0.5,0.5,0.0
161,27,0.5,0.5,0.0,0.5,0.5,0.0
161,28,0.5,0.5,0.0,0.5,0.5,0.0
161,29,0.5,0.5,0.0,0.5,0.5,0.0
161,30,0.5,0.5,0.0,0.5,0.5,0.0
161,31,0.5,0.5,0.0,0.5,0.5,0.0
161,32,0.5,0.5,0.0,0.5,0.5,0.0
162,0,0.7048794031143188,0.5505746006965637,-0.7980391979217529,0.7048794031143188,0.5505746006965637,-0.7980391979217529
162,1,0.7405524253845215,0.5335749983787537,-0.792416512966156,0.7405524253845215,0.5335749983787537,-0.792416512966156
162,2,0.7431245446205139,0.5342042446136475,-0.7925636768341064,0.7431245446205139,0.5342042446136475,-0.7925636768341064
162,3,0.7483382225036621,0.5348637700080872,-0.7928975224494934,0.7483382225036621,0.5348637700080872,-0.7928975224494934
162,4,0.7314852476119995,0.5292550325393677,-0.8258213996887207,0.7314852476119995,0.5292550325393677,-0.8258213996887207
162,5,0.6985815763473511,0.5402305722236633,-0.8260859251022339,0.6985815763473511,0.5402305722236633,-0.8260859251022339
162,6,0.7208133935928345,0.5258172154426575,-0.8262596130371094,0.7208133935928345,0.5258172154426575,-0.8262596130371094
162,7,0.7388095259666443,0.5237746834754944,-0.6351242661476135,0.7388095259666443,0.5237746834754944,-0.6351242661476135
162,8,0.70356285572052,0.5098240971565247,-0.7858546376228333,0.70356285572052,0.5098240971565247,-0.7858546376228333
162,9,0.6914315223693848,0.5515217185020447,-0.7234897613525391,0.6914315223693848,0.5515217185020447,-0.7234897613525391
162,10,0.6782598495483398,0.5423980355262756,-0.7678966522216797,0.6782598495483398,0.5423980355262756,-0.7678966522216797
162,11,0.6841202974319458,0.5058577060699463,-0.40504902601242065,0.6841202974319458,0.5058577060699463,-0.40504902601242065
162,12,0.5569957494735718,0.5432719588279724,-0.718662679195404,0.5569957494735718,0.5432719588279724,-0.718662679195404
162,13,0.5928895473480225,0.5092828273773193,-0.19827884435653687,0.5928895473480225,0.5092828273773193,-0.19827884435653687
162,14,0.540981650352478,0.6379446387290955,-0.7700604200363159,0.540981650352478,0.6379446387290955,-0.7700604200363159
162,15,0.5385751724243164,0.4888463020324707,-0.20063211023807526,0.5385751724243164,0.4888463020324707,-0.20063211023807526
162,16,0.693982720375061,0.7042562961578369,-0.7422469258308411,0.693982720375061,0.7042562961578369,-0.7422469258308411
162,17,0.5482335090637207,0.49751487374305725,-0.19294516742229462,0.5482335090637207,0.49751487374305725,-0.19294516742229462
162,18,0.7276453971862793,0.7252033352851868,-0.8094376921653748,0.7276453971862793,0.7252033352851868,-0.8094376921653748
162,19,0.5526867508888245,0.4994637370109558,-0.24292981624603271,0.5526867508888245,0.4994637370109558,-0.24292981624603271
162,20,0.7450183033943176,0.7193203568458557,-0.7940327525138855,0.7450183033943176,0.7193203568458557,-0.7940327525138855
162,21,0.5477194786071777,0.504395067691803,-0.21243013441562653,0.5477194786071777,0.504395067691803,-0.21243013441562653
162,22,0.7320306301116943,0.7119166851043701,-0.7369136214256287,0.7320306301116943,0.7119166851043701,-0.7369136214256287
162,23,0.4055730700492859,0.5194419622421265,0.122541144490242,0.4055730700492859,0.5194419622421265,0.122541144490242
162,24,0.32921111583709717,0.5098114013671875,-0.12277472764253616,0.32921111583709717,0.5098114013671875,-0.12277472764253616
162,25,0.39668330550193787,0.6139456033706665,-0.22866880893707275,0.39668330550193787,0.6139456033706665,-0.22866880893707275
162,26,0.2219708263874054,0.5566883683204651,-0.633897066116333,0.2219708263874054,0.5566883683204651,-0.633897066116333
162,27,0.2812933921813965,0.5531870126724243,0.029108932241797447,0.2812933921813965,0.5531870126724243,0.029108932241797447
162,28,0.3473634123802185,0.5655615329742432,-0.023166723549365997,0.3473634123802185,0.5655615329742432,-0.023166723549365997
162,29,0.27591320872306824,0.5419520735740662,0.06772853434085846,0.27591320872306824,0.5419520735740662,0.06772853434085846
162,30,0.38460472226142883,0.5626936554908752,0.05804768577218056,0.38460472226142883,0.5626936554908752,0.05804768577218056
162,31,0.22577811777591705,0.5566823482513428,0.08754309266805649,0.22577811777591705,0.5566823482513428,0.08754309266805649
162,32,0.33718016743659973,0.5859289169311523,0.17055095732212067,0.33718016743659973,0.5859289169311523,0.17055095732212067
163,0,0.6812717914581299,0.5463153719902039,-0.5553963780403137,0.6812717914581299,0.5463153719902039,-0.5553963780403137
163,1,0.7078497409820557,0.5430745482444763,-0.5595289468765259,0.7078497409820557,0.5430745482444763,-0.5595289468765259
163,2,0.7119003534317017,0.5450274348258972,-0.559842050075531,0.7119003534317017,0.5450274348258972,-0.559842050075531
163,3,0.715878963470459,0.5469917058944702,-0.5603282451629639,0.715878963470459,0.5469917058944702,-0.5603282451629639
163,4,0.7128920555114746,0.5252532362937927,-0.5849929451942444,0.7128920555114746,0.5252532362937927,-0.5849929451942444
163,5,0.7119291424751282,0.5235603451728821,-0.5850350856781006,0.7119291424751282,0.5235603451728821,-0.5850350856781006
163,6,0.7114366292953491,0.5225158333778381,-0.5850731730461121,0.7114366292953491,0.5225158333778381,-0.5850731730461121
163,7,0.7240521907806396,0.5334299206733704,-0.42444220185279846,0.7240521907806396,0.5334299206733704,-0.42444220185279846
163,8,0.7072896957397461,0.5134218335151672,-0.5375644564628601,0.7072896957397461,0.5134218335151672,-0.5375644564628601
163,9,0.6699615716934204,0.5495595932006836,-0.4864574670791626,0.6699615716934204,0.5495595932006836,-0.4864574670791626
163,10,0.6639635562896729,0.5435099005699158,-0.5198890566825867,0.6639635562896729,0.5435099005699158,-0.5198890566825867
163,11,0.6789984703063965,0.5355120301246643,-0.25425222516059875,0.6789984703063965,0.5355120301246643,-0.25425222516059875
163,12,0.5898281335830688,0.5136139988899231,-0.49217817187309265,0.5898281335830688,0.5136139988899231,-0.49217817187309265
163,13,0.586146354675293,0.5582466125488281,-0.3090333342552185,0.586146354675293,0.5582466125488281,-0.3090333342552185
163,14,0.5373231172561646,0.6246904730796814,-0.5639261603355408,0.5373231172561646,0.6246904730796814,-0.5639261603355408
163,15,0.6428170204162598,0.5863701105117798,-0.5589698553085327,0.6428170204162598,0.5863701105117798,-0.5589698553085327
163,16,0.6873574256896973,0.70053631067276,-0.5990667343139648,0.6873574256896973,0.70053631067276,-0.5990667343139648
163,17,0.6697026491165161,0.5921356678009033,-0.5899829864501953,0.6697026491165161,0.5921356678009033,-0.5899829864501953
163,18,0.716797947883606,0.7184975743293762,-0.6578884124755859,0.716797947883606,0.7184975743293762,-0.6578884124755859
163,19,0.6757582426071167,0.5944528579711914,-0.6238352060317993,0.6757582426071167,0.5944528579711914,-0.6238352060317993
163,20,0.7415467500686646,0.715996503829956,-0.6485652327537537,0.7415467500686646,0.715996503829956,-0.6485652327537537
163,21,0.6608471274375916,0.5916342735290527,-0.5736674666404724,0.6608471274375916,0.5916342735290527,-0.5736674666404724
163,22,0.7292073369026184,0.706092894077301,-0.5977411270141602,0.7292073369026184,0.706092894077301,-0.5977411270141602
163,23,0.3751435875892639,0.5275626182556152,0.08817937225103378,0.3751435875892639,0.5275626182556152,0.08817937225103378
163,24,0.33316412568092346,0.49385905265808105,-0.08809547126293182,0.33316412568092346,0.49385905265808105,-0.08809547126293182
163,25,0.3391740024089813,0.6282758116722107,-0.19826626777648926,0.3391740024089813,0.6282758116722107,-0.19826626777648926
163,26,0.3058638274669647,0.5325922966003418,-0.7179304957389832,0.3058638274669647,0.5325922966003418,-0.7179304957389832
163,27,0.22366461157798767,0.5504205226898193,0.08161462843418121,0.22366461157798767,0.5504205226898193,0.08161462843418121
163,28,0.42714422941207886,0.5940903425216675,-0.37633079290390015,0.42714422941207886,0.5940903425216675,-0.37633079290390015
163,29,0.23032589256763458,0.5336389541625977,0.12349054217338562,0.23032589256763458,0.5336389541625977,0.12349054217338562
163,30,0.45763319730758667,0.595132052898407,-0.3188512921333313,0.45763319730758667,0.595132052898407,-0.3188512921333313
163,31,0.1598888784646988,0.5472318530082703,0.1470106542110443,0.1598888784646988,0.5472318530082703,0.1470106542110443
163,32,0.43620988726615906,0.6360306739807129,-0.24781523644924164,0.43620988726615906,0.6360306739807129,-0.24781523644924164
164,0,0.6751995086669922,0.5704765319824219,-0.7212571501731873,0.6751995086669922,0.5704765319824219,-0.7212571501731873
164,1,0.7024827003479004,0.5698466897010803,-0.7319458723068237,0.7024827003479004,0.5698466897010803,-0.7319458723068237
164,2,0.7067195177078247,0.5686514377593994,-0.7322601675987244,0.7067195177078247,0.5686514377593994,-0.7322601675987244
164,3,0.7115573883056641,0.5670071244239807,-0.7327022552490234,0.7115573883056641,0.5670071244239807,-0.7327022552490234
164,4,0.688366711139679,0.5704066753387451,-0.7742615938186646,0.688366711139679,0.5704066753387451,-0.7742615938186646
164,5,0.686111330986023,0.5692734718322754,-0.7745271325111389,0.686111330986023,0.5692734718322754,-0.7745271325111389
164,6,0.6858242154121399,0.5560110807418823,-0.7745989561080933,0.6858242154121399,0.5560110807418823,-0.7745989561080933
164,7,0.7210664749145508,0.5478503704071045,-0.6322530508041382,0.7210664749145508,0.5478503704071045,-0.6322530508041382
164,8,0.6745823621749878,0.541941225528717,-0.820810079574585,0.6745823621749878,0.541941225528717,-0.820810079574585
164,9,0.6674498319625854,0.567953884601593,-0.6634791493415833,0.6674498319625854,0.567953884601593,-0.6634791493415833
164,10,0.6528797149658203,0.5657056570053101,-0.7179680466651917,0.6528797149658203,0.5657056570053101,-0.7179680466651917
164,11,0.7051953077316284,0.5068064332008362,-0.407672643661499,0.7051953077316284,0.5068064332008362,-0.407672643661499
164,12,0.5693697333335876,0.537250280380249,-0.7890347838401794,0.5693697333335876,0.537250280380249,-0.7890347838401794
164,13,0.661664605140686,0.5545178055763245,-0.3284940719604492,0.661664605140686,0.5545178055763245,-0.3284940719604492
164,14,0.5238983631134033,0.6434134244918823,-0.8294064998626709,0.5238983631134033,0.6434134244918823,-0.8294064998626709
164,15,0.6866998076438904,0.6153904795646667,-0.5557839870452881,0.6866998076438904,0.6153904795646667,-0.5557839870452881
164,16,0.6827094554901123,0.6947715282440186,-0.7771469950675964,0.6827094554901123,0.6947715282440186,-0.7771469950675964
164,17,0.702521800994873,0.6244403719902039,-0.6074566841125488,0.702521800994873,0.6244403719902039,-0.6074566841125488
164,18,0.7215448617935181,0.7195727825164795,-0.8664594292640686,0.7215448617935181,0.7195727825164795,-0.8664594292640686
164,19,0.6995784044265747,0.6281139850616455,-0.6751761436462402,0.6995784044265747,0.6281139850616455,-0.6751761436462402
164,20,0.7396128177642822,0.7082875967025757,-0.8664736747741699,0.7396128177642822,0.7082875967025757,-0.8664736747741699
164,21,0.6822569370269775,0.6236205697059631,-0.5889785289764404,0.6822569370269775,0.6236205697059631,-0.5889785289764404
164,22,0.7228491306304932,0.6999900341033936,-0.7818558812141418,0.7228491306304932,0.6999900341033936,-0.7818558812141418
164,23,0.4227253794670105,0.4960375130176544,0.15765994787216187,0.4227253794670105,0.4960375130176544,0.15765994787216187
164,24,0.3254152238368988,0.5101858973503113,-0.15773779153823853,0.3254152238368988,0.5101858973503113,-0.15773779153823853
164,25,0.4967080354690552,0.6063400506973267,0.32735341787338257,0.4967080354690552,0.6063400506973267,0.32735341787338257
164,26,0.24105499684810638,0.616020917892456,-0.2233561873435974,0.24105499684810638,0.616020917892456,-0.2233561873435974
164,27,0.3242528438568115,0.5486209392547607,0.4131210148334503,0.3242528438568115,0.5486209392547607,0.4131210148334503
164,28,0.229076087474823,0.5616601705551147,0.2681366801261902,0.229076087474823,0.5616601705551147,0.2681366801261902
164,29,0.3034321069717407,0.5312345623970032,0.4329858720302582,0.3034321069717407,0.5312345623970032,0.4329858720302582
164,30,0.24404239654541016,0.5426772236824036,0.3350442945957184,0.24404239654541016,0.5426772236824036,0.3350442945957184
164,31,0.26928240060806274,0.5737736225128174,0.5157958269119263,0.26928240060806274,0.5737736225128174,0.5157958269119263
164,32,0.17836157977581024,0.5814177393913269,0.5173406004905701,0.17836157977581024,0.5814177393913269,0.5173406004905701
165,0,0.6726915240287781,0.5587917566299438,-0.797918975353241,0.6726915240287781,0.5587917566299438,-0.797918975353241
165,1,0.6982516646385193,0.5567817091941833,-0.8044367432594299,0.6982516646385193,0.5567817091941833,-0.8044367432594299
165,2,0.705255389213562,0.5585118532180786,-0.8046960830688477,0.705255389213562,0.5585118532180786,-0.8046960830688477
165,3,0.7119024991989136,0.5596086978912354,-0.8052083253860474,0.7119024991989136,0.5596086978912354,-0.8052083253860474
165,4,0.6824352741241455,0.5440934896469116,-0.826372504234314,0.6824352741241455,0.5440934896469116,-0.826372504234314
165,5,0.6782169342041016,0.5405231714248657,-0.8264665007591248,0.6782169342041016,0.5405231714248657,-0.8264665007591248
165,6,0.6739715337753296,0.5367094278335571,-0.8264565467834473,0.6739715337753296,0.5367094278335571,-0.8264565467834473
165,7,0.7217358350753784,0.5536214709281921,-0.6547543406486511,0.7217358350753784,0.5536214709281921,-0.6547543406486511
165,8,0.6706727743148804,0.522977888584137,-0.7456961274147034,0.6706727743148804,0.522977888584137,-0.7456961274147034
165,9,0.6654173731803894,0.5700279474258423,-0.7208631038665771,0.6654173731803894,0.5700279474258423,-0.7208631038665771
165,10,0.6462750434875488,0.556222677230835,-0.7476100921630859,0.6462750434875488,0.556222677230835,-0.7476100921630859
165,11,0.706171989440918,0.5524972677230835,-0.4220283031463623,0.706171989440918,0.5524972677230835,-0.4220283031463623
165,12,0.5705018043518066,0.5231733918190002,-0.6640475392341614,0.5705018043518066,0.5231733918190002,-0.6640475392341614
165,13,0.5963913798332214,0.584909975528717,-0.35163170099258423,0.5963913798332214,0.584909975528717,-0.35163170099258423
165,14,0.5116472840309143,0.6417587399482727,-0.6891552805900574,0.5116472840309143,0.6417587399482727,-0.6891552805900574
165,15,0.5925192832946777,0.6229330897331238,-0.5313689112663269,0.5925192832946777,0.6229330897331238,-0.5313689112663269
165,16,0.6848694086074829,0.7060247659683228,-0.6985984444618225,0.6848694086074829,0.7060247659683228,-0.6985984444618225
165,17,0.6089555025100708,0.6326571702957153,-0.5555371642112732,0.6089555025100708,0.6326571702957153,-0.5555371642112732
165,18,0.7313644886016846,0.7234903573989868,-0.7655535340309143,0.7313644886016846,0.7234903573989868,-0.7655535340309143
165,19,0.6101124286651611,0.6360781192779541,-0.6120608448982239,0.6101124286651611,0.6360781192779541,-0.6120608448982239
165,20,0.7443777322769165,0.7123079299926758,-0.7548951506614685,0.7443777322769165,0.7123079299926758,-0.7548951506614685
165,21,0.5975526571273804,0.6314839720726013,-0.5541312098503113,0.5975526571273804,0.6314839720726013,-0.5541312098503113
165,22,0.7308504581451416,0.7050713300704956,-0.6989555358886719,0.7308504581451416,0.7050713300704956,-0.6989555358886719
165,23,0.41459140181541443,0.5221449732780457,0.11134868860244751,0.41459140181541443,0.5221449732780457,0.11134868860244751
165,24,0.35114461183547974,0.4988122880458832,-0.11120790988206863,0.35114461183547974,0.4988122880458832,-0.11120790988206863
165,25,0.3036024570465088,0.6186785697937012,-0.09190603345632553,0.3036024570465088,0.6186785697937012,-0.09190603345632553
165,26,0.25511521100997925,0.5631641149520874,-0.4239902198314667,0.25511521100997925,0.5631641149520874,-0.4239902198314667
165,27,0.24143949151039124,0.5268558263778687,0.2371470034122467,0.24143949151039124,0.5268558263778687,0.2371470034122467
165,28,0.33355093002319336,0.5826254487037659,0.12806794047355652,0.33355093002319336,0.5826254487037659,0.12806794047355652
165,29,0.24165043234825134,0.5097752213478088,0.2849723696708679,0.24165043234825134,0.5097752213478088,0.2849723696708679
165,30,0.36835721135139465,0.5810519456863403,0.20410174131393433,0.36835721135139465,0.5810519456863403,0.20410174131393433
165,31,0.1619306355714798,0.5225220918655396,0.3508053421974182,0.1619306355714798,0.5225220918655396,0.3508053421974182
165,32,0.2995797097682953,0.6102187037467957,0.34599432349205017,0.2995797097682953,0.6102187037467957,0.34599432349205017
166,0,0.6733111143112183,0.5730573534965515,-0.8075520992279053,0.6733111143112183,0.5730573534965515,-0.8075520992279053
166,1,0.6982398629188538,0.5651945471763611,-0.8288233280181885,0.6982398629188538,0.5651945471763611,-0.8288233280181885
166,2,0.7060960531234741,0.5658113956451416,-0.8292328119277954,0.7060960531234741,0.5658113956451416,-0.8292328119277954
166,3,0.7129971981048584,0.565490186214447,-0.8297157287597656,0.7129971981048584,0.565490186214447,-0.8297157287597656
166,4,0.6811327934265137,0.5596392750740051,-0.8477127552032471,0.6811327934265137,0.5596392750740051,-0.8477127552032471
166,5,0.6762351989746094,0.5565050840377808,-0.8479210734367371,0.6762351989746094,0.5565050840377808,-0.8479210734367371
166,6,0.671391487121582,0.5533229112625122,-0.8480467796325684,0.671391487121582,0.5533229112625122,-0.8480467796325684
166,7,0.7200283408164978,0.5550218224525452,-0.731118381023407,0.7200283408164978,0.5550218224525452,-0.731118381023407
166,8,0.6647018194198608,0.5401490330696106,-0.8096212148666382,0.6647018194198608,0.5401490330696106,-0.8096212148666382
166,9,0.6657692790031433,0.5777603387832642,-0.7475172281265259,0.6657692790031433,0.5777603387832642,-0.7475172281265259
166,10,0.6453115940093994,0.5703203678131104,-0.770614743232727,0.6453115940093994,0.5703203678131104,-0.770614743232727
166,11,0.7137930393218994,0.5411316156387329,-0.4943491816520691,0.7137930393218994,0.5411316156387329,-0.4943491816520691
166,12,0.5491732358932495,0.548149824142456,-0.7130415439605713,0.5491732358932495,0.548149824142456,-0.7130415439605713
166,13,0.5748504400253296,0.581720232963562,-0.4113435447216034,0.5748504400253296,0.581720232963562,-0.4113435447216034
166,14,0.5014885663986206,0.6508153676986694,-0.7697651982307434,0.5014885663986206,0.6508153676986694,-0.7697651982307434
166,15,0.5246356129646301,0.6224886775016785,-0.603617250919342,0.5246356129646301,0.6224886775016785,-0.603617250919342
166,16,0.6746634840965271,0.7000681757926941,-0.8698786497116089,0.6746634840965271,0.7000681757926941,-0.8698786497116089
166,17,0.5273010730743408,0.633018970489502,-0.6531676054000854,0.5273010730743408,0.633018970489502,-0.6531676054000854
166,18,0.7214981317520142,0.7205233573913574,-0.9692986607551575,0.7214981317520142,0.7205233573913574,-0.9692986607551575
166,19,0.5233474373817444,0.6370649933815002,-0.7176806330680847,0.5233474373817444,0.6370649933815002,-0.7176806330680847
166,20,0.740847110748291,0.7084860801696777,-0.9825306534767151,0.740847110748291,0.7084860801696777,-0.9825306534767151
166,21,0.5148231387138367,0.6322062611579895,-0.6306688785552979,0.5148231387138367,0.6322062611579895,-0.6306688785552979
166,22,0.7218226194381714,0.689334511756897,-0.8855423927307129,0.7218226194381714,0.689334511756897,-0.8855423927307129
166,23,0.44875380396842957,0.4987221360206604,0.12907429039478302,0.44875380396842957,0.4987221360206604,0.12907429039478302
166,24,0.33832627534866333,0.5098803043365479,-0.12886670231819153,0.33832627534866333,0.5098803043365479,-0.12886670231819153
166,25,0.42751872539520264,0.6052564978599548,0.32027798891067505,0.42751872539520264,0.6052564978599548,0.32027798891067505
166,26,0.23536857962608337,0.6098012924194336,-0.142818421125412,0.23536857962608337,0.6098012924194336,-0.142818421125412
166,27,0.308368980884552,0.5357920527458191,0.671832799911499,0.308368980884552,0.5357920527458191,0.671832799911499
166,28,0.22275641560554504,0.560882568359375,0.33189254999160767,0.22275641560554504,0.560882568359375,0.33189254999160767
166,29,0.3052474558353424,0.5202851891517639,0.7193923592567444,0.3052474558353424,0.5202851891517639,0.7193923592567444
166,30,0.22680646181106567,0.5505844354629517,0.396260142326355,0.22680646181106567,0.5505844354629517,0.396260142326355
166,31,0.23414859175682068,0.548827052116394,0.8148478269577026,0.23414859175682068,0.548827052116394,0.8148478269577026
166,32,0.13932044804096222,0.5828376412391663,0.5138726234436035,0.13932044804096222,0.5828376412391663,0.5138726234436035
167,0,0.6490585803985596,0.5635356307029724,-0.6653336882591248,0.6490585803985596,0.5635356307029724,-0.6653336882591248
167,1,0.67384272813797,0.5647530555725098,-0.693174421787262,0.67384272813797,0.5647530555725098,-0.693174421787262
167,2,0.6789562106132507,0.5663042664527893,-0.6934998631477356,0.6789562106132507,0.5663042664527893,-0.6934998631477356
167,3,0.687044084072113,0.5677973031997681,-0.6938108801841736,0.687044084072113,0.5677973031997681,-0.6938108801841736
167,4,0.6628721952438354,0.5570076704025269,-0.7053675055503845,0.6628721952438354,0.5570076704025269,-0.7053675055503845
167,5,0.660722553730011,0.5533848404884338,-0.7056325078010559,0.660722553730011,0.5533848404884338,-0.7056325078010559
167,6,0.6566529273986816,0.5443220138549805,-0.7056795954704285,0.6566529273986816,0.5443220138549805,-0.7056795954704285
167,7,0.6981992721557617,0.5634021759033203,-0.6298438310623169,0.6981992721557617,0.5634021759033203,-0.6298438310623169
167,8,0.6572461128234863,0.5360658764839172,-0.6771820187568665,0.6572461128234863,0.5360658764839172,-0.6771820187568665
167,9,0.6404557228088379,0.5727747678756714,-0.6178146600723267,0.6404557228088379,0.5727747678756714,-0.6178146600723267
167,10,0.6279408931732178,0.5597350597381592,-0.6313213109970093,0.6279408931732178,0.5597350597381592,-0.6313213109970093
167,11,0.717451810836792,0.5366112589836121,-0.4173855781555176,0.717451810836792,0.5366112589836121,-0.4173855781555176
167,12,0.5470544099807739,0.544464647769928,-0.5957557559013367,0.5470544099807739,0.544464647769928,-0.5957557559013367
167,13,0.6167017221450806,0.5501092076301575,-0.39113664627075195,0.6167017221450806,0.5501092076301575,-0.39113664627075195
167,14,0.49338775873184204,0.6222356557846069,-0.5908705592155457,0.49338775873184204,0.6222356557846069,-0.5908705592155457
167,15,0.5728287100791931,0.5515981316566467,-0.6074425578117371,0.5728287100791931,0.5515981316566467,-0.6074425578117371
167,16,0.6327794194221497,0.6442776918411255,-0.5452271103858948,0.6327794194221497,0.6442776918411255,-0.5452271103858948
167,17,0.5742239952087402,0.5512802004814148,-0.6506510376930237,0.5742239952087402,0.5512802004814148,-0.6506510376930237
167,18,0.678412675857544,0.6589853763580322,-0.5975899696350098,0.678412675857544,0.6589853763580322,-0.5975899696350098
167,19,0.5779954195022583,0.5522322058677673,-0.6888400912284851,0.5779954195022583,0.5522322058677673,-0.6888400912284851
167,20,0.7094680070877075,0.635454535484314,-0.6105210781097412,0.7094680070877075,0.635454535484314,-0.6105210781097412
167,21,0.5701227188110352,0.5521489977836609,-0.6235477924346924,0.5701227188110352,0.5521489977836609,-0.6235477924346924
167,22,0.6910930275917053,0.6312799453735352,-0.5528478622436523,0.6910930275917053,0.6312799453735352,-0.5528478622436523
167,23,0.4215032160282135,0.50115966796875,0.12042902410030365,0.4215032160282135,0.50115966796875,0.12042902410030365
167,24,0.34104952216148376,0.5107020735740662,-0.12069759517908096,0.34104952216148376,0.5107020735740662,-0.12069759517908096
167,25,0.3682940900325775,0.6029992699623108,0.3102181553840637,0.3682940900325775,0.6029992699623108,0.3102181553840637
167,26,0.279849112033844,0.6143497824668884,-0.1469162404537201,0.279849112033844,0.6143497824668884,-0.1469162404537201
167,27,0.2667675316333771,0.5236001014709473,0.305136114358902,0.2667675316333771,0.5236001014709473,0.305136114358902
167,28,0.2769719362258911,0.5793758034706116,0.23336000740528107,0.2769719362258911,0.5793758034706116,0.23336000740528107
167,29,0.266568124294281,0.5067223310470581,0.31851741671562195,0.266568124294281,0.5067223310470581,0.31851741671562195
167,30,0.29457375407218933,0.5624238848686218,0.2923738956451416,0.29457375407218933,0.5624238848686218,0.2923738956451416
167,31,0.20458805561065674,0.5337167978286743,0.4074251651763916,0.20458805561065674,0.5337167978286743,0.4074251651763916
167,32,0.21972700953483582,0.6016223430633545,0.4998892545700073,0.21972700953483582,0.6016223430633545,0.4998892545700073
168,0,0.6527402997016907,0.5951547622680664,-0.7567422389984131,0.6527402997016907,0.5951547622680664,-0.7567422389984131
168,1,0.6748993992805481,0.5894787311553955,-0.7735258340835571,0.6748993992805481,0.5894787311553955,-0.7735258340835571
168,2,0.6813206076622009,0.590293288230896,-0.7738207578659058,0.6813206076622009,0.590293288230896,-0.7738207578659058
168,3,0.6862047910690308,0.5902327299118042,-0.7743228673934937,0.6862047910690308,0.5902327299118042,-0.7743228673934937
168,4,0.6637581586837769,0.5830082893371582,-0.8027154803276062,0.6637581586837769,0.5830082893371582,-0.8027154803276062
168,5,0.6591408252716064,0.5784211158752441,-0.8029583096504211,0.6591408252716064,0.5784211158752441,-0.8029583096504211
168,6,0.6515377759933472,0.5724906921386719,-0.8029996156692505,0.6515377759933472,0.5724906921386719,-0.8029996156692505
168,7,0.6926493048667908,0.5783179998397827,-0.6796432733535767,0.6926493048667908,0.5783179998397827,-0.6796432733535767
168,8,0.6439136266708374,0.5534861087799072,-0.8052856922149658,0.6439136266708374,0.5534861087799072,-0.8052856922149658
168,9,0.6455203294754028,0.5975918769836426,-0.698203444480896,0.6455203294754028,0.5975918769836426,-0.698203444480896
168,10,0.6269713640213013,0.5834752321243286,-0.7348026037216187,0.6269713640213013,0.5834752321243286,-0.7348026037216187
168,11,0.7118736505508423,0.5657426118850708,-0.47900572419166565,0.7118736505508423,0.5657426118850708,-0.47900572419166565
168,12,0.5433508157730103,0.5366971492767334,-0.7193207144737244,0.5433508157730103,0.5366971492767334,-0.7193207144737244
168,13,0.5693656206130981,0.6111606955528259,-0.395827054977417,0.5693656206130981,0.6111606955528259,-0.395827054977417
168,14,0.495194673538208,0.6472334265708923,-0.7192992568016052,0.495194673538208,0.6472334265708923,-0.7192992568016052
168,15,0.5395423769950867,0.6668791174888611,-0.561675488948822,0.5395423769950867,0.6668791174888611,-0.561675488948822
168,16,0.6774100661277771,0.7022294998168945,-0.6906276345252991,0.6774100661277771,0.7022294998168945,-0.6906276345252991
168,17,0.5510044693946838,0.681571900844574,-0.5896041393280029,0.5510044693946838,0.681571900844574,-0.5896041393280029
168,18,0.7240422368049622,0.7245386838912964,-0.7552050352096558,0.7240422368049622,0.7245386838912964,-0.7552050352096558
168,19,0.5485632419586182,0.6867771148681641,-0.6452088952064514,0.5485632419586182,0.6867771148681641,-0.6452088952064514
168,20,0.7403682470321655,0.711368203163147,-0.745445728302002,0.7403682470321655,0.711368203163147,-0.745445728302002
168,21,0.5356484651565552,0.6795045137405396,-0.5841249823570251,0.5356484651565552,0.6795045137405396,-0.5841249823570251
168,22,0.7211374640464783,0.7006199955940247,-0.691495954990387,0.7211374640464783,0.7006199955940247,-0.691495954990387
168,23,0.4294883608818054,0.5218361616134644,0.11320680379867554,0.4294883608818054,0.5218361616134644,0.11320680379867554
168,24,0.3441196382045746,0.5019412636756897,-0.11325769871473312,0.3441196382045746,0.5019412636756897,-0.11325769871473312
168,25,0.4152236878871918,0.6264190077781677,0.0573531836271286,0.4152236878871918,0.6264190077781677,0.0573531836271286
168,26,0.30103617906570435,0.5903134346008301,-0.2448570430278778,0.30103617906570435,0.5903134346008301,-0.2448570430278778
168,27,0.299148291349411,0.5152819752693176,0.13904309272766113,0.299148291349411,0.5152819752693176,0.13904309272766113
168,28,0.281156450510025,0.5743914246559143,0.19760771095752716,0.281156450510025,0.5743914246559143,0.19760771095752716
168,29,0.30400949716567993,0.49515822529792786,0.1647217720746994,0.30400949716567993,0.49515822529792786,0.1647217720746994
168,30,0.30292561650276184,0.5657303929328918,0.2613513171672821,0.30292561650276184,0.5657303929328918,0.2613513171672821
168,31,0.2139481008052826,0.5116690993309021,0.22922731935977936,0.2139481008052826,0.5116690993309021,0.22922731935977936
168,32,0.21251291036605835,0.5940829515457153,0.4080023467540741,0.21251291036605835,0.5940829515457153,0.4080023467540741
169,0,0.6364398002624512,0.5855380296707153,-0.6104699373245239,0.6364398002624512,0.5855380296707153,-0.6104699373245239
169,1,0.6584211587905884,0.5870229601860046,-0.6279860734939575,0.6584211587905884,0.5870229601860046,-0.6279860734939575
169,2,0.66364985704422,0.5889880657196045,-0.6282241940498352,0.66364985704422,0.5889880657196045,-0.6282241940498352
169,3,0.6673802137374878,0.589545488357544,-0.6285473704338074,0.6673802137374878,0.589545488357544,-0.6285473704338074
169,4,0.6489737629890442,0.5731964707374573,-0.6520993709564209,0.6489737629890442,0.5731964707374573,-0.6520993709564209
169,5,0.6430237889289856,0.5677076578140259,-0.6523427367210388,0.6430237889289856,0.5677076578140259,-0.6523427367210388
169,6,0.6401731967926025,0.563312828540802,-0.6524195075035095,0.6401731967926025,0.563312828540802,-0.6524195075035095
169,7,0.673574686050415,0.5788135528564453,-0.5418643355369568,0.673574686050415,0.5788135528564453,-0.5418643355369568
169,8,0.6389775276184082,0.5462565422058105,-0.6487937569618225,0.6389775276184082,0.5462565422058105,-0.6487937569618225
169,9,0.6262133121490479,0.5872337222099304,-0.5580532550811768,0.6262133121490479,0.5872337222099304,-0.5580532550811768
169,10,0.612389862537384,0.5778445601463318,-0.5890837907791138,0.612389862537384,0.5778445601463318,-0.5890837907791138
169,11,0.6855868101119995,0.5879082679748535,-0.3637220859527588,0.6855868101119995,0.5879082679748535,-0.3637220859527588
169,12,0.5410367250442505,0.5158716440200806,-0.5361211895942688,0.5410367250442505,0.5158716440200806,-0.5361211895942688
169,13,0.5886099934577942,0.6418300867080688,-0.3070599436759949,0.5886099934577942,0.6418300867080688,-0.3070599436759949
169,14,0.4435076415538788,0.5537003874778748,-0.3762893080711365,0.4435076415538788,0.5537003874778748,-0.3762893080711365
169,15,0.6599536538124084,0.7056358456611633,-0.4749754071235657,0.6599536538124084,0.7056358456611633,-0.4749754071235657
169,16,0.6036099791526794,0.5543432235717773,-0.19263459742069244,0.6036099791526794,0.5543432235717773,-0.19263459742069244
169,17,0.685915470123291,0.7230798602104187,-0.4950323700904846,0.685915470123291,0.7230798602104187,-0.4950323700904846
169,18,0.6479542851448059,0.5577603578567505,-0.18506620824337006,0.6479542851448059,0.5577603578567505,-0.18506620824337006
169,19,0.6400814056396484,0.723811149597168,-0.5329198241233826,0.6400814056396484,0.723811149597168,-0.5329198241233826
169,20,0.6739539504051208,0.5400606393814087,-0.2057066112756729,0.6739539504051208,0.5400606393814087,-0.2057066112756729
169,21,0.6237647533416748,0.712242603302002,-0.49191814661026,0.6237647533416748,0.712242603302002,-0.49191814661026
169,22,0.6565245985984802,0.5421147346496582,-0.19752085208892822,0.6565245985984802,0.5421147346496582,-0.19752085208892822
169,23,0.3996869921684265,0.5307344198226929,0.10532007366418839,0.3996869921684265,0.5307344198226929,0.10532007366418839
169,24,0.342426061630249,0.49305492639541626,-0.10520997643470764,0.342426061630249,0.49305492639541626,-0.10520997643470764
169,25,0.3770884871482849,0.6513018608093262,0.011768661439418793,0.3770884871482849,0.6513018608093262,0.011768661439418793
169,26,0.407733291387558,0.6009501218795776,-0.30425387620925903,0.407733291387558,0.6009501218795776,-0.30425387620925903
169,27,0.31202995777130127,0.5138105154037476,0.07937350124120712,0.31202995777130127,0.5138105154037476,0.07937350124120712
169,28,0.31981199979782104,0.5899993181228638,0.10016933083534241,0.31981199979782104,0.5899993181228638,0.10016933083534241
169,29,0.3437613844871521,0.4973495304584503,0.100530706346035,0.3437613844871521,0.4973495304584503,0.100530706346035
169,30,0.32066136598587036,0.580928385257721,0.15595293045043945,0.32066136598587036,0.580928385257721,0.15595293045043945
169,31,0.25362011790275574,0.4877832233905792,0.13315600156784058,0.25362011790275574,0.4877832233905792,0.13315600156784058
169,32,0.27067649364471436,0.622989296913147,0.2599087953567505,0.27067649364471436,0.622989296913147,0.2599087953567505
170,0,0.6296387910842896,0.5810386538505554,-0.6088107824325562,0.6296387910842896,0.5810386538505554,-0.6088107824325562
170,1,0.6572307348251343,0.5849154591560364,-0.6242955327033997,0.6572307348251343,0.5849154591560364,-0.6242955327033997
170,2,0.6601398587226868,0.5856835842132568,-0.6244620680809021,0.6601398587226868,0.5856835842132568,-0.6244620680809021
170,3,0.6631666421890259,0.5920095443725586,-0.6247179508209229,0.6631666421890259,0.5920095443725586,-0.6247179508209229
170,4,0.6470245122909546,0.5782159566879272,-0.6448547840118408,0.6470245122909546,0.5782159566879272,-0.6448547840118408
170,5,0.6426892876625061,0.5682201385498047,-0.6451597809791565,0.6426892876625061,0.5682201385498047,-0.6451597809791565
170,6,0.6399798393249512,0.5647337436676025,-0.6453952193260193,0.6399798393249512,0.5647337436676025,-0.6453952193260193
170,7,0.6720951795578003,0.5784167647361755,-0.5377597808837891,0.6720951795578003,0.5784167647361755,-0.5377597808837891
170,8,0.6360926628112793,0.547666609287262,-0.6305631995201111,0.6360926628112793,0.547666609287262,-0.6305631995201111
170,9,0.6199155449867249,0.589321494102478,-0.5580599308013916,0.6199155449867249,0.589321494102478,-0.5580599308013916
170,10,0.6092877388000488,0.5762630701065063,-0.5848121047019958,0.6092877388000488,0.5762630701065063,-0.5848121047019958
170,11,0.6465272903442383,0.5765724778175354,-0.3695591986179352,0.6465272903442383,0.5765724778175354,-0.3695591986179352
170,12,0.5441882610321045,0.5262550711631775,-0.4844321608543396,0.5441882610321045,0.5262550711631775,-0.4844321608543396
170,13,0.5542745590209961,0.6085100173950195,-0.30926376581192017,0.5542745590209961,0.6085100173950195,-0.30926376581192017
170,14,0.4624979496002197,0.5244290232658386,-0.24841684103012085,0.4624979496002197,0.5244290232658386,-0.24841684103012085
170,15,0.5413022041320801,0.6404916644096375,-0.4634368121623993,0.5413022041320801,0.6404916644096375,-0.4634368121623993
170,16,0.5261948704719543,0.48674100637435913,-0.002042712876573205,0.5261948704719543,0.48674100637435913,-0.002042712876573205
170,17,0.5560630559921265,0.6534860134124756,-0.4800449311733246,0.5560630559921265,0.6534860134124756,-0.4800449311733246
170,18,0.5561085343360901,0.45816946029663086,0.02493923157453537,0.5561085343360901,0.45816946029663086,0.02493923157453537
170,19,0.5573428273200989,0.6491175889968872,-0.5065173506736755,0.5573428273200989,0.6491175889968872,-0.5065173506736755
170,20,0.5705065727233887,0.45127394795417786,-0.012984199449419975,0.5705065727233887,0.45127394795417786,-0.012984199449419975
170,21,0.5454995036125183,0.6411666870117188,-0.4741639494895935,0.5454995036125183,0.6411666870117188,-0.4741639494895935
170,22,0.5612068176269531,0.4542834758758545,-0.011491660960018635,0.5612068176269531,0.4542834758758545,-0.011491660960018635
170,23,0.39384734630584717,0.5304629802703857,0.08721532672643661,0.39384734630584717,0.5304629802703857,0.08721532672643661
170,24,0.3279845714569092,0.49873897433280945,-0.08745630830526352,0.3279845714569092,0.49873897433280945,-0.08745630830526352
170,25,0.3967597186565399,0.633305013179779,0.1196124479174614,0.3967597186565399,0.633305013179779,0.1196124479174614
170,26,0.35427820682525635,0.5844622254371643,-0.256557434797287,0.35427820682525635,0.5844622254371643,-0.256557434797287
170,27,0.28815776109695435,0.5183969736099243,0.0794481709599495,0.28815776109695435,0.5183969736099243,0.0794481709599495
170,28,0.2856293320655823,0.581517219543457,0.10949790477752686,0.2856293320655823,0.581517219543457,0.10949790477752686
170,29,0.2893052399158478,0.49927735328674316,0.08743393421173096,0.2893052399158478,0.49927735328674316,0.08743393421173096
170,30,0.288515567779541,0.5751413702964783,0.16187971830368042,0.288515567779541,0.5751413702964783,0.16187971830368042
170,31,0.22816352546215057,0.5073392391204834,0.1320830136537552,0.22816352546215057,0.5073392391204834,0.1320830136537552
170,32,0.24442826211452484,0.6141408085823059,0.27832305431365967,0.24442826211452484,0.6141408085823059,0.27832305431365967
171,0,0.615753710269928,0.5500884652137756,-0.3381974995136261,0.615753710269928,0.5500884652137756,-0.3381974995136261
171,1,0.6415239572525024,0.5514858961105347,-0.3852198123931885,0.6415239572525024,0.5514858961105347,-0.3852198123931885
171,2,0.6447691917419434,0.5516343712806702,-0.38529372215270996,0.6447691917419434,0.5516343712806702,-0.38529372215270996
171,3,0.6484177112579346,0.5518132448196411,-0.3855166435241699,0.6484177112579346,0.5518132448196411,-0.3855166435241699
171,4,0.6353252530097961,0.5405397415161133,-0.37998729944229126,0.6353252530097961,0.5405397415161133,-0.37998729944229126
171,5,0.6349979639053345,0.5395658016204834,-0.3802713453769684,0.6349979639053345,0.5395658016204834,-0.3802713453769684
171,6,0.6352449655532837,0.5388309359550476,-0.38050997257232666,0.6352449655532837,0.5388309359550476,-0.38050997257232666
171,7,0.6582002639770508,0.5529550313949585,-0.4366152286529541,0.6582002639770508,0.5529550313949585,-0.4366152286529541
171,8,0.6375556588172913,0.5394243001937866,-0.4090511202812195,0.6375556588172913,0.5394243001937866,-0.4090511202812195
171,9,0.6021699905395508,0.5507218837738037,-0.3376990556716919,0.6021699905395508,0.5507218837738037,-0.3376990556716919
171,10,0.5975496768951416,0.5495450496673584,-0.3294689953327179,0.5975496768951416,0.5495450496673584,-0.3294689953327179
171,11,0.6312339901924133,0.5844417214393616,-0.349087655544281,0.6312339901924133,0.5844417214393616,-0.349087655544281
171,12,0.5816158056259155,0.5217156410217285,-0.34962379932403564,0.5816158056259155,0.5217156410217285,-0.34962379932403564
171,13,0.5360721349716187,0.6357292532920837,-0.47158920764923096,0.5360721349716187,0.6357292532920837,-0.47158920764923096
171,14,0.47857022285461426,0.5017716884613037,-0.06142984330654144,0.47857022285461426,0.5017716884613037,-0.06142984330654144
171,15,0.5467424392700195,0.6741394996643066,-0.7712334990501404,0.5467424392700195,0.6741394996643066,-0.7712334990501404
171,16,0.5516120791435242,0.45393019914627075,0.25484833121299744,0.5516120791435242,0.45393019914627075,0.25484833121299744
171,17,0.560394823551178,0.691263735294342,-0.8063467144966125,0.560394823551178,0.691263735294342,-0.8063467144966125
171,18,0.5589447021484375,0.43985655903816223,0.3053777813911438,0.5589447021484375,0.43985655903816223,0.3053777813911438
171,19,0.5631533265113831,0.6867202520370483,-0.8268210887908936,0.5631533265113831,0.6867202520370483,-0.8268210887908936
171,20,0.5633523464202881,0.44343405961990356,0.2592548429965973,0.5633523464202881,0.44343405961990356,0.2592548429965973
171,21,0.5535171031951904,0.6756863594055176,-0.78463214635849,0.5535171031951904,0.6756863594055176,-0.78463214635849
171,22,0.5596029758453369,0.45024800300598145,0.24520020186901093,0.5596029758453369,0.45024800300598145,0.24520020186901093
171,23,0.35901835560798645,0.5395815372467041,0.03831230849027634,0.35901835560798645,0.5395815372467041,0.03831230849027634
171,24,0.33070915937423706,0.5088673830032349,-0.038676667958498,0.33070915937423706,0.5088673830032349,-0.038676667958498
171,25,0.35421741008758545,0.6313489079475403,-0.08541295677423477,0.35421741008758545,0.6313489079475403,-0.08541295677423477
171,26,0.39308205246925354,0.5669403076171875,-0.20483450591564178,0.39308205246925354,0.5669403076171875,-0.20483450591564178
171,27,0.2896249294281006,0.5046433210372925,-0.19484475255012512,0.2896249294281006,0.5046433210372925,-0.19484475255012512
171,28,0.33506250381469727,0.5798038840293884,-0.06657279282808304,0.33506250381469727,0.5798038840293884,-0.06657279282808304
171,29,0.3012825846672058,0.4904015064239502,-0.19013048708438873,0.3012825846672058,0.4904015064239502,-0.19013048708438873
171,30,0.3336845636367798,0.5771151781082153,-0.03849577531218529,0.3336845636367798,0.5771151781082153,-0.03849577531218529
171,31,0.2496183216571808,0.4732471704483032,-0.20275603234767914,0.2496183216571808,0.4732471704483032,-0.20275603234767914
171,32,0.3133893311023712,0.6145747303962708,-0.007007133681327105,0.3133893311023712,0.6145747303962708,-0.007007133681327105
172,0,0.6105414628982544,0.5478923916816711,-0.49608585238456726,0.6105414628982544,0.5478923916816711,-0.49608585238456726
172,1,0.6283236742019653,0.5420074462890625,-0.5274088382720947,0.6283236742019653,0.5420074462890625,-0.5274088382720947
172,2,0.6328765153884888,0.5451239347457886,-0.5274835228919983,0.6328765153884888,0.5451239347457886,-0.5274835228919983
172,3,0.6372721195220947,0.5482442378997803,-0.5276804566383362,0.6372721195220947,0.5482442378997803,-0.5276804566383362
172,4,0.6272135972976685,0.5354889631271362,-0.5307219624519348,0.6272135972976685,0.5354889631271362,-0.5307219624519348
172,5,0.626613199710846,0.5338831543922424,-0.5308988094329834,0.626613199710846,0.5338831543922424,-0.5308988094329834
172,6,0.6237719655036926,0.5243747234344482,-0.5310502052307129,0.6237719655036926,0.5243747234344482,-0.5310502052307129
172,7,0.6574037075042725,0.5530611872673035,-0.49007803201675415,0.6574037075042725,0.5530611872673035,-0.49007803201675415
172,8,0.6283009052276611,0.5222445726394653,-0.5036500096321106,0.6283009052276611,0.5222445726394653,-0.5036500096321106
172,9,0.6043716669082642,0.5510009527206421,-0.4613547623157501,0.6043716669082642,0.5510009527206421,-0.4613547623157501
172,10,0.5976091027259827,0.539830207824707,-0.46557074785232544,0.5976091027259827,0.539830207824707,-0.46557074785232544
172,11,0.6413462162017822,0.5836470127105713,-0.3496254086494446,0.6413462162017822,0.5836470127105713,-0.3496254086494446
172,12,0.5785115957260132,0.5150381326675415,-0.36470338702201843,0.5785115957260132,0.5150381326675415,-0.36470338702201843
172,13,0.515663743019104,0.6298478245735168,-0.2899009883403778,0.515663743019104,0.6298478245735168,-0.2899009883403778
172,14,0.4670522212982178,0.5212174654006958,-0.054508354514837265,0.4670522212982178,0.5212174654006958,-0.054508354514837265
172,15,0.44908395409584045,0.6251956224441528,-0.45068359375,0.44908395409584045,0.6251956224441528,-0.45068359375
172,16,0.5090886354446411,0.4813968539237976,0.17282724380493164,0.5090886354446411,0.4813968539237976,0.17282724380493164
172,17,0.44193047285079956,0.6326650381088257,-0.46655261516571045,0.44193047285079956,0.6326650381088257,-0.46655261516571045
172,18,0.5432530641555786,0.4476955533027649,0.21308888494968414,0.5432530641555786,0.4476955533027649,0.21308888494968414
172,19,0.4458481967449188,0.6262649893760681,-0.5017241835594177,0.4458481967449188,0.6262649893760681,-0.5017241835594177
172,20,0.5506626963615417,0.44896814227104187,0.1568467915058136,0.5506626963615417,0.44896814227104187,0.1568467915058136
172,21,0.4448309540748596,0.6185634136199951,-0.46099337935447693,0.4448309540748596,0.6185634136199951,-0.46099337935447693
172,22,0.5470682382583618,0.45250603556632996,0.15991440415382385,0.5470682382583618,0.45250603556632996,0.15991440415382385
172,23,0.36789950728416443,0.5530924797058105,0.03160593658685684,0.36789950728416443,0.5530924797058105,0.03160593658685684
172,24,0.33939120173454285,0.5102903246879578,-0.0317087396979332,0.33939120173454285,0.5102903246879578,-0.0317087396979332
172,25,0.32398638129234314,0.6469378471374512,-0.2443261742591858,0.32398638129234314,0.6469378471374512,-0.2443261742591858
172,26,0.33579227328300476,0.5401844382286072,-0.6024745106697083,0.33579227328300476,0.5401844382286072,-0.6024745106697083
172,27,0.26662248373031616,0.5288596153259277,-0.07766375690698624,0.26662248373031616,0.5288596153259277,-0.07766375690698624
172,28,0.3281554579734802,0.5879435539245605,-0.2881559729576111,0.3281554579734802,0.5879435539245605,-0.2881559729576111
172,29,0.2792130708694458,0.5140826106071472,-0.04676491394639015,0.2792130708694458,0.5140826106071472,-0.04676491394639015
172,30,0.3382278084754944,0.5902818441390991,-0.239573672413826,0.3382278084754944,0.5902818441390991,-0.239573672413826
172,31,0.222666397690773,0.50302654504776,-0.028826385736465454,0.222666397690773,0.50302654504776,-0.028826385736465454
172,32,0.31550684571266174,0.6319677829742432,-0.1992247849702835,0.31550684571266174,0.6319677829742432,-0.1992247849702835
173,0,0.6382923722267151,0.5612220764160156,-0.5903677940368652,0.6382923722267151,0.5612220764160156,-0.5903677940368652
173,1,0.6515001058578491,0.5421788692474365,-0.6039423942565918,0.6515001058578491,0.5421788692474365,-0.6039423942565918
173,2,0.6593155860900879,0.5430142283439636,-0.6041668057441711,0.6593155860900879,0.5430142283439636,-0.6041668057441711
173,3,0.6634242534637451,0.541894257068634,-0.6044604182243347,0.6634242534637451,0.541894257068634,-0.6044604182243347
173,4,0.6422916650772095,0.5407474040985107,-0.6220163106918335,0.6422916650772095,0.5407474040985107,-0.6220163106918335
173,5,0.6363034248352051,0.5378140211105347,-0.6223704814910889,0.6363034248352051,0.5378140211105347,-0.6223704814910889
173,6,0.6336865425109863,0.5361741185188293,-0.6225011944770813,0.6336865425109863,0.5361741185188293,-0.6225011944770813
173,7,0.6658535003662109,0.5358242988586426,-0.5324586629867554,0.6658535003662109,0.5358242988586426,-0.5324586629867554
173,8,0.6276389360427856,0.5247299671173096,-0.6114218831062317,0.6276389360427856,0.5247299671173096,-0.6114218831062317
173,9,0.6251564025878906,0.564660370349884,-0.5477980971336365,0.6251564025878906,0.564660370349884,-0.5477980971336365
173,10,0.6156314611434937,0.5625287890434265,-0.5699225068092346,0.6156314611434937,0.5625287890434265,-0.5699225068092346
173,11,0.640849232673645,0.5666128993034363,-0.3673453629016876,0.640849232673645,0.5666128993034363,-0.3673453629016876
173,12,0.5155843496322632,0.5327106714248657,-0.5165870785713196,0.5155843496322632,0.5327106714248657,-0.5165870785713196
173,13,0.5541629195213318,0.6207841634750366,-0.37626391649246216,0.5541629195213318,0.6207841634750366,-0.37626391649246216
173,14,0.40612536668777466,0.544989287853241,-0.28281810879707336,0.40612536668777466,0.544989287853241,-0.28281810879707336
173,15,0.5463578701019287,0.6891264319419861,-0.6389122605323792,0.5463578701019287,0.6891264319419861,-0.6389122605323792
173,16,0.4992155134677887,0.5150943398475647,-0.02678822912275791,0.4992155134677887,0.5150943398475647,-0.02678822912275791
173,17,0.5699082612991333,0.7113771438598633,-0.6688538789749146,0.5699082612991333,0.7113771438598633,-0.6688538789749146
173,18,0.5316983461380005,0.5079662799835205,-0.011673644185066223,0.5316983461380005,0.5079662799835205,-0.011673644185066223
173,19,0.5616753101348877,0.7118512988090515,-0.7278760671615601,0.5616753101348877,0.7118512988090515,-0.7278760671615601
173,20,0.5499871373176575,0.49577397108078003,-0.04752738028764725,0.5499871373176575,0.49577397108078003,-0.04752738028764725
173,21,0.5460231900215149,0.7007371783256531,-0.6679710149765015,0.5460231900215149,0.7007371783256531,-0.6679710149765015
173,22,0.5363636612892151,0.4999590516090393,-0.036354128271341324,0.5363636612892151,0.4999590516090393,-0.036354128271341324
173,23,0.36026686429977417,0.5293244123458862,0.06731793284416199,0.36026686429977417,0.5293244123458862,0.06731793284416199
173,24,0.3070223331451416,0.5187304019927979,-0.06780881434679031,0.3070223331451416,0.5187304019927979,-0.06780881434679031
173,25,0.3594203293323517,0.6073871850967407,0.05950320512056351,0.3594203293323517,0.6073871850967407,0.05950320512056351
173,26,0.37375539541244507,0.5881814956665039,-0.3009588420391083,0.37375539541244507,0.5881814956665039,-0.3009588420391083
173,27,0.26020386815071106,0.5111081600189209,-0.0606205090880394,0.26020386815071106,0.5111081600189209,-0.0606205090880394
173,28,0.33640432357788086,0.5891746878623962,-0.2531706988811493,0.33640432357788086,0.5891746878623962,-0.2531706988811493
173,29,0.26589104533195496,0.5002518892288208,-0.0606333427131176,0.26589104533195496,0.5002518892288208,-0.0606333427131176
173,30,0.3379332721233368,0.583901584148407,-0.23588383197784424,0.3379332721233368,0.583901584148407,-0.23588383197784424
173,31,0.20952965319156647,0.49299609661102295,-0.08537387102842331,0.20952965319156647,0.49299609661102295,-0.08537387102842331
173,32,0.3254293203353882,0.6181063055992126,-0.2182091325521469,0.3254293203353882,0.6181063055992126,-0.2182091325521469
174,0,0.6455811858177185,0.553619384765625,-0.606859564781189,0.6455811858177185,0.553619384765625,-0.606859564781189
174,1,0.6676841378211975,0.5357149243354797,-0.6086819767951965,0.6676841378211975,0.5357149243354797,-0.6086819767951965
174,2,0.6705633401870728,0.5337194800376892,-0.6089872717857361,0.6705633401870728,0.5337194800376892,-0.6089872717857361
174,3,0.677832841873169,0.5327962040901184,-0.6093385219573975,0.677832841873169,0.5327962040901184,-0.6093385219573975
174,4,0.660226583480835,0.5370223522186279,-0.6406050324440002,0.660226583480835,0.5370223522186279,-0.6406050324440002
174,5,0.6543025970458984,0.5346881151199341,-0.6408708691596985,0.6543025970458984,0.5346881151199341,-0.6408708691596985
174,6,0.65104079246521,0.5330364108085632,-0.6409566402435303,0.65104079246521,0.5330364108085632,-0.6409566402435303
174,7,0.6753209233283997,0.5236373543739319,-0.4949217736721039,0.6753209233283997,0.5236373543739319,-0.4949217736721039
174,8,0.631650447845459,0.5214553475379944,-0.6386316418647766,0.631650447845459,0.5214553475379944,-0.6386316418647766
174,9,0.6274242401123047,0.5566636323928833,-0.549441397190094,0.6274242401123047,0.5566636323928833,-0.549441397190094
174,10,0.6185134649276733,0.5555875301361084,-0.5905254483222961,0.6185134649276733,0.5555875301361084,-0.5905254483222961
174,11,0.6343090534210205,0.5262807607650757,-0.33298221230506897,0.6343090534210205,0.5262807607650757,-0.33298221230506897
174,12,0.5084603428840637,0.5210790038108826,-0.6085865497589111,0.5084603428840637,0.5210790038108826,-0.6085865497589111
174,13,0.5692397356033325,0.5695517659187317,-0.33417990803718567,0.5692397356033325,0.5695517659187317,-0.33417990803718567
174,14,0.4344555139541626,0.5797224044799805,-0.6987282037734985,0.4344555139541626,0.5797224044799805,-0.6987282037734985
174,15,0.5776571035385132,0.6362159252166748,-0.5407228469848633,0.5776571035385132,0.6362159252166748,-0.5407228469848633
174,16,0.5585446357727051,0.5946776866912842,-0.7424078583717346,0.5585446357727051,0.5946776866912842,-0.7424078583717346
174,17,0.607641875743866,0.6525369882583618,-0.5732482671737671,0.607641875743866,0.6525369882583618,-0.5732482671737671
174,18,0.6008962988853455,0.6005194783210754,-0.8015691637992859,0.6008962988853455,0.6005194783210754,-0.8015691637992859
174,19,0.6019850969314575,0.657688319683075,-0.6312663555145264,0.6019850969314575,0.657688319683075,-0.6312663555145264
174,20,0.6234054565429688,0.5844626426696777,-0.8020027875900269,0.6234054565429688,0.5844626426696777,-0.8020027875900269
174,21,0.5814719200134277,0.6519336700439453,-0.5684223175048828,0.5814719200134277,0.6519336700439453,-0.5684223175048828
174,22,0.6037793159484863,0.5840086936950684,-0.7489334940910339,0.6037793159484863,0.5840086936950684,-0.7489334940910339
174,23,0.34632784128189087,0.5108405351638794,0.12702186405658722,0.34632784128189087,0.5108405351638794,0.12702186405658722
174,24,0.28698864579200745,0.5027745962142944,-0.1274971067905426,0.28698864579200745,0.5027745962142944,-0.1274971067905426
174,25,0.3156192898750305,0.6103023886680603,0.0974421501159668,0.3156192898750305,0.6103023886680603,0.0974421501159668
174,26,0.3429754972457886,0.584040641784668,-0.35673290491104126,0.3429754972457886,0.584040641784668,-0.35673290491104126
174,27,0.226029172539711,0.5331834554672241,0.0568099319934845,0.226029172539711,0.5331834554672241,0.0568099319934845
174,28,0.30994078516960144,0.5779628753662109,-0.04771332070231438,0.30994078516960144,0.5779628753662109,-0.04771332070231438
174,29,0.23102445900440216,0.5117101073265076,0.06481187045574188,0.23102445900440216,0.5117101073265076,0.06481187045574188
174,30,0.31363895535469055,0.5709441304206848,-0.0013515099417418242,0.31363895535469055,0.5709441304206848,-0.0013515099417418242
174,31,0.1803463250398636,0.5187717080116272,0.0725669339299202,0.1803463250398636,0.5187717080116272,0.0725669339299202
174,32,0.2988983988761902,0.6021807193756104,0.09856343269348145,0.2988983988761902,0.6021807193756104,0.09856343269348145
175,0,0.633008599281311,0.5289516448974609,-0.886935830116272,0.633008599281311,0.5289516448974609,-0.886935830116272
175,1,0.6640920639038086,0.5204254388809204,-0.8980847001075745,0.6640920639038086,0.5204254388809204,-0.8980847001075745
175,2,0.6709437966346741,0.5211464762687683,-0.8980975151062012,0.6709437966346741,0.5211464762687683,-0.8980975151062012
175,3,0.6756075620651245,0.5288950204849243,-0.8982705473899841,0.6756075620651245,0.5288950204849243,-0.8982705473899841
175,4,0.6522817611694336,0.5093889832496643,-0.903557300567627,0.6522817611694336,0.5093889832496643,-0.903557300567627
175,5,0.647880494594574,0.5021066665649414,-0.9037694334983826,0.647880494594574,0.5021066665649414,-0.9037694334983826
175,6,0.6435461044311523,0.49817243218421936,-0.9039030075073242,0.6435461044311523,0.49817243218421936,-0.9039030075073242
175,7,0.6899528503417969,0.5234148502349854,-0.7557436227798462,0.6899528503417969,0.5234148502349854,-0.7557436227798462
175,8,0.6196866035461426,0.4978223741054535,-0.7802169322967529,0.6196866035461426,0.4978223741054535,-0.7802169322967529
175,9,0.6250649690628052,0.5341172218322754,-0.8126253485679626,0.6250649690628052,0.5341172218322754,-0.8126253485679626
175,10,0.6115494966506958,0.5228913426399231,-0.8207281231880188,0.6115494966506958,0.5228913426399231,-0.8207281231880188
175,11,0.6492596864700317,0.5341829061508179,-0.5501828789710999,0.6492596864700317,0.5341829061508179,-0.5501828789710999
175,12,0.5333441495895386,0.49800825119018555,-0.6223199963569641,0.5333441495895386,0.49800825119018555,-0.6223199963569641
175,13,0.511224627494812,0.5650622248649597,-0.42957812547683716,0.511224627494812,0.5650622248649597,-0.42957812547683716
175,14,0.4778139293193817,0.5791584849357605,-0.6132823824882507,0.4778139293193817,0.5791584849357605,-0.6132823824882507
175,15,0.45023444294929504,0.5225828886032104,-0.4202367663383484,0.45023444294929504,0.5225828886032104,-0.4202367663383484
175,16,0.5948016047477722,0.6380255222320557,-0.612317681312561,0.5948016047477722,0.6380255222320557,-0.612317681312561
175,17,0.4364406168460846,0.5110965371131897,-0.39695119857788086,0.4364406168460846,0.5110965371131897,-0.39695119857788086
175,18,0.6253981590270996,0.658955454826355,-0.6397385001182556,0.6253981590270996,0.658955454826355,-0.6397385001182556
175,19,0.4457278847694397,0.5083742737770081,-0.4152240753173828,0.4457278847694397,0.5083742737770081,-0.4152240753173828
175,20,0.6495893597602844,0.6430689096450806,-0.6315688490867615,0.6495893597602844,0.6430689096450806,-0.6315688490867615
175,21,0.44695815443992615,0.5125206708908081,-0.4128192663192749,0.44695815443992615,0.5125206708908081,-0.4128192663192749
175,22,0.6368044018745422,0.6371937990188599,-0.6064841151237488,0.6368044018745422,0.6371937990188599,-0.6064841151237488
175,23,0.4180866479873657,0.5447853207588196,0.02495042234659195,0.4180866479873657,0.5447853207588196,0.02495042234659195
175,24,0.31271493434906006,0.5046945810317993,-0.025211630389094353,0.31271493434906006,0.5046945810317993,-0.025211630389094353
175,25,0.5471241474151611,0.6416853666305542,-0.2862112820148468,0.5471241474151611,0.6416853666305542,-0.2862112820148468
175,26,0.07077109813690186,0.5075177550315857,-0.5613381862640381,0.07077109813690186,0.5075177550315857,-0.5613381862640381
175,27,0.6004362106323242,0.6490178108215332,-0.4707600474357605,0.6004362106323242,0.6490178108215332,-0.4707600474357605
175,28,0.26154088973999023,0.5563583970069885,-0.09200946986675262,0.26154088973999023,0.5563583970069885,-0.09200946986675262
175,29,0.5936315059661865,0.6521748304367065,-0.4741373360157013,0.5936315059661865,0.6521748304367065,-0.4741373360157013
175,30,0.30474117398262024,0.5610695481300354,-0.023761579766869545,0.30474117398262024,0.5610695481300354,-0.023761579766869545
175,31,0.6611211895942688,0.6493121385574341,-0.47685495018959045,0.6611211895942688,0.6493121385574341,-0.47685495018959045
175,32,0.27734124660491943,0.5747227072715759,0.10264234244823456,0.27734124660491943,0.5747227072715759,0.10264234244823456
176,0,0.6610419750213623,0.5378356575965881,-0.967271625995636,0.6610419750213623,0.5378356575965881,-0.967271625995636
176,1,0.6929519772529602,0.5207905173301697,-0.9653439521789551,0.6929519772529602,0.5207905173301697,-0.9653439521789551
176,2,0.6971262097358704,0.5205397009849548,-0.9655055403709412,0.6971262097358704,0.5205397009849548,-0.9655055403709412
176,3,0.7001678943634033,0.5241097807884216,-0.9658816456794739,0.7001678943634033,0.5241097807884216,-0.9658816456794739
176,4,0.6809262037277222,0.5168182849884033,-1.002450942993164,0.6809262037277222,0.5168182849884033,-1.002450942993164
176,5,0.6770660877227783,0.5088497400283813,-1.0026650428771973,0.6770660877227783,0.5088497400283813,-1.0026650428771973
176,6,0.6514620780944824,0.5166260004043579,-1.0027704238891602,0.6514620780944824,0.5166260004043579,-1.0027704238891602
176,7,0.7027403116226196,0.5121012330055237,-0.7960302233695984,0.7027403116226196,0.5121012330055237,-0.7960302233695984
176,8,0.6610804796218872,0.4888901710510254,-0.9604263305664062,0.6610804796218872,0.4888901710510254,-0.9604263305664062
176,9,0.6513175964355469,0.5397721529006958,-0.8860559463500977,0.6513175964355469,0.5397721529006958,-0.8860559463500977
176,10,0.6375457048416138,0.5318968296051025,-0.9356235265731812,0.6375457048416138,0.5318968296051025,-0.9356235265731812
176,11,0.6776837706565857,0.5229564905166626,-0.5663153529167175,0.6776837706565857,0.5229564905166626,-0.5663153529167175
176,12,0.5286306738853455,0.4860828220844269,-0.8535060882568359,0.5286306738853455,0.4860828220844269,-0.8535060882568359
176,13,0.5713311433792114,0.6038414239883423,-0.42913109064102173,0.5713311433792114,0.6038414239883423,-0.42913109064102173
176,14,0.48724129796028137,0.6200792789459229,-0.9087712168693542,0.48724129796028137,0.6200792789459229,-0.9087712168693542
176,15,0.6009910106658936,0.6578036546707153,-0.5034395456314087,0.6009910106658936,0.6578036546707153,-0.5034395456314087
176,16,0.6649094223976135,0.6995726227760315,-0.9412521123886108,0.6649094223976135,0.6995726227760315,-0.9412521123886108
176,17,0.6253454089164734,0.671576738357544,-0.5008308291435242,0.6253454089164734,0.671576738357544,-0.5008308291435242
176,18,0.7116637229919434,0.7212608456611633,-1.012786865234375,0.7116637229919434,0.7212608456611633,-1.012786865234375
176,19,0.6259329915046692,0.6753919124603271,-0.5772756934165955,0.6259329915046692,0.6753919124603271,-0.5772756934165955
176,20,0.7328131198883057,0.7084133625030518,-0.999879002571106,0.7328131198883057,0.7084133625030518,-0.999879002571106
176,21,0.6107082962989807,0.6693317890167236,-0.5287476778030396,0.6107082962989807,0.6693317890167236,-0.5287476778030396
176,22,0.7166594862937927,0.702933669090271,-0.9373099207878113,0.7166594862937927,0.702933669090271,-0.9373099207878113
176,23,0.4228682219982147,0.5422741174697876,0.04635905846953392,0.4228682219982147,0.5422741174697876,0.04635905846953392
176,24,0.29767897725105286,0.5103318095207214,-0.046329475939273834,0.29767897725105286,0.5103318095207214,-0.046329475939273834
176,25,0.5101817846298218,0.6543961763381958,-0.4084223210811615,0.5101817846298218,0.6543961763381958,-0.4084223210811615
176,26,0.10340958833694458,0.5264610052108765,-0.4904504716396332,0.10340958833694458,0.5264610052108765,-0.4904504716396332
176,27,0.6294180154800415,0.6705611944198608,-0.5705059766769409,0.6294180154800415,0.6705611944198608,-0.5705059766769409
176,28,0.2915695905685425,0.5586127638816833,-0.04169708490371704,0.2915695905685425,0.5586127638816833,-0.04169708490371704
176,29,0.6349493265151978,0.6737354397773743,-0.5685047507286072,0.6349493265151978,0.6737354397773743,-0.5685047507286072
176,30,0.3335270583629608,0.5597306489944458,0.02283405512571335,0.3335270583629608,0.5597306489944458,0.02283405512571335
176,31,0.7113465666770935,0.6695320010185242,-0.5840736031532288,0.7113465666770935,0.6695320010185242,-0.5840736031532288
176,32,0.3258112370967865,0.5717324614524841,0.1252327561378479,0.3258112370967865,0.5717324614524841,0.1252327561378479
177,0,0.6763371825218201,0.5324116349220276,-0.9511198401451111,0.6763371825218201,0.5324116349220276,-0.9511198401451111
177,1,0.7120404839515686,0.5162764191627502,-0.9430501461029053,0.7120404839515686,0.5162764191627502,-0.9430501461029053
177,2,0.7168267965316772,0.5166264772415161,-0.9433008432388306,0.7168267965316772,0.5166264772415161,-0.9433008432388306
177,3,0.7219356894493103,0.5168827176094055,-0.943814218044281,0.7219356894493103,0.5168827176094055,-0.943814218044281
177,4,0.6973870992660522,0.5111438035964966,-0.9730947017669678,0.6973870992660522,0.5111438035964966,-0.9730947017669678
177,5,0.690746545791626,0.5048485994338989,-0.9733535051345825,0.690746545791626,0.5048485994338989,-0.9733535051345825
177,6,0.6839282512664795,0.5007081627845764,-0.9734852910041809,0.6839282512664795,0.5007081627845764,-0.9734852910041809
177,7,0.7218884229660034,0.5071938633918762,-0.7620245814323425,0.7218884229660034,0.5071938633918762,-0.7620245814323425
177,8,0.6463155150413513,0.49744904041290283,-0.894527792930603,0.6463155150413513,0.49744904041290283,-0.894527792930603
177,9,0.662014365196228,0.535998523235321,-0.8667675852775574,0.662014365196228,0.535998523235321,-0.8667675852775574
177,10,0.6483538746833801,0.5268709659576416,-0.9055583477020264,0.6483538746833801,0.5268709659576416,-0.9055583477020264
177,11,0.6962198615074158,0.5098986029624939,-0.5231634974479675,0.6962198615074158,0.5098986029624939,-0.5231634974479675
177,12,0.53546142578125,0.5000733733177185,-0.8102323412895203,0.53546142578125,0.5000733733177185,-0.8102323412895203
177,13,0.5875751376152039,0.5740630626678467,-0.37536585330963135,0.5875751376152039,0.5740630626678467,-0.37536585330963135
177,14,0.5043920278549194,0.6310807466506958,-0.8605374693870544,0.5043920278549194,0.6310807466506958,-0.8605374693870544
177,15,0.5650413036346436,0.6215709447860718,-0.45624443888664246,0.5650413036346436,0.6215709447860718,-0.45624443888664246
177,16,0.6742365956306458,0.7074173092842102,-0.8864462971687317,0.6742365956306458,0.7074173092842102,-0.8864462971687317
177,17,0.5717436075210571,0.6327816247940063,-0.480561226606369,0.5717436075210571,0.6327816247940063,-0.480561226606369
177,18,0.7142155170440674,0.7271792888641357,-0.9743369221687317,0.7142155170440674,0.7271792888641357,-0.9743369221687317
177,19,0.5762510895729065,0.6334384679794312,-0.5455977916717529,0.5762510895729065,0.6334384679794312,-0.5455977916717529
177,20,0.733713686466217,0.717413067817688,-0.964434027671814,0.733713686466217,0.717413067817688,-0.964434027671814
177,21,0.5640615224838257,0.6299516558647156,-0.4800139367580414,0.5640615224838257,0.6299516558647156,-0.4800139367580414
177,22,0.7186312675476074,0.7081895470619202,-0.888274073600769,0.7186312675476074,0.7081895470619202,-0.888274073600769
177,23,0.4496760368347168,0.5178364515304565,0.11130337417125702,0.4496760368347168,0.5178364515304565,0.11130337417125702
177,24,0.32770854234695435,0.5018234252929688,-0.11092314124107361,0.32770854234695435,0.5018234252929688,-0.11092314124107361
177,25,0.504598081111908,0.6211673021316528,-0.018945496529340744,0.504598081111908,0.6211673021316528,-0.018945496529340744
177,26,0.19341489672660828,0.6012157201766968,-0.5531185865402222,0.19341489672660828,0.6012157201766968,-0.5531185865402222
177,27,0.39943116903305054,0.5751504302024841,0.27212971448898315,0.39943116903305054,0.5751504302024841,0.27212971448898315
177,28,0.27268078923225403,0.5389281511306763,0.1945209950208664,0.27268078923225403,0.5389281511306763,0.1945209950208664
177,29,0.38232553005218506,0.5631265640258789,0.31729716062545776,0.38232553005218506,0.5631265640258789,0.31729716062545776
177,30,0.29886943101882935,0.5230103135108948,0.2920565903186798,0.29886943101882935,0.5230103135108948,0.2920565903186798
177,31,0.38006851077079773,0.5966636538505554,0.43620333075523376,0.38006851077079773,0.5966636538505554,0.43620333075523376
177,32,0.2585848569869995,0.5595418810844421,0.5117443203926086,0.2585848569869995,0.5595418810844421,0.5117443203926086
178,0,0.7211567759513855,0.5251584053039551,-0.9341961741447449,0.7211567759513855,0.5251584053039551,-0.9341961741447449
178,1,0.7392565011978149,0.5122873187065125,-0.9185751676559448,0.7392565011978149,0.5122873187065125,-0.9185751676559448
178,2,0.7412066459655762,0.5120632648468018,-0.9186587929725647,0.7412066459655762,0.5120632648468018,-0.9186587929725647
178,3,0.7430839538574219,0.5119738578796387,-0.9189726114273071,0.7430839538574219,0.5119738578796387,-0.9189726114273071
178,4,0.7321052551269531,0.5088622570037842,-0.9573250412940979,0.7321052551269531,0.5088622570037842,-0.9573250412940979
178,5,0.7259325981140137,0.5043137669563293,-0.9576141834259033,0.7259325981140137,0.5043137669563293,-0.9576141834259033
178,6,0.7199940085411072,0.4998372495174408,-0.9578012228012085,0.7199940085411072,0.4998372495174408,-0.9578012228012085
178,7,0.7279092669487,0.5028563737869263,-0.7349740862846375,0.7279092669487,0.5028563737869263,-0.7349740862846375
178,8,0.6932955980300903,0.4834412932395935,-0.9115698337554932,0.6932955980300903,0.4834412932395935,-0.9115698337554932
178,9,0.7019184827804565,0.5287582874298096,-0.8549208045005798,0.7019184827804565,0.5287582874298096,-0.8549208045005798
178,10,0.6839179992675781,0.5240213871002197,-0.9069610238075256,0.6839179992675781,0.5240213871002197,-0.9069610238075256
178,11,0.6683862209320068,0.50969398021698,-0.5154826045036316,0.6683862209320068,0.50969398021698,-0.5154826045036316
178,12,0.5442761182785034,0.5045735836029053,-0.835617184638977,0.5442761182785034,0.5045735836029053,-0.835617184638977
178,13,0.5490185618400574,0.5623271465301514,-0.24498821794986725,0.5490185618400574,0.5623271465301514,-0.24498821794986725
178,14,0.5121231079101562,0.6380211114883423,-0.9161149859428406,0.5121231079101562,0.6380211114883423,-0.9161149859428406
178,15,0.5249727964401245,0.5968543887138367,-0.14971300959587097,0.5249727964401245,0.5968543887138367,-0.14971300959587097
178,16,0.6815581321716309,0.7142561674118042,-0.9920052289962769,0.6815581321716309,0.7142561674118042,-0.9920052289962769
178,17,0.5276578068733215,0.6023125052452087,-0.12671905755996704,0.5276578068733215,0.6023125052452087,-0.12671905755996704
178,18,0.7229677438735962,0.729213535785675,-1.0804227590560913,0.7229677438735962,0.729213535785675,-1.0804227590560913
178,19,0.5318012833595276,0.6037775278091431,-0.19412297010421753,0.5318012833595276,0.6037775278091431,-0.19412297010421753
178,20,0.7439104318618774,0.720349133014679,-1.0641262531280518,0.7439104318618774,0.720349133014679,-1.0641262531280518
178,21,0.5249940156936646,0.603132963180542,-0.16640473902225494,0.5249940156936646,0.603132963180542,-0.16640473902225494
178,22,0.7292879819869995,0.711562991142273,-0.9898490309715271,0.7292879819869995,0.711562991142273,-0.9898490309715271
178,23,0.4499954283237457,0.5421873927116394,0.0658225491642952,0.4499954283237457,0.5421873927116394,0.0658225491642952
178,24,0.3220081925392151,0.516126811504364,-0.06554272770881653,0.3220081925392151,0.516126811504364,-0.06554272770881653
178,25,0.5661120414733887,0.6197997331619263,-0.2321777641773224,0.5661120414733887,0.6197997331619263,-0.2321777641773224
178,26,0.0912623405456543,0.5171822905540466,-0.6057119965553284,0.0912623405456543,0.5171822905540466,-0.6057119965553284
178,27,0.521713137626648,0.6105853319168091,0.02426023967564106,0.521713137626648,0.6105853319168091,0.02426023967564106
178,28,0.2502877116203308,0.5443940162658691,0.05404667556285858,0.2502877116203308,0.5443940162658691,0.05404667556285858
178,29,0.5079381465911865,0.6086341738700867,0.06485015153884888,0.5079381465911865,0.6086341738700867,0.06485015153884888
178,30,0.2863997220993042,0.5425249934196472,0.13876815140247345,0.2863997220993042,0.5425249934196472,0.13876815140247345
178,31,0.5368147492408752,0.6199073791503906,0.12145175039768219,0.5368147492408752,0.6199073791503906,0.12145175039768219
178,32,0.2565753161907196,0.5677570104598999,0.2653806209564209,0.2565753161907196,0.5677570104598999,0.2653806209564209
179,0,0.7295892238616943,0.5238250494003296,-0.8736077547073364,0.7295892238616943,0.5238250494003296,-0.8736077547073364
179,1,0.7512607574462891,0.510854184627533,-0.8549058437347412,0.7512607574462891,0.510854184627533,-0.8549058437347412
179,2,0.7533296346664429,0.5100322365760803,-0.855110228061676,0.7533296346664429,0.5100322365760803,-0.855110228061676
179,3,0.7557878494262695,0.5090638995170593,-0.8554942011833191,0.7557878494262695,0.5090638995170593,-0.8554942011833191
179,4,0.7433713674545288,0.5086200833320618,-0.9078613519668579,0.7433713674545288,0.5086200833320618,-0.9078613519668579
179,5,0.7400209307670593,0.5062863230705261,-0.9081357717514038,0.7400209307670593,0.5062863230705261,-0.9081357717514038
179,6,0.7352822422981262,0.5037803649902344,-0.9082379937171936,0.7352822422981262,0.5037803649902344,-0.9082379937171936
179,7,0.7429622411727905,0.49727967381477356,-0.6686651706695557,0.7429622411727905,0.49727967381477356,-0.6686651706695557
179,8,0.6788938045501709,0.4986666440963745,-0.9102984070777893,0.6788938045501709,0.4986666440963745,-0.9102984070777893
179,9,0.7117272615432739,0.526497483253479,-0.7938898205757141,0.7117272615432739,0.526497483253479,-0.7938898205757141
179,10,0.6964455842971802,0.5248631834983826,-0.8638491630554199,0.6964455842971802,0.5248631834983826,-0.8638491630554199
179,11,0.6922376155853271,0.49553847312927246,-0.4164717197418213,0.6922376155853271,0.49553847312927246,-0.4164717197418213
179,12,0.5468087792396545,0.5114520192146301,-0.8825376033782959,0.5468087792396545,0.5114520192146301,-0.8825376033782959
179,13,0.5930943489074707,0.5460061430931091,-0.23483648896217346,0.5930943489074707,0.5460061430931091,-0.23483648896217346
179,14,0.5100861191749573,0.6246296167373657,-0.9633476734161377,0.5100861191749573,0.6246296167373657,-0.9633476734161377
179,15,0.5978113412857056,0.5942509174346924,-0.28509071469306946,0.5978113412857056,0.5942509174346924,-0.28509071469306946
179,16,0.6764463782310486,0.7061536908149719,-0.9513301849365234,0.6764463782310486,0.7061536908149719,-0.9513301849365234
179,17,0.6085374355316162,0.6043648719787598,-0.284974604845047,0.6085374355316162,0.6043648719787598,-0.284974604845047
179,18,0.7198929190635681,0.7277278304100037,-1.0416675806045532,0.7198929190635681,0.7277278304100037,-1.0416675806045532
179,19,0.6088161468505859,0.6095380783081055,-0.3612094521522522,0.6088161468505859,0.6095380783081055,-0.3612094521522522
179,20,0.740128755569458,0.7190090417861938,-1.0228004455566406,0.740128755569458,0.7190090417861938,-1.0228004455566406
179,21,0.5969650149345398,0.607015073299408,-0.31301993131637573,0.5969650149345398,0.607015073299408,-0.31301993131637573
179,22,0.7263228893280029,0.709872841835022,-0.9486344456672668,0.7263228893280029,0.709872841835022,-0.9486344456672668
179,23,0.43694624304771423,0.5085405111312866,0.1505613625049591,0.43694624304771423,0.5085405111312866,0.1505613625049591
179,24,0.3205651640892029,0.5035771131515503,-0.15041059255599976,0.3205651640892029,0.5035771131515503,-0.15041059255599976
179,25,0.5670132637023926,0.6052376627922058,0.1321413815021515,0.5670132637023926,0.6052376627922058,0.1321413815021515
179,26,0.19653818011283875,0.582110583782196,-0.5685571432113647,0.19653818011283875,0.582110583782196,-0.5685571432113647
179,27,0.5005368590354919,0.6135058403015137,0.15006501972675323,0.5005368590354919,0.6135058403015137,0.15006501972675323
179,28,0.23078034818172455,0.5311095714569092,-0.0448584109544754,0.23078034818172455,0.5311095714569092,-0.0448584109544754
179,29,0.47751951217651367,0.6110324263572693,0.16492731869220734,0.47751951217651367,0.6110324263572693,0.16492731869220734
179,30,0.23831142485141754,0.5131945610046387,0.027438100427389145,0.23831142485141754,0.5131945610046387,0.027438100427389145
179,31,0.5172423720359802,0.6458910703659058,0.24991467595100403,0.5172423720359802,0.6458910703659058,0.24991467595100403
179,32,0.17430076003074646,0.5416153073310852,0.19485892355442047,0.17430076003074646,0.5416153073310852,0.19485892355442047
