frame,keypoint_group,angle_student,angle_master
0,0,144.35414023671228,144.35414023671228
0,1,122.93275873945274,122.93275873945274
0,2,63.001067469371065,63.001067469371065
0,3,58.0614934402925,58.0614934402925
0,4,43.80219916442985,43.80219916442985
0,5,42.48176259031097,42.48176259031097
0,6,119.30781279570523,119.30781279570523
0,7,131.60673567401673,131.60673567401673
0,8,108.8419737227544,108.8419737227544
0,9,128.8186172939711,128.8186172939711
0,10,49.51264695631725,49.51264695631725
0,11,69.6002728017016,69.6002728017016
0,12,61.577427567502795,61.577427567502795
0,13,62.55623381422352,62.55623381422352
0,14,68.90992547617998,68.90992547617998
0,15,47.84349338407486,47.84349338407486
0,16,157.94459911181855,157.94459911181855
0,17,178.89926684265654,178.89926684265654
0,18,48.86313242299871,48.86313242299871
0,19,46.49120032964945,46.49120032964945
0,20,36.43184669684841,36.43184669684841
0,21,77.9907939860534,77.9907939860534
0,22,163.13200840540432,163.13200840540432
0,23,175.30159305389967,175.30159305389967
0,24,127.12735894627596,127.12735894627596
0,25,145.71644483230256,145.71644483230256
0,26,79.35327184096069,79.35327184096069
0,27,91.17932305069188,91.17932305069188
1,0,143.07785883431896,143.07785883431896
1,1,123.67428502560654,123.67428502560654
1,2,66.62220263362995,66.62220263362995
1,3,55.048695992595405,55.048695992595405
1,4,20.93519558600654,20.93519558600654
1,5,92.07543057273243,92.07543057273243
1,6,113.23058055195952,113.23058055195952
1,7,116.58905190997834,116.58905190997834
1,8,107.28287034268848,107.28287034268848
1,9,135.96572960945065,135.96572960945065
1,10,50.598108622083245,50.598108622083245
1,11,53.52712283418903,53.52712283418903
1,12,67.88529638714118,67.88529638714118
1,13,75.70840229932436,75.70840229932436
1,14,61.51659499077559,61.51659499077559
1,15,50.76447486648664,50.76447486648664
1,16,177.0961975508315,177.0961975508315
1,17,71.96218868903011,71.96218868903011
1,18,13.601861622895349,13.601861622895349
1,19,25.541855990539325,25.541855990539325
1,20,7.923719121008771,7.923719121008771
1,21,3.4472962304198655,3.4472962304198655
1,22,163.84597895428277,163.84597895428277
1,23,175.75601501604194,175.75601501604194
1,24,134.16608670693037,134.16608670693037
1,25,147.22506771711272,147.22506771711272
1,26,85.28106177571276,85.28106177571276
1,27,101.5917057098804,101.5917057098804
2,0,145.30297416104918,145.30297416104918
2,1,127.60521490379915,127.60521490379915
2,2,63.16380051661483,63.16380051661483
2,3,54.43899142817591,54.43899142817591
2,4,6.7772582771667995,6.7772582771667995
2,5,43.91317803730277,43.91317803730277
2,6,112.99613449799746,112.99613449799746
2,7,109.46665462355452,109.46665462355452
2,8,109.48083961966384,109.48083961966384
2,9,129.00912481671523,129.00912481671523
2,10,43.47744923297767,43.47744923297767
2,11,67.18532815874399,67.18532815874399
2,12,72.02423826118847,72.02423826118847
2,13,64.16291574607969,64.16291574607969
2,14,64.49831250583387,64.49831250583387
2,15,48.651756095176324,48.651756095176324
2,16,176.69658402578324,176.69658402578324
2,17,126.81197449893712,126.81197449893712
2,18,12.364646368146584,12.364646368146584
2,19,14.024102539939364,14.024102539939364
2,20,13.659135299886033,13.659135299886033
2,21,7.998654955460548,7.998654955460548
2,22,177.97386702517986,177.97386702517986
2,23,171.2118025544647,171.2118025544647
2,24,131.464631205065,131.464631205065
2,25,144.7777095286204,144.7777095286204
2,26,84.21958441319124,84.21958441319124
2,27,95.88212491624971,95.88212491624971
3,0,149.13091554963685,149.13091554963685
3,1,130.62654795212995,130.62654795212995
3,2,63.82975117681514,63.82975117681514
3,3,47.9385111455426,47.9385111455426
3,4,29.9712220570768,29.9712220570768
3,5,139.6123952607787,139.6123952607787
3,6,111.34722834671365,111.34722834671365
3,7,102.25454319338075,102.25454319338075
3,8,112.77968326686539,112.77968326686539
3,9,138.42413817422815,138.42413817422815
3,10,46.20673005042703,46.20673005042703
3,11,55.1384175291417,55.1384175291417
3,12,72.74626137064186,72.74626137064186
3,13,69.1581700691779,69.1581700691779
3,14,61.04700857893111,61.04700857893111
3,15,55.703412401680396,55.703412401680396
3,16,162.47383768953333,162.47383768953333
3,17,29.490158494935947,29.490158494935947
3,18,31.943626206377015,31.943626206377015
3,19,0.677721633887199,0.677721633887199
3,20,20.943432767749176,20.943432767749176
3,21,0.10713190650094907,0.10713190650094907
3,22,179.9024135268316,179.9024135268316
3,23,170.67282018954526,170.67282018954526
3,24,131.70179392329632,131.70179392329632
3,25,140.6495656852301,140.6495656852301
3,26,84.48377211057968,84.48377211057968
3,27,103.76636917987825,103.76636917987825
4,0,147.34970447470266,147.34970447470266
4,1,127.41247475542059,127.41247475542059
4,2,66.35690848458142,66.35690848458142
4,3,44.397299126943565,44.397299126943565
4,4,31.20239537400234,31.20239537400234
4,5,128.2094420205017,128.2094420205017
4,6,111.32561317828173,111.32561317828173
4,7,114.75886099522029,114.75886099522029
4,8,114.98151913471915,114.98151913471915
4,9,135.48515065433625,135.48515065433625
4,10,46.851246219047674,46.851246219047674
4,11,58.74645438192307,58.74645438192307
4,12,68.20243333902538,68.20243333902538
4,13,71.52592307216126,71.52592307216126
4,14,64.94632044192694,64.94632044192694
4,15,49.72762254591561,49.72762254591561
4,16,157.09231306954254,157.09231306954254
4,17,69.27961582237783,69.27961582237783
4,18,36.36533380531034,36.36533380531034
4,19,34.05469440216382,34.05469440216382
4,20,23.103391568283953,23.103391568283953
4,21,3.9076162621054844,3.9076162621054844
4,22,179.35369451569144,179.35369451569144
4,23,169.95021734250693,169.95021734250693
4,24,128.41802271775217,128.41802271775217
4,25,140.17658935138311,140.17658935138311
4,26,81.4224950437739,81.4224950437739
4,27,95.97012613679743,95.97012613679743
5,0,151.95185081427735,151.95185081427735
5,1,118.7967729776617,118.7967729776617
5,2,65.66906564396028,65.66906564396028
5,3,44.89990118860956,44.89990118860956
5,4,45.81209028639704,45.81209028639704
5,5,99.18248074655085,99.18248074655085
5,6,118.3202114150478,118.3202114150478
5,7,129.48391517440376,129.48391517440376
5,8,118.23804949424434,118.23804949424434
5,9,139.39342459821844,139.39342459821844
5,10,42.32196580940016,42.32196580940016
5,11,67.09898574932454,67.09898574932454
5,12,71.1686946966781,71.1686946966781
5,13,71.23064744456289,71.23064744456289
5,14,66.50933949392177,66.50933949392177
5,15,41.670366806112554,41.670366806112554
5,16,147.62913243644292,147.62913243644292
5,17,96.4629213764706,96.4629213764706
5,18,89.7937636377042,89.7937636377042
5,19,43.88617040223661,43.88617040223661
5,20,24.674914364434926,24.674914364434926
5,21,9.675046188077005,9.675046188077005
5,22,157.3871070226507,157.3871070226507
5,23,168.25675228746326,168.25675228746326
5,24,124.3788039769836,124.3788039769836
5,25,139.27611411881685,139.27611411881685
5,26,75.86399247158144,75.86399247158144
5,27,86.88596711312063,86.88596711312063
6,0,158.3241719687995,158.3241719687995
6,1,107.51625797394219,107.51625797394219
6,2,62.619512740102934,62.619512740102934
6,3,43.89413993246237,43.89413993246237
6,4,44.60194038664775,44.60194038664775
6,5,105.26464181350408,105.26464181350408
6,6,116.88271833006412,116.88271833006412
6,7,128.7558865140737,128.7558865140737
6,8,116.81978020469805,116.81978020469805
6,9,142.89527640777777,142.89527640777777
6,10,40.02722759578362,40.02722759578362
6,11,51.18883745237676,51.18883745237676
6,12,68.9133285945229,68.9133285945229
6,13,82.60630570154356,82.60630570154356
6,14,71.0594438096935,71.0594438096935
6,15,46.20485684607968,46.20485684607968
6,16,146.3791148381004,146.3791148381004
6,17,81.72282619671513,81.72282619671513
6,18,93.47832424879141,93.47832424879141
6,19,32.60990577704258,32.60990577704258
6,20,23.47545269524082,23.47545269524082
6,21,7.366554516627848,7.366554516627848
6,22,16.953268056924628,16.953268056924628
6,23,171.8052734480657,171.8052734480657
6,24,122.75800966084164,122.75800966084164
6,25,140.46824303934696,140.46824303934696
6,26,69.28873053248668,69.28873053248668
6,27,71.4332406075217,71.4332406075217
7,0,161.1034408493824,161.1034408493824
7,1,97.78591537345221,97.78591537345221
7,2,62.44259440936366,62.44259440936366
7,3,46.02747310858259,46.02747310858259
7,4,34.09723611126998,34.09723611126998
7,5,102.3331104612012,102.3331104612012
7,6,96.48792348247555,96.48792348247555
7,7,136.3996439268673,136.3996439268673
7,8,116.7824630567215,116.7824630567215
7,9,143.59530118891888,143.59530118891888
7,10,40.7934032241334,40.7934032241334
7,11,42.30876779602712,42.30876779602712
7,12,68.95395773113813,68.95395773113813
7,13,96.82243791597641,96.82243791597641
7,14,70.25263904472847,70.25263904472847
7,15,40.86879428799642,40.86879428799642
7,16,159.0895159621059,159.0895159621059
7,17,69.71761160669206,69.71761160669206
7,18,77.67088205824925,77.67088205824925
7,19,26.950114794144145,26.950114794144145
7,20,35.36212863726777,35.36212863726777
7,21,4.815878102997745,4.815878102997745
7,22,13.438854279868384,13.438854279868384
7,23,172.8534900342166,172.8534900342166
7,24,121.75046897344805,121.75046897344805
7,25,135.43189649389248,135.43189649389248
7,26,68.40787044248765,68.40787044248765
7,27,73.05331582039608,73.05331582039608
8,0,167.2768322054574,167.2768322054574
8,1,92.6831884806233,92.6831884806233
8,2,60.12596248413925,60.12596248413925
8,3,45.751117281800965,45.751117281800965
8,4,33.872735810536504,33.872735810536504
8,5,79.84222277480949,79.84222277480949
8,6,94.64265412234533,94.64265412234533
8,7,131.71832829153087,131.71832829153087
8,8,115.16433498549506,115.16433498549506
8,9,145.90728698617983,145.90728698617983
8,10,40.56364368096841,40.56364368096841
8,11,37.569813325583446,37.569813325583446
8,12,67.0581442720227,67.0581442720227
8,13,105.88093092399326,105.88093092399326
8,14,72.37821204700889,72.37821204700889
8,15,36.5492557504233,36.5492557504233
8,16,159.44279431337625,159.44279431337625
8,17,104.00014673551647,104.00014673551647
8,18,59.36340707275118,59.36340707275118
8,19,21.760708127781808,21.760708127781808
8,20,44.52330551799791,44.52330551799791
8,21,7.53258051588236,7.53258051588236
8,22,18.984053814700474,18.984053814700474
8,23,171.20551071673324,171.20551071673324
8,24,122.79457156299765,122.79457156299765
8,25,133.4603010097864,133.4603010097864
8,26,66.8337689727023,66.8337689727023
8,27,72.80481949990471,72.80481949990471
9,0,179.01190705176285,179.01190705176285
9,1,92.23878311231867,92.23878311231867
9,2,54.9602144371759,54.9602144371759
9,3,44.24316952812255,44.24316952812255
9,4,44.17628322233216,44.17628322233216
9,5,138.07365791965674,138.07365791965674
9,6,100.14423383013917,100.14423383013917
9,7,123.09238044475114,123.09238044475114
9,8,118.0830138925607,118.0830138925607
9,9,145.40702334557616,145.40702334557616
9,10,35.906709965265534,35.906709965265534
9,11,48.47473215092861,48.47473215092861
9,12,64.79893091353459,64.79893091353459
9,13,94.14345231301476,94.14345231301476
9,14,79.29435912119989,79.29435912119989
9,15,37.38181553605659,37.38181553605659
9,16,159.2778195135447,159.2778195135447
9,17,33.70939881586483,33.70939881586483
9,18,68.37329423682533,68.37329423682533
9,19,15.37043367051565,15.37043367051565
9,20,39.65022909558917,39.65022909558917
9,21,1.8626471038630792,1.8626471038630792
9,22,7.62231554417491,7.62231554417491
9,23,169.57785373899537,169.57785373899537
9,24,123.07606148668651,123.07606148668651
9,25,133.67539409690824,133.67539409690824
9,26,65.6961694610428,65.6961694610428
9,27,66.47195439309853,66.47195439309853
10,0,177.90267099579899,177.90267099579899
10,1,92.41953481889547,92.41953481889547
10,2,55.4203228752063,55.4203228752063
10,3,44.15426207423563,44.15426207423563
10,4,41.142555427790164,41.142555427790164
10,5,138.9708516891067,138.9708516891067
10,6,98.25580477254422,98.25580477254422
10,7,117.79561210966776,117.79561210966776
10,8,117.37021407990562,117.37021407990562
10,9,144.99932192762142,144.99932192762142
10,10,34.862405282577754,34.862405282577754
10,11,44.2873758597109,44.2873758597109
10,12,64.09203851280593,64.09203851280593
10,13,98.21549929750859,98.21549929750859
10,14,81.04555620461632,81.04555620461632
10,15,37.497124842780465,37.497124842780465
10,16,162.89104798647546,162.89104798647546
10,17,50.00533196498684,50.00533196498684
10,18,62.87910606147438,62.87910606147438
10,19,15.73633437534639,15.73633437534639
10,20,50.06213759223762,50.06213759223762
10,21,2.934669107901622,2.934669107901622
10,22,8.874225062956668,8.874225062956668
10,23,173.25642523975827,173.25642523975827
10,24,120.5895484774541,120.5895484774541
10,25,132.56359033019785,132.56359033019785
10,26,60.516893531912345,60.516893531912345
10,27,58.663434036606,58.663434036606
11,0,178.81391321523986,178.81391321523986
11,1,95.78243924764087,95.78243924764087
11,2,50.38250579178459,50.38250579178459
11,3,41.953312741212876,41.953312741212876
11,4,40.71947712064043,40.71947712064043
11,5,112.8078127762884,112.8078127762884
11,6,98.9987742644877,98.9987742644877
11,7,127.809431091206,127.809431091206
11,8,132.5321640427425,132.5321640427425
11,9,145.05826538818906,145.05826538818906
11,10,30.415487232326093,30.415487232326093
11,11,52.647690517785875,52.647690517785875
11,12,49.309742532436616,49.309742532436616
11,13,87.10960367529003,87.10960367529003
11,14,100.27477023523728,100.27477023523728
11,15,40.24270580692411,40.24270580692411
11,16,161.199732663345,161.199732663345
11,17,55.952909433841114,55.952909433841114
11,18,66.5929870033306,66.5929870033306
11,19,17.037469828502843,17.037469828502843
11,20,41.67007009424936,41.67007009424936
11,21,2.9111496303153106,2.9111496303153106
11,22,19.40705568514403,19.40705568514403
11,23,170.78514410025792,170.78514410025792
11,24,121.17142757047309,121.17142757047309
11,25,138.0341339149624,138.0341339149624
11,26,62.250911049189504,62.250911049189504
11,27,58.07988663772506,58.07988663772506
12,0,175.43769922278415,175.43769922278415
12,1,97.89199721689971,97.89199721689971
12,2,47.94018450336738,47.94018450336738
12,3,40.96782162168652,40.96782162168652
12,4,37.697927580125075,37.697927580125075
12,5,44.00608154864122,44.00608154864122
12,6,103.71618740248431,103.71618740248431
12,7,120.20549961637784,120.20549961637784
12,8,129.70740512188442,129.70740512188442
12,9,145.61597011900992,145.61597011900992
12,10,26.85959730199403,26.85959730199403
12,11,51.14809911832634,51.14809911832634
12,12,45.398038857116084,45.398038857116084
12,13,87.37771350802493,87.37771350802493
12,14,107.74236384088991,107.74236384088991
12,15,41.474187373648704,41.474187373648704
12,16,154.78691578226636,154.78691578226636
12,17,129.44721727432164,129.44721727432164
12,18,66.52790889407731,66.52790889407731
12,19,11.362454233896377,11.362454233896377
12,20,38.62446857939404,38.62446857939404
12,21,3.416272661598875,3.416272661598875
12,22,12.692809146242894,12.692809146242894
12,23,169.76468467350585,169.76468467350585
12,24,124.70508407633986,124.70508407633986
12,25,139.35315099810546,139.35315099810546
12,26,68.70552701665865,68.70552701665865
12,27,62.500926159942104,62.500926159942104
13,0,174.4730867113063,174.4730867113063
13,1,102.84238439327034,102.84238439327034
13,2,53.79686279074123,53.79686279074123
13,3,40.41718097945814,40.41718097945814
13,4,43.78107132974793,43.78107132974793
13,5,143.80674123651704,143.80674123651704
13,6,85.35084374088845,85.35084374088845
13,7,94.96253131341176,94.96253131341176
13,8,130.57952702233138,130.57952702233138
13,9,136.47719286139431,136.47719286139431
13,10,23.035548621431936,23.035548621431936
13,11,66.73900742647378,66.73900742647378
13,12,38.04616549517201,38.04616549517201
13,13,80.83156034004558,80.83156034004558
13,14,118.91828588339605,118.91828588339605
13,15,32.42943223348067,32.42943223348067
13,16,162.65020265713665,162.65020265713665
13,17,161.09136003025012,161.09136003025012
13,18,60.383376187421845,60.383376187421845
13,19,125.68198091898607,125.68198091898607
13,20,49.40295724208137,49.40295724208137
13,21,11.623292963714876,11.623292963714876
13,22,21.775993071445896,21.775993071445896
13,23,173.8436604131155,173.8436604131155
13,24,122.90692035881479,122.90692035881479
13,25,139.35851459304746,139.35851459304746
13,26,66.67234059512712,66.67234059512712
13,27,49.919005195644935,49.919005195644935
14,0,172.96924479232632,172.96924479232632
14,1,103.48135204296237,103.48135204296237
14,2,50.66562961356391,50.66562961356391
14,3,42.020762362531585,42.020762362531585
14,4,37.61267779858937,37.61267779858937
14,5,168.9197056142357,168.9197056142357
14,6,91.74167033304262,91.74167033304262
14,7,109.88301518548522,109.88301518548522
14,8,143.97119835938702,143.97119835938702
14,9,137.71680272443885,137.71680272443885
14,10,25.00353137950529,25.00353137950529
14,11,58.199301753113076,58.199301753113076
14,12,53.746141837422336,53.746141837422336
14,13,86.21877273029814,86.21877273029814
14,14,101.2503267830724,101.2503267830724
14,15,35.58192551658868,35.58192551658868
14,16,159.57881563690526,159.57881563690526
14,17,178.94317765478897,178.94317765478897
14,18,62.60720692722916,62.60720692722916
14,19,155.05149437610214,155.05149437610214
14,20,43.34952551462142,43.34952551462142
14,21,4.482681981224134,4.482681981224134
14,22,13.44255449647602,13.44255449647602
14,23,171.8751900849914,171.8751900849914
14,24,124.32013975809122,124.32013975809122
14,25,138.23574535125766,138.23574535125766
14,26,68.53760363901989,68.53760363901989
14,27,49.57630070543713,49.57630070543713
15,0,178.29368947263876,178.29368947263876
15,1,99.13547577931575,99.13547577931575
15,2,49.55570247234696,49.55570247234696
15,3,39.20694434942927,39.20694434942927
15,4,31.258815721940557,31.258815721940557
15,5,158.47812576176844,158.47812576176844
15,6,82.2573980108294,82.2573980108294
15,7,96.97268610366365,96.97268610366365
15,8,162.46950026323665,162.46950026323665
15,9,142.45911951811073,142.45911951811073
15,10,15.914058914308486,15.914058914308486
15,11,55.76930929446211,55.76930929446211
15,12,45.24732372659663,45.24732372659663
15,13,86.31392896953903,86.31392896953903
15,14,118.8386173590949,118.8386173590949
15,15,37.916761735998875,37.916761735998875
15,16,163.57597044101027,163.57597044101027
15,17,158.83691026940008,158.83691026940008
15,18,67.69872447237645,67.69872447237645
15,19,169.71974204258217,169.71974204258217
15,20,50.588550906387916,50.588550906387916
15,21,5.363935647066208,5.363935647066208
15,22,17.079662053741004,17.079662053741004
15,23,171.4928819219247,171.4928819219247
15,24,121.5850613374738,121.5850613374738
15,25,138.71597557959038,138.71597557959038
15,26,65.2239335001894,65.2239335001894
15,27,46.89548688498536,46.89548688498536
16,0,177.7191060766184,177.7191060766184
16,1,96.5964774715074,96.5964774715074
16,2,47.42591168392891,47.42591168392891
16,3,39.34578469935808,39.34578469935808
16,4,35.995840941152494,35.995840941152494
16,5,141.63024704190195,141.63024704190195
16,6,86.54156766505132,86.54156766505132
16,7,93.18754463014629,93.18754463014629
16,8,148.20406870237466,148.20406870237466
16,9,144.8884043699984,144.8884043699984
16,10,18.7104693274613,18.7104693274613
16,11,58.69388741028521,58.69388741028521
16,12,57.441669684150725,57.441669684150725
16,13,79.82375542342047,79.82375542342047
16,14,103.84786098838798,103.84786098838798
16,15,41.48235716629432,41.48235716629432
16,16,165.0782052260807,165.0782052260807
16,17,152.8254799753844,152.8254799753844
16,18,46.72957570441443,46.72957570441443
16,19,138.9195497723897,138.9195497723897
16,20,51.685552605186416,51.685552605186416
16,21,4.152517849929497,4.152517849929497
16,22,10.737788155211092,10.737788155211092
16,23,174.43874246812837,174.43874246812837
16,24,120.66664473113434,120.66664473113434
16,25,131.21626832058453,131.21626832058453
16,26,62.36698059883969,62.36698059883969
16,27,56.46455715311206,56.46455715311206
17,0,176.55834205412856,176.55834205412856
17,1,96.66259486190029,96.66259486190029
17,2,48.40423715032012,48.40423715032012
17,3,39.31760349549511,39.31760349549511
17,4,37.69396996664341,37.69396996664341
17,5,140.6964762565867,140.6964762565867
17,6,80.48106218306155,80.48106218306155
17,7,94.43126024928394,94.43126024928394
17,8,142.87044685026817,142.87044685026817
17,9,144.2340954852094,144.2340954852094
17,10,25.876560720503523,25.876560720503523
17,11,58.35965166384404,58.35965166384404
17,12,48.49337224344252,48.49337224344252
17,13,81.12547318649426,81.12547318649426
17,14,105.63006703605399,105.63006703605399
17,15,40.51487514966169,40.51487514966169
17,16,164.9036116923054,164.9036116923054
17,17,156.38023356479945,156.38023356479945
17,18,39.0218203403146,39.0218203403146
17,19,142.01577606682116,142.01577606682116
17,20,39.0511902219351,39.0511902219351
17,21,3.572451239323945,3.572451239323945
17,22,17.112016800779145,17.112016800779145
17,23,174.58228895754465,174.58228895754465
17,24,128.58954427187123,128.58954427187123
17,25,130.7071585168092,130.7071585168092
17,26,66.66133955574166,66.66133955574166
17,27,55.55812779117228,55.55812779117228
18,0,173.87426781064516,173.87426781064516
18,1,97.41368259747215,97.41368259747215
18,2,48.90790030902211,48.90790030902211
18,3,40.006655678481025,40.006655678481025
18,4,35.31930354939658,35.31930354939658
18,5,157.03532762304005,157.03532762304005
18,6,83.3411945669482,83.3411945669482
18,7,99.81980771454988,99.81980771454988
18,8,130.35150081521368,130.35150081521368
18,9,143.0005603958216,143.0005603958216
18,10,31.18051232586912,31.18051232586912
18,11,61.11872861599894,61.11872861599894
18,12,50.78042872880887,50.78042872880887
18,13,81.15094323335205,81.15094323335205
18,14,98.03905894532203,98.03905894532203
18,15,37.73032815064903,37.73032815064903
18,16,164.39172530179533,164.39172530179533
18,17,84.19366787277873,84.19366787277873
18,18,44.03821004889781,44.03821004889781
18,19,77.04624506954195,77.04624506954195
18,20,42.78811718366082,42.78811718366082
18,21,5.946912281642384,5.946912281642384
18,22,7.217687591684183,7.217687591684183
18,23,173.1589313307238,173.1589313307238
18,24,123.80837383391959,123.80837383391959
18,25,134.27370226115886,134.27370226115886
18,26,68.38241465279691,68.38241465279691
18,27,69.53789776060397,69.53789776060397
19,0,173.40189130993318,173.40189130993318
19,1,96.66831636258578,96.66831636258578
19,2,50.210870400737356,50.210870400737356
19,3,38.701377399485494,38.701377399485494
19,4,25.830098397882534,25.830098397882534
19,5,142.92777770186575,142.92777770186575
19,6,79.97312272112072,79.97312272112072
19,7,91.9080727717365,91.9080727717365
19,8,118.93806802889341,118.93806802889341
19,9,146.14203040613214,146.14203040613214
19,10,49.711164495006244,49.711164495006244
19,11,54.253007125627526,54.253007125627526
19,12,45.76453808734822,45.76453808734822
19,13,86.14804259515978,86.14804259515978
19,14,84.52429741764553,84.52429741764553
19,15,39.59895027921266,39.59895027921266
19,16,167.5742065623484,167.5742065623484
19,17,107.45879817332306,107.45879817332306
19,18,29.17845973825256,29.17845973825256
19,19,97.25867742034183,97.25867742034183
19,20,37.61994804299647,37.61994804299647
19,21,8.323517251828282,8.323517251828282
19,22,17.47378719098467,17.47378719098467
19,23,173.12149402308947,173.12149402308947
19,24,128.4381787273068,128.4381787273068
19,25,132.93117629218847,132.93117629218847
19,26,72.27107214540621,72.27107214540621
19,27,65.07209627494349,65.07209627494349
20,0,170.7617221648894,170.7617221648894
20,1,101.47038692728837,101.47038692728837
20,2,51.21380730180235,51.21380730180235
20,3,41.485595243296366,41.485595243296366
20,4,27.306052057010675,27.306052057010675
20,5,159.70182370554153,159.70182370554153
20,6,80.25251665131846,80.25251665131846
20,7,95.06037068228852,95.06037068228852
20,8,118.14177495174206,118.14177495174206
20,9,139.66641991377074,139.66641991377074
20,10,47.440250122908225,47.440250122908225
20,11,58.73435478875889,58.73435478875889
20,12,53.42509002281859,53.42509002281859
20,13,79.85912939317593,79.85912939317593
20,14,79.13465985427321,79.13465985427321
20,15,41.4065158180652,41.4065158180652
20,16,166.57779328299983,166.57779328299983
20,17,76.50993500084445,76.50993500084445
20,18,32.9509636258954,32.9509636258954
20,19,60.41815670068593,60.41815670068593
20,20,42.142551720174495,42.142551720174495
20,21,12.389768194226995,12.389768194226995
20,22,17.421391406013186,17.421391406013186
20,23,169.16879627259422,169.16879627259422
20,24,121.83271321839555,121.83271321839555
20,25,138.5421535317362,138.5421535317362
20,26,73.76039123834833,73.76039123834833
20,27,76.70747310080611,76.70747310080611
21,0,167.2648034170726,167.2648034170726
21,1,99.28779662106612,99.28779662106612
21,2,51.047238928364436,51.047238928364436
21,3,42.39163052682169,42.39163052682169
21,4,39.51493454446995,39.51493454446995
21,5,151.2103714536833,151.2103714536833
21,6,87.39186664796978,87.39186664796978
21,7,91.22726980443144,91.22726980443144
21,8,121.93701983820563,121.93701983820563
21,9,144.97896063387606,144.97896063387606
21,10,49.39182974035557,49.39182974035557
21,11,52.34859854736677,52.34859854736677
21,12,56.628372498867115,56.628372498867115
21,13,84.21961249814397,84.21961249814397
21,14,73.9797977607773,73.9797977607773
21,15,43.43178895448932,43.43178895448932
21,16,163.25333078379714,163.25333078379714
21,17,103.5227878673254,103.5227878673254
21,18,39.558855491389664,39.558855491389664
21,19,66.35875151409958,66.35875151409958
21,20,38.467778650948624,38.467778650948624
21,21,12.0200594396545,12.0200594396545
21,22,27.11480674970221,27.11480674970221
21,23,169.53375865339333,169.53375865339333
21,24,120.73112649904334,120.73112649904334
21,25,138.36126132250175,138.36126132250175
21,26,72.61965590457889,72.61965590457889
21,27,74.43307557504319,74.43307557504319
22,0,154.31628281838746,154.31628281838746
22,1,101.98091647884395,101.98091647884395
22,2,57.93063769730779,57.93063769730779
22,3,41.10140078935116,41.10140078935116
22,4,40.21625505756248,40.21625505756248
22,5,167.19460561584057,167.19460561584057
22,6,85.35162052443265,85.35162052443265
22,7,95.21076053691627,95.21076053691627
22,8,121.97909374137134,121.97909374137134
22,9,143.037053744893,143.037053744893
22,10,41.864417526141565,41.864417526141565
22,11,48.91739081684381,48.91739081684381
22,12,70.95678894500888,70.95678894500888
22,13,89.08957539016092,89.08957539016092
22,14,67.17879352884955,67.17879352884955
22,15,41.99303379299528,41.99303379299528
22,16,162.7468174602562,162.7468174602562
22,17,98.20812048537391,98.20812048537391
22,18,49.86784694856214,49.86784694856214
22,19,100.36782143996226,100.36782143996226
22,20,38.9848580632986,38.9848580632986
22,21,8.276573442935739,8.276573442935739
22,22,8.858545910740247,8.858545910740247
22,23,171.39535508723068,171.39535508723068
22,24,124.5021620185013,124.5021620185013
22,25,133.55564160236577,133.55564160236577
22,26,71.5897615585741,71.5897615585741
22,27,68.73914990526991,68.73914990526991
23,0,157.35371415977326,157.35371415977326
23,1,101.08193868731259,101.08193868731259
23,2,55.64257314512905,55.64257314512905
23,3,44.770856660863735,44.770856660863735
23,4,20.220396371677612,20.220396371677612
23,5,138.77932935110474,138.77932935110474
23,6,84.7580162109069,84.7580162109069
23,7,115.98541776123932,115.98541776123932
23,8,125.88207261789853,125.88207261789853
23,9,144.97327549254413,144.97327549254413
23,10,42.358217175116,42.358217175116
23,11,54.14111664483618,54.14111664483618
23,12,70.90974308519142,70.90974308519142
23,13,81.77994841633259,81.77994841633259
23,14,66.73203973969258,66.73203973969258
23,15,44.07893493883125,44.07893493883125
23,16,169.5450013945044,169.5450013945044
23,17,38.96914655857014,38.96914655857014
23,18,31.256264339599927,31.256264339599927
23,19,66.21136391616409,66.21136391616409
23,20,43.457957426155986,43.457957426155986
23,21,32.139534725691945,32.139534725691945
23,22,152.87951723607404,152.87951723607404
23,23,170.55162937359665,170.55162937359665
23,24,133.99559075447007,133.99559075447007
23,25,129.53102114793617,129.53102114793617
23,26,76.35581463021184,76.35581463021184
23,27,83.00635966161585,83.00635966161585
24,0,155.9158605045738,155.9158605045738
24,1,102.84309011116643,102.84309011116643
24,2,56.608281235979916,56.608281235979916
24,3,46.53789488868807,46.53789488868807
24,4,41.85321096131571,41.85321096131571
24,5,159.16781338341514,159.16781338341514
24,6,84.88287006051536,84.88287006051536
24,7,86.4442076406691,86.4442076406691
24,8,111.88585700393642,111.88585700393642
24,9,136.86178967297965,136.86178967297965
24,10,48.429917415259524,48.429917415259524
24,11,60.63915763861425,60.63915763861425
24,12,61.18705067849277,61.18705067849277
24,13,82.63021656701801,82.63021656701801
24,14,70.38303190624771,70.38303190624771
24,15,36.73062579436771,36.73062579436771
24,16,164.8567476838461,164.8567476838461
24,17,82.20354005540945,82.20354005540945
24,18,22.11874845792627,22.11874845792627
24,19,81.68434969992137,81.68434969992137
24,20,12.834427706905977,12.834427706905977
24,21,15.58259257106845,15.58259257106845
24,22,78.88614756952398,78.88614756952398
24,23,171.58890441222619,171.58890441222619
24,24,130.89243368741398,130.89243368741398
24,25,130.43698271103565,130.43698271103565
24,26,74.93300444895486,74.93300444895486
24,27,83.13246468287494,83.13246468287494
25,0,158.26058293951058,158.26058293951058
25,1,104.00224718938475,104.00224718938475
25,2,58.68184894228749,58.68184894228749
25,3,48.1227161987764,48.1227161987764
25,4,51.837935157970094,51.837935157970094
25,5,138.17436439924685,138.17436439924685
25,6,86.6159504346096,86.6159504346096
25,7,77.33902644935608,77.33902644935608
25,8,111.05407049944992,111.05407049944992
25,9,138.29062523906717,138.29062523906717
25,10,50.01087428526503,50.01087428526503
25,11,61.735860987738874,61.735860987738874
25,12,51.71387256770756,51.71387256770756
25,13,81.20135618954669,81.20135618954669
25,14,78.27525314702743,78.27525314702743
25,15,37.06278282271444,37.06278282271444
25,16,160.90207066623492,160.90207066623492
25,17,127.53504202961436,127.53504202961436
25,18,25.778441129653295,25.778441129653295
25,19,101.30396252579897,101.30396252579897
25,20,15.271522459846357,15.271522459846357
25,21,9.727728906498617,9.727728906498617
25,22,173.54745964243463,173.54745964243463
25,23,165.58807929106416,165.58807929106416
25,24,126.27189211682375,126.27189211682375
25,25,135.32435612426505,135.32435612426505
25,26,80.84671077304395,80.84671077304395
25,27,92.47936403909996,92.47936403909996
26,0,160.2081566100366,160.2081566100366
26,1,102.85673235877374,102.85673235877374
26,2,57.085639436720406,57.085639436720406
26,3,49.57135263543008,49.57135263543008
26,4,80.36961265830627,80.36961265830627
26,5,139.75935001730696,139.75935001730696
26,6,87.6456795498985,87.6456795498985
26,7,79.00920831538525,79.00920831538525
26,8,107.38109707045703,107.38109707045703
26,9,139.13600307013317,139.13600307013317
26,10,45.00475720706157,45.00475720706157
26,11,53.03020051583776,53.03020051583776
26,12,63.13889001613013,63.13889001613013
26,13,86.58908818570721,86.58908818570721
26,14,71.85635277680834,71.85635277680834
26,15,40.380711298455026,40.380711298455026
26,16,143.70426775765694,143.70426775765694
26,17,133.3255043021624,133.3255043021624
26,18,28.030805922175958,28.030805922175958
26,19,104.39338223030344,104.39338223030344
26,20,10.75686479878141,10.75686479878141
26,21,9.552020441001517,9.552020441001517
26,22,174.074658041173,174.074658041173
26,23,167.92520609563778,167.92520609563778
26,24,130.90543702123946,130.90543702123946
26,25,135.76762007438577,135.76762007438577
26,26,82.96947589682047,82.96947589682047
26,27,90.5617603562825,90.5617603562825
27,0,163.22113895312455,163.22113895312455
27,1,102.29099519103211,102.29099519103211
27,2,57.98403481618958,57.98403481618958
27,3,45.81052119012489,45.81052119012489
27,4,76.9136340184923,76.9136340184923
27,5,163.4614728007273,163.4614728007273
27,6,88.41517555065539,88.41517555065539
27,7,92.77168996052069,92.77168996052069
27,8,110.48419657746234,110.48419657746234
27,9,138.630206188473,138.630206188473
27,10,22.252687756857775,22.252687756857775
27,11,52.50983566165397,52.50983566165397
27,12,35.325290078481835,35.325290078481835
27,13,86.07556956679392,86.07556956679392
27,14,122.4220221646604,122.4220221646604
27,15,41.41459477155212,41.41459477155212
27,16,149.71405782638288,149.71405782638288
27,17,136.1595831784429,136.1595831784429
27,18,39.38461164107582,39.38461164107582
27,19,116.62082715990161,116.62082715990161
27,20,20.52615462565633,20.52615462565633
27,21,7.886628840795721,7.886628840795721
27,22,164.99024565397391,164.99024565397391
27,23,165.7813371762585,165.7813371762585
27,24,137.064072094634,137.064072094634
27,25,141.41617409869005,141.41617409869005
27,26,102.13130802128688,102.13130802128688
27,27,98.37144510174089,98.37144510174089
28,0,162.04564446269038,162.04564446269038
28,1,102.84889479403206,102.84889479403206
28,2,57.3000970594395,57.3000970594395
28,3,46.212888541697005,46.212888541697005
28,4,50.3395833161203,50.3395833161203
28,5,172.94953592686406,172.94953592686406
28,6,89.48718224361323,89.48718224361323
28,7,94.17027990149683,94.17027990149683
28,8,112.36357061751684,112.36357061751684
28,9,138.74875152660144,138.74875152660144
28,10,48.16466228988555,48.16466228988555
28,11,45.50247725153767,45.50247725153767
28,12,53.15696248431888,53.15696248431888
28,13,93.32086983531629,93.32086983531629
28,14,78.6783752257956,78.6783752257956
28,15,41.17665291314603,41.17665291314603
28,16,161.07167588887617,161.07167588887617
28,17,84.20001802578082,84.20001802578082
28,18,36.3571173007365,36.3571173007365
28,19,79.02803995526631,79.02803995526631
28,20,29.411509353809077,29.411509353809077
28,21,11.79040067358328,11.79040067358328
28,22,161.0333933159396,161.0333933159396
28,23,165.02004209114054,165.02004209114054
28,24,133.97523211106147,133.97523211106147
28,25,140.28333021129563,140.28333021129563
28,26,96.70383147920738,96.70383147920738
28,27,100.00957506885989,100.00957506885989
29,0,160.94748413390053,160.94748413390053
29,1,100.85241208985993,100.85241208985993
29,2,54.548659766022205,54.548659766022205
29,3,48.58329565004563,48.58329565004563
29,4,50.81838378591192,50.81838378591192
29,5,148.83807769572644,148.83807769572644
29,6,93.36759179093582,93.36759179093582
29,7,123.07200627203417,123.07200627203417
29,8,112.97649719992535,112.97649719992535
29,9,139.3640596966224,139.3640596966224
29,10,36.25647734003157,36.25647734003157
29,11,47.531715721083266,47.531715721083266
29,12,81.44958545143982,81.44958545143982
29,13,94.6432969089437,94.6432969089437
29,14,62.293937208528625,62.293937208528625
29,15,37.82498736997303,37.82498736997303
29,16,158.76127748870806,158.76127748870806
29,17,75.58770565262915,75.58770565262915
29,18,47.59331091318091,47.59331091318091
29,19,82.64218677279626,82.64218677279626
29,20,31.70043400578683,31.70043400578683
29,21,1.7628502788368328,1.7628502788368328
29,22,110.60517588833386,110.60517588833386
29,23,170.571764294942,170.571764294942
29,24,126.97869070332695,126.97869070332695
29,25,131.54380232077642,131.54380232077642
29,26,73.02041526955901,73.02041526955901
29,27,86.4307701863601,86.4307701863601
30,0,158.58929752475373,158.58929752475373
30,1,99.27224794968812,99.27224794968812
30,2,58.82955602745583,58.82955602745583
30,3,47.45019773035124,47.45019773035124
30,4,49.141047992317,49.141047992317
30,5,173.616063001925,173.616063001925
30,6,89.06519264427317,89.06519264427317
30,7,118.04091684248766,118.04091684248766
30,8,113.7278972911343,113.7278972911343
30,9,143.54146358237819,143.54146358237819
30,10,79.92480173938449,79.92480173938449
30,11,45.763199780655896,45.763199780655896
30,12,50.91705573401077,50.91705573401077
30,13,94.97070998303623,94.97070998303623
30,14,49.15814252660472,49.15814252660472
30,15,39.26609023630789,39.26609023630789
30,16,157.53324678400014,157.53324678400014
30,17,99.06470906590077,99.06470906590077
30,18,35.55679604255555,35.55679604255555
30,19,84.86174258834228,84.86174258834228
30,20,22.679016047339925,22.679016047339925
30,21,5.246723316510916,5.246723316510916
30,22,74.77433453823329,74.77433453823329
30,23,169.475044143326,169.475044143326
30,24,117.86612552113104,117.86612552113104
30,25,130.17313225300273,130.17313225300273
30,26,69.67140801848674,69.67140801848674
30,27,84.69048328608574,84.69048328608574
31,0,154.01016270186895,154.01016270186895
31,1,99.02604304524768,99.02604304524768
31,2,66.34766587743985,66.34766587743985
31,3,49.208296374952816,49.208296374952816
31,4,70.68949825598622,70.68949825598622
31,5,125.72960588820392,125.72960588820392
31,6,98.80133933931971,98.80133933931971
31,7,142.32046213441737,142.32046213441737
31,8,97.35513834482612,97.35513834482612
31,9,136.73531629871536,136.73531629871536
31,10,76.23242692790556,76.23242692790556
31,11,47.747019403221714,47.747019403221714
31,12,42.266785351065835,42.266785351065835
31,13,96.66870199932927,96.66870199932927
31,14,61.5007877210286,61.5007877210286
31,15,35.58427859744904,35.58427859744904
31,16,153.0452496020738,153.0452496020738
31,17,159.20437195781696,159.20437195781696
31,18,35.6861876998187,35.6861876998187
31,19,127.39318006414737,127.39318006414737
31,20,18.09701842338616,18.09701842338616
31,21,6.028354118961179,6.028354118961179
31,22,68.99869999866968,68.99869999866968
31,23,167.84183732313457,167.84183732313457
31,24,120.99213176192504,120.99213176192504
31,25,131.5417017119619,131.5417017119619
31,26,75.0663882496702,75.0663882496702
31,27,79.52845276518022,79.52845276518022
32,0,165.92474073129355,165.92474073129355
32,1,92.88770088286269,92.88770088286269
32,2,73.38097812201299,73.38097812201299
32,3,51.48396317422645,51.48396317422645
32,4,72.18165349030522,72.18165349030522
32,5,116.65991002837521,116.65991002837521
32,6,98.39939115817012,98.39939115817012
32,7,124.83997797542102,124.83997797542102
32,8,89.64580970290842,89.64580970290842
32,9,136.7182350616694,136.7182350616694
32,10,54.128343025020385,54.128343025020385
32,11,45.62474543461068,45.62474543461068
32,12,51.235228050935085,51.235228050935085
32,13,96.86645780061426,96.86645780061426
32,14,74.63642892404454,74.63642892404454
32,15,37.50879676477507,37.50879676477507
32,16,154.5417903224492,154.5417903224492
32,17,149.47447215048615,149.47447215048615
32,18,40.879256436056956,40.879256436056956
32,19,93.54190369042766,93.54190369042766
32,20,20.993695024161784,20.993695024161784
32,21,15.616455925145972,15.616455925145972
32,22,112.79807159678765,112.79807159678765
32,23,165.8036873198208,165.8036873198208
32,24,127.07308258608239,127.07308258608239
32,25,129.66704608333953,129.66704608333953
32,26,79.22230298392716,79.22230298392716
32,27,92.77941883914134,92.77941883914134
33,0,173.92744957838275,173.92744957838275
33,1,86.2316563565224,86.2316563565224
33,2,79.71508918265523,79.71508918265523
33,3,58.32437386802327,58.32437386802327
33,4,73.0199355824439,73.0199355824439
33,5,78.85336478305815,78.85336478305815
33,6,100.2841562253243,100.2841562253243
33,7,90.46417627002842,90.46417627002842
33,8,80.91138515467458,80.91138515467458
33,9,137.0166967255706,137.0166967255706
33,10,45.77754297245365,45.77754297245365
33,11,42.14168120556297,42.14168120556297
33,12,40.907094361695286,40.907094361695286
33,13,99.89952925361354,99.89952925361354
33,14,93.3153626658511,93.3153626658511
33,15,37.95878954082349,37.95878954082349
33,16,153.92619392019856,153.92619392019856
33,17,146.27515797645262,146.27515797645262
33,18,43.41707603893289,43.41707603893289
33,19,54.980645289081906,54.980645289081906
33,20,21.802038078519764,21.802038078519764
33,21,18.297547021116017,18.297547021116017
33,22,78.58136874985308,78.58136874985308
33,23,160.57055391509047,160.57055391509047
33,24,129.2347729340242,129.2347729340242
33,25,125.90360363074606,125.90360363074606
33,26,74.2792250292692,74.2792250292692
33,27,101.83117077471773,101.83117077471773
34,0,174.26241739589685,174.26241739589685
34,1,72.13223843527895,72.13223843527895
34,2,85.8879044474219,85.8879044474219
34,3,62.68591026952845,62.68591026952845
34,4,73.5620294963619,73.5620294963619
34,5,69.48147138028884,69.48147138028884
34,6,94.95429453256943,94.95429453256943
34,7,90.92826041574381,90.92826041574381
34,8,65.96437902402573,65.96437902402573
34,9,145.99320223650977,145.99320223650977
34,10,44.04202964240467,44.04202964240467
34,11,32.5069485194595,32.5069485194595
34,12,29.011665479759216,29.011665479759216
34,13,117.12150700812455,117.12150700812455
34,14,106.94630487783613,106.94630487783613
34,15,30.371544472415906,30.371544472415906
34,16,149.2029079042578,149.2029079042578
34,17,151.60510445998824,151.60510445998824
34,18,33.39904264102554,33.39904264102554
34,19,69.42562512191506,69.42562512191506
34,20,15.07024357400811,15.07024357400811
34,21,25.260754482936246,25.260754482936246
34,22,126.26649936235349,126.26649936235349
34,23,154.02672381084577,154.02672381084577
34,24,133.57825475134092,133.57825475134092
34,25,126.17913538260532,126.17913538260532
34,26,76.65153400772003,76.65153400772003
34,27,103.03123464067059,103.03123464067059
35,0,169.08257724260636,169.08257724260636
35,1,49.860200193063676,49.860200193063676
35,2,92.7860884056806,92.7860884056806
35,3,65.35970416030308,65.35970416030308
35,4,87.92591847181228,87.92591847181228
35,5,102.34400152293605,102.34400152293605
35,6,104.562397804201,104.562397804201
35,7,101.95881635007453,101.95881635007453
35,8,57.190932551779724,57.190932551779724
35,9,164.39172651744542,164.39172651744542
35,10,27.588500974655428,27.588500974655428
35,11,35.1524635641064,35.1524635641064
35,12,16.535689585606516,16.535689585606516
35,13,112.5981231578078,112.5981231578078
35,14,135.87580943973808,135.87580943973808
35,15,32.2494132780858,32.2494132780858
35,16,155.42984426794666,155.42984426794666
35,17,135.3970054176208,135.3970054176208
35,18,59.23034568850342,59.23034568850342
35,19,69.6034611650901,69.6034611650901
35,20,28.216606587210713,28.216606587210713
35,21,16.90473924184732,16.90473924184732
35,22,91.54626446425823,91.54626446425823
35,23,158.7764425838228,158.7764425838228
35,24,122.69826541756409,122.69826541756409
35,25,131.0199072640905,131.0199072640905
35,26,74.9260891341026,74.9260891341026
35,27,95.83964517451047,95.83964517451047
36,0,27.082859164306424,27.082859164306424
36,1,25.637848647303382,25.637848647303382
36,2,37.09223564745609,37.09223564745609
36,3,37.05251977914469,37.05251977914469
36,4,165.51858495941556,165.51858495941556
36,5,100.71211261884059,100.71211261884059
36,6,127.49425588758423,127.49425588758423
36,7,126.40510577774582,126.40510577774582
36,8,163.5561456884165,163.5561456884165
36,9,83.625132798523,83.625132798523
36,10,14.883762962801073,14.883762962801073
36,11,41.34240539771753,41.34240539771753
36,12,143.91591302166137,143.91591302166137
36,13,57.948642883531846,57.948642883531846
36,14,21.200324015537603,21.200324015537603
36,15,80.70895171875064,80.70895171875064
36,16,115.69829912356005,115.69829912356005
36,17,167.97961585916468,167.97961585916468
36,18,43.531738102378355,43.531738102378355
36,19,45.22068695652214,45.22068695652214
36,20,11.762379476203028,11.762379476203028
36,21,42.17651671069762,42.17651671069762
36,22,172.35251411236982,172.35251411236982
36,23,119.52181276351459,119.52181276351459
36,24,108.50293989631746,108.50293989631746
36,25,147.05453536835375,147.05453536835375
36,26,37.65500049975381,37.65500049975381
36,27,56.607957550418234,56.607957550418234
37,0,28.29534033797423,28.29534033797423
37,1,3.1423864534548134,3.1423864534548134
37,2,38.2094626208312,38.2094626208312
37,3,23.767857391358373,23.767857391358373
37,4,129.66110330445562,129.66110330445562
37,5,60.44620652345046,60.44620652345046
37,6,123.5145985615302,123.5145985615302
37,7,104.56100032774414,104.56100032774414
37,8,161.65311196152928,161.65311196152928
37,9,112.37656096823957,112.37656096823957
37,10,14.224900676693197,14.224900676693197
37,11,48.249419529142585,48.249419529142585
37,12,136.14014974837843,136.14014974837843
37,13,52.34586783779054,52.34586783779054
37,14,29.634949574928378,29.634949574928378
37,15,79.40471263306688,79.40471263306688
37,16,127.05371119206117,127.05371119206117
37,17,150.32870869824023,150.32870869824023
37,18,70.2604670794256,70.2604670794256
37,19,101.63141078129786,101.63141078129786
37,20,15.03873848448699,15.03873848448699
37,21,20.84315076048768,20.84315076048768
37,22,179.32429172548876,179.32429172548876
37,23,73.19651716232907,73.19651716232907
37,24,112.55449956976517,112.55449956976517
37,25,150.6599293595829,150.6599293595829
37,26,38.065954776155834,38.065954776155834
37,27,44.34289570532843,44.34289570532843
38,0,32.446766427499384,32.446766427499384
38,1,19.012825887697257,19.012825887697257
38,2,34.76494589737474,34.76494589737474
38,3,16.067926941879396,16.067926941879396
38,4,101.94963664502598,101.94963664502598
38,5,63.22284324437841,63.22284324437841
38,6,110.75793387599616,110.75793387599616
38,7,101.50741318884691,101.50741318884691
38,8,159.54176482189436,159.54176482189436
38,9,93.40248041100136,93.40248041100136
38,10,14.764023871957477,14.764023871957477
38,11,68.27481492205567,68.27481492205567
38,12,137.81412256333965,137.81412256333965
38,13,52.22956892095072,52.22956892095072
38,14,27.421853564702875,27.421853564702875
38,15,59.49561615699357,59.49561615699357
38,16,158.30507284562628,158.30507284562628
38,17,158.670623643726,158.670623643726
38,18,62.79739337284393,62.79739337284393
38,19,102.4694135112068,102.4694135112068
38,20,42.452748289927804,42.452748289927804
38,21,27.491366226037876,27.491366226037876
38,22,178.81473212565302,178.81473212565302
38,23,77.85670172243708,77.85670172243708
38,24,102.59752874845793,102.59752874845793
38,25,146.87957515632743,146.87957515632743
38,26,42.634168494442164,42.634168494442164
38,27,38.404923052681966,38.404923052681966
39,0,33.408593880866285,33.408593880866285
39,1,24.45494892665501,24.45494892665501
39,2,35.82942118125804,35.82942118125804
39,3,16.109990375859866,16.109990375859866
39,4,75.74359518444271,75.74359518444271
39,5,71.91974482615088,71.91974482615088
39,6,124.94373077525158,124.94373077525158
39,7,116.07667645411664,116.07667645411664
39,8,158.1502631142671,158.1502631142671
39,9,147.02987298594974,147.02987298594974
39,10,15.61548950369815,15.61548950369815
39,11,29.02340398669162,29.02340398669162
39,12,137.7135844623167,137.7135844623167
39,13,137.69931978826045,137.69931978826045
39,14,26.670926033985157,26.670926033985157
39,15,13.277276225047938,13.277276225047938
39,16,149.86662091212725,149.86662091212725
39,17,157.82581672142445,157.82581672142445
39,18,88.57627617601575,88.57627617601575
39,19,95.72395198199968,95.72395198199968
39,20,23.687064869692655,23.687064869692655
39,21,25.13592562983725,25.13592562983725
39,22,176.3580613072012,176.3580613072012
39,23,71.34438356951813,71.34438356951813
39,24,116.50638534648837,116.50638534648837
39,25,146.8034282476104,146.8034282476104
39,26,35.345230681051014,35.345230681051014
39,27,36.80108784913193,36.80108784913193
40,0,29.420267280652148,29.420267280652148
40,1,29.260907286411673,29.260907286411673
40,2,43.22825570972969,43.22825570972969
40,3,10.522843159737816,10.522843159737816
40,4,104.06583538514727,104.06583538514727
40,5,126.65544334639367,126.65544334639367
40,6,110.99755248029732,110.99755248029732
40,7,156.32538326438663,156.32538326438663
40,8,162.10070637026007,162.10070637026007
40,9,105.53253039902972,105.53253039902972
40,10,13.191926278483557,13.191926278483557
40,11,108.91343720236227,108.91343720236227
40,12,137.37025731916907,137.37025731916907
40,13,39.624151710775834,39.624151710775834
40,14,29.437816402347384,29.437816402347384
40,15,31.46241108686192,31.46241108686192
40,16,124.0541276473633,124.0541276473633
40,17,172.8888389317962,172.8888389317962
40,18,37.952982412124804,37.952982412124804
40,19,95.93968691207135,95.93968691207135
40,20,15.738003045082918,15.738003045082918
40,21,31.568136507904622,31.568136507904622
40,22,174.98830104516105,174.98830104516105
40,23,31.98575131100012,31.98575131100012
40,24,111.19825167513912,111.19825167513912
40,25,141.07268141167216,141.07268141167216
40,26,35.050044040632116,35.050044040632116
40,27,29.6080936326627,29.6080936326627
41,0,59.15788869820298,59.15788869820298
41,1,38.86299096198468,38.86299096198468
41,2,113.4571070433241,113.4571070433241
41,3,95.19027806191498,95.19027806191498
41,4,134.89857993731744,134.89857993731744
41,5,145.3827766176911,145.3827766176911
41,6,123.49725281295105,123.49725281295105
41,7,154.02097535960047,154.02097535960047
41,8,130.58363561997484,130.58363561997484
41,9,141.6567054604391,141.6567054604391
41,10,29.549073572853434,29.549073572853434
41,11,10.221697277673407,10.221697277673407
41,12,125.4985349868961,125.4985349868961
41,13,154.299531607968,154.299531607968
41,14,24.952391440250473,24.952391440250473
41,15,15.478771114358608,15.478771114358608
41,16,175.03238898629283,175.03238898629283
41,17,157.2076776038891,157.2076776038891
41,18,166.72968500900586,166.72968500900586
41,19,59.954201188736135,59.954201188736135
41,20,3.3871113652906053,3.3871113652906053
41,21,18.919602085375555,18.919602085375555
41,22,47.8348332441941,47.8348332441941
41,23,166.16625080984207,166.16625080984207
41,24,111.49904693634917,111.49904693634917
41,25,149.14343027521545,149.14343027521545
41,26,77.95813469896648,77.95813469896648
41,27,87.14042351559732,87.14042351559732
42,0,61.89998161166528,61.89998161166528
42,1,36.60434756916138,36.60434756916138
42,2,113.14222998186777,113.14222998186777
42,3,105.69648753407243,105.69648753407243
42,4,80.75054726897392,80.75054726897392
42,5,166.3819514762049,166.3819514762049
42,6,174.78571888387856,174.78571888387856
42,7,166.81648663926413,166.81648663926413
42,8,131.688989456392,131.688989456392
42,9,144.6351139165003,144.6351139165003
42,10,32.179621976662304,32.179621976662304
42,11,8.162174581222034,8.162174581222034
42,12,126.09443200160305,126.09443200160305
42,13,153.8657296932402,153.8657296932402
42,14,21.72594602173462,21.72594602173462
42,15,17.97209572553777,17.97209572553777
42,16,175.2520437799756,175.2520437799756
42,17,177.38787039024984,177.38787039024984
42,18,31.31970678003131,31.31970678003131
42,19,55.11277115723141,55.11277115723141
42,20,44.12780575043869,44.12780575043869
42,21,51.667013029871256,51.667013029871256
42,22,12.448553647089852,12.448553647089852
42,23,170.92311898344073,170.92311898344073
42,24,129.64398308961083,129.64398308961083
42,25,132.08650211177758,132.08650211177758
42,26,72.27785219775996,72.27785219775996
42,27,92.2914184558994,92.2914184558994
43,0,75.55018651337211,75.55018651337211
43,1,36.799284297020805,36.799284297020805
43,2,110.06005030827166,110.06005030827166
43,3,102.75167033029206,102.75167033029206
43,4,177.57184432259345,177.57184432259345
43,5,145.88090063135826,145.88090063135826
43,6,148.88949963418102,148.88949963418102
43,7,156.96475737251512,156.96475737251512
43,8,124.23875553316219,124.23875553316219
43,9,144.49215091032926,144.49215091032926
43,10,36.9398116030823,36.9398116030823
43,11,15.231535001012118,15.231535001012118
43,12,109.75411111868124,109.75411111868124
43,13,145.54287149899366,145.54287149899366
43,14,33.30607727823649,33.30607727823649
43,15,19.225593499994204,19.225593499994204
43,16,148.60803476907282,148.60803476907282
43,17,168.13208798848083,168.13208798848083
43,18,59.07972020849223,59.07972020849223
43,19,50.915851506759964,50.915851506759964
43,20,18.018352312718537,18.018352312718537
43,21,20.315844293933985,20.315844293933985
43,22,9.449007218756435,9.449007218756435
43,23,172.6074714292326,172.6074714292326
43,24,122.79968206406058,122.79968206406058
43,25,140.55609352900004,140.55609352900004
43,26,81.6657317132211,81.6657317132211
43,27,86.8167256213939,86.8167256213939
44,0,74.47454682721778,74.47454682721778
44,1,36.49150115696351,36.49150115696351
44,2,112.3990236627221,112.3990236627221
44,3,100.0936733362312,100.0936733362312
44,4,148.70122262441114,148.70122262441114
44,5,86.31025174810131,86.31025174810131
44,6,127.99681047423427,127.99681047423427
44,7,123.20039570261773,123.20039570261773
44,8,126.34417388272632,126.34417388272632
44,9,144.9922827239177,144.9922827239177
44,10,38.63896317407033,38.63896317407033
44,11,13.03472150710996,13.03472150710996
44,12,105.27390863095681,105.27390863095681
44,13,146.91552705424638,146.91552705424638
44,14,36.08712819497289,36.08712819497289
44,15,20.049751438643682,20.049751438643682
44,16,157.57456562033528,157.57456562033528
44,17,165.4239096085792,165.4239096085792
44,18,118.77835418692598,118.77835418692598
44,19,43.5941452626451,43.5941452626451
44,20,13.678183180845377,13.678183180845377
44,21,22.422608260454517,22.422608260454517
44,22,25.780283670087897,25.780283670087897
44,23,170.97642511596285,170.97642511596285
44,24,130.35025584785285,130.35025584785285
44,25,144.04252272064872,144.04252272064872
44,26,88.58156448493254,88.58156448493254
44,27,98.64848370838799,98.64848370838799
45,0,80.94706033931409,80.94706033931409
45,1,39.238207518173716,39.238207518173716
45,2,105.87908882324876,105.87908882324876
45,3,101.73130103209166,101.73130103209166
45,4,142.46555510904895,142.46555510904895
45,5,119.42353304597377,119.42353304597377
45,6,127.50112905194987,127.50112905194987
45,7,98.9612304544882,98.9612304544882
45,8,128.92434307405443,128.92434307405443
45,9,141.77578555879086,141.77578555879086
45,10,35.20167415541001,35.20167415541001
45,11,15.318420732869308,15.318420732869308
45,12,107.76782813332031,107.76782813332031
45,13,144.92921044257622,144.92921044257622
45,14,37.03049771126966,37.03049771126966
45,15,19.75236882455448,19.75236882455448
45,16,152.1886010875387,152.1886010875387
45,17,126.48075648301649,126.48075648301649
45,18,138.04676644938672,138.04676644938672
45,19,64.23025319746733,64.23025319746733
45,20,7.137833164102253,7.137833164102253
45,21,10.104747786906918,10.104747786906918
45,22,22.090674946456044,22.090674946456044
45,23,174.19791357753684,174.19791357753684
45,24,130.8172747331234,130.8172747331234
45,25,140.86704281560932,140.86704281560932
45,26,83.96979937698674,83.96979937698674
45,27,88.73154138595365,88.73154138595365
46,0,79.08269174160718,79.08269174160718
46,1,37.78152474107566,37.78152474107566
46,2,111.62805668083502,111.62805668083502
46,3,97.77768734234218,97.77768734234218
46,4,125.07964793841029,125.07964793841029
46,5,100.9568667874669,100.9568667874669
46,6,117.36154694281501,117.36154694281501
46,7,117.16643530068075,117.16643530068075
46,8,118.9886904040633,118.9886904040633
46,9,144.2102256719762,144.2102256719762
46,10,37.889076123504104,37.889076123504104
46,11,13.459679974849916,13.459679974849916
46,12,107.7089082613951,107.7089082613951
46,13,146.67110762228924,146.67110762228924
46,14,34.40201561510078,34.40201561510078
46,15,19.869212402860853,19.869212402860853
46,16,159.03382925199193,159.03382925199193
46,17,154.19433317838508,154.19433317838508
46,18,132.74246390041293,132.74246390041293
46,19,61.9029548909005,61.9029548909005
46,20,9.896214725209417,9.896214725209417
46,21,18.00440159353341,18.00440159353341
46,22,27.263249965935074,27.263249965935074
46,23,171.60978784589565,171.60978784589565
46,24,129.6848472884962,129.6848472884962
46,25,142.9641548883058,142.9641548883058
46,26,86.3798659559093,86.3798659559093
46,27,89.08481598502951,89.08481598502951
47,0,71.70964475291274,71.70964475291274
47,1,39.70253150775329,39.70253150775329
47,2,111.09357002970583,111.09357002970583
47,3,94.91142664210732,94.91142664210732
47,4,153.9754904545494,153.9754904545494
47,5,124.61825130623983,124.61825130623983
47,6,129.9775387241835,129.9775387241835
47,7,127.76045526129025,127.76045526129025
47,8,127.93050726320297,127.93050726320297
47,9,142.50692370771435,142.50692370771435
47,10,50.76064058345348,50.76064058345348
47,11,13.558510695658718,13.558510695658718
47,12,91.12466288472552,91.12466288472552
47,13,145.00239341941614,145.00239341941614
47,14,38.11469653182099,38.11469653182099
47,15,21.439095884925166,21.439095884925166
47,16,161.42132383328644,161.42132383328644
47,17,149.88874565025523,149.88874565025523
47,18,155.44019100352682,155.44019100352682
47,19,52.82402397959231,52.82402397959231
47,20,11.533067792912355,11.533067792912355
47,21,15.70328711586602,15.70328711586602
47,22,80.02893004890905,80.02893004890905
47,23,161.75336472468578,161.75336472468578
47,24,125.92847404604932,125.92847404604932
47,25,147.65685874127894,147.65685874127894
47,26,92.4025329833005,92.4025329833005
47,27,103.25640163083312,103.25640163083312
48,0,72.16389324956195,72.16389324956195
48,1,38.05054312240341,38.05054312240341
48,2,106.96627110948201,106.96627110948201
48,3,99.46217459725048,99.46217459725048
48,4,171.0181743733763,171.0181743733763
48,5,118.56472650536963,118.56472650536963
48,6,137.85418945416325,137.85418945416325
48,7,154.98464784154328,154.98464784154328
48,8,130.1076893251262,130.1076893251262
48,9,144.93171285081135,144.93171285081135
48,10,54.98401472133825,54.98401472133825
48,11,10.545126386428405,10.545126386428405
48,12,86.9681686252477,86.9681686252477
48,13,151.55311787234342,151.55311787234342
48,14,38.04781665341409,38.04781665341409
48,15,17.901755741228158,17.901755741228158
48,16,166.51349527368595,166.51349527368595
48,17,165.90287489642293,165.90287489642293
48,18,101.82607799468173,101.82607799468173
48,19,56.11986156739732,56.11986156739732
48,20,17.860307683644358,17.860307683644358
48,21,29.45463074924459,29.45463074924459
48,22,151.22599413541363,151.22599413541363
48,23,170.69979792767037,170.69979792767037
48,24,123.35668538038237,123.35668538038237
48,25,135.7795018962103,135.7795018962103
48,26,71.54461109804127,71.54461109804127
48,27,84.30323999521653,84.30323999521653
49,0,71.61325167468385,71.61325167468385
49,1,35.24171092257602,35.24171092257602
49,2,111.98257924191086,111.98257924191086
49,3,97.85573491879823,97.85573491879823
49,4,172.17253683627672,172.17253683627672
49,5,88.73162259456988,88.73162259456988
49,6,134.9187977081374,134.9187977081374
49,7,68.0510329045601,68.0510329045601
49,8,128.6963029216998,128.6963029216998
49,9,146.71486521886612,146.71486521886612
49,10,54.009700654923634,54.009700654923634
49,11,9.348026030409718,9.348026030409718
49,12,86.76928913350497,86.76928913350497
49,13,157.7715612017718,157.7715612017718
49,14,39.221010211571354,39.221010211571354
49,15,12.880412767818507,12.880412767818507
49,16,171.89290977478254,171.89290977478254
49,17,144.04547064144856,144.04547064144856
49,18,63.94267863048623,63.94267863048623
49,19,57.22292366493005,57.22292366493005
49,20,38.133324040134106,38.133324040134106
49,21,11.401058668135148,11.401058668135148
49,22,157.40596048291704,157.40596048291704
49,23,162.56676624325942,162.56676624325942
49,24,117.77944892222504,117.77944892222504
49,25,132.0375768675636,132.0375768675636
49,26,64.9768680476023,64.9768680476023
49,27,79.38182890288768,79.38182890288768
50,0,77.01669337852061,77.01669337852061
50,1,38.4625426871003,38.4625426871003
50,2,110.02275143362651,110.02275143362651
50,3,96.97429241978801,96.97429241978801
50,4,157.20850643523883,157.20850643523883
50,5,90.96984579088875,90.96984579088875
50,6,139.43455857934728,139.43455857934728
50,7,114.8536971963938,114.8536971963938
50,8,127.27060377815877,127.27060377815877
50,9,142.88063534749054,142.88063534749054
50,10,54.26650692506295,54.26650692506295
50,11,11.396998409244365,11.396998409244365
50,12,86.10354039262648,86.10354039262648
50,13,147.90685307797406,147.90685307797406
50,14,39.629952682310524,39.629952682310524
50,15,20.69614851278152,20.69614851278152
50,16,140.01905605370794,140.01905605370794
50,17,151.26766030233705,151.26766030233705
50,18,115.04949351577832,115.04949351577832
50,19,58.818909905931775,58.818909905931775
50,20,10.168734387757423,10.168734387757423
50,21,21.543687767303073,21.543687767303073
50,22,161.5299396768393,161.5299396768393
50,23,170.2438605596245,170.2438605596245
50,24,139.15888834800745,139.15888834800745
50,25,129.7687944897336,129.7687944897336
50,26,83.07287250196849,83.07287250196849
50,27,105.7917065726352,105.7917065726352
51,0,97.02771618187904,97.02771618187904
51,1,38.20540301620483,38.20540301620483
51,2,110.27915406415869,110.27915406415869
51,3,100.66845010098845,100.66845010098845
51,4,166.0259613678489,166.0259613678489
51,5,126.49898525880621,126.49898525880621
51,6,147.5294117876814,147.5294117876814
51,7,102.34392667309868,102.34392667309868
51,8,102.34420698450703,102.34420698450703
51,9,142.82044763228586,142.82044763228586
51,10,23.545134493720308,23.545134493720308
51,11,8.115020309356794,8.115020309356794
51,12,124.4076465571141,124.4076465571141
51,13,154.24507580862746,154.24507580862746
51,14,32.04721894916557,32.04721894916557
51,15,17.639903882015744,17.639903882015744
51,16,178.3002750443038,178.3002750443038
51,17,139.79073682613873,139.79073682613873
51,18,64.76166881219707,64.76166881219707
51,19,55.43676531368477,55.43676531368477
51,20,60.03873976492156,60.03873976492156
51,21,13.766579438747263,13.766579438747263
51,22,102.58028334376698,102.58028334376698
51,23,170.05946185148719,170.05946185148719
51,24,120.39663632134392,120.39663632134392
51,25,132.67093301472914,132.67093301472914
51,26,64.73711541684254,64.73711541684254
51,27,74.4470362529986,74.4470362529986
52,0,27.993446378158147,27.993446378158147
52,1,28.020936333256813,28.020936333256813
52,2,49.231921881787905,49.231921881787905
52,3,9.71975798454023,9.71975798454023
52,4,65.73379605261596,65.73379605261596
52,5,65.09264961920286,65.09264961920286
52,6,116.57001458111534,116.57001458111534
52,7,99.79273365010991,99.79273365010991
52,8,160.6545018312049,160.6545018312049
52,9,111.39704308241909,111.39704308241909
52,10,13.757133323555742,13.757133323555742
52,11,83.86134214702993,83.86134214702993
52,12,136.31091068537964,136.31091068537964
52,13,82.54058150157795,82.54058150157795
52,14,29.93195599106457,29.93195599106457
52,15,13.598076351392129,13.598076351392129
52,16,151.48534512760304,151.48534512760304
52,17,158.09936743491576,158.09936743491576
52,18,79.54444178302245,79.54444178302245
52,19,97.65085521239878,97.65085521239878
52,20,27.57298339867551,27.57298339867551
52,21,26.417153158700465,26.417153158700465
52,22,174.91939590399505,174.91939590399505
52,23,35.04334201247329,35.04334201247329
52,24,98.99318512949412,98.99318512949412
52,25,140.71187517096604,140.71187517096604
52,26,34.28942244644381,34.28942244644381
52,27,30.793821027816705,30.793821027816705
53,0,28.63916998961451,28.63916998961451
53,1,2.128193665065071,2.128193665065071
53,2,48.660297416329854,48.660297416329854
53,3,1.7406325526990312,1.7406325526990312
53,4,81.53687657621475,81.53687657621475
53,5,65.94643339436232,65.94643339436232
53,6,136.39767243853134,136.39767243853134
53,7,100.07644845630793,100.07644845630793
53,8,158.33480351500754,158.33480351500754
53,9,166.25217833311942,166.25217833311942
53,10,14.534698269569263,14.534698269569263
53,11,0.4602944316162618,0.4602944316162618
53,12,136.85091716573507,136.85091716573507
53,13,178.80982149886825,178.80982149886825
53,14,28.614384564695683,28.614384564695683
53,15,0.7298840695154801,0.7298840695154801
53,16,158.24620850469626,158.24620850469626
53,17,151.54475902749763,151.54475902749763
53,18,97.27905345472578,97.27905345472578
53,19,66.39004606885122,66.39004606885122
53,20,16.38511747833816,16.38511747833816
53,21,27.524472756975722,27.524472756975722
53,22,175.3475611504905,175.3475611504905
53,23,50.67848108929081,50.67848108929081
53,24,108.80256186682675,108.80256186682675
53,25,147.89789946107237,147.89789946107237
53,26,43.12922983285993,43.12922983285993
53,27,33.05642708605666,33.05642708605666
54,0,24.378998007004753,24.378998007004753
54,1,25.790958406250958,25.790958406250958
54,2,48.81355059691613,48.81355059691613
54,3,8.634944402995849,8.634944402995849
54,4,86.16703299556775,86.16703299556775
54,5,53.856168897814996,53.856168897814996
54,6,129.04302952785616,129.04302952785616
54,7,92.27542453590627,92.27542453590627
54,8,156.4670380949573,156.4670380949573
54,9,135.0863470743226,135.0863470743226
54,10,14.60715290138288,14.60715290138288
54,11,1.6937250530047636,1.6937250530047636
54,12,136.31695836836818,136.31695836836818
54,13,177.6745600941258,177.6745600941258
54,14,29.07588873024889,29.07588873024889
54,15,0.631714852869397,0.631714852869397
54,16,153.20296794647413,153.20296794647413
54,17,159.17797025947976,159.17797025947976
54,18,85.83569979958378,85.83569979958378
54,19,74.86418082499999,74.86418082499999
54,20,22.956841738170514,22.956841738170514
54,21,33.32315025789718,33.32315025789718
54,22,170.17232502366593,170.17232502366593
54,23,57.02593524321951,57.02593524321951
54,24,101.14787927322175,101.14787927322175
54,25,143.8126479987126,143.8126479987126
54,26,36.25234979881177,36.25234979881177
54,27,39.06634531232237,39.06634531232237
55,0,27.491366251741134,27.491366251741134
55,1,24.989250583947943,24.989250583947943
55,2,47.561572081127046,47.561572081127046
55,3,7.484076406904215,7.484076406904215
55,4,85.8677043090737,85.8677043090737
55,5,54.830892276479005,54.830892276479005
55,6,131.58299949737804,131.58299949737804
55,7,95.83120224414812,95.83120224414812
55,8,160.21662793306828,160.21662793306828
55,9,165.47730020464223,165.47730020464223
55,10,15.883168737672667,15.883168737672667
55,11,99.58556292175716,99.58556292175716
55,12,136.63324101749245,136.63324101749245
55,13,79.60813500396459,79.60813500396459
55,14,27.483590244834886,27.483590244834886
55,15,0.8063020742782506,0.8063020742782506
55,16,154.42106081548113,154.42106081548113
55,17,161.24026533138945,161.24026533138945
55,18,78.71599294294555,78.71599294294555
55,19,86.75395646914376,86.75395646914376
55,20,28.331737411145404,28.331737411145404
55,21,33.671026727429094,33.671026727429094
55,22,170.85721745257086,170.85721745257086
55,23,33.46422769779609,33.46422769779609
55,24,103.05923046988812,103.05923046988812
55,25,136.26006899277786,136.26006899277786
55,26,31.702807250081122,31.702807250081122
55,27,27.822228285832978,27.822228285832978
56,0,26.16452698632439,26.16452698632439
56,1,17.50250340770548,17.50250340770548
56,2,47.58109953604037,47.58109953604037
56,3,2.5413191633640198,2.5413191633640198
56,4,91.76085671637651,91.76085671637651
56,5,66.10361387462768,66.10361387462768
56,6,140.76355298555322,140.76355298555322
56,7,96.66724445107874,96.66724445107874
56,8,160.93556581152123,160.93556581152123
56,9,175.36856984179417,175.36856984179417
56,10,15.66682040996712,15.66682040996712
56,11,1.819163632010024,1.819163632010024
56,12,129.6535704025849,129.6535704025849
56,13,175.71823816786315,175.71823816786315
56,14,34.67960918744802,34.67960918744802
56,15,2.4625982001268034,2.4625982001268034
56,16,155.1135656404311,155.1135656404311
56,17,158.9626824055985,158.9626824055985
56,18,79.68839247577773,79.68839247577773
56,19,62.19290802676178,62.19290802676178
56,20,26.420613960045934,26.420613960045934
56,21,34.44011884999057,34.44011884999057
56,22,163.25604069194873,163.25604069194873
56,23,36.4412591529765,36.4412591529765
56,24,100.69529174128087,100.69529174128087
56,25,123.39968604528434,123.39968604528434
56,26,35.57407065758033,35.57407065758033
56,27,39.44786830223222,39.44786830223222
57,0,26.961829571605545,26.961829571605545
57,1,41.92287181536023,41.92287181536023
57,2,49.02176975637738,49.02176975637738
57,3,34.07374234802904,34.07374234802904
57,4,108.70476870945441,108.70476870945441
57,5,46.71188286253749,46.71188286253749
57,6,140.2547355279595,140.2547355279595
57,7,85.46461654558064,85.46461654558064
57,8,158.47583610474845,158.47583610474845
57,9,59.72186101566297,59.72186101566297
57,10,14.951187457193909,14.951187457193909
57,11,39.56121269593109,39.56121269593109
57,12,133.43221244966963,133.43221244966963
57,13,115.52472692056779,115.52472692056779
57,14,31.616600093136526,31.616600093136526
57,15,24.914060383501106,24.914060383501106
57,16,172.50913681849454,172.50913681849454
57,17,159.50626170784108,159.50626170784108
57,18,91.81544498314501,91.81544498314501
57,19,61.64440467938875,61.64440467938875
57,20,63.156574784720306,63.156574784720306
57,21,37.676360511456416,37.676360511456416
57,22,173.21379656566427,173.21379656566427
57,23,37.90775283103703,37.90775283103703
57,24,96.67523702489996,96.67523702489996
57,25,134.64263195464693,134.64263195464693
57,26,31.25152283819163,31.25152283819163
57,27,31.00579817818118,31.00579817818118
58,0,28.03040516231678,28.03040516231678
58,1,14.803905822891412,14.803905822891412
58,2,48.32589327438698,48.32589327438698
58,3,8.628476147094524,8.628476147094524
58,4,105.9435518457303,105.9435518457303
58,5,38.78585068435754,38.78585068435754
58,6,124.78504248249531,124.78504248249531
58,7,81.32018314654579,81.32018314654579
58,8,157.3879981985137,157.3879981985137
58,9,169.1190235977524,169.1190235977524
58,10,16.18949810694106,16.18949810694106
58,11,4.183483796849116,4.183483796849116
58,12,133.19966757223077,133.19966757223077
58,13,149.1953800479342,149.1953800479342
58,14,30.61083432082819,30.61083432082819
58,15,26.62113615521664,26.62113615521664
58,16,154.24042009115067,154.24042009115067
58,17,158.23304830782615,158.23304830782615
58,18,42.31234680516377,42.31234680516377
58,19,80.77426175233245,80.77426175233245
58,20,28.110173723872037,28.110173723872037
58,21,34.31162813278026,34.31162813278026
58,22,177.37497617476504,177.37497617476504
58,23,43.41577035770097,43.41577035770097
58,24,99.35614911835984,99.35614911835984
58,25,143.05191903770915,143.05191903770915
58,26,34.66145419511569,34.66145419511569
58,27,35.15023250941971,35.15023250941971
59,0,26.19715122664005,26.19715122664005
59,1,21.94921337683032,21.94921337683032
59,2,50.32977038347572,50.32977038347572
59,3,5.050505215211065,5.050505215211065
59,4,103.68901811969937,103.68901811969937
59,5,39.831825852119685,39.831825852119685
59,6,129.55764198543753,129.55764198543753
59,7,91.50522865858044,91.50522865858044
59,8,156.0630313845885,156.0630313845885
59,9,139.55994547499313,139.55994547499313
59,10,15.508853822709746,15.508853822709746
59,11,46.46767863284134,46.46767863284134
59,12,135.54881155282598,135.54881155282598
59,13,131.1262353239056,131.1262353239056
59,14,28.94233462446425,28.94233462446425
59,15,2.4060860432530724,2.4060860432530724
59,16,158.80244505489136,158.80244505489136
59,17,158.76979642255012,158.76979642255012
59,18,37.2691613219855,37.2691613219855
59,19,83.64232285250667,83.64232285250667
59,20,26.954903350987543,26.954903350987543
59,21,31.22336007367743,31.22336007367743
59,22,160.79280790134615,160.79280790134615
59,23,30.847646312855307,30.847646312855307
59,24,91.78800245472542,91.78800245472542
59,25,122.46539310156152,122.46539310156152
59,26,29.040660238360594,29.040660238360594
59,27,37.690279062056845,37.690279062056845
60,0,138.44379608570912,138.44379608570912
60,1,45.032635836099416,45.032635836099416
60,2,91.72593735216289,91.72593735216289
60,3,91.92266217237587,91.92266217237587
60,4,96.6984030985622,96.6984030985622
60,5,175.4886054737022,175.4886054737022
60,6,167.04601322828384,167.04601322828384
60,7,178.31632787008326,178.31632787008326
60,8,61.07075115228821,61.07075115228821
60,9,145.6752223223532,145.6752223223532
60,10,48.24614711256897,48.24614711256897
60,11,7.309508961756993,7.309508961756993
60,12,69.5066596392852,69.5066596392852
60,13,155.7447867652496,155.7447867652496
60,14,62.2471932481458,62.2471932481458
60,15,16.945704272993446,16.945704272993446
60,16,170.5966825331064,170.5966825331064
60,17,168.51727789735108,168.51727789735108
60,18,1.2619647589408316,1.2619647589408316
60,19,11.074198782715483,11.074198782715483
60,20,21.850776947957613,21.850776947957613
60,21,104.05780468760268,104.05780468760268
60,22,113.77229018932971,113.77229018932971
60,23,116.82628666127005,116.82628666127005
60,24,102.2356481807286,102.2356481807286
60,25,127.530174055647,127.530174055647
60,26,37.74870419244853,37.74870419244853
60,27,50.687753912978735,50.687753912978735
61,0,132.7154601593409,132.7154601593409
61,1,15.756723189810769,15.756723189810769
61,2,101.66040287238843,101.66040287238843
61,3,82.55757522153345,82.55757522153345
61,4,89.06936934890342,89.06936934890342
61,5,114.41916090575414,114.41916090575414
61,6,104.7930808990155,104.7930808990155
61,7,145.2488840966429,145.2488840966429
61,8,79.02621433552412,79.02621433552412
61,9,151.06600999520822,151.06600999520822
61,10,57.63427213941582,57.63427213941582
61,11,59.93549848307546,59.93549848307546
61,12,51.856205160946104,51.856205160946104
61,13,116.98187828728761,116.98187828728761
61,14,70.50952269963804,70.50952269963804
61,15,3.082623229636915,3.082623229636915
61,16,151.2120860834305,151.2120860834305
61,17,146.88604626723236,146.88604626723236
61,18,100.71545924196064,100.71545924196064
61,19,77.02948987720896,77.02948987720896
61,20,17.80825701683399,17.80825701683399
61,21,18.073669903405932,18.073669903405932
61,22,45.23053783835968,45.23053783835968
61,23,166.60457728305994,166.60457728305994
61,24,123.69480432857088,123.69480432857088
61,25,126.24325300732642,126.24325300732642
61,26,65.51620908334121,65.51620908334121
61,27,76.11320310518666,76.11320310518666
62,0,142.06651193712415,142.06651193712415
62,1,4.90383822186488,4.90383822186488
62,2,98.07590569222218,98.07590569222218
62,3,69.65615464360481,69.65615464360481
62,4,165.01869967867827,165.01869967867827
62,5,126.54210215636127,126.54210215636127
62,6,116.45616347191752,116.45616347191752
62,7,90.25539465729173,90.25539465729173
62,8,84.32470882922553,84.32470882922553
62,9,166.12779287991768,166.12779287991768
62,10,55.153135915104805,55.153135915104805
62,11,10.566862596176897,10.566862596176897
62,12,40.33235453419553,40.33235453419553
62,13,162.22894884345553,162.22894884345553
62,14,84.51450955069967,84.51450955069967
62,15,7.204188560367584,7.204188560367584
62,16,155.38811209149006,155.38811209149006
62,17,114.81228479356048,114.81228479356048
62,18,143.80093060510717,143.80093060510717
62,19,68.73518185580002,68.73518185580002
62,20,9.883612620890892,9.883612620890892
62,21,10.671566145496007,10.671566145496007
62,22,28.57922718821152,28.57922718821152
62,23,163.20425885664645,163.20425885664645
62,24,110.70633220836969,110.70633220836969
62,25,138.07323024646882,138.07323024646882
62,26,72.45917821450959,72.45917821450959
62,27,68.20234354680494,68.20234354680494
63,0,149.94589861440429,149.94589861440429
63,1,44.55000745796435,44.55000745796435
63,2,89.864103679434,89.864103679434
63,3,57.36680577984885,57.36680577984885
63,4,168.71271999307726,168.71271999307726
63,5,85.68028970739886,85.68028970739886
63,6,143.50803975779874,143.50803975779874
63,7,70.06758987338999,70.06758987338999
63,8,143.40277337360607,143.40277337360607
63,9,165.01881551243343,165.01881551243343
63,10,13.920107913582381,13.920107913582381
63,11,57.60228663120207,57.60228663120207
63,12,44.862755445813036,44.862755445813036
63,13,90.64336281491542,90.64336281491542
63,14,121.21713664060454,121.21713664060454
63,15,31.75435055388249,31.75435055388249
63,16,128.4238793156447,128.4238793156447
63,17,104.16505389732276,104.16505389732276
63,18,112.91057645535169,112.91057645535169
63,19,46.902734085389454,46.902734085389454
63,20,13.490275815081658,13.490275815081658
63,21,20.6884944091331,20.6884944091331
63,22,69.31388622710762,69.31388622710762
63,23,163.2257932283942,163.2257932283942
63,24,125.35239305967681,125.35239305967681
63,25,129.72155978862793,129.72155978862793
63,26,76.04993378486918,76.04993378486918
63,27,78.83298833048148,78.83298833048148
64,0,139.79756109628542,139.79756109628542
64,1,73.00557670396194,73.00557670396194
64,2,80.50530894854724,80.50530894854724
64,3,56.62934280341554,56.62934280341554
64,4,69.2851991246473,69.2851991246473
64,5,87.14486417295949,87.14486417295949
64,6,92.48598577157297,92.48598577157297
64,7,73.05754049792408,73.05754049792408
64,8,161.36391949585834,161.36391949585834
64,9,142.54272228553214,142.54272228553214
64,10,12.501145433616093,12.501145433616093
64,11,36.507985530835796,36.507985530835796
64,12,25.791512745445402,25.791512745445402
64,13,108.29269981490515,108.29269981490515
64,14,141.7073418209385,141.7073418209385
64,15,35.19931465425907,35.19931465425907
64,16,146.06908203230358,146.06908203230358
64,17,134.74683047070627,134.74683047070627
64,18,51.39327480508466,51.39327480508466
64,19,83.90146846392577,83.90146846392577
64,20,22.14546201619577,22.14546201619577
64,21,23.838148099360595,23.838148099360595
64,22,33.06302697440276,33.06302697440276
64,23,158.68526322790777,158.68526322790777
64,24,117.87870017476644,117.87870017476644
64,25,138.07556200383166,138.07556200383166
64,26,81.95007900949707,81.95007900949707
64,27,88.05601812301845,88.05601812301845
65,0,135.41391419627973,135.41391419627973
65,1,83.11337242322469,83.11337242322469
65,2,65.03726155187279,65.03726155187279
65,3,48.491190856473196,48.491190856473196
65,4,47.498257749322136,47.498257749322136
65,5,86.49329551504256,86.49329551504256
65,6,92.71585369916785,92.71585369916785
65,7,79.12231673351343,79.12231673351343
65,8,169.21335791519797,169.21335791519797
65,9,139.91450532432947,139.91450532432947
65,10,11.826327715766329,11.826327715766329
65,11,42.80108895255222,42.80108895255222
65,12,27.311984679962556,27.311984679962556
65,13,104.83753423721912,104.83753423721912
65,14,140.8616876042711,140.8616876042711
65,15,32.361376810228705,32.361376810228705
65,16,158.35352394286747,158.35352394286747
65,17,137.7808772639624,137.7808772639624
65,18,64.46965534186691,64.46965534186691
65,19,96.02174887114734,96.02174887114734
65,20,36.781696519296595,36.781696519296595
65,21,20.23343478510185,20.23343478510185
65,22,39.703040698528866,39.703040698528866
65,23,165.34711664012275,165.34711664012275
65,24,112.76984177914116,112.76984177914116
65,25,134.75217160242437,134.75217160242437
65,26,68.72436327136147,68.72436327136147
65,27,74.64556347257648,74.64556347257648
66,0,139.9931126567384,139.9931126567384
66,1,84.57069233018225,84.57069233018225
66,2,50.531361212076526,50.531361212076526
66,3,45.051409180072234,45.051409180072234
66,4,62.392647102142746,62.392647102142746
66,5,95.0137877545656,95.0137877545656
66,6,96.63389433542314,96.63389433542314
66,7,81.08131731949568,81.08131731949568
66,8,145.5108977116122,145.5108977116122
66,9,141.5481184526151,141.5481184526151
66,10,15.041002698315118,15.041002698315118
66,11,50.846466209586836,50.846466209586836
66,12,44.005640911660834,44.005640911660834
66,13,93.48692746172414,93.48692746172414
66,14,120.95335639002403,120.95335639002403
66,15,35.666606328689,35.666606328689
66,16,161.1192749183831,161.1192749183831
66,17,130.0327436898841,130.0327436898841
66,18,39.212649796890354,39.212649796890354
66,19,107.41977622477097,107.41977622477097
66,20,25.041433795894203,25.041433795894203
66,21,18.87886145634577,18.87886145634577
66,22,8.499251977854442,8.499251977854442
66,23,169.64928334176167,169.64928334176167
66,24,105.59192180545865,105.59192180545865
66,25,133.98797189738897,133.98797189738897
66,26,54.07985529759843,54.07985529759843
66,27,64.01513146545682,64.01513146545682
67,0,137.49080735987152,137.49080735987152
67,1,82.88382351200175,82.88382351200175
67,2,40.69763837965097,40.69763837965097
67,3,45.62914142140314,45.62914142140314
67,4,49.17807470919456,49.17807470919456
67,5,89.8770819798866,89.8770819798866
67,6,87.21459029042848,87.21459029042848
67,7,81.84175020845178,81.84175020845178
67,8,162.53912016917064,162.53912016917064
67,9,143.04293807550647,143.04293807550647
67,10,0.4600439363679583,0.4600439363679583
67,11,42.31045542652278,42.31045542652278
67,12,1.048895982491247,1.048895982491247
67,13,104.37716999632353,104.37716999632353
67,14,178.4910600811408,178.4910600811408
67,15,33.31237457715366,33.31237457715366
67,16,165.0861108960155,165.0861108960155
67,17,160.33039057258688,160.33039057258688
67,18,43.74852925524099,43.74852925524099
67,19,150.41414902515587,150.41414902515587
67,20,33.81095175462053,33.81095175462053
67,21,9.66624127804304,9.66624127804304
67,22,7.799353123496758,7.799353123496758
67,23,169.79803880671977,169.79803880671977
67,24,114.91939686042757,114.91939686042757
67,25,139.5513281965493,139.5513281965493
67,26,66.90382780639449,66.90382780639449
67,27,73.66132450933127,73.66132450933127
68,0,128.75721616482346,128.75721616482346
68,1,79.4982901891131,79.4982901891131
68,2,28.06517657663368,28.06517657663368
68,3,47.46820853287336,47.46820853287336
68,4,49.58614579320209,49.58614579320209
68,5,94.80594364153173,94.80594364153173
68,6,81.10222611492786,81.10222611492786
68,7,84.72167664926474,84.72167664926474
68,8,152.70893481907427,152.70893481907427
68,9,145.88725444487073,145.88725444487073
68,10,1.4991672301390688,1.4991672301390688
68,11,33.865650231841286,33.865650231841286
68,12,3.489909065785991,3.489909065785991
68,13,112.44699271211002,112.44699271211002
68,14,175.01092370407494,175.01092370407494
68,15,33.68735705604871,33.68735705604871
68,16,159.7990225140406,159.7990225140406
68,17,123.90090649711424,123.90090649711424
68,18,50.2702857100185,50.2702857100185
68,19,78.02042800559042,78.02042800559042
68,20,30.289301351620253,30.289301351620253
68,21,19.320227168938477,19.320227168938477
68,22,5.268022500645202,5.268022500645202
68,23,170.84362946132478,170.84362946132478
68,24,117.16480061634869,117.16480061634869
68,25,135.93900711512222,135.93900711512222
68,26,65.67487951229407,65.67487951229407
68,27,61.50453415750975,61.50453415750975
69,0,131.27988123805682,131.27988123805682
69,1,78.06537610221379,78.06537610221379
69,2,24.813631013762325,24.813631013762325
69,3,47.771763980115765,47.771763980115765
69,4,64.18259851759609,64.18259851759609
69,5,89.82920039548027,89.82920039548027
69,6,97.12186656459636,97.12186656459636
69,7,83.72989590803058,83.72989590803058
69,8,125.84034065305838,125.84034065305838
69,9,143.3814106368086,143.3814106368086
69,10,8.554658070555222,8.554658070555222
69,11,39.53242063305201,39.53242063305201
69,12,14.190502937861742,14.190502937861742
69,13,103.09774958189902,103.09774958189902
69,14,157.25483899158303,157.25483899158303
69,15,37.36982978504898,37.36982978504898
69,16,156.8879915282489,156.8879915282489
69,17,125.90462114426948,125.90462114426948
69,18,43.235224405151904,43.235224405151904
69,19,79.8262394186255,79.8262394186255
69,20,24.090888133101178,24.090888133101178
69,21,20.93461128694344,20.93461128694344
69,22,39.07898299092852,39.07898299092852
69,23,168.22204850169075,168.22204850169075
69,24,116.2658912831196,116.2658912831196
69,25,129.07909690344974,129.07909690344974
69,26,66.3417112821346,66.3417112821346
69,27,66.68739677795195,66.68739677795195
70,0,136.83810390532815,136.83810390532815
70,1,76.28030004323186,76.28030004323186
70,2,28.418992622396736,28.418992622396736
70,3,44.92416171802321,44.92416171802321
70,4,44.338666470819874,44.338666470819874
70,5,72.59490722068672,72.59490722068672
70,6,84.36406861330208,84.36406861330208
70,7,89.3523900150948,89.3523900150948
70,8,135.0943162952887,135.0943162952887
70,9,147.35333452893147,147.35333452893147
70,10,3.3062322861752644,3.3062322861752644
70,11,53.22503893365833,53.22503893365833
70,12,8.605654536377445,8.605654536377445
70,13,90.44816468333262,90.44816468333262
70,14,168.0881131774473,168.0881131774473
70,15,36.326796383009025,36.326796383009025
70,16,158.09142128798024,158.09142128798024
70,17,159.99689218783752,159.99689218783752
70,18,59.017648416317364,59.017648416317364
70,19,140.83451130018648,140.83451130018648
70,20,33.067093613114736,33.067093613114736
70,21,6.556737340605267,6.556737340605267
70,22,34.09670687068359,34.09670687068359
70,23,167.04833864074618,167.04833864074618
70,24,123.6368846800641,123.6368846800641
70,25,117.69147724214525,117.69147724214525
70,26,59.81876282224009,59.81876282224009
70,27,53.85325381995203,53.85325381995203
71,0,149.70525001080406,149.70525001080406
71,1,76.74065745990175,76.74065745990175
71,2,36.5094681859278,36.5094681859278
71,3,47.523848834453005,47.523848834453005
71,4,53.73875543784027,53.73875543784027
71,5,91.23121517199168,91.23121517199168
71,6,93.4738504042561,93.4738504042561
71,7,88.07731278401333,88.07731278401333
71,8,154.0387544095481,154.0387544095481
71,9,146.43249307195572,146.43249307195572
71,10,3.053689930175056,3.053689930175056
71,11,60.68395307152472,60.68395307152472
71,12,6.4660963318376385,6.4660963318376385
71,13,80.50152320604342,80.50152320604342
71,14,170.4802137379873,170.4802137379873
71,15,38.814523722431886,38.814523722431886
71,16,155.9907215346261,155.9907215346261
71,17,116.76360723339613,116.76360723339613
71,18,48.47999692452126,48.47999692452126
71,19,67.24868517294198,67.24868517294198
71,20,26.268404784652997,26.268404784652997
71,21,22.14889939534028,22.14889939534028
71,22,3.681943047585295,3.681943047585295
71,23,168.33404726257038,168.33404726257038
71,24,129.311533949237,129.311533949237
71,25,125.13823467201541,125.13823467201541
71,26,64.76029865342079,64.76029865342079
71,27,43.01316133265353,43.01316133265353
72,0,146.57652849923647,146.57652849923647
72,1,80.00473669001781,80.00473669001781
72,2,41.45546835965084,41.45546835965084
72,3,52.84695660760526,52.84695660760526
72,4,46.235333154216505,46.235333154216505
72,5,94.44255462205163,94.44255462205163
72,6,88.72755175986713,88.72755175986713
72,7,84.51504456302725,84.51504456302725
72,8,119.38732240965984,119.38732240965984
72,9,147.38311317974762,147.38311317974762
72,10,7.964595511891449,7.964595511891449
72,11,49.73812871828442,49.73812871828442
72,12,10.00640301671449,10.00640301671449
72,13,92.3637661794296,92.3637661794296
72,14,162.02900147139405,162.02900147139405
72,15,37.89810510228591,37.89810510228591
72,16,156.97223495481558,156.97223495481558
72,17,126.95732485153346,126.95732485153346
72,18,66.63967956044664,66.63967956044664
72,19,71.68622680672672,71.68622680672672
72,20,34.210974243582065,34.210974243582065
72,21,19.375389106705956,19.375389106705956
72,22,4.605456579023667,4.605456579023667
72,23,166.32205393650537,166.32205393650537
72,24,129.09062143977448,129.09062143977448
72,25,129.33018260573465,129.33018260573465
72,26,66.06797761662804,66.06797761662804
72,27,39.551228390142995,39.551228390142995
73,0,0.6086014911448301,0.6086014911448301
73,1,106.98272990055936,106.98272990055936
73,2,27.598257166510454,27.598257166510454
73,3,2.575337150032313,2.575337150032313
73,4,66.82972257546514,66.82972257546514
73,5,148.5592526141694,148.5592526141694
73,6,170.7693163776587,170.7693163776587
73,7,102.23325325754917,102.23325325754917
73,8,179.91318699276727,179.91318699276727
73,9,97.72760113601582,97.72760113601582
73,10,6.027668517853863,6.027668517853863
73,11,91.24284905565143,91.24284905565143
73,12,165.33355161990684,165.33355161990684
73,13,37.91379295731259,37.91379295731259
73,14,8.638779862239293,8.638779862239293
73,15,50.843357987035986,50.843357987035986
73,16,157.37056022456775,157.37056022456775
73,17,145.67373533553342,145.67373533553342
73,18,51.536639324987114,51.536639324987114
73,19,112.68595559070201,112.68595559070201
73,20,44.26034397868723,44.26034397868723
73,21,13.283029086864035,13.283029086864035
73,22,82.83835736512837,82.83835736512837
73,23,49.77657713433557,49.77657713433557
73,24,37.89753941853121,37.89753941853121
73,25,140.61493135471824,140.61493135471824
73,26,19.16611045234946,19.16611045234946
73,27,32.04347489271453,32.04347489271453
74,0,0.0,0.0
74,1,0.0,0.0
74,2,0.0,0.0
74,3,0.0,0.0
74,4,0.0,0.0
74,5,0.0,0.0
74,6,0.0,0.0
74,7,0.0,0.0
74,8,0.0,0.0
74,9,0.0,0.0
74,10,0.0,0.0
74,11,0.0,0.0
74,12,0.0,0.0
74,13,0.0,0.0
74,14,0.0,0.0
74,15,0.0,0.0
74,16,0.0,0.0
74,17,0.0,0.0
74,18,0.0,0.0
74,19,0.0,0.0
74,20,0.0,0.0
74,21,0.0,0.0
74,22,0.0,0.0
74,23,0.0,0.0
74,24,0.0,0.0
74,25,0.0,0.0
74,26,0.0,0.0
74,27,0.0,0.0
75,0,0.0,0.0
75,1,0.0,0.0
75,2,0.0,0.0
75,3,0.0,0.0
75,4,0.0,0.0
75,5,0.0,0.0
75,6,0.0,0.0
75,7,0.0,0.0
75,8,0.0,0.0
75,9,0.0,0.0
75,10,0.0,0.0
75,11,0.0,0.0
75,12,0.0,0.0
75,13,0.0,0.0
75,14,0.0,0.0
75,15,0.0,0.0
75,16,0.0,0.0
75,17,0.0,0.0
75,18,0.0,0.0
75,19,0.0,0.0
75,20,0.0,0.0
75,21,0.0,0.0
75,22,0.0,0.0
75,23,0.0,0.0
75,24,0.0,0.0
75,25,0.0,0.0
75,26,0.0,0.0
75,27,0.0,0.0
76,0,0.0,0.0
76,1,0.0,0.0
76,2,0.0,0.0
76,3,0.0,0.0
76,4,0.0,0.0
76,5,0.0,0.0
76,6,0.0,0.0
76,7,0.0,0.0
76,8,0.0,0.0
76,9,0.0,0.0
76,10,0.0,0.0
76,11,0.0,0.0
76,12,0.0,0.0
76,13,0.0,0.0
76,14,0.0,0.0
76,15,0.0,0.0
76,16,0.0,0.0
76,17,0.0,0.0
76,18,0.0,0.0
76,19,0.0,0.0
76,20,0.0,0.0
76,21,0.0,0.0
76,22,0.0,0.0
76,23,0.0,0.0
76,24,0.0,0.0
76,25,0.0,0.0
76,26,0.0,0.0
76,27,0.0,0.0
77,0,0.0,0.0
77,1,0.0,0.0
77,2,0.0,0.0
77,3,0.0,0.0
77,4,0.0,0.0
77,5,0.0,0.0
77,6,0.0,0.0
77,7,0.0,0.0
77,8,0.0,0.0
77,9,0.0,0.0
77,10,0.0,0.0
77,11,0.0,0.0
77,12,0.0,0.0
77,13,0.0,0.0
77,14,0.0,0.0
77,15,0.0,0.0
77,16,0.0,0.0
77,17,0.0,0.0
77,18,0.0,0.0
77,19,0.0,0.0
77,20,0.0,0.0
77,21,0.0,0.0
77,22,0.0,0.0
77,23,0.0,0.0
77,24,0.0,0.0
77,25,0.0,0.0
77,26,0.0,0.0
77,27,0.0,0.0
78,0,146.11717052075613,146.11717052075613
78,1,79.78686387353798,79.78686387353798
78,2,51.578807050547006,51.578807050547006
78,3,41.66287152244974,41.66287152244974
78,4,53.62032171148019,53.62032171148019
78,5,97.69015353077623,97.69015353077623
78,6,97.20153141323472,97.20153141323472
78,7,94.5304821398229,94.5304821398229
78,8,163.6916805569602,163.6916805569602
78,9,146.0373982383713,146.0373982383713
78,10,5.153270046584537,5.153270046584537
78,11,54.582137861752926,54.582137861752926
78,12,9.864907242971311,9.864907242971311
78,13,87.45767373796356,87.45767373796356
78,14,164.98182271044413,164.98182271044413
78,15,37.96018840028347,37.96018840028347
78,16,160.5292818201583,160.5292818201583
78,17,127.90655923646935,127.90655923646935
78,18,64.64825566763632,64.64825566763632
78,19,76.15718139265482,76.15718139265482
78,20,33.781904548668365,33.781904548668365
78,21,18.969133963345882,18.969133963345882
78,22,24.662837130205208,24.662837130205208
78,23,168.74529659641186,168.74529659641186
78,24,144.12140231207817,144.12140231207817
78,25,124.73770162261809,124.73770162261809
78,26,73.52586463790577,73.52586463790577
78,27,56.97147965023646,56.97147965023646
79,0,171.08973757183122,171.08973757183122
79,1,123.27816677325642,123.27816677325642
79,2,34.71610958503989,34.71610958503989
79,3,28.117062962274904,28.117062962274904
79,4,179.6865180008842,179.6865180008842
79,5,166.61317146743033,166.61317146743033
79,6,172.5542834407169,172.5542834407169
79,7,176.20174908425244,176.20174908425244
79,8,132.94906286965124,132.94906286965124
79,9,125.37410892425115,125.37410892425115
79,10,20.16252977001747,20.16252977001747
79,11,49.71714080744874,49.71714080744874
79,12,21.86210861654786,21.86210861654786
79,13,65.67537440799892,65.67537440799892
79,14,137.97536161343467,137.97536161343467
79,15,64.60748478455235,64.60748478455235
79,16,150.68429943302002,150.68429943302002
79,17,168.81801835753163,168.81801835753163
79,18,118.75974933286662,118.75974933286662
79,19,173.93272183238201,173.93272183238201
79,20,24.82893254356184,24.82893254356184
79,21,0.4227730228473448,0.4227730228473448
79,22,92.34726682163343,92.34726682163343
79,23,168.35759567576082,168.35759567576082
79,24,115.36910649116035,115.36910649116035
79,25,116.57431666524383,116.57431666524383
79,26,20.696763604017306,20.696763604017306
79,27,95.00539087001152,95.00539087001152
80,0,164.90922701671386,164.90922701671386
80,1,95.82599233015272,95.82599233015272
80,2,36.895339455218505,36.895339455218505
80,3,70.27084174495549,70.27084174495549
80,4,3.9679946646474806,3.9679946646474806
80,5,63.30521354714686,63.30521354714686
80,6,140.15825139213192,140.15825139213192
80,7,166.74951196543265,166.74951196543265
80,8,119.99365328836245,119.99365328836245
80,9,147.1839746911992,147.1839746911992
80,10,10.523411571046339,10.523411571046339
80,11,48.52879698442587,48.52879698442587
80,12,10.06093356867651,10.06093356867651
80,13,90.91841430189127,90.91841430189127
80,14,159.41565486027716,159.41565486027716
80,15,40.55278871368288,40.55278871368288
80,16,179.5356403823173,179.5356403823173
80,17,132.3422032392888,132.3422032392888
80,18,6.63273706849651,6.63273706849651
80,19,22.54917189588826,22.54917189588826
80,20,2.225283298082301,2.225283298082301
80,21,4.595663235546162,4.595663235546162
80,22,93.89503544596342,93.89503544596342
80,23,155.45925460043694,155.45925460043694
80,24,122.7236337454786,122.7236337454786
80,25,128.86201035980102,128.86201035980102
80,26,47.56793390947076,47.56793390947076
80,27,155.3889277879434,155.3889277879434
81,0,159.0452389888271,159.0452389888271
81,1,54.82472607408907,54.82472607408907
81,2,48.46543186176781,48.46543186176781
81,3,107.35792071813052,107.35792071813052
81,4,132.8011609787125,132.8011609787125
81,5,171.10720599901921,171.10720599901921
81,6,143.17054357635112,143.17054357635112
81,7,172.73510545645826,172.73510545645826
81,8,103.88290121933251,103.88290121933251
81,9,152.06461492615958,152.06461492615958
81,10,10.67740214652424,10.67740214652424
81,11,21.48070372528628,21.48070372528628
81,12,5.311914292511617,5.311914292511617
81,13,82.49645606958303,82.49645606958303
81,14,164.01068356096417,164.01068356096417
81,15,76.02284020513069,76.02284020513069
81,16,44.532183427210256,44.532183427210256
81,17,108.76577436556857,108.76577436556857
81,18,14.98437397637268,14.98437397637268
81,19,101.29395418248238,101.29395418248238
81,20,1.0476269626376724,1.0476269626376724
81,21,4.039250281843851,4.039250281843851
81,22,87.19712224521133,87.19712224521133
81,23,177.32022250658753,177.32022250658753
81,24,102.49727382689292,102.49727382689292
81,25,120.9983895060881,120.9983895060881
81,26,39.8000906880962,39.8000906880962
81,27,161.7693540143502,161.7693540143502
82,0,152.59204033125408,152.59204033125408
82,1,58.760261477814474,58.760261477814474
82,2,46.03563156758285,46.03563156758285
82,3,98.90751844470057,98.90751844470057
82,4,147.54527649538807,147.54527649538807
82,5,163.03271172308928,163.03271172308928
82,6,141.07996229294687,141.07996229294687
82,7,171.48504953669075,171.48504953669075
82,8,88.22167722658352,88.22167722658352
82,9,166.8909534219464,166.8909534219464
82,10,63.38028893769572,63.38028893769572
82,11,12.30415003361683,12.30415003361683
82,12,23.021775576367883,23.021775576367883
82,13,48.80516788875067,48.80516788875067
82,14,93.59793548593643,93.59793548593643
82,15,118.89068207763249,118.89068207763249
82,16,105.54232056528504,105.54232056528504
82,17,77.5251649344535,77.5251649344535
82,18,83.64760648292247,83.64760648292247
82,19,59.22651787405586,59.22651787405586
82,20,3.0400100800620926,3.0400100800620926
82,21,3.823077481594951,3.823077481594951
82,22,77.21957028879254,77.21957028879254
82,23,168.87990370908494,168.87990370908494
82,24,90.78462382941962,90.78462382941962
82,25,149.07850569031802,149.07850569031802
82,26,38.50387648891048,38.50387648891048
82,27,127.60025309593811,127.60025309593811
83,0,91.06592921592862,91.06592921592862
83,1,152.06676658164062,152.06676658164062
83,2,59.85063168382787,59.85063168382787
83,3,51.70845016956338,51.70845016956338
83,4,157.64054904095357,157.64054904095357
83,5,165.54734085966425,165.54734085966425
83,6,164.2354910507073,164.2354910507073
83,7,133.90720309407322,133.90720309407322
83,8,167.65493207762424,167.65493207762424
83,9,55.892858299123,55.892858299123
83,10,54.9339407658224,54.9339407658224
83,11,38.07643192898792,38.07643192898792
83,12,114.99681317123249,114.99681317123249
83,13,12.391488760155461,12.391488760155461
83,14,10.069246062945085,10.069246062945085
83,15,129.53207931085663,129.53207931085663
83,16,175.51316579572503,175.51316579572503
83,17,164.91623365720702,164.91623365720702
83,18,68.66011114248222,68.66011114248222
83,19,47.160772571352254,47.160772571352254
83,20,70.27530354752386,70.27530354752386
83,21,54.96524376708497,54.96524376708497
83,22,143.44703639636776,143.44703639636776
83,23,105.29221516553785,105.29221516553785
83,24,146.788179773795,146.788179773795
83,25,138.6645200457989,138.6645200457989
83,26,120.39239536933246,120.39239536933246
83,27,134.23614435557732,134.23614435557732
84,0,155.87327667056502,155.87327667056502
84,1,137.1659004742224,137.1659004742224
84,2,13.406150705381279,13.406150705381279
84,3,14.900437438695292,14.900437438695292
84,4,170.40354971395666,170.40354971395666
84,5,167.81296363953786,167.81296363953786
84,6,168.40933309369814,168.40933309369814
84,7,150.81565908016373,150.81565908016373
84,8,159.8646645066679,159.8646645066679
84,9,77.37394222453729,77.37394222453729
84,10,20.489759080643125,20.489759080643125
84,11,62.27444456386913,62.27444456386913
84,12,62.775013722605706,62.775013722605706
84,13,36.027829306689384,36.027829306689384
84,14,96.73522719675117,96.73522719675117
84,15,81.69772612944153,81.69772612944153
84,16,179.8656454614502,179.8656454614502
84,17,173.7541932920838,173.7541932920838
84,18,108.14854985200851,108.14854985200851
84,19,125.77088527335184,125.77088527335184
84,20,47.27566392217888,47.27566392217888
84,21,23.412830697172616,23.412830697172616
84,22,174.90753682974616,174.90753682974616
84,23,10.788103597864376,10.788103597864376
84,24,163.18760493673014,163.18760493673014
84,25,65.8110157777569,65.8110157777569
84,26,35.67423738729786,35.67423738729786
84,27,101.80950253537475,101.80950253537475
85,0,72.65832873169238,72.65832873169238
85,1,169.35063417287435,169.35063417287435
85,2,85.66901787934654,85.66901787934654
85,3,51.06144909699469,51.06144909699469
85,4,177.48829679641415,177.48829679641415
85,5,130.5476222821451,130.5476222821451
85,6,179.43041920751602,179.43041920751602
85,7,108.90464354687629,108.90464354687629
85,8,170.93701703005274,170.93701703005274
85,9,10.199591019814676,10.199591019814676
85,10,70.62884899949091,70.62884899949091
85,11,152.10929271805549,152.10929271805549
85,12,90.28253625672336,90.28253625672336
85,13,10.473556699052914,10.473556699052914
85,14,19.08861474378572,19.08861474378572
85,15,17.417150582891566,17.417150582891566
85,16,172.5028805509364,172.5028805509364
85,17,158.35332999526068,158.35332999526068
85,18,58.48400213498249,58.48400213498249
85,19,44.04867323377584,44.04867323377584
85,20,63.40879591707899,63.40879591707899
85,21,40.230721855047975,40.230721855047975
85,22,155.14648857116507,155.14648857116507
85,23,163.98002385474354,163.98002385474354
85,24,168.57043889325863,168.57043889325863
85,25,139.35793228657084,139.35793228657084
85,26,135.1644340928753,135.1644340928753
85,27,138.79594294137513,138.79594294137513
86,0,152.89576956829384,152.89576956829384
86,1,109.79423017214027,109.79423017214027
86,2,18.158788135343446,18.158788135343446
86,3,22.857983216559813,22.857983216559813
86,4,169.60224493479956,169.60224493479956
86,5,166.8052689894696,166.8052689894696
86,6,153.0375201062256,153.0375201062256
86,7,163.5804441894015,163.5804441894015
86,8,78.50647337321168,78.50647337321168
86,9,114.77583367893644,114.77583367893644
86,10,84.93500596549686,84.93500596549686
86,11,65.83106646547442,65.83106646547442
86,12,36.16705569389825,36.16705569389825
86,13,59.617232227514926,59.617232227514926
86,14,58.89793834060488,58.89793834060488
86,15,54.55170130701064,54.55170130701064
86,16,171.17183842973392,171.17183842973392
86,17,171.5284556884305,171.5284556884305
86,18,155.1209406087794,155.1209406087794
86,19,164.55327555992832,164.55327555992832
86,20,9.124348139341173,9.124348139341173
86,21,5.033436144870755,5.033436144870755
86,22,96.90060801657917,96.90060801657917
86,23,151.58312587923567,151.58312587923567
86,24,104.831350143491,104.831350143491
86,25,141.90700612109944,141.90700612109944
86,26,25.365265368846636,25.365265368846636
86,27,153.77528664496387,153.77528664496387
87,0,168.60255153661345,168.60255153661345
87,1,160.25070490417937,160.25070490417937
87,2,9.444467642800713,9.444467642800713
87,3,22.307330483521014,22.307330483521014
87,4,179.78223872724536,179.78223872724536
87,5,161.30427063232597,161.30427063232597
87,6,176.498403159994,176.498403159994
87,7,141.2838024398944,141.2838024398944
87,8,78.114668105599,78.114668105599
87,9,19.329936523089216,19.329936523089216
87,10,0.60889105552824,0.60889105552824
87,11,134.05200464118118,134.05200464118118
87,12,0.15650508591195975,0.15650508591195975
87,13,15.873562139739379,15.873562139739379
87,14,179.2346038585598,179.2346038585598
87,15,30.074433219079413,30.074433219079413
87,16,173.47368177155883,173.47368177155883
87,17,178.31856135853627,178.31856135853627
87,18,11.808612556870287,11.808612556870287
87,19,174.42702319196903,174.42702319196903
87,20,150.44182004996344,150.44182004996344
87,21,3.7127732978445116,3.7127732978445116
87,22,168.8093396660162,168.8093396660162
87,23,21.855883522970366,21.855883522970366
87,24,168.35986542045939,168.35986542045939
87,25,29.42056972263697,29.42056972263697
87,26,11.257257862323824,11.257257862323824
87,27,18.186874150322403,18.186874150322403
88,0,153.58668081193915,153.58668081193915
88,1,121.75694763193283,121.75694763193283
88,2,23.253503153337025,23.253503153337025
88,3,33.00498028717257,33.00498028717257
88,4,107.61377489488093,107.61377489488093
88,5,141.01224887811367,141.01224887811367
88,6,143.43446525101342,143.43446525101342
88,7,149.5332105769849,149.5332105769849
88,8,85.6740578980629,85.6740578980629
88,9,109.18367223482282,109.18367223482282
88,10,65.19778917602653,65.19778917602653
88,11,67.35485297673642,67.35485297673642
88,12,48.696753109100534,48.696753109100534
88,13,43.95100404462546,43.95100404462546
88,14,66.10545771487294,66.10545771487294
88,15,68.69414297863814,68.69414297863814
88,16,172.93391481394355,172.93391481394355
88,17,127.2345946771738,127.2345946771738
88,18,161.7793622807237,161.7793622807237
88,19,109.04579046234008,109.04579046234008
88,20,8.585774554466328,8.585774554466328
88,21,3.3621609030286295,3.3621609030286295
88,22,149.19252940623227,149.19252940623227
88,23,166.75289088735704,166.75289088735704
88,24,173.00669555417898,173.00669555417898
88,25,170.605375523117,170.605375523117
88,26,47.28479215903896,47.28479215903896
88,27,59.94228421208329,59.94228421208329
89,0,116.60521734974446,116.60521734974446
89,1,77.07499404073417,77.07499404073417
89,2,28.13835799851649,28.13835799851649
89,3,44.43159252422431,44.43159252422431
89,4,62.435496798542374,62.435496798542374
89,5,130.19529544239322,130.19529544239322
89,6,138.97382438966886,138.97382438966886
89,7,131.84074240123226,131.84074240123226
89,8,105.17870192386523,105.17870192386523
89,9,11.29073712306548,11.29073712306548
89,10,102.57571804981765,102.57571804981765
89,11,36.30053620690131,36.30053620690131
89,12,24.721129395215435,24.721129395215435
89,13,79.10212169096242,79.10212169096242
89,14,52.70315255496692,52.70315255496692
89,15,64.59734210213624,64.59734210213624
89,16,125.64455214245224,125.64455214245224
89,17,87.5950198043734,87.5950198043734
89,18,42.59332352763215,42.59332352763215
89,19,78.73489542306771,78.73489542306771
89,20,18.81009444348322,18.81009444348322
89,21,1.3544623127416737,1.3544623127416737
89,22,95.55406811275151,95.55406811275151
89,23,127.98340128537686,127.98340128537686
89,24,113.22412412471468,113.22412412471468
89,25,68.72422314037146,68.72422314037146
89,26,59.78864159076902,59.78864159076902
89,27,75.4994470057672,75.4994470057672
90,0,114.99614562598671,114.99614562598671
90,1,103.86394897089139,103.86394897089139
90,2,36.9179655326657,36.9179655326657
90,3,69.4237796174391,69.4237796174391
90,4,35.3938786711949,35.3938786711949
90,5,162.52548939511237,162.52548939511237
90,6,130.63011247356113,130.63011247356113
90,7,163.93695677041651,163.93695677041651
90,8,104.7206105637345,104.7206105637345
90,9,149.5068687376653,149.5068687376653
90,10,93.75700717643296,93.75700717643296
90,11,44.53557273420677,44.53557273420677
90,12,48.18026584811052,48.18026584811052
90,13,89.69601631961932,89.69601631961932
90,14,38.06272697545652,38.06272697545652
90,15,45.768410946173965,45.768410946173965
90,16,138.63170861214468,138.63170861214468
90,17,21.27011667205279,21.27011667205279
90,18,15.864300886984475,15.864300886984475
90,19,18.257204799862375,18.257204799862375
90,20,5.47413505793109,5.47413505793109
90,21,1.3828437002495486,1.3828437002495486
90,22,114.4265148733904,114.4265148733904
90,23,170.78953584176122,170.78953584176122
90,24,147.47816710798202,147.47816710798202
90,25,137.85429802735217,137.85429802735217
90,26,46.903754692564036,46.903754692564036
90,27,146.2898404621926,146.2898404621926
91,0,141.43221979157207,141.43221979157207
91,1,137.74210179367324,137.74210179367324
91,2,29.410023005356734,29.410023005356734
91,3,20.841088416082,20.841088416082
91,4,26.21187227004041,26.21187227004041
91,5,141.91386459797425,141.91386459797425
91,6,132.49907350936837,132.49907350936837
91,7,142.5613795160158,142.5613795160158
91,8,75.75223449171217,75.75223449171217
91,9,13.684394056972074,13.684394056972074
91,10,92.89870035489089,92.89870035489089
91,11,141.00602940050175,141.00602940050175
91,12,58.76117335291972,58.76117335291972
91,13,34.00575380595607,34.00575380595607
91,14,28.3401262921894,28.3401262921894
91,15,4.988216793542224,4.988216793542224
91,16,144.52008773498824,144.52008773498824
91,17,3.5070521157174945,3.5070521157174945
91,18,47.673638851819554,47.673638851819554
91,19,8.079043841579159,8.079043841579159
91,20,41.270653773224076,41.270653773224076
91,21,1.3236407369763745,1.3236407369763745
91,22,101.08679297246569,101.08679297246569
91,23,132.54741320457285,132.54741320457285
91,24,117.55432793415204,117.55432793415204
91,25,42.41317068823952,42.41317068823952
91,26,48.99941596057915,48.99941596057915
91,27,96.94360501514178,96.94360501514178
92,0,161.60802409661196,161.60802409661196
92,1,142.03262957781664,142.03262957781664
92,2,9.592162071619871,9.592162071619871
92,3,21.097640350678255,21.097640350678255
92,4,7.7756742636248095,7.7756742636248095
92,5,155.21346177959538,155.21346177959538
92,6,156.58965935111814,156.58965935111814
92,7,146.6391118875328,146.6391118875328
92,8,59.510386208936005,59.510386208936005
92,9,34.78388946298355,34.78388946298355
92,10,60.47597729482944,60.47597729482944
92,11,165.77180688207127,165.77180688207127
92,12,27.070887126935247,27.070887126935247
92,13,7.680440135705287,7.680440135705287
92,14,92.45313557823533,92.45313557823533
92,15,6.547752982223442,6.547752982223442
92,16,176.59329590669736,176.59329590669736
92,17,15.90296561946697,15.90296561946697
92,18,13.162493560883945,13.162493560883945
92,19,7.171049842448289,7.171049842448289
92,20,100.12441748155743,100.12441748155743
92,21,1.101903524220938,1.101903524220938
92,22,146.68343013306435,146.68343013306435
92,23,53.03936931384031,53.03936931384031
92,24,23.776154961099863,23.776154961099863
92,25,36.63744980517457,36.63744980517457
92,26,35.035300857088394,35.035300857088394
92,27,30.414487220111546,30.414487220111546
93,0,176.92054622215738,176.92054622215738
93,1,63.98042861301146,63.98042861301146
93,2,12.46530213857851,12.46530213857851
93,3,36.986366336424226,36.986366336424226
93,4,125.91146359487485,125.91146359487485
93,5,161.65484559861105,161.65484559861105
93,6,105.41143686061393,105.41143686061393
93,7,144.53171030949449,144.53171030949449
93,8,139.17635204184938,139.17635204184938
93,9,60.86106380715122,60.86106380715122
93,10,10.635561500890677,10.635561500890677
93,11,128.30191184204185,128.30191184204185
93,12,6.39882043780648,6.39882043780648
93,13,6.5465703600358065,6.5465703600358065
93,14,162.96561806130285,162.96561806130285
93,15,45.151517797922324,45.151517797922324
93,16,156.96373200269036,156.96373200269036
93,17,148.57563031482326,148.57563031482326
93,18,11.019649252485605,11.019649252485605
93,19,111.95787590575976,111.95787590575976
93,20,4.89008365081899,4.89008365081899
93,21,6.8532001653771015,6.8532001653771015
93,22,170.53180708256056,170.53180708256056
93,23,30.81310947038388,30.81310947038388
93,24,133.7469514166975,133.7469514166975
93,25,127.58398576972526,127.58398576972526
93,26,86.42108663604796,86.42108663604796
93,27,1.2031438025085113,1.2031438025085113
94,0,170.76576576397048,170.76576576397048
94,1,73.28894911508617,73.28894911508617
94,2,23.9499277707298,23.9499277707298
94,3,40.86442195635732,40.86442195635732
94,4,12.454043518851279,12.454043518851279
94,5,179.93823956886476,179.93823956886476
94,6,8.829448312814499,8.829448312814499
94,7,148.91145821997233,148.91145821997233
94,8,151.20858228532387,151.20858228532387
94,9,117.36188717978433,117.36188717978433
94,10,6.880151257372359,6.880151257372359
94,11,78.46294943116388,78.46294943116388
94,12,29.034844066181385,29.034844066181385
94,13,59.07574846580623,59.07574846580623
94,14,144.08500467644623,144.08500467644623
94,15,42.46130210302988,42.46130210302988
94,16,156.71221073855253,156.71221073855253
94,17,170.72936096262976,170.72936096262976
94,18,44.433820802733095,44.433820802733095
94,19,119.40752724777383,119.40752724777383
94,20,32.83655556422041,32.83655556422041
94,21,15.121700430819972,15.121700430819972
94,22,175.92310494885987,175.92310494885987
94,23,26.819702686749377,26.819702686749377
94,24,116.60118822260355,116.60118822260355
94,25,131.81332878806896,131.81332878806896
94,26,71.1635437660737,71.1635437660737
94,27,38.69187240736197,38.69187240736197
95,0,175.47297396895124,175.47297396895124
95,1,76.73271487652202,76.73271487652202
95,2,14.118833137198877,14.118833137198877
95,3,35.37535097078876,35.37535097078876
95,4,7.166517397271093,7.166517397271093
95,5,164.96376208005026,164.96376208005026
95,6,7.457085976108001,7.457085976108001
95,7,135.3360085038025,135.3360085038025
95,8,154.6207340436113,154.6207340436113
95,9,110.33717157960021,110.33717157960021
95,10,7.0401021515761695,7.0401021515761695
95,11,84.3194823441583,84.3194823441583
95,12,89.52921881374408,89.52921881374408
95,13,64.24791997760869,64.24791997760869
95,14,83.43067903467976,83.43067903467976
95,15,31.43259767823298,31.43259767823298
95,16,164.41271564922945,164.41271564922945
95,17,165.81453361096303,165.81453361096303
95,18,29.785850172071886,29.785850172071886
95,19,84.95406993743931,84.95406993743931
95,20,25.227027753227418,25.227027753227418
95,21,27.462993053277252,27.462993053277252
95,22,158.89657207161883,158.89657207161883
95,23,32.921156627816536,32.921156627816536
95,24,144.11859351150486,144.11859351150486
95,25,154.3102666061176,154.3102666061176
95,26,104.28614702381114,104.28614702381114
95,27,93.67096487279636,93.67096487279636
96,0,174.03943086560628,174.03943086560628
96,1,130.798299886999,130.798299886999
96,2,12.758266372293747,12.758266372293747
96,3,31.609685340854355,31.609685340854355
96,4,2.298719093545948,2.298719093545948
96,5,122.10253845966216,122.10253845966216
96,6,11.790012625962746,11.790012625962746
96,7,156.2367019561342,156.2367019561342
96,8,49.07036147685946,49.07036147685946
96,9,75.11987649755646,75.11987649755646
96,10,74.72259315519362,74.72259315519362
96,11,104.97492057573633,104.97492057573633
96,12,47.35535388524582,47.35535388524582
96,13,47.346458377944856,47.346458377944856
96,14,57.92205295956056,57.92205295956056
96,15,27.678621046318767,27.678621046318767
96,16,150.94210312990074,150.94210312990074
96,17,170.23663627081416,170.23663627081416
96,18,12.672761184603583,12.672761184603583
96,19,156.57262390067913,156.57262390067913
96,20,11.25813398836412,11.25813398836412
96,21,10.787655429039466,10.787655429039466
96,22,173.0745762014217,173.0745762014217
96,23,74.60069611124358,74.60069611124358
96,24,125.58388227115319,125.58388227115319
96,25,116.7367382388874,116.7367382388874
96,26,28.337484375187174,28.337484375187174
96,27,47.96400880168193,47.96400880168193
97,0,173.7177100699644,173.7177100699644
97,1,142.71106150096023,142.71106150096023
97,2,14.985035551063902,14.985035551063902
97,3,32.60436213292405,32.60436213292405
97,4,93.34099982476747,93.34099982476747
97,5,133.88782653853718,133.88782653853718
97,6,146.6024040444578,146.6024040444578
97,7,152.89582470874606,152.89582470874606
97,8,46.37594495011798,46.37594495011798
97,9,67.66938683992144,67.66938683992144
97,10,72.78115742527528,72.78115742527528
97,11,70.7250143868261,70.7250143868261
97,12,51.93373017657711,51.93373017657711
97,13,74.53635334249145,74.53635334249145
97,14,55.28511239814762,55.28511239814762
97,15,34.73863227068239,34.73863227068239
97,16,151.6087358392179,151.6087358392179
97,17,159.12307481493164,159.12307481493164
97,18,91.82348270575422,91.82348270575422
97,19,133.22609146399105,133.22609146399105
97,20,49.38950955116992,49.38950955116992
97,21,12.816041188662881,12.816041188662881
97,22,95.86410062842609,95.86410062842609
97,23,122.70958415620895,122.70958415620895
97,24,117.97990879922668,117.97990879922668
97,25,33.48903907927488,33.48903907927488
97,26,10.265499186173702,10.265499186173702
97,27,70.36641132770882,70.36641132770882
98,0,162.9416397618069,162.9416397618069
98,1,145.82270763308577,145.82270763308577
98,2,15.283772590775413,15.283772590775413
98,3,31.127040562512434,31.127040562512434
98,4,95.37780279222923,95.37780279222923
98,5,141.88328402469637,141.88328402469637
98,6,166.70270469772572,166.70270469772572
98,7,152.99485380689978,152.99485380689978
98,8,52.62672677531717,52.62672677531717
98,9,62.83730273410058,62.83730273410058
98,10,78.60149391307735,78.60149391307735
98,11,62.65361556735068,62.65361556735068
98,12,51.12812892208157,51.12812892208157
98,13,85.85478190662117,85.85478190662117
98,14,50.270377164841065,50.270377164841065
98,15,31.491602526028203,31.491602526028203
98,16,58.47145328378958,58.47145328378958
98,17,118.78038212261147,118.78038212261147
98,18,13.852309602213994,13.852309602213994
98,19,104.15042363235386,104.15042363235386
98,20,5.4083677217515955,5.4083677217515955
98,21,11.691027688522267,11.691027688522267
98,22,152.1621302863301,152.1621302863301
98,23,10.279623125872062,10.279623125872062
98,24,145.52999771442157,145.52999771442157
98,25,131.06157710493085,131.06157710493085
98,26,54.92713240165387,54.92713240165387
98,27,135.65827610220987,135.65827610220987
99,0,159.1627533131246,159.1627533131246
99,1,144.4363026634987,144.4363026634987
99,2,9.864474348843775,9.864474348843775
99,3,22.487458725153203,22.487458725153203
99,4,124.76121540354929,124.76121540354929
99,5,158.8116619898477,158.8116619898477
99,6,158.74157282606052,158.74157282606052
99,7,151.3990235830545,151.3990235830545
99,8,72.32042355760113,72.32042355760113
99,9,92.77975264665086,92.77975264665086
99,10,75.372949744333,75.372949744333
99,11,55.19810041482304,55.19810041482304
99,12,40.83694803644157,40.83694803644157
99,13,46.22495287702138,46.22495287702138
99,14,63.79010221922545,63.79010221922545
99,15,78.57694670815557,78.57694670815557
99,16,177.58860541683612,177.58860541683612
99,17,143.81146135409443,143.81146135409443
99,18,144.47628410235828,144.47628410235828
99,19,126.55814393409244,126.55814393409244
99,20,11.279744631015378,11.279744631015378
99,21,11.408640223037358,11.408640223037358
99,22,79.24921863428287,79.24921863428287
99,23,157.306814602378,157.306814602378
99,24,49.68743388991862,49.68743388991862
99,25,176.61555884696074,176.61555884696074
99,26,2.68136571310796,2.68136571310796
99,27,126.18461801354727,126.18461801354727
100,0,145.59367746439224,145.59367746439224
100,1,152.44572679962013,152.44572679962013
100,2,4.847978715325295,4.847978715325295
100,3,45.500512398752676,45.500512398752676
100,4,151.36790004898134,151.36790004898134
100,5,174.63252846512412,174.63252846512412
100,6,167.2047814092532,167.2047814092532
100,7,168.45192134529458,168.45192134529458
100,8,94.09473987545431,94.09473987545431
100,9,68.1566708845708,68.1566708845708
100,10,85.70211253821694,85.70211253821694
100,11,109.54421648627866,109.54421648627866
100,12,65.79213549745212,65.79213549745212
100,13,53.67818093309353,53.67818093309353
100,14,28.505751964330976,28.505751964330976
100,15,16.777602580627853,16.777602580627853
100,16,155.26297205096103,155.26297205096103
100,17,166.52593628446118,166.52593628446118
100,18,157.212182736833,157.212182736833
100,19,140.00283379578866,140.00283379578866
100,20,5.022901948244968,5.022901948244968
100,21,12.134948924227018,12.134948924227018
100,22,33.59173959378432,33.59173959378432
100,23,167.58269244022625,167.58269244022625
100,24,134.01605794336956,134.01605794336956
100,25,157.7983735610873,157.7983735610873
100,26,28.020417847848297,28.020417847848297
100,27,29.202957273406486,29.202957273406486
101,0,150.1125795959976,150.1125795959976
101,1,147.24829211025002,147.24829211025002
101,2,2.034620686829562,2.034620686829562
101,3,7.701236758281468,7.701236758281468
101,4,157.72238271745843,157.72238271745843
101,5,179.39889447053037,179.39889447053037
101,6,172.83908167065496,172.83908167065496
101,7,174.34183380328236,174.34183380328236
101,8,79.60751188148377,79.60751188148377
101,9,130.80372924271956,130.80372924271956
101,10,67.88344766764567,67.88344766764567
101,11,34.21307714134419,34.21307714134419
101,12,54.60342552944469,54.60342552944469
101,13,53.74718446720163,53.74718446720163
101,14,57.51312680290965,57.51312680290965
101,15,92.03973839145416,92.03973839145416
101,16,171.49958673712155,171.49958673712155
101,17,152.15845146196085,152.15845146196085
101,18,130.65861589177226,130.65861589177226
101,19,122.3533653556522,122.3533653556522
101,20,15.495042018112088,15.495042018112088
101,21,14.948829843046893,14.948829843046893
101,22,32.42207309119637,32.42207309119637
101,23,149.33133322878555,149.33133322878555
101,24,80.56424698663886,80.56424698663886
101,25,141.57011210152598,141.57011210152598
101,26,15.334146480258998,15.334146480258998
101,27,32.41013466503438,32.41013466503438
102,0,152.14697863617465,152.14697863617465
102,1,154.1783195111293,154.1783195111293
102,2,11.916856120092893,11.916856120092893
102,3,5.67315462276582,5.67315462276582
102,4,152.11647261293407,152.11647261293407
102,5,160.7139210630894,160.7139210630894
102,6,163.81960905955572,163.81960905955572
102,7,176.37861859770098,176.37861859770098
102,8,88.96042938532517,88.96042938532517
102,9,104.9025070098019,104.9025070098019
102,10,58.93523773068355,58.93523773068355
102,11,47.37680634642701,47.37680634642701
102,12,48.827258256094645,48.827258256094645
102,13,40.14067166273238,40.14067166273238
102,14,72.23750401322181,72.23750401322181
102,15,92.48252199084062,92.48252199084062
102,16,166.9684441403532,166.9684441403532
102,17,147.9057931210105,147.9057931210105
102,18,121.20875323180402,121.20875323180402
102,19,88.28642711919053,88.28642711919053
102,20,16.832426212021936,16.832426212021936
102,21,22.128330077402993,22.128330077402993
102,22,104.84948075318638,104.84948075318638
102,23,169.3133256472432,169.3133256472432
102,24,141.2643410392847,141.2643410392847
102,25,146.65511440347714,146.65511440347714
102,26,25.208440980367918,25.208440980367918
102,27,31.60114689295409,31.60114689295409
103,0,167.02655302253945,167.02655302253945
103,1,142.40970352793204,142.40970352793204
103,2,17.343685929840035,17.343685929840035
103,3,25.112474062923013,25.112474062923013
103,4,131.1728921211049,131.1728921211049
103,5,167.87211646877876,167.87211646877876
103,6,149.69130541580898,149.69130541580898
103,7,98.11326657156988,98.11326657156988
103,8,50.51137937471724,50.51137937471724
103,9,115.36113683507928,115.36113683507928
103,10,78.41350171305051,78.41350171305051
103,11,70.58528730825122,70.58528730825122
103,12,49.427415843008625,49.427415843008625
103,13,71.00868783254387,71.00868783254387
103,14,52.159082443940875,52.159082443940875
103,15,38.40602485920488,38.40602485920488
103,16,156.28085076022802,156.28085076022802
103,17,138.92831337336034,138.92831337336034
103,18,10.979835439560818,10.979835439560818
103,19,49.05136270169894,49.05136270169894
103,20,70.01287205290005,70.01287205290005
103,21,21.171379253685636,21.171379253685636
103,22,172.9512415658576,172.9512415658576
103,23,175.9899077838046,175.9899077838046
103,24,45.91818255331011,45.91818255331011
103,25,161.59684447254443,161.59684447254443
103,26,10.166069393182601,10.166069393182601
103,27,23.8128920677574,23.8128920677574
104,0,165.52444785258294,165.52444785258294
104,1,149.73917233782876,149.73917233782876
104,2,18.672585125070583,18.672585125070583
104,3,20.533773897218794,20.533773897218794
104,4,158.1403486201481,158.1403486201481
104,5,169.24881136822285,169.24881136822285
104,6,165.83570099218505,165.83570099218505
104,7,160.42962368303154,160.42962368303154
104,8,66.49671055467611,66.49671055467611
104,9,110.76041587812712,110.76041587812712
104,10,73.20348366033025,73.20348366033025
104,11,43.44394496358468,43.44394496358468
104,12,48.685517892012435,48.685517892012435
104,13,51.64483391473334,51.64483391473334
104,14,58.11099844765732,58.11099844765732
104,15,84.91122112168199,84.91122112168199
104,16,178.2073823472008,178.2073823472008
104,17,170.8646205501979,170.8646205501979
104,18,171.19515012808574,171.19515012808574
104,19,176.87541743718944,176.87541743718944
104,20,3.6444453004698176,3.6444453004698176
104,21,1.3540311193853765,1.3540311193853765
104,22,92.88329679844414,92.88329679844414
104,23,43.91808973834013,43.91808973834013
104,24,133.5471768190162,133.5471768190162
104,25,134.78044332617623,134.78044332617623
104,26,26.427588416990453,26.427588416990453
104,27,21.22004745884148,21.22004745884148
105,0,166.87106448916285,166.87106448916285
105,1,157.14922707154153,157.14922707154153
105,2,17.8544229726789,17.8544229726789
105,3,9.520318679994478,9.520318679994478
105,4,170.47806755181915,170.47806755181915
105,5,160.89225911292095,160.89225911292095
105,6,173.17457112868905,173.17457112868905
105,7,156.74480742290248,156.74480742290248
105,8,73.38576154592579,73.38576154592579
105,9,77.47641253826757,77.47641253826757
105,10,60.86114616138468,60.86114616138468
105,11,60.96269057403975,60.96269057403975
105,12,47.872362308405066,47.872362308405066
105,13,44.15764967851488,44.15764967851488
105,14,71.26649153021026,71.26649153021026
105,15,74.87965974744537,74.87965974744537
105,16,164.24167737972294,164.24167737972294
105,17,127.43982757520797,127.43982757520797
105,18,147.6302068887939,147.6302068887939
105,19,98.33772338757063,98.33772338757063
105,20,9.113276110128634,9.113276110128634
105,21,10.110135265175316,10.110135265175316
105,22,48.25400072353046,48.25400072353046
105,23,51.80436519636834,51.80436519636834
105,24,142.13769827522734,142.13769827522734
105,25,136.22258822206473,136.22258822206473
105,26,17.48373967799761,17.48373967799761
105,27,18.601430633380005,18.601430633380005
106,0,159.77458873000086,159.77458873000086
106,1,142.9689905747901,142.9689905747901
106,2,11.29151589359243,11.29151589359243
106,3,23.529999043941018,23.529999043941018
106,4,161.65361717679843,161.65361717679843
106,5,158.88417299255133,158.88417299255133
106,6,157.40649090277614,157.40649090277614
106,7,177.0162514449113,177.0162514449113
106,8,72.72672050893573,72.72672050893573
106,9,93.05265986747447,93.05265986747447
106,10,71.063490623873,71.063490623873
106,11,63.23932817651002,63.23932817651002
106,12,51.90756262345846,51.90756262345846
106,13,45.60713998999951,45.60713998999951
106,14,57.028946752668574,57.028946752668574
106,15,71.15353183349046,71.15353183349046
106,16,172.9988197653418,172.9988197653418
106,17,171.47009010297458,171.47009010297458
106,18,66.76969401882715,66.76969401882715
106,19,145.21810638029365,145.21810638029365
106,20,65.26474579288164,65.26474579288164
106,21,29.935388786158384,29.935388786158384
106,22,96.54574082652755,96.54574082652755
106,23,38.54823465810011,38.54823465810011
106,24,151.04407702890882,151.04407702890882
106,25,116.23931585203698,116.23931585203698
106,26,18.15540200753862,18.15540200753862
106,27,29.640212441057074,29.640212441057074
107,0,0.0,0.0
107,1,0.0,0.0
107,2,0.0,0.0
107,3,0.0,0.0
107,4,0.0,0.0
107,5,0.0,0.0
107,6,0.0,0.0
107,7,0.0,0.0
107,8,0.0,0.0
107,9,0.0,0.0
107,10,0.0,0.0
107,11,0.0,0.0
107,12,0.0,0.0
107,13,0.0,0.0
107,14,0.0,0.0
107,15,0.0,0.0
107,16,0.0,0.0
107,17,0.0,0.0
107,18,0.0,0.0
107,19,0.0,0.0
107,20,0.0,0.0
107,21,0.0,0.0
107,22,0.0,0.0
107,23,0.0,0.0
107,24,0.0,0.0
107,25,0.0,0.0
107,26,0.0,0.0
107,27,0.0,0.0
108,0,163.27723498942814,163.27723498942814
108,1,119.13796424006895,119.13796424006895
108,2,15.44425763461299,15.44425763461299
108,3,27.306742876449903,27.306742876449903
108,4,169.36650590754073,169.36650590754073
108,5,178.90937721956152,178.90937721956152
108,6,158.16147957346428,158.16147957346428
108,7,146.47675288144717,146.47675288144717
108,8,68.2595149130462,68.2595149130462
108,9,170.5263966609844,170.5263966609844
108,10,64.3049419649698,64.3049419649698
108,11,19.41031804284693,19.41031804284693
108,12,54.2512993248853,54.2512993248853
108,13,45.83033083782376,45.83033083782376
108,14,61.44375871014493,61.44375871014493
108,15,114.75935111932934,114.75935111932934
108,16,178.09781930974103,178.09781930974103
108,17,169.82277643649226,169.82277643649226
108,18,160.269071796199,160.269071796199
108,19,157.74477902960083,157.74477902960083
108,20,9.357089753916442,9.357089753916442
108,21,9.59263397706437,9.59263397706437
108,22,86.71901170988251,86.71901170988251
108,23,13.779856402632955,13.779856402632955
108,24,144.52076059509855,144.52076059509855
108,25,136.44835641632054,136.44835641632054
108,26,23.231871899181815,23.231871899181815
108,27,26.017895115544377,26.017895115544377
109,0,138.18084706187884,138.18084706187884
109,1,178.55045046073226,178.55045046073226
109,2,8.355437752554975,8.355437752554975
109,3,22.32411682244731,22.32411682244731
109,4,157.0687810325258,157.0687810325258
109,5,51.683630916154684,51.683630916154684
109,6,161.47258260755495,161.47258260755495
109,7,115.36450770175655,115.36450770175655
109,8,101.69757479576275,101.69757479576275
109,9,96.95828859903176,96.95828859903176
109,10,65.80389330639969,65.80389330639969
109,11,48.74104029225171,48.74104029225171
109,12,56.54154400418219,56.54154400418219
109,13,9.962992039988901,9.962992039988901
109,14,57.65456268941815,57.65456268941815
109,15,121.29596766775938,121.29596766775938
109,16,153.35767544685933,153.35767544685933
109,17,161.02120707222443,161.02120707222443
109,18,72.14336767179147,72.14336767179147
109,19,52.65579181554369,52.65579181554369
109,20,24.0994256891442,24.0994256891442
109,21,19.871975856379237,19.871975856379237
109,22,158.05030148337784,158.05030148337784
109,23,157.09405812748847,157.09405812748847
109,24,114.88381799502099,114.88381799502099
109,25,104.93703880377045,104.93703880377045
109,26,28.087952897796928,28.087952897796928
109,27,39.88706046805879,39.88706046805879
110,0,158.21768604069894,158.21768604069894
110,1,127.45567927109595,127.45567927109595
110,2,16.819643893234627,16.819643893234627
110,3,21.145342237723696,21.145342237723696
110,4,159.95034848092075,159.95034848092075
110,5,152.16526238234115,152.16526238234115
110,6,154.84493099305712,154.84493099305712
110,7,178.34668347776946,178.34668347776946
110,8,60.13874703731781,60.13874703731781
110,9,91.05374249689069,91.05374249689069
110,10,75.55855184379436,75.55855184379436
110,11,81.72961731706498,81.72961731706498
110,12,65.4214782883884,65.4214782883884
110,13,43.44081639506606,43.44081639506606
110,14,39.01996986781724,39.01996986781724
110,15,54.829566287868964,54.829566287868964
110,16,171.0695729545417,171.0695729545417
110,17,166.5152474534617,166.5152474534617
110,18,62.80072126977192,62.80072126977192
110,19,75.00215997530368,75.00215997530368
110,20,56.858022053723275,56.858022053723275
110,21,62.4343984514047,62.4343984514047
110,22,4.996672940930962,4.996672940930962
110,23,60.5948793261353,60.5948793261353
110,24,132.594228749354,132.594228749354
110,25,130.85395781863542,130.85395781863542
110,26,25.89045299521202,25.89045299521202
110,27,43.744054748186386,43.744054748186386
111,0,143.68157700006233,143.68157700006233
111,1,90.25318672623095,90.25318672623095
111,2,10.534919327199656,10.534919327199656
111,3,28.6697279396015,28.6697279396015
111,4,149.9127906864767,149.9127906864767
111,5,132.31873928030302,132.31873928030302
111,6,148.9212885382404,148.9212885382404
111,7,171.6576277952444,171.6576277952444
111,8,96.98402891883282,96.98402891883282
111,9,111.6736622623438,111.6736622623438
111,10,61.86173080635719,61.86173080635719
111,11,9.743224981479292,9.743224981479292
111,12,66.47850538391094,66.47850538391094
111,13,162.3108068387771,162.3108068387771
111,14,51.65976380973189,51.65976380973189
111,15,7.945968179743545,7.945968179743545
111,16,162.7627798396483,162.7627798396483
111,17,163.36380652614275,163.36380652614275
111,18,73.99133026387153,73.99133026387153
111,19,57.23209165540288,57.23209165540288
111,20,34.15154819183364,34.15154819183364
111,21,35.75486252779452,35.75486252779452
111,22,128.45373499698252,128.45373499698252
111,23,174.62901806229303,174.62901806229303
111,24,75.4559885930313,75.4559885930313
111,25,124.48907947708722,124.48907947708722
111,26,30.28403785998129,30.28403785998129
111,27,38.37999554682921,38.37999554682921
112,0,139.15257957352983,139.15257957352983
112,1,6.28388162695007,6.28388162695007
112,2,9.735923465435263,9.735923465435263
112,3,17.62536764303411,17.62536764303411
112,4,143.39264269718333,143.39264269718333
112,5,131.8128844059648,131.8128844059648
112,6,151.78001480598485,151.78001480598485
112,7,176.61247369881187,176.61247369881187
112,8,93.36025487389345,93.36025487389345
112,9,179.09631736510326,179.09631736510326
112,10,80.91085221199809,80.91085221199809
112,11,1.6662421082691425,1.6662421082691425
112,12,60.84649168800291,60.84649168800291
112,13,175.27265484035405,175.27265484035405
112,14,38.24265609999904,38.24265609999904
112,15,3.0611030513767954,3.0611030513767954
112,16,156.0532816723255,156.0532816723255
112,17,151.62073071720593,151.62073071720593
112,18,95.17546217648494,95.17546217648494
112,19,75.63931724915965,75.63931724915965
112,20,20.7183262159774,20.7183262159774
112,21,24.910117781186432,24.910117781186432
112,22,144.79998743057484,144.79998743057484
112,23,160.342494356575,160.342494356575
112,24,139.63088336376367,139.63088336376367
112,25,88.6864321353029,88.6864321353029
112,26,29.081529579341446,29.081529579341446
112,27,30.526468219650724,30.526468219650724
113,0,0.0,0.0
113,1,0.0,0.0
113,2,0.0,0.0
113,3,0.0,0.0
113,4,0.0,0.0
113,5,0.0,0.0
113,6,0.0,0.0
113,7,0.0,0.0
113,8,0.0,0.0
113,9,0.0,0.0
113,10,0.0,0.0
113,11,0.0,0.0
113,12,0.0,0.0
113,13,0.0,0.0
113,14,0.0,0.0
113,15,0.0,0.0
113,16,0.0,0.0
113,17,0.0,0.0
113,18,0.0,0.0
113,19,0.0,0.0
113,20,0.0,0.0
113,21,0.0,0.0
113,22,0.0,0.0
113,23,0.0,0.0
113,24,0.0,0.0
113,25,0.0,0.0
113,26,0.0,0.0
113,27,0.0,0.0
114,0,0.0,0.0
114,1,0.0,0.0
114,2,0.0,0.0
114,3,0.0,0.0
114,4,0.0,0.0
114,5,0.0,0.0
114,6,0.0,0.0
114,7,0.0,0.0
114,8,0.0,0.0
114,9,0.0,0.0
114,10,0.0,0.0
114,11,0.0,0.0
114,12,0.0,0.0
114,13,0.0,0.0
114,14,0.0,0.0
114,15,0.0,0.0
114,16,0.0,0.0
114,17,0.0,0.0
114,18,0.0,0.0
114,19,0.0,0.0
114,20,0.0,0.0
114,21,0.0,0.0
114,22,0.0,0.0
114,23,0.0,0.0
114,24,0.0,0.0
114,25,0.0,0.0
114,26,0.0,0.0
114,27,0.0,0.0
115,0,0.0,0.0
115,1,0.0,0.0
115,2,0.0,0.0
115,3,0.0,0.0
115,4,0.0,0.0
115,5,0.0,0.0
115,6,0.0,0.0
115,7,0.0,0.0
115,8,0.0,0.0
115,9,0.0,0.0
115,10,0.0,0.0
115,11,0.0,0.0
115,12,0.0,0.0
115,13,0.0,0.0
115,14,0.0,0.0
115,15,0.0,0.0
115,16,0.0,0.0
115,17,0.0,0.0
115,18,0.0,0.0
115,19,0.0,0.0
115,20,0.0,0.0
115,21,0.0,0.0
115,22,0.0,0.0
115,23,0.0,0.0
115,24,0.0,0.0
115,25,0.0,0.0
115,26,0.0,0.0
115,27,0.0,0.0
116,0,0.0,0.0
116,1,0.0,0.0
116,2,0.0,0.0
116,3,0.0,0.0
116,4,0.0,0.0
116,5,0.0,0.0
116,6,0.0,0.0
116,7,0.0,0.0
116,8,0.0,0.0
116,9,0.0,0.0
116,10,0.0,0.0
116,11,0.0,0.0
116,12,0.0,0.0
116,13,0.0,0.0
116,14,0.0,0.0
116,15,0.0,0.0
116,16,0.0,0.0
116,17,0.0,0.0
116,18,0.0,0.0
116,19,0.0,0.0
116,20,0.0,0.0
116,21,0.0,0.0
116,22,0.0,0.0
116,23,0.0,0.0
116,24,0.0,0.0
116,25,0.0,0.0
116,26,0.0,0.0
116,27,0.0,0.0
117,0,0.0,0.0
117,1,0.0,0.0
117,2,0.0,0.0
117,3,0.0,0.0
117,4,0.0,0.0
117,5,0.0,0.0
117,6,0.0,0.0
117,7,0.0,0.0
117,8,0.0,0.0
117,9,0.0,0.0
117,10,0.0,0.0
117,11,0.0,0.0
117,12,0.0,0.0
117,13,0.0,0.0
117,14,0.0,0.0
117,15,0.0,0.0
117,16,0.0,0.0
117,17,0.0,0.0
117,18,0.0,0.0
117,19,0.0,0.0
117,20,0.0,0.0
117,21,0.0,0.0
117,22,0.0,0.0
117,23,0.0,0.0
117,24,0.0,0.0
117,25,0.0,0.0
117,26,0.0,0.0
117,27,0.0,0.0
118,0,132.68034667797582,132.68034667797582
118,1,91.36526967594206,91.36526967594206
118,2,8.97563353478018,8.97563353478018
118,3,37.61168675188088,37.61168675188088
118,4,174.88035681999835,174.88035681999835
118,5,176.26287024070334,176.26287024070334
118,6,43.32065418909743,43.32065418909743
118,7,85.75612642567576,85.75612642567576
118,8,119.43716668621809,119.43716668621809
118,9,23.370185959878338,23.370185959878338
118,10,60.64301925002883,60.64301925002883
118,11,59.35042120962645,59.35042120962645
118,12,67.75353732049294,67.75353732049294
118,13,31.080818318690298,31.080818318690298
118,14,51.60344342947824,51.60344342947824
118,15,89.56876047168326,89.56876047168326
118,16,160.4737399931677,160.4737399931677
118,17,179.7183860603077,179.7183860603077
118,18,26.184184411409603,26.184184411409603
118,19,64.14945912643054,64.14945912643054
118,20,6.428830613304985,6.428830613304985
118,21,33.72987572221831,33.72987572221831
118,22,139.44725636423564,139.44725636423564
118,23,101.83658167543894,101.83658167543894
118,24,98.21865795148591,98.21865795148591
118,25,129.17327148439486,129.17327148439486
118,26,47.62456430670313,47.62456430670313
118,27,33.67098131095452,33.67098131095452
119,0,0.0,0.0
119,1,0.0,0.0
119,2,0.0,0.0
119,3,0.0,0.0
119,4,0.0,0.0
119,5,0.0,0.0
119,6,0.0,0.0
119,7,0.0,0.0
119,8,0.0,0.0
119,9,0.0,0.0
119,10,0.0,0.0
119,11,0.0,0.0
119,12,0.0,0.0
119,13,0.0,0.0
119,14,0.0,0.0
119,15,0.0,0.0
119,16,0.0,0.0
119,17,0.0,0.0
119,18,0.0,0.0
119,19,0.0,0.0
119,20,0.0,0.0
119,21,0.0,0.0
119,22,0.0,0.0
119,23,0.0,0.0
119,24,0.0,0.0
119,25,0.0,0.0
119,26,0.0,0.0
119,27,0.0,0.0
120,0,144.2350021174405,144.2350021174405
120,1,38.37988277686523,38.37988277686523
120,2,5.766471988194281,5.766471988194281
120,3,35.16166574015091,35.16166574015091
120,4,22.698055389611316,22.698055389611316
120,5,149.84694299800753,149.84694299800753
120,6,33.68569148589751,33.68569148589751
120,7,102.66827108054244,102.66827108054244
120,8,114.97269757908553,114.97269757908553
120,9,153.40638507523457,153.40638507523457
120,10,74.9487369137391,74.9487369137391
120,11,27.356279288902204,27.356279288902204
120,12,54.80999334376267,54.80999334376267
120,13,140.23859816953515,140.23859816953515
120,14,50.24126974249822,50.24126974249822
120,15,12.405122541562655,12.405122541562655
120,16,155.9202203504389,155.9202203504389
120,17,136.17454274877193,136.17454274877193
120,18,12.481743274073398,12.481743274073398
120,19,106.53820366769612,106.53820366769612
120,20,52.20029614188718,52.20029614188718
120,21,9.505482574928887,9.505482574928887
120,22,108.53565167454734,108.53565167454734
120,23,135.64129180982223,135.64129180982223
120,24,118.9650229852343,118.9650229852343
120,25,118.58850535510666,118.58850535510666
120,26,36.04809794676174,36.04809794676174
120,27,28.667194391235853,28.667194391235853
121,0,144.9608326029878,144.9608326029878
121,1,53.27150403379153,53.27150403379153
121,2,10.322993563951346,10.322993563951346
121,3,7.5434420579424,7.5434420579424
121,4,88.40977251252771,88.40977251252771
121,5,93.18747236114305,93.18747236114305
121,6,158.15276210248834,158.15276210248834
121,7,164.61372834503524,164.61372834503524
121,8,87.69487229186163,87.69487229186163
121,9,160.14978616575507,160.14978616575507
121,10,61.58424972443715,61.58424972443715
121,11,5.255428795216124,5.255428795216124
121,12,67.4217557661518,67.4217557661518
121,13,170.98309286503445,170.98309286503445
121,14,50.993994509411046,50.993994509411046
121,15,3.7614783397494587,3.7614783397494587
121,16,123.42505078137867,123.42505078137867
121,17,120.07016295970782,120.07016295970782
121,18,123.09711403321941,123.09711403321941
121,19,86.8818241519458,86.8818241519458
121,20,13.574403652425287,13.574403652425287
121,21,40.555853619770375,40.555853619770375
121,22,128.61539218139706,128.61539218139706
121,23,143.3032623620254,143.3032623620254
121,24,37.21536174109883,37.21536174109883
121,25,93.26448860956731,93.26448860956731
121,26,25.770215353306476,25.770215353306476
121,27,62.72212152075218,62.72212152075218
122,0,164.35315390574598,164.35315390574598
122,1,31.890595139864956,31.890595139864956
122,2,16.400197950926067,16.400197950926067
122,3,10.321315977832569,10.321315977832569
122,4,13.313620226954535,13.313620226954535
122,5,78.94343137424652,78.94343137424652
122,6,13.103227675000582,13.103227675000582
122,7,145.79929045646514,145.79929045646514
122,8,89.24717417794749,89.24717417794749
122,9,154.7004770804569,154.7004770804569
122,10,87.09360422989752,87.09360422989752
122,11,16.444729490611632,16.444729490611632
122,12,57.207764719904844,57.207764719904844
122,13,152.33881305281253,152.33881305281253
122,14,35.69863105019766,35.69863105019766
122,15,11.216457456575826,11.216457456575826
122,16,179.91667078205222,179.91667078205222
122,17,177.49281121105992,177.49281121105992
122,18,83.36047664359411,83.36047664359411
122,19,112.59306340374471,112.59306340374471
122,20,59.5372129273454,59.5372129273454
122,21,12.86341481693013,12.86341481693013
122,22,42.53348153166747,42.53348153166747
122,23,126.99880832098455,126.99880832098455
122,24,116.68823827513276,116.68823827513276
122,25,137.19733125810475,137.19733125810475
122,26,26.570483069584878,26.570483069584878
122,27,44.386991362694744,44.386991362694744
123,0,168.87062565975887,168.87062565975887
123,1,77.43518579226789,77.43518579226789
123,2,18.670061303535952,18.670061303535952
123,3,25.90061695885811,25.90061695885811
123,4,75.49271520516054,75.49271520516054
123,5,49.84030622267935,49.84030622267935
123,6,136.02986133593816,136.02986133593816
123,7,120.32603466836055,120.32603466836055
123,8,67.71728388900006,67.71728388900006
123,9,142.5847695439917,142.5847695439917
123,10,62.84163606306478,62.84163606306478
123,11,37.51778841251366,37.51778841251366
123,12,58.26076235932386,58.26076235932386
123,13,110.16962967522247,110.16962967522247
123,14,58.897601577611354,58.897601577611354
123,15,32.31258191226385,32.31258191226385
123,16,123.31947274771508,123.31947274771508
123,17,123.73472044868551,123.73472044868551
123,18,118.80088044100899,118.80088044100899
123,19,133.40394511012397,133.40394511012397
123,20,21.199432083756033,21.199432083756033
123,21,14.884608517955778,14.884608517955778
123,22,3.504280474319279,3.504280474319279
123,23,52.07116707096824,52.07116707096824
123,24,150.35430037539876,150.35430037539876
123,25,145.62618674244186,145.62618674244186
123,26,28.31979655498716,28.31979655498716
123,27,47.58322671170839,47.58322671170839
124,0,163.1845533852564,163.1845533852564
124,1,76.05666577675494,76.05666577675494
124,2,14.798845446446137,14.798845446446137
124,3,33.459653750998484,33.459653750998484
124,4,75.95185271064884,75.95185271064884
124,5,2.799493531418841,2.799493531418841
124,6,138.60676496037226,138.60676496037226
124,7,79.35807040868018,79.35807040868018
124,8,59.998525023389114,59.998525023389114
124,9,143.77300591500253,143.77300591500253
124,10,63.1836653345341,63.1836653345341
124,11,50.14763641580347,50.14763641580347
124,12,64.3018351395445,64.3018351395445
124,13,112.8671311412677,112.8671311412677
124,14,52.51449952592142,52.51449952592142
124,15,16.985232442928805,16.985232442928805
124,16,112.90046130038807,112.90046130038807
124,17,125.23896522991059,125.23896522991059
124,18,92.43610999946924,92.43610999946924
124,19,139.86891116667874,139.86891116667874
124,20,25.339529440101053,25.339529440101053
124,21,9.421127761237331,9.421127761237331
124,22,148.28685406708988,148.28685406708988
124,23,104.47562736391727,104.47562736391727
124,24,167.17097006282668,167.17097006282668
124,25,114.21518898719901,114.21518898719901
124,26,72.51999787197093,72.51999787197093
124,27,2.8767252711259776,2.8767252711259776
125,0,175.3218304943547,175.3218304943547
125,1,67.29390479100778,67.29390479100778
125,2,22.552659956301227,22.552659956301227
125,3,59.66581121866824,59.66581121866824
125,4,59.18446141391434,59.18446141391434
125,5,132.22599110656813,132.22599110656813
125,6,119.12521430291132,119.12521430291132
125,7,105.42179515635243,105.42179515635243
125,8,147.81776561926895,147.81776561926895
125,9,159.5974226573934,159.5974226573934
125,10,30.062107526116336,30.062107526116336
125,11,21.282953560107178,21.282953560107178
125,12,47.21945953390802,47.21945953390802
125,13,126.42130888983223,126.42130888983223
125,14,102.71843293997563,102.71843293997563
125,15,32.29573755006055,32.29573755006055
125,16,126.15370316471441,126.15370316471441
125,17,111.38022175471028,111.38022175471028
125,18,68.75375416697673,68.75375416697673
125,19,75.91147345985439,75.91147345985439
125,20,31.338635157689758,31.338635157689758
125,21,19.666074585151996,19.666074585151996
125,22,139.02113560665146,139.02113560665146
125,23,83.14978747679379,83.14978747679379
125,24,166.42607767484625,166.42607767484625
125,25,145.04403064327448,145.04403064327448
125,26,1.7121588692563223,1.7121588692563223
125,27,4.008655251987922,4.008655251987922
126,0,154.20522127544797,154.20522127544797
126,1,85.80246168371688,85.80246168371688
126,2,12.156706532288762,12.156706532288762
126,3,49.52642076134339,49.52642076134339
126,4,83.23894005900763,83.23894005900763
126,5,51.42649906418328,51.42649906418328
126,6,142.9211714069681,142.9211714069681
126,7,161.11918514695563,161.11918514695563
126,8,74.62440293280268,74.62440293280268
126,9,130.81439244150934,130.81439244150934
126,10,74.72929008448382,74.72929008448382
126,11,9.993455215267637,9.993455215267637
126,12,36.89471424369352,36.89471424369352
126,13,142.83142110058608,142.83142110058608
126,14,68.37599567182265,68.37599567182265
126,15,27.175123684146286,27.175123684146286
126,16,111.50142228869944,111.50142228869944
126,17,133.7271804007269,133.7271804007269
126,18,68.73439633255089,68.73439633255089
126,19,107.94465160424295,107.94465160424295
126,20,24.563769276000524,24.563769276000524
126,21,23.229892265757684,23.229892265757684
126,22,104.48240781361899,104.48240781361899
126,23,140.6830031795998,140.6830031795998
126,24,8.579807665721367,8.579807665721367
126,25,100.68534280014205,100.68534280014205
126,26,8.427598680448657,8.427598680448657
126,27,29.947307537266852,29.947307537266852
127,0,169.77647487648792,169.77647487648792
127,1,72.87118583559207,72.87118583559207
127,2,19.969754601257023,19.969754601257023
127,3,77.38148332764024,77.38148332764024
127,4,61.08982139215848,61.08982139215848
127,5,136.23583544662227,136.23583544662227
127,6,130.82972770105707,130.82972770105707
127,7,118.8034293661042,118.8034293661042
127,8,179.29195593797905,179.29195593797905
127,9,165.5893051786913,165.5893051786913
127,10,99.35904328299576,99.35904328299576
127,11,15.69267937013495,15.69267937013495
127,12,13.662230523133246,13.662230523133246
127,13,134.18639745262396,134.18639745262396
127,14,66.97872619387094,66.97872619387094
127,15,30.120923177241025,30.120923177241025
127,16,108.38018766382915,108.38018766382915
127,17,95.35567881709316,95.35567881709316
127,18,69.28170555840109,69.28170555840109
127,19,68.07561891290658,68.07561891290658
127,20,24.04465205622222,24.04465205622222
127,21,19.286940842715623,19.286940842715623
127,22,117.7912453011533,117.7912453011533
127,23,145.75142406975826,145.75142406975826
127,24,170.62431890047543,170.62431890047543
127,25,74.39552375411068,74.39552375411068
127,26,6.485787996270262,6.485787996270262
127,27,9.378758866820869,9.378758866820869
128,0,165.18129600184744,165.18129600184744
128,1,74.18721836407106,74.18721836407106
128,2,2.009816823098845,2.009816823098845
128,3,75.61538340096297,75.61538340096297
128,4,58.464331027322345,58.464331027322345
128,5,74.7581824209588,74.7581824209588
128,6,114.67856381911099,114.67856381911099
128,7,179.27482645327413,179.27482645327413
128,8,111.24872300770568,111.24872300770568
128,9,155.2546063997908,155.2546063997908
128,10,66.82050903291587,66.82050903291587
128,11,15.42318468470544,15.42318468470544
128,12,64.7700745714271,64.7700745714271
128,13,130.93783997160344,130.93783997160344
128,14,48.40941639565706,48.40941639565706
128,15,33.63897534369113,33.63897534369113
128,16,105.08675379283306,105.08675379283306
128,17,100.96397942999279,100.96397942999279
128,18,69.21801064816071,69.21801064816071
128,19,45.08474810929005,45.08474810929005
128,20,19.12557570434818,19.12557570434818
128,21,22.69141424635087,22.69141424635087
128,22,98.29240309825178,98.29240309825178
128,23,172.22137548013072,172.22137548013072
128,24,176.5634331365147,176.5634331365147
128,25,69.95242732983172,69.95242732983172
128,26,11.791915034872885,11.791915034872885
128,27,21.469076649756403,21.469076649756403
129,0,178.18042498287664,178.18042498287664
129,1,68.25059069685484,68.25059069685484
129,2,1.0938066615120363,1.0938066615120363
129,3,73.25316905213538,73.25316905213538
129,4,62.6070502735154,62.6070502735154
129,5,118.02552815265024,118.02552815265024
129,6,118.46426134865023,118.46426134865023
129,7,153.0749743824794,153.0749743824794
129,8,141.64964167777256,141.64964167777256
129,9,142.4100476980634,142.4100476980634
129,10,87.1439605889575,87.1439605889575
129,11,13.163890974173764,13.163890974173764
129,12,40.09359866542258,40.09359866542258
129,13,152.39938436570895,152.39938436570895
129,14,52.76244074561991,52.76244074561991
129,15,14.43672466011722,14.43672466011722
129,16,110.1262369063157,110.1262369063157
129,17,86.85753060016998,86.85753060016998
129,18,70.15205568036248,70.15205568036248
129,19,45.36594798368395,45.36594798368395
129,20,19.98011620127012,19.98011620127012
129,21,19.43734939991615,19.43734939991615
129,22,87.17862302718942,87.17862302718942
129,23,145.959482886604,145.959482886604
129,24,171.35978052455636,171.35978052455636
129,25,88.29413061255497,88.29413061255497
129,26,26.67002628509983,26.67002628509983
129,27,4.344148522865073,4.344148522865073
130,0,108.26678824789767,108.26678824789767
130,1,48.205484051804426,48.205484051804426
130,2,21.00425578519622,21.00425578519622
130,3,9.695568916311508,9.695568916311508
130,4,43.268215180897975,43.268215180897975
130,5,108.65433801887188,108.65433801887188
130,6,113.35950751267639,113.35950751267639
130,7,169.51229901910023,169.51229901910023
130,8,130.31866422232898,130.31866422232898
130,9,143.14150987562834,143.14150987562834
130,10,71.77845234450325,71.77845234450325
130,11,70.84406217514719,70.84406217514719
130,12,75.05542318949387,75.05542318949387
130,13,43.68400081141667,43.68400081141667
130,14,33.16612446600288,33.16612446600288
130,15,65.47193701343616,65.47193701343616
130,16,122.00816220933983,122.00816220933983
130,17,88.21394781387473,88.21394781387473
130,18,70.15958193874377,70.15958193874377
130,19,84.02460788437594,84.02460788437594
130,20,29.70122334077366,29.70122334077366
130,21,15.491789228355275,15.491789228355275
130,22,7.782045242601803,7.782045242601803
130,23,125.87048734024195,125.87048734024195
130,24,177.43062330485824,177.43062330485824
130,25,28.517344632450772,28.517344632450772
130,26,27.78920237241133,27.78920237241133
130,27,53.776694535602225,53.776694535602225
131,0,166.6926222320006,166.6926222320006
131,1,33.12945512083013,33.12945512083013
131,2,24.02725977715926,24.02725977715926
131,3,48.455537399807895,48.455537399807895
131,4,50.32023519572997,50.32023519572997
131,5,155.2431256355895,155.2431256355895
131,6,106.93262598118096,106.93262598118096
131,7,80.26030314050854,80.26030314050854
131,8,32.22575819163616,32.22575819163616
131,9,163.23724419188756,163.23724419188756
131,10,28.292623156202165,28.292623156202165
131,11,15.056572822485006,15.056572822485006
131,12,122.83485345383336,122.83485345383336
131,13,149.41829726232496,149.41829726232496
131,14,28.872523389964442,28.872523389964442
131,15,15.525129915190034,15.525129915190034
131,16,120.66031376881824,120.66031376881824
131,17,80.31697615987126,80.31697615987126
131,18,84.03819261024569,84.03819261024569
131,19,79.7420318521144,79.7420318521144
131,20,26.413298444785482,26.413298444785482
131,21,26.360675559838704,26.360675559838704
131,22,136.78197208962666,136.78197208962666
131,23,179.67103732493132,179.67103732493132
131,24,152.19113690067198,152.19113690067198
131,25,98.4191751226133,98.4191751226133
131,26,20.678146612967208,20.678146612967208
131,27,28.500536151279842,28.500536151279842
132,0,145.99787393079174,145.99787393079174
132,1,15.637063728287107,15.637063728287107
132,2,10.415520688386891,10.415520688386891
132,3,16.929370216699056,16.929370216699056
132,4,69.52244553650222,69.52244553650222
132,5,120.39103752909736,120.39103752909736
132,6,128.84246211184845,128.84246211184845
132,7,153.24517737819028,153.24517737819028
132,8,112.26053160691937,112.26053160691937
132,9,155.91668070565774,155.91668070565774
132,10,48.01859245750753,48.01859245750753
132,11,28.3157266551668,28.3157266551668
132,12,82.33761904614336,82.33761904614336
132,13,147.4690206071644,147.4690206071644
132,14,49.6437884963491,49.6437884963491
132,15,4.215252737668817,4.215252737668817
132,16,121.02183584039959,121.02183584039959
132,17,112.12138508374981,112.12138508374981
132,18,62.28085040445097,62.28085040445097
132,19,89.10759503433025,89.10759503433025
132,20,21.523299960747323,21.523299960747323
132,21,14.50087744481142,14.50087744481142
132,22,0.07302960198243233,0.07302960198243233
132,23,142.9725408901898,142.9725408901898
132,24,168.04324193969904,168.04324193969904
132,25,118.1377646824321,118.1377646824321
132,26,42.551478484268976,42.551478484268976
132,27,45.77676785394681,45.77676785394681
133,0,128.4570205266246,128.4570205266246
133,1,83.64813639587443,83.64813639587443
133,2,17.45580439796896,17.45580439796896
133,3,24.278749257330503,24.278749257330503
133,4,52.17074563700151,52.17074563700151
133,5,94.27027111169198,94.27027111169198
133,6,101.00512993623929,101.00512993623929
133,7,151.88538759514307,151.88538759514307
133,8,124.13629591313779,124.13629591313779
133,9,94.38760752580447,94.38760752580447
133,10,40.62047970637081,40.62047970637081
133,11,17.143423284569547,17.143423284569547
133,12,92.30855975615572,92.30855975615572
133,13,160.58785547088004,160.58785547088004
133,14,47.07096053747347,47.07096053747347
133,15,2.2687212445504246,2.2687212445504246
133,16,120.33604508616475,120.33604508616475
133,17,118.98312047048793,118.98312047048793
133,18,82.05340135013961,82.05340135013961
133,19,73.46225450575577,73.46225450575577
133,20,21.742674955717618,21.742674955717618
133,21,27.848094088352546,27.848094088352546
133,22,104.61819548437084,104.61819548437084
133,23,170.19801746564545,170.19801746564545
133,24,167.0793117075253,167.0793117075253
133,25,121.00046582228711,121.00046582228711
133,26,29.443252002891047,29.443252002891047
133,27,46.50485449328414,46.50485449328414
134,0,161.6315545358863,161.6315545358863
134,1,71.17130109958013,71.17130109958013
134,2,1.4281137876222123,1.4281137876222123
134,3,73.16722620558522,73.16722620558522
134,4,52.3829936587764,52.3829936587764
134,5,91.28828493923307,91.28828493923307
134,6,117.53582151182388,117.53582151182388
134,7,89.77142686860684,89.77142686860684
134,8,134.69704444593242,134.69704444593242
134,9,152.1263158594033,152.1263158594033
134,10,53.57002592808844,53.57002592808844
134,11,25.193602280180993,25.193602280180993
134,12,34.06505734320893,34.06505734320893
134,13,109.62986287891592,109.62986287891592
134,14,92.36491672870267,92.36491672870267
134,15,45.17653484090306,45.17653484090306
134,16,119.08370790251112,119.08370790251112
134,17,39.21393444799237,39.21393444799237
134,18,60.78663906503948,60.78663906503948
134,19,8.483885506008285,8.483885506008285
134,20,24.278033248748283,24.278033248748283
134,21,3.4786634186405285,3.4786634186405285
134,22,5.464021807401279,5.464021807401279
134,23,94.76577111141903,94.76577111141903
134,24,175.47450971812896,175.47450971812896
134,25,79.86454652701471,79.86454652701471
134,26,4.836765647323379,4.836765647323379
134,27,14.549174434119038,14.549174434119038
135,0,129.491198615049,129.491198615049
135,1,60.32549050909562,60.32549050909562
135,2,17.750813920976555,17.750813920976555
135,3,42.54603413398854,42.54603413398854
135,4,68.35600952092317,68.35600952092317
135,5,93.76032624264765,93.76032624264765
135,6,129.7696776332555,129.7696776332555
135,7,130.1342526492408,130.1342526492408
135,8,126.4552672502011,126.4552672502011
135,9,143.55239549225743,143.55239549225743
135,10,37.76947165612026,37.76947165612026
135,11,29.734783549091702,29.734783549091702
135,12,95.90262843965608,95.90262843965608
135,13,130.18211652420098,130.18211652420098
135,14,46.327899904223656,46.327899904223656
135,15,20.08309992670734,20.08309992670734
135,16,120.95510050391556,120.95510050391556
135,17,121.82236827756027,121.82236827756027
135,18,58.45382252863055,58.45382252863055
135,19,46.770627514520164,46.770627514520164
135,20,27.131596722118783,27.131596722118783
135,21,23.530680935637665,23.530680935637665
135,22,123.33222089540786,123.33222089540786
135,23,161.70324286873796,161.70324286873796
135,24,128.93022534672974,128.93022534672974
135,25,93.45256410827267,93.45256410827267
135,26,11.930575961974748,11.930575961974748
135,27,36.430867870187186,36.430867870187186
136,0,169.95537490538015,169.95537490538015
136,1,107.27259448565177,107.27259448565177
136,2,2.0207881907044944,2.0207881907044944
136,3,57.86405167273699,57.86405167273699
136,4,52.1979426927972,52.1979426927972
136,5,67.07498328408286,67.07498328408286
136,6,114.92542393387336,114.92542393387336
136,7,70.31863129777517,70.31863129777517
136,8,113.90076496888582,113.90076496888582
136,9,102.22484087534102,102.22484087534102
136,10,35.44998519062567,35.44998519062567
136,11,41.56632256009576,41.56632256009576
136,12,45.19937192898801,45.19937192898801
136,13,124.78892689745612,124.78892689745612
136,14,99.35064288038635,99.35064288038635
136,15,13.644750542448099,13.644750542448099
136,16,120.72477573977847,120.72477573977847
136,17,60.38205574581373,60.38205574581373
136,18,66.68177764124471,66.68177764124471
136,19,1.8684566088504146,1.8684566088504146
136,20,25.92211998864061,25.92211998864061
136,21,0.64286436187834,0.64286436187834
136,22,103.75883099016052,103.75883099016052
136,23,162.33979104160298,162.33979104160298
136,24,166.21403923157686,166.21403923157686
136,25,82.80568876270479,82.80568876270479
136,26,14.771887340275425,14.771887340275425
136,27,22.849941993951973,22.849941993951973
137,0,151.578649317426,151.578649317426
137,1,77.19730094679439,77.19730094679439
137,2,16.948952750765557,16.948952750765557
137,3,76.04112805478093,76.04112805478093
137,4,63.74800829303439,63.74800829303439
137,5,82.95188927220646,82.95188927220646
137,6,120.68732499280046,120.68732499280046
137,7,79.92253510954161,79.92253510954161
137,8,14.156248659315882,14.156248659315882
137,9,146.97125827825883,146.97125827825883
137,10,94.9682712972257,94.9682712972257
137,11,34.32513853839599,34.32513853839599
137,12,63.30939941874902,63.30939941874902
137,13,101.48388697979917,101.48388697979917
137,14,21.722329284025285,21.722329284025285
137,15,44.19097448180484,44.19097448180484
137,16,125.91509628022364,125.91509628022364
137,17,159.49997953726168,159.49997953726168
137,18,78.71288712850372,78.71288712850372
137,19,81.54181641059031,81.54181641059031
137,20,29.516903074632623,29.516903074632623
137,21,32.5647984602456,32.5647984602456
137,22,124.84687636554484,124.84687636554484
137,23,145.1021212012883,145.1021212012883
137,24,175.27566283010654,175.27566283010654
137,25,78.32330587581674,78.32330587581674
137,26,26.325127788932175,26.325127788932175
137,27,3.2819073862997223,3.2819073862997223
138,0,176.43850753820774,176.43850753820774
138,1,69.81869665725877,69.81869665725877
138,2,4.697793470268039,4.697793470268039
138,3,68.77623539848258,68.77623539848258
138,4,61.12032645153751,61.12032645153751
138,5,127.57193146609714,127.57193146609714
138,6,115.09941504519708,115.09941504519708
138,7,68.19059997345722,68.19059997345722
138,8,97.78735392191408,97.78735392191408
138,9,154.61787655753903,154.61787655753903
138,10,21.566001713978228,21.566001713978228
138,11,29.081266246830506,29.081266246830506
138,12,145.8634628353502,145.8634628353502
138,13,127.15780348033623,127.15780348033623
138,14,12.570535450671608,12.570535450671608
138,15,23.760930272833257,23.760930272833257
138,16,130.81909765854044,130.81909765854044
138,17,123.35538979636833,123.35538979636833
138,18,89.57673425832513,89.57673425832513
138,19,105.5108083845868,105.5108083845868
138,20,36.80785865046248,36.80785865046248
138,21,9.821211389773037,9.821211389773037
138,22,123.80715124310791,123.80715124310791
138,23,158.10149464512799,158.10149464512799
138,24,178.0917320178083,178.0917320178083
138,25,85.44971833886365,85.44971833886365
138,26,7.764060235359437,7.764060235359437
138,27,5.088334349208866,5.088334349208866
139,0,168.77190163697162,168.77190163697162
139,1,74.51023301039304,74.51023301039304
139,2,6.287308588877494,6.287308588877494
139,3,72.5502884427774,72.5502884427774
139,4,59.88981705782406,59.88981705782406
139,5,45.139516760607165,45.139516760607165
139,6,124.54907137549846,124.54907137549846
139,7,62.63452871467559,62.63452871467559
139,8,164.47183052312874,164.47183052312874
139,9,161.5951533456536,161.5951533456536
139,10,41.567181708146215,41.567181708146215
139,11,18.095438194755598,18.095438194755598
139,12,15.913188338704483,15.913188338704483
139,13,113.3285370886195,113.3285370886195
139,14,122.51962995314933,122.51962995314933
139,15,48.576024716624886,48.576024716624886
139,16,123.51741977967791,123.51741977967791
139,17,166.9593682704989,166.9593682704989
139,18,58.699911723259845,58.699911723259845
139,19,33.44208110564648,33.44208110564648
139,20,25.941393880647734,25.941393880647734
139,21,39.321562768246615,39.321562768246615
139,22,154.9729338967379,154.9729338967379
139,23,129.53141257478904,129.53141257478904
139,24,173.72580385654746,173.72580385654746
139,25,39.06260422110718,39.06260422110718
139,26,3.801043180564185,3.801043180564185
139,27,11.26098165115272,11.26098165115272
140,0,127.97361814106617,127.97361814106617
140,1,71.20994558258919,71.20994558258919
140,2,18.46390157501122,18.46390157501122
140,3,73.42493062932749,73.42493062932749
140,4,47.183755872934825,47.183755872934825
140,5,26.14997300684132,26.14997300684132
140,6,94.7404474985117,94.7404474985117
140,7,39.066853845434764,39.066853845434764
140,8,59.25339087070147,59.25339087070147
140,9,168.38733412397647,168.38733412397647
140,10,34.56262624136703,34.56262624136703
140,11,23.05614130092391,23.05614130092391
140,12,98.95293904365876,98.95293904365876
140,13,120.23784411950066,120.23784411950066
140,14,46.48443471497421,46.48443471497421
140,15,36.70601457957537,36.70601457957537
140,16,125.33006114254684,125.33006114254684
140,17,115.1972434685892,115.1972434685892
140,18,59.447941435475684,59.447941435475684
140,19,16.56958402341366,16.56958402341366
140,20,24.470315261481286,24.470315261481286
140,21,6.336584054213895,6.336584054213895
140,22,135.1693114490764,135.1693114490764
140,23,156.43800526350995,156.43800526350995
140,24,171.64352062658233,171.64352062658233
140,25,104.88398794171934,104.88398794171934
140,26,14.336700152298397,14.336700152298397
140,27,43.80914181448702,43.80914181448702
141,0,102.45457260299708,102.45457260299708
141,1,67.82856998278375,67.82856998278375
141,2,13.256674599513076,13.256674599513076
141,3,62.77999725807115,62.77999725807115
141,4,54.840281371071924,54.840281371071924
141,5,63.766148565784135,63.766148565784135
141,6,128.0386938190264,128.0386938190264
141,7,41.03687675151291,41.03687675151291
141,8,117.70224669463438,117.70224669463438
141,9,162.78729665905053,162.78729665905053
141,10,53.936796993723625,53.936796993723625
141,11,14.417566169586093,14.417566169586093
141,12,80.93048748926343,80.93048748926343
141,13,132.86287216155327,132.86287216155327
141,14,45.13271551701291,45.13271551701291
141,15,32.71956166886065,32.71956166886065
141,16,128.909686392358,128.909686392358
141,17,60.408673741764716,60.408673741764716
141,18,47.03915218414181,47.03915218414181
141,19,20.454407774969347,20.454407774969347
141,20,23.510166754174364,23.510166754174364
141,21,2.961698448950754,2.961698448950754
141,22,76.469412407809,76.469412407809
141,23,178.01334270549034,178.01334270549034
141,24,159.44654734799266,159.44654734799266
141,25,112.6550796116048,112.6550796116048
141,26,10.92271807282777,10.92271807282777
141,27,39.05307046111022,39.05307046111022
142,0,70.55881215826678,70.55881215826678
142,1,75.78602654751815,75.78602654751815
142,2,19.113162534258493,19.113162534258493
142,3,73.63954262935334,73.63954262935334
142,4,56.517683366086125,56.517683366086125
142,5,78.07544611908497,78.07544611908497
142,6,104.58953586141044,104.58953586141044
142,7,62.5015486072668,62.5015486072668
142,8,117.77223466092208,117.77223466092208
142,9,163.7186851912483,163.7186851912483
142,10,5.693671077646803,5.693671077646803
142,11,19.630617568456003,19.630617568456003
142,12,167.7383542790305,167.7383542790305
142,13,104.95565838292549,104.95565838292549
142,14,6.567974643322714,6.567974643322714
142,15,55.41372404861846,55.41372404861846
142,16,129.75251666565393,129.75251666565393
142,17,56.5776869270775,56.5776869270775
142,18,64.94863554133507,64.94863554133507
142,19,1.9022165070724162,1.9022165070724162
142,20,28.177666190835158,28.177666190835158
142,21,0.43808371111979005,0.43808371111979005
142,22,71.68407234126043,71.68407234126043
142,23,149.85275357935112,149.85275357935112
142,24,166.47979252629798,166.47979252629798
142,25,108.36302502358066,108.36302502358066
142,26,13.1779230461229,13.1779230461229
142,27,21.150987099523565,21.150987099523565
143,0,156.2774006575994,156.2774006575994
143,1,62.0747139932762,62.0747139932762
143,2,2.053461689558143,2.053461689558143
143,3,59.57409973637806,59.57409973637806
143,4,56.060741719068574,56.060741719068574
143,5,105.3891222492559,105.3891222492559
143,6,105.2328813855282,105.2328813855282
143,7,39.97809083996352,39.97809083996352
143,8,134.65283935049902,134.65283935049902
143,9,154.7773850559723,154.7773850559723
143,10,43.26761181759682,43.26761181759682
143,11,14.070998598970265,14.070998598970265
143,12,44.13388062382312,44.13388062382312
143,13,82.25476004134912,82.25476004134912
143,14,92.59850755858007,92.59850755858007
143,15,83.67424135968062,83.67424135968062
143,16,126.63747098442661,126.63747098442661
143,17,12.136582052701606,12.136582052701606
143,18,65.82004161480332,65.82004161480332
143,19,29.91202417131607,29.91202417131607
143,20,29.91561709601656,29.91561709601656
143,21,6.704910104702679,6.704910104702679
143,22,129.90341701032568,129.90341701032568
143,23,148.7268552262228,148.7268552262228
143,24,130.0292410231278,130.0292410231278
143,25,104.59562551845758,104.59562551845758
143,26,10.356179319711474,10.356179319711474
143,27,35.807860474696184,35.807860474696184
144,0,165.58736235078277,165.58736235078277
144,1,72.94738729366017,72.94738729366017
144,2,26.309651510796243,26.309651510796243
144,3,73.22789458171752,73.22789458171752
144,4,62.55325046883272,62.55325046883272
144,5,35.437481986366734,35.437481986366734
144,6,97.35452735284655,97.35452735284655
144,7,50.280371398067615,50.280371398067615
144,8,150.06189555691554,150.06189555691554
144,9,160.70609514055516,160.70609514055516
144,10,149.88811853252105,149.88811853252105
144,11,16.206361670415202,16.206361670415202
144,12,22.102645770137727,22.102645770137727
144,13,120.1426707078491,120.1426707078491
144,14,8.00923569734124,8.00923569734124
144,15,43.650967621735674,43.650967621735674
144,16,132.54282575362117,132.54282575362117
144,17,130.25325472219973,130.25325472219973
144,18,74.14458478770918,74.14458478770918
144,19,50.589487566428055,50.589487566428055
144,20,24.088646454518795,24.088646454518795
144,21,18.13111413916447,18.13111413916447
144,22,129.0742943634442,129.0742943634442
144,23,137.29754919957946,137.29754919957946
144,24,176.77963222247766,176.77963222247766
144,25,60.995195263633434,60.995195263633434
144,26,7.60797965139898,7.60797965139898
144,27,2.80680606772436,2.80680606772436
145,0,138.78277515763753,138.78277515763753
145,1,23.378535203554776,23.378535203554776
145,2,4.432030482319276,4.432030482319276
145,3,27.464028222153786,27.464028222153786
145,4,57.1064206898399,57.1064206898399
145,5,104.54826039258397,104.54826039258397
145,6,102.55006776241129,102.55006776241129
145,7,153.86361318816986,153.86361318816986
145,8,116.3188562609581,116.3188562609581
145,9,152.18617995303165,152.18617995303165
145,10,48.398969078725955,48.398969078725955
145,11,30.80214812097761,30.80214812097761
145,12,74.30088633200302,74.30088633200302
145,13,136.36837781098632,136.36837781098632
145,14,57.30014458927102,57.30014458927102
145,15,12.829474068036081,12.829474068036081
145,16,132.21221394430944,132.21221394430944
145,17,101.8041785393626,101.8041785393626
145,18,83.73692733277687,83.73692733277687
145,19,68.9702681544311,68.9702681544311
145,20,22.52092767370749,22.52092767370749
145,21,16.413470246828595,16.413470246828595
145,22,128.7250405671395,128.7250405671395
145,23,152.36931514054143,152.36931514054143
145,24,27.02672703776051,27.02672703776051
145,25,175.99339717937895,175.99339717937895
145,26,23.985079417767366,23.985079417767366
145,27,82.1820906270649,82.1820906270649
146,0,19.477615616120705,19.477615616120705
146,1,60.34212839645827,60.34212839645827
146,2,28.88186408374179,28.88186408374179
146,3,7.965039485060634,7.965039485060634
146,4,49.42515597844574,49.42515597844574
146,5,175.3611099393569,175.3611099393569
146,6,82.869659083114,82.869659083114
146,7,126.42142901114931,126.42142901114931
146,8,156.58330617501193,156.58330617501193
146,9,160.91391967583274,160.91391967583274
146,10,10.736263025459401,10.736263025459401
146,11,18.607196419095114,18.607196419095114
146,12,147.71548304134353,147.71548304134353
146,13,82.59656353616234,82.59656353616234
146,14,21.548253933197053,21.548253933197053
146,15,78.79624004474255,78.79624004474255
146,16,142.13255330403717,142.13255330403717
146,17,23.079169330325254,23.079169330325254
146,18,83.73099368732015,83.73099368732015
146,19,33.373066538176666,33.373066538176666
146,20,21.95648096131225,21.95648096131225
146,21,4.856555716849986,4.856555716849986
146,22,121.7204953422556,121.7204953422556
146,23,166.86372569999645,166.86372569999645
146,24,50.47733882389974,50.47733882389974
146,25,95.51444234885011,95.51444234885011
146,26,14.250066988590076,14.250066988590076
146,27,29.488977667695167,29.488977667695167
147,0,136.91331094037923,136.91331094037923
147,1,30.90577764564045,30.90577764564045
147,2,8.384991058393155,8.384991058393155
147,3,17.50668672824213,17.50668672824213
147,4,21.5113803551883,21.5113803551883
147,5,177.31594924040104,177.31594924040104
147,6,57.10275551779621,57.10275551779621
147,7,69.73365954215762,69.73365954215762
147,8,101.18638801878575,101.18638801878575
147,9,173.79614343727698,173.79614343727698
147,10,76.4573800791373,76.4573800791373
147,11,44.21388036506485,44.21388036506485
147,12,48.649876289877106,48.649876289877106
147,13,127.53106646371891,127.53106646371891
147,14,54.89274363098561,54.89274363098561
147,15,8.255053171216257,8.255053171216257
147,16,157.22705421327856,157.22705421327856
147,17,64.47431509461981,64.47431509461981
147,18,63.489913200922786,63.489913200922786
147,19,48.70433268627423,48.70433268627423
147,20,52.0582098245994,52.0582098245994
147,21,8.42488747168829,8.42488747168829
147,22,132.82186331640239,132.82186331640239
147,23,177.94956004372028,177.94956004372028
147,24,19.12044324485989,19.12044324485989
147,25,165.15124849900687,165.15124849900687
147,26,30.575346716044024,30.575346716044024
147,27,69.687795807393,69.687795807393
148,0,9.771824998293518,9.771824998293518
148,1,99.85241922704152,99.85241922704152
148,2,14.826871687677851,14.826871687677851
148,3,11.483303501875378,11.483303501875378
148,4,1.9641569177317266,1.9641569177317266
148,5,48.60766500094981,48.60766500094981
148,6,59.5909654309199,59.5909654309199
148,7,166.86796362341815,166.86796362341815
148,8,144.63825651900981,144.63825651900981
148,9,30.129521437163625,30.129521437163625
148,10,37.382451205833675,37.382451205833675
148,11,21.930172991851578,21.930172991851578
148,12,124.9137069907303,124.9137069907303
148,13,11.337155542651885,11.337155542651885
148,14,17.703841803436042,17.703841803436042
148,15,146.73267146549654,146.73267146549654
148,16,144.35672648291586,144.35672648291586
148,17,136.33749816808736,136.33749816808736
148,18,132.34041020766207,132.34041020766207
148,19,76.42582067595532,76.42582067595532
148,20,15.6369621663916,15.6369621663916
148,21,35.32856291001669,35.32856291001669
148,22,121.56569766114613,121.56569766114613
148,23,141.44158497283422,141.44158497283422
148,24,26.481799707516245,26.481799707516245
148,25,101.43970288280252,101.43970288280252
148,26,25.86224485686427,25.86224485686427
148,27,11.332047545799325,11.332047545799325
149,0,3.3741563633779506,3.3741563633779506
149,1,54.89604929238057,54.89604929238057
149,2,25.537195757624374,25.537195757624374
149,3,10.03216883603158,10.03216883603158
149,4,53.89148336292797,53.89148336292797
149,5,83.7422506553184,83.7422506553184
149,6,113.21786397484077,113.21786397484077
149,7,178.0683924804868,178.0683924804868
149,8,168.80243731461536,168.80243731461536
149,9,56.012435206062776,56.012435206062776
149,10,17.986060339584014,17.986060339584014
149,11,20.804530703518264,20.804530703518264
149,12,128.13692912350783,128.13692912350783
149,13,24.324731979045104,24.324731979045104
149,14,33.87701053690813,33.87701053690813
149,15,134.87073731743666,134.87073731743666
149,16,120.54668928865559,120.54668928865559
149,17,115.46796773282723,115.46796773282723
149,18,56.922689689510094,56.922689689510094
149,19,57.0551977092735,57.0551977092735
149,20,20.523341195703505,20.523341195703505
149,21,19.878517287801795,19.878517287801795
149,22,129.5583886599118,129.5583886599118
149,23,172.34774409905216,172.34774409905216
149,24,128.7725288477397,128.7725288477397
149,25,144.20555012219245,144.20555012219245
149,26,41.56303464187576,41.56303464187576
149,27,73.44174900531169,73.44174900531169
150,0,52.5493940456968,52.5493940456968
150,1,54.231250265984315,54.231250265984315
150,2,24.97732809684544,24.97732809684544
150,3,32.49664393905721,32.49664393905721
150,4,57.36358700730762,57.36358700730762
150,5,113.12749221339958,113.12749221339958
150,6,94.80314671136937,94.80314671136937
150,7,154.40865117212593,154.40865117212593
150,8,20.10401815819372,20.10401815819372
150,9,154.72077740248048,154.72077740248048
150,10,154.3736886816848,154.3736886816848
150,11,23.941117486862343,23.941117486862343
150,12,10.705775222216584,10.705775222216584
150,13,128.17487339488792,128.17487339488792
150,14,14.920536096098553,14.920536096098553
150,15,27.884009118249708,27.884009118249708
150,16,175.98331693579246,175.98331693579246
150,17,98.90594537338464,98.90594537338464
150,18,121.32805924537044,121.32805924537044
150,19,37.98756756095628,37.98756756095628
150,20,9.366745763452167,9.366745763452167
150,21,13.98539436048831,13.98539436048831
150,22,86.35718311113921,86.35718311113921
150,23,139.80303527379684,139.80303527379684
150,24,149.73190739741364,149.73190739741364
150,25,77.32346284377456,77.32346284377456
150,26,36.096896161358494,36.096896161358494
150,27,33.46114546032311,33.46114546032311
151,0,102.34012762886779,102.34012762886779
151,1,74.96968114659,74.96968114659
151,2,20.020963055362415,20.020963055362415
151,3,11.314523437885212,11.314523437885212
151,4,63.7189819881129,63.7189819881129
151,5,41.7515766647287,41.7515766647287
151,6,120.00932141077755,120.00932141077755
151,7,163.88179846411592,163.88179846411592
151,8,109.84813660150844,109.84813660150844
151,9,100.95074935311379,100.95074935311379
151,10,49.46937234220575,49.46937234220575
151,11,46.37965519649945,46.37965519649945
151,12,127.02592503365366,127.02592503365366
151,13,89.99110282170908,89.99110282170908
151,14,3.5047026241406036,3.5047026241406036
151,15,43.62924198179144,43.62924198179144
151,16,115.45240271135113,115.45240271135113
151,17,135.97128547142816,135.97128547142816
151,18,62.480317744455874,62.480317744455874
151,19,45.06568282785145,45.06568282785145
151,20,16.606349364582133,16.606349364582133
151,21,24.630800620774323,24.630800620774323
151,22,173.90860855378176,173.90860855378176
151,23,113.37511455517743,113.37511455517743
151,24,162.05017275316152,162.05017275316152
151,25,110.33228203090218,110.33228203090218
151,26,34.9516054495951,34.9516054495951
151,27,58.48327024926027,58.48327024926027
152,0,135.6325511008621,135.6325511008621
152,1,61.46395735675865,61.46395735675865
152,2,16.168420002389553,16.168420002389553
152,3,8.329984746441028,8.329984746441028
152,4,79.19518959417641,79.19518959417641
152,5,44.374946453574,44.374946453574
152,6,128.5912669958976,128.5912669958976
152,7,166.00623253316166,166.00623253316166
152,8,79.48800582513401,79.48800582513401
152,9,120.25020467489043,120.25020467489043
152,10,96.44655007506414,96.44655007506414
152,11,96.71376558610318,96.71376558610318
152,12,49.74415300499835,49.74415300499835
152,13,53.51026499598788,53.51026499598788
152,14,33.8092969199375,33.8092969199375
152,15,29.77596941790887,29.77596941790887
152,16,173.40978991011923,173.40978991011923
152,17,142.40988684439145,142.40988684439145
152,18,132.71848184882867,132.71848184882867
152,19,38.35264204899369,38.35264204899369
152,20,7.819150950651171,7.819150950651171
152,21,21.933863868461014,21.933863868461014
152,22,26.715670478182005,26.715670478182005
152,23,135.05689677214536,135.05689677214536
152,24,121.74657252284524,121.74657252284524
152,25,159.93623681672736,159.93623681672736
152,26,32.289169924405314,32.289169924405314
152,27,67.9095237027392,67.9095237027392
153,0,48.600817891919434,48.600817891919434
153,1,0.6463282022153283,0.6463282022153283
153,2,24.161778499989737,24.161778499989737
153,3,4.40408038363023,4.40408038363023
153,4,81.32892681261042,81.32892681261042
153,5,32.97106844103223,32.97106844103223
153,6,114.91458593253579,114.91458593253579
153,7,179.19569922822097,179.19569922822097
153,8,175.00064198971103,175.00064198971103
153,9,167.66633608614814,167.66633608614814
153,10,2.248376948478603,2.248376948478603
153,11,16.496221363233545,16.496221363233545
153,12,153.9351662812491,153.9351662812491
153,13,151.79405420046112,151.79405420046112
153,14,23.816456770272307,23.816456770272307
153,15,11.709724436305374,11.709724436305374
153,16,137.37521705124348,137.37521705124348
153,17,153.37823157316393,153.37823157316393
153,18,97.91783302146132,97.91783302146132
153,19,55.610486386242655,55.610486386242655
153,20,11.604610949242458,11.604610949242458
153,21,33.638271990565,33.638271990565
153,22,137.31194410398422,137.31194410398422
153,23,175.4480656455935,175.4480656455935
153,24,104.50407939426914,104.50407939426914
153,25,121.9957439455936,121.9957439455936
153,26,34.21943361150499,34.21943361150499
153,27,50.08355660780404,50.08355660780404
154,0,138.0805184765713,138.0805184765713
154,1,158.9435001021028,158.9435001021028
154,2,9.03414437877467,9.03414437877467
154,3,3.4269750337389304,3.4269750337389304
154,4,46.94031456205386,46.94031456205386
154,5,143.3072396954107,143.3072396954107
154,6,75.41553461445109,75.41553461445109
154,7,1.7175983402460209,1.7175983402460209
154,8,105.16718064809625,105.16718064809625
154,9,71.62695308633488,71.62695308633488
154,10,49.37962366717547,49.37962366717547
154,11,39.7439920046208,39.7439920046208
154,12,103.94827321936994,103.94827321936994
154,13,64.22946295178578,64.22946295178578
154,14,26.672103113454575,26.672103113454575
154,15,76.02654504359339,76.02654504359339
154,16,166.17762039213758,166.17762039213758
154,17,158.92452590253765,158.92452590253765
154,18,134.7229266051763,134.7229266051763
154,19,109.51994760323552,109.51994760323552
154,20,13.315759041177357,13.315759041177357
154,21,18.592326974616327,18.592326974616327
154,22,167.01976723187053,167.01976723187053
154,23,162.79616863103683,162.79616863103683
154,24,152.9948166257423,152.9948166257423
154,25,98.19145682141925,98.19145682141925
154,26,31.80478673549191,31.80478673549191
154,27,53.28101880267659,53.28101880267659
155,0,40.52481781700126,40.52481781700126
155,1,43.812813449925706,43.812813449925706
155,2,25.1842392335393,25.1842392335393
155,3,12.942645589504536,12.942645589504536
155,4,18.135159771365256,18.135159771365256
155,5,24.0305683534246,24.0305683534246
155,6,56.19886237626484,56.19886237626484
155,7,75.00989590688135,75.00989590688135
155,8,95.10420824227532,95.10420824227532
155,9,100.2464099083536,100.2464099083536
155,10,1.4212829883017346,1.4212829883017346
155,11,55.666758324323546,55.666758324323546
155,12,175.02266695966756,175.02266695966756
155,13,75.65723982790904,75.65723982790904
155,14,3.5560500520307063,3.5560500520307063
155,15,48.676001847767395,48.676001847767395
155,16,121.76740900389977,121.76740900389977
155,17,132.85055838972895,132.85055838972895
155,18,90.03485467957245,90.03485467957245
155,19,61.40513580915365,61.40513580915365
155,20,10.42851344024515,10.42851344024515
155,21,23.478392655933852,23.478392655933852
155,22,175.04994188011793,175.04994188011793
155,23,100.39273698807592,100.39273698807592
155,24,128.81712284438845,128.81712284438845
155,25,92.34887340407005,92.34887340407005
155,26,16.905943991535207,16.905943991535207
155,27,28.18622754316745,28.18622754316745
156,0,55.3688163648657,55.3688163648657
156,1,90.24202767474235,90.24202767474235
156,2,28.49490512248377,28.49490512248377
156,3,67.19404857889862,67.19404857889862
156,4,58.78598862856551,58.78598862856551
156,5,90.7179027363154,90.7179027363154
156,6,134.52236163483875,134.52236163483875
156,7,43.425321764713864,43.425321764713864
156,8,178.1460460584646,178.1460460584646
156,9,158.03461989443173,158.03461989443173
156,10,5.692159107874072,5.692159107874072
156,11,19.1144566259089,19.1144566259089
156,12,118.05968424725089,118.05968424725089
156,13,115.72997224157808,115.72997224157808
156,14,56.24815664487501,56.24815664487501
156,15,45.15557113251299,45.15557113251299
156,16,144.79395562284228,144.79395562284228
156,17,145.75510560072686,145.75510560072686
156,18,65.56095233805746,65.56095233805746
156,19,62.65155339371245,62.65155339371245
156,20,16.892979926381447,16.892979926381447
156,21,33.01844276591904,33.01844276591904
156,22,79.65858001875807,79.65858001875807
156,23,143.53027989641188,143.53027989641188
156,24,143.93818979872995,143.93818979872995
156,25,114.11982934078745,114.11982934078745
156,26,19.79913081115985,19.79913081115985
156,27,34.54338772380237,34.54338772380237
157,0,100.82018495671271,100.82018495671271
157,1,84.84090613481742,84.84090613481742
157,2,35.11629941575603,35.11629941575603
157,3,51.314294232632164,51.314294232632164
157,4,46.051241403724184,46.051241403724184
157,5,78.25735022921316,78.25735022921316
157,6,145.03888411316316,145.03888411316316
157,7,147.73461637104205,147.73461637104205
157,8,164.6765391384321,164.6765391384321
157,9,153.0258232681438,153.0258232681438
157,10,5.50431738403751,5.50431738403751
157,11,14.023747762428048,14.023747762428048
157,12,135.06275361732273,135.06275361732273
157,13,141.1146960961019,141.1146960961019
157,14,39.432928998639795,39.432928998639795
157,15,24.86155614147009,24.86155614147009
157,16,161.49299848586233,161.49299848586233
157,17,144.490586673379,144.490586673379
157,18,50.28558385997585,50.28558385997585
157,19,52.757544763228054,52.757544763228054
157,20,20.225684784075025,20.225684784075025
157,21,30.039818211921524,30.039818211921524
157,22,138.61526707158617,138.61526707158617
157,23,137.45929552653547,137.45929552653547
157,24,173.30441753656092,173.30441753656092
157,25,97.24669656967478,97.24669656967478
157,26,46.418376652728,46.418376652728
157,27,27.100709431667628,27.100709431667628
158,0,118.70150855982362,118.70150855982362
158,1,93.48113182211584,93.48113182211584
158,2,31.50852396774252,31.50852396774252
158,3,67.44164902446846,67.44164902446846
158,4,54.70959252763878,54.70959252763878
158,5,162.17762760928989,162.17762760928989
158,6,146.6944639839327,146.6944639839327
158,7,40.59098966260455,40.59098966260455
158,8,178.06462640922425,178.06462640922425
158,9,154.5922499150155,154.5922499150155
158,10,19.371882639318752,19.371882639318752
158,11,20.563237498881026,20.563237498881026
158,12,81.28866664984315,81.28866664984315
158,13,119.03185888305197,119.03185888305197
158,14,79.33945071083811,79.33945071083811
158,15,40.40490361806695,40.40490361806695
158,16,134.86494796819252,134.86494796819252
158,17,149.21181009437225,149.21181009437225
158,18,24.933006099445823,24.933006099445823
158,19,105.39656686168821,105.39656686168821
158,20,14.059193273482883,14.059193273482883
158,21,16.154922189194973,16.154922189194973
158,22,102.618822044844,102.618822044844
158,23,146.88612039870878,146.88612039870878
158,24,160.83920234383856,160.83920234383856
158,25,40.23439779074345,40.23439779074345
158,26,32.09319860393694,32.09319860393694
158,27,24.7247629551457,24.7247629551457
159,0,135.60974704351443,135.60974704351443
159,1,88.48812913293337,88.48812913293337
159,2,25.27375168024946,25.27375168024946
159,3,62.796940948045915,62.796940948045915
159,4,87.58074171265075,87.58074171265075
159,5,77.47153095355233,77.47153095355233
159,6,132.0095337749924,132.0095337749924
159,7,101.85498716869036,101.85498716869036
159,8,168.50981936115195,168.50981936115195
159,9,159.8877668757914,159.8877668757914
159,10,24.181576180780805,24.181576180780805
159,11,17.552782670808824,17.552782670808824
159,12,80.34461258260592,80.34461258260592
159,13,132.8163674699578,132.8163674699578
159,14,75.47381123661326,75.47381123661326
159,15,29.630849859233365,29.630849859233365
159,16,130.74452531001515,130.74452531001515
159,17,161.138266134531,161.138266134531
159,18,66.71254687817905,66.71254687817905
159,19,60.249040614538565,60.249040614538565
159,20,22.092681485305466,22.092681485305466
159,21,45.71610099010939,45.71610099010939
159,22,104.80297771779092,104.80297771779092
159,23,115.23100932640979,115.23100932640979
159,24,172.77495214778617,172.77495214778617
159,25,58.245977576890766,58.245977576890766
159,26,8.804578546104231,8.804578546104231
159,27,6.914277533097038,6.914277533097038
160,0,132.83264018253277,132.83264018253277
160,1,91.93929714552904,91.93929714552904
160,2,19.13519596575469,19.13519596575469
160,3,62.12105461126686,62.12105461126686
160,4,68.73239510771353,68.73239510771353
160,5,27.455586048555546,27.455586048555546
160,6,137.69955156714343,137.69955156714343
160,7,169.38899419973572,169.38899419973572
160,8,103.36739509333721,103.36739509333721
160,9,153.1006026932279,153.1006026932279
160,10,9.295192380733857,9.295192380733857
160,11,15.491113181891045,15.491113181891045
160,12,125.85525122679414,125.85525122679414
160,13,132.99135795400778,132.99135795400778
160,14,44.849556392471996,44.849556392471996
160,15,31.51752886410111,31.51752886410111
160,16,112.77091369979291,112.77091369979291
160,17,165.65810504149343,165.65810504149343
160,18,28.780224830851985,28.780224830851985
160,19,47.94650290030637,47.94650290030637
160,20,12.157096138915527,12.157096138915527
160,21,65.1256910371266,65.1256910371266
160,22,78.37442413550563,78.37442413550563
160,23,154.8852194211716,154.8852194211716
160,24,145.81062351783265,145.81062351783265
160,25,87.7488179964468,87.7488179964468
160,26,23.79102501968829,23.79102501968829
160,27,79.61982925898684,79.61982925898684
161,0,0.0,0.0
161,1,0.0,0.0
161,2,0.0,0.0
161,3,0.0,0.0
161,4,0.0,0.0
161,5,0.0,0.0
161,6,0.0,0.0
161,7,0.0,0.0
161,8,0.0,0.0
161,9,0.0,0.0
161,10,0.0,0.0
161,11,0.0,0.0
161,12,0.0,0.0
161,13,0.0,0.0
161,14,0.0,0.0
161,15,0.0,0.0
161,16,0.0,0.0
161,17,0.0,0.0
161,18,0.0,0.0
161,19,0.0,0.0
161,20,0.0,0.0
161,21,0.0,0.0
161,22,0.0,0.0
161,23,0.0,0.0
161,24,0.0,0.0
161,25,0.0,0.0
161,26,0.0,0.0
161,27,0.0,0.0
162,0,157.23043118010048,157.23043118010048
162,1,103.83138996534957,103.83138996534957
162,2,0.6419278351890263,0.6419278351890263
162,3,88.75589923975997,88.75589923975997
162,4,67.60482310723692,67.60482310723692
162,5,27.658820012828972,27.658820012828972
162,6,98.16588534184311,98.16588534184311
162,7,148.03212712623332,148.03212712623332
162,8,38.92050861093385,38.92050861093385
162,9,167.95125852285057,167.95125852285057
162,10,4.951181062388232,4.951181062388232
162,11,15.44757385265967,15.44757385265967
162,12,161.7268513353581,161.7268513353581
162,13,129.3999064407854,129.3999064407854
162,14,13.321967602253654,13.321967602253654
162,15,35.152519706554926,35.152519706554926
162,16,143.35787123999464,143.35787123999464
162,17,171.54878129876394,171.54878129876394
162,18,99.21540743271781,99.21540743271781
162,19,21.698614474447684,21.698614474447684
162,20,12.770719815260897,12.770719815260897
162,21,37.333799970328634,37.333799970328634
162,22,42.11842492479928,42.11842492479928
162,23,75.7900507657364,75.7900507657364
162,24,140.77345510633643,140.77345510633643
162,25,20.258660975189954,20.258660975189954
162,26,13.225955212561974,13.225955212561974
162,27,21.103685919570125,21.103685919570125
163,0,40.151500309955935,40.151500309955935
163,1,91.51791032342868,91.51791032342868
163,2,15.256665329342525,15.256665329342525
163,3,69.10152075894962,69.10152075894962
163,4,75.67348202783276,75.67348202783276
163,5,81.71107011716204,81.71107011716204
163,6,108.15549761714256,108.15549761714256
163,7,120.77600523537528,120.77600523537528
163,8,169.882506978148,169.882506978148
163,9,160.74549731231463,160.74549731231463
163,10,1.6826096016756291,1.6826096016756291
163,11,15.463373335432,15.463373335432
163,12,171.1641298084593,171.1641298084593
163,13,142.84257971079776,142.84257971079776
163,14,7.153260589865063,7.153260589865063
163,15,21.694046953770282,21.694046953770282
163,16,102.33051531863622,102.33051531863622
163,17,155.06850573569548,155.06850573569548
163,18,57.4272361454228,57.4272361454228
163,19,64.31063175165741,64.31063175165741
163,20,13.784941106599872,13.784941106599872
163,21,39.84339759130852,39.84339759130852
163,22,94.80002674158895,94.80002674158895
163,23,179.26831046303306,179.26831046303306
163,24,147.30816347877376,147.30816347877376
163,25,94.03629954867728,94.03629954867728
163,26,26.715300843720364,26.715300843720364
163,27,25.211930569417063,25.211930569417063
164,0,115.26745712112582,115.26745712112582
164,1,84.73452495111096,84.73452495111096
164,2,49.806725679812644,49.806725679812644
164,3,73.1442993994711,73.1442993994711
164,4,37.6443562410648,37.6443562410648
164,5,50.98512806922316,50.98512806922316
164,6,53.965965250337284,53.965965250337284
164,7,122.2275384591529,122.2275384591529
164,8,129.28240779952066,129.28240779952066
164,9,169.48665182600885,169.48665182600885
164,10,14.884149121069559,14.884149121069559
164,11,19.20164423820559,19.20164423820559
164,12,81.0661350628302,81.0661350628302
164,13,115.4479246763185,115.4479246763185
164,14,84.04971581610025,84.04971581610025
164,15,45.35043108547592,45.35043108547592
164,16,158.64130080090263,158.64130080090263
164,17,129.32040150947893,129.32040150947893
164,18,88.89336093759893,88.89336093759893
164,19,21.214088927560464,21.214088927560464
164,20,26.655748122127754,26.655748122127754
164,21,9.248278557542141,9.248278557542141
164,22,135.1710790947003,135.1710790947003
164,23,142.6152427679969,142.6152427679969
164,24,165.56812622646075,165.56812622646075
164,25,26.980963733609258,26.980963733609258
164,26,1.018487333848692,1.018487333848692
164,27,5.965467866812953,5.965467866812953
165,0,112.26391712900804,112.26391712900804
165,1,83.95959135748775,83.95959135748775
165,2,22.3920696250824,22.3920696250824
165,3,69.9416747592627,69.9416747592627
165,4,83.0821610763254,83.0821610763254
165,5,47.761804021848626,47.761804021848626
165,6,133.041759931211,133.041759931211
165,7,139.83580386633517,139.83580386633517
165,8,143.702628572886,143.702628572886
165,9,158.45708534449938,158.45708534449938
165,10,6.156270849148777,6.156270849148777
165,11,14.561158619684981,14.561158619684981
165,12,139.2945800687824,139.2945800687824
165,13,118.73877885139225,118.73877885139225
165,14,34.5491490820688,34.5491490820688
165,15,46.700062528922786,46.700062528922786
165,16,145.19488983618155,145.19488983618155
165,17,163.47684191576397,163.47684191576397
165,18,80.20798611591952,80.20798611591952
165,19,20.392110389513753,20.392110389513753
165,20,12.204356931994058,12.204356931994058
165,21,16.104819515641008,16.104819515641008
165,22,139.2940176703578,139.2940176703578
165,23,145.4424213792831,145.4424213792831
165,24,161.62743747072633,161.62743747072633
165,25,96.70277998598175,96.70277998598175
165,26,51.962392155974705,51.962392155974705
165,27,62.63626427303677,62.63626427303677
166,0,157.2119315332632,157.2119315332632
166,1,80.96304879207445,80.96304879207445
166,2,25.375359291160066,25.375359291160066
166,3,75.37413492587962,75.37413492587962
166,4,71.03056388294915,71.03056388294915
166,5,60.31463558143468,60.31463558143468
166,6,92.18184911793601,92.18184911793601
166,7,125.57013678502213,125.57013678502213
166,8,174.35085644728932,174.35085644728932
166,9,151.30130025501057,151.30130025501057
166,10,19.254901337423814,19.254901337423814
166,11,16.344915177831506,16.344915177831506
166,12,121.4571410527364,121.4571410527364
166,13,124.52021162443353,124.52021162443353
166,14,39.28795760983982,39.28795760983982
166,15,39.134873197734976,39.134873197734976
166,16,131.62374792351915,131.62374792351915
166,17,144.07420405790361,144.07420405790361
166,18,79.50905603933565,79.50905603933565
166,19,48.29402915787048,48.29402915787048
166,20,11.911434625738373,11.911434625738373
166,21,5.494833718910599,5.494833718910599
166,22,126.55240581763351,126.55240581763351
166,23,150.22507298138095,150.22507298138095
166,24,158.00463136101177,158.00463136101177
166,25,92.37820181471602,92.37820181471602
166,26,42.25533705221717,42.25533705221717
166,27,37.53009212536733,37.53009212536733
167,0,174.3129701374979,174.3129701374979
167,1,64.37779181187923,64.37779181187923
167,2,14.4616324958144,14.4616324958144
167,3,64.6995794896693,64.6995794896693
167,4,79.55885616025758,79.55885616025758
167,5,35.26330568476137,35.26330568476137
167,6,110.75526016558506,110.75526016558506
167,7,111.25281212950897,111.25281212950897
167,8,170.43708050520004,170.43708050520004
167,9,158.44873427077246,158.44873427077246
167,10,19.832842967726133,19.832842967726133
167,11,24.427351773565604,24.427351773565604
167,12,152.9966942352509,152.9966942352509
167,13,124.98430818377993,124.98430818377993
167,14,7.170462797022915,7.170462797022915
167,15,30.588340042654472,30.588340042654472
167,16,128.70420460975112,128.70420460975112
167,17,129.21957228210604,129.21957228210604
167,18,67.14211263327485,67.14211263327485
167,19,16.280704463635733,16.280704463635733
167,20,14.293657497277678,14.293657497277678
167,21,6.404646684733703,6.404646684733703
167,22,148.03647296073308,148.03647296073308
167,23,151.7082098823581,151.7082098823581
167,24,165.93662888562133,165.93662888562133
167,25,84.61102877041907,84.61102877041907
167,26,28.10638955718568,28.10638955718568
167,27,57.2447747406498,57.2447747406498
168,0,135.8352461888022,135.8352461888022
168,1,83.25402302996535,83.25402302996535
168,2,26.51518568051233,26.51518568051233
168,3,76.35487771479757,76.35487771479757
168,4,54.012084668980116,54.012084668980116
168,5,77.29846872847061,77.29846872847061
168,6,88.92915905685595,88.92915905685595
168,7,106.09462656027947,106.09462656027947
168,8,168.98287245577026,168.98287245577026
168,9,161.09721315126106,161.09721315126106
168,10,13.570983307755295,13.570983307755295
168,11,17.307713361141943,17.307713361141943
168,12,116.91518039757969,116.91518039757969
168,13,115.5394624481426,115.5394624481426
168,14,49.513836294665,49.513836294665
168,15,47.15282419071548,47.15282419071548
168,16,120.17437687313421,120.17437687313421
168,17,60.38734621573437,60.38734621573437
168,18,66.0308571493818,66.0308571493818
168,19,4.284595064113509,4.284595064113509
168,20,12.816769905709856,12.816769905709856
168,21,1.4045172019028995,1.4045172019028995
168,22,119.11871263215906,119.11871263215906
168,23,149.8138283404599,149.8138283404599
168,24,158.40305773237301,158.40305773237301
168,25,92.60162502444462,92.60162502444462
168,26,33.42201453878552,33.42201453878552
168,27,43.03417631722448,43.03417631722448
169,0,70.88294155781905,70.88294155781905
169,1,21.429899722262622,21.429899722262622
169,2,40.384035835966245,40.384035835966245
169,3,27.753352363756903,27.753352363756903
169,4,35.93873693014451,35.93873693014451
169,5,51.71439232587434,51.71439232587434
169,6,89.30727898881364,89.30727898881364
169,7,52.2606506155026,52.2606506155026
169,8,52.15381536678791,52.15381536678791
169,9,166.75742257642673,166.75742257642673
169,10,103.65617037465032,103.65617037465032
169,11,15.88372603216607,15.88372603216607
169,12,34.81164944964098,34.81164944964098
169,13,141.3477960027999,141.3477960027999
169,14,41.53218017570873,41.53218017570873
169,15,22.768477965033995,22.768477965033995
169,16,92.09576042709185,92.09576042709185
169,17,91.7504091150473,91.7504091150473
169,18,33.47634560680143,33.47634560680143
169,19,44.5709482715306,44.5709482715306
169,20,17.95976290131332,17.95976290131332
169,21,6.201966658202086,6.201966658202086
169,22,111.49478435304914,111.49478435304914
169,23,151.04153962717987,151.04153962717987
169,24,163.2669285859506,163.2669285859506
169,25,87.24818389669605,87.24818389669605
169,26,48.42153731692912,48.42153731692912
169,27,27.15401493852562,27.15401493852562
170,0,131.17405185663455,131.17405185663455
170,1,31.8923725599491,31.8923725599491
170,2,29.437305388352968,29.437305388352968
170,3,5.972466178589408,5.972466178589408
170,4,41.76177363175146,41.76177363175146
170,5,70.49135253991436,70.49135253991436
170,6,78.03623118040333,78.03623118040333
170,7,65.69480698015471,65.69480698015471
170,8,77.05785664027819,77.05785664027819
170,9,167.78003768240688,167.78003768240688
170,10,13.08891252779418,13.08891252779418
170,11,5.011649981389981,5.011649981389981
170,12,64.97017177662526,64.97017177662526
170,13,161.9052968254693,161.9052968254693
170,14,101.94091569558054,101.94091569558054
170,15,13.083053193140746,13.083053193140746
170,16,133.18157602549388,133.18157602549388
170,17,68.10102390761112,68.10102390761112
170,18,79.05402299842372,79.05402299842372
170,19,24.148733251024225,24.148733251024225
170,20,17.954615583890916,17.954615583890916
170,21,3.1231550509804786,3.1231550509804786
170,22,58.86898971698397,58.86898971698397
170,23,154.97817206659153,154.97817206659153
170,24,173.2071652615016,173.2071652615016
170,25,75.77535277201264,75.77535277201264
170,26,17.219900247516414,17.219900247516414
170,27,53.6324393005703,53.6324393005703
171,0,102.79726387286817,102.79726387286817
171,1,44.17816322665374,44.17816322665374
171,2,37.680504970551794,37.680504970551794
171,3,8.022469911739996,8.022469911739996
171,4,30.006542342775777,30.006542342775777
171,5,55.456280118277675,55.456280118277675
171,6,83.6367489251091,83.6367489251091
171,7,40.02398077733692,40.02398077733692
171,8,118.38706765606433,118.38706765606433
171,9,171.51590644227454,171.51590644227454
171,10,13.962077821299467,13.962077821299467
171,11,20.68202704067334,20.68202704067334
171,12,69.82714191287491,69.82714191287491
171,13,78.45554086965103,78.45554086965103
171,14,96.21078026582563,96.21078026582563
171,15,80.86243208967562,80.86243208967562
171,16,113.686156769049,113.686156769049
171,17,104.63387874790564,104.63387874790564
171,18,69.0658811183634,69.0658811183634
171,19,55.58319244675787,55.58319244675787
171,20,19.755940364037208,19.755940364037208
171,21,3.4874680484179024,3.4874680484179024
171,22,176.14950553454506,176.14950553454506
171,23,94.17658947446546,94.17658947446546
171,24,179.51564472450994,179.51564472450994
171,25,97.43245651224646,97.43245651224646
171,26,29.11111050491692,29.11111050491692
171,27,4.379659585064303,4.379659585064303
172,0,155.81960455556825,155.81960455556825
172,1,40.27618637986791,40.27618637986791
172,2,26.559100826784345,26.559100826784345
172,3,4.3107180498688535,4.3107180498688535
172,4,50.9874029300145,50.9874029300145
172,5,177.77990992134124,177.77990992134124
172,6,108.70063620162324,108.70063620162324
172,7,95.72727980686913,95.72727980686913
172,8,126.66760506937834,126.66760506937834
172,9,173.81056571041682,173.81056571041682
172,10,27.949800625292,27.949800625292
172,11,6.653969387980039,6.653969387980039
172,12,12.289835896765073,12.289835896765073
172,13,125.64563782673348,125.64563782673348
172,14,139.76036347794297,139.76036347794297
172,15,47.70039278528651,47.70039278528651
172,16,113.65663430835063,113.65663430835063
172,17,93.9848285724546,93.9848285724546
172,18,60.63066890997504,60.63066890997504
172,19,74.47703703711835,74.47703703711835
172,20,19.379862735526434,19.379862735526434
172,21,12.562736091728647,12.562736091728647
172,22,158.0865901809172,158.0865901809172
172,23,98.55279266304443,98.55279266304443
172,24,127.2960346405343,127.2960346405343
172,25,106.14751040503955,106.14751040503955
172,26,18.336096175604602,18.336096175604602
172,27,58.68047245071193,58.68047245071193
173,0,128.51698590577618,128.51698590577618
173,1,11.403463761547936,11.403463761547936
173,2,39.57179700536153,39.57179700536153
173,3,10.235323557945264,10.235323557945264
173,4,46.48214584567478,46.48214584567478
173,5,47.66656354929586,47.66656354929586
173,6,83.05124248241553,83.05124248241553
173,7,42.308488531784775,42.308488531784775
173,8,175.13584138127123,175.13584138127123
173,9,175.63640956369164,175.63640956369164
173,10,12.643927528459061,12.643927528459061
173,11,8.456704631324255,8.456704631324255
173,12,46.67073424896222,46.67073424896222
173,13,158.68726257929748,158.68726257929748
173,14,120.68533822257871,120.68533822257871
173,15,12.856032789378228,12.856032789378228
173,16,106.49087061520851,106.49087061520851
173,17,72.30718448855701,72.30718448855701
173,18,69.68744386234056,69.68744386234056
173,19,3.9108617249552338,3.9108617249552338
173,20,12.332256557844028,12.332256557844028
173,21,0.6933847350559614,0.6933847350559614
173,22,127.05935443677325,127.05935443677325
173,23,149.92783427001837,149.92783427001837
173,24,118.64297962459366,118.64297962459366
173,25,105.04590316772718,105.04590316772718
173,26,23.691531400547476,23.691531400547476
173,27,11.367672907025506,11.367672907025506
174,0,116.42746605856505,116.42746605856505
174,1,45.26641439006532,45.26641439006532
174,2,36.69284767946317,36.69284767946317
174,3,43.1189428143706,43.1189428143706
174,4,66.43613553219846,66.43613553219846
174,5,45.01099837686622,45.01099837686622
174,6,104.08891979795688,104.08891979795688
174,7,50.7110669973846,50.7110669973846
174,8,173.5540553188991,173.5540553188991
174,9,159.8566622070948,159.8566622070948
174,10,12.872324670002785,12.872324670002785
174,11,16.803653432373185,16.803653432373185
174,12,70.88245207634776,70.88245207634776
174,13,136.64440332639435,136.64440332639435
174,14,96.24522325364944,96.24522325364944
174,15,26.551943241232475,26.551943241232475
174,16,117.62613053600258,117.62613053600258
174,17,72.64006291452209,72.64006291452209
174,18,68.97170886658259,68.97170886658259
174,19,2.5220646101398647,2.5220646101398647
174,20,25.441767215142644,25.441767215142644
174,21,0.751515870553848,0.751515870553848
174,22,81.90130076198739,81.90130076198739
174,23,176.00847354468445,176.00847354468445
174,24,175.71492438982102,175.71492438982102
174,25,70.08047769364691,70.08047769364691
174,26,9.565330281138698,9.565330281138698
174,27,5.359088908187852,5.359088908187852
175,0,132.53318099861673,132.53318099861673
175,1,82.32767587172758,82.32767587172758
175,2,9.983867355821591,9.983867355821591
175,3,53.88072980603587,53.88072980603587
175,4,150.9266945225577,150.9266945225577
175,5,15.02888216577927,15.02888216577927
175,6,39.53047627234742,39.53047627234742
175,7,178.9326786226175,178.9326786226175
175,8,142.89241034563327,142.89241034563327
175,9,152.1545124612506,152.1545124612506
175,10,32.61777195831089,32.61777195831089
175,11,29.115101648954298,29.115101648954298
175,12,56.121518188497376,56.121518188497376
175,13,112.33225169882078,112.33225169882078
175,14,91.26070985319173,91.26070985319173
175,15,38.552646652224894,38.552646652224894
175,16,32.720006156995225,32.720006156995225
175,17,171.86337827196988,171.86337827196988
175,18,22.459938821323874,22.459938821323874
175,19,32.71042216317369,32.71042216317369
175,20,2.7067314559058104,2.7067314559058104
175,21,104.2214732176597,104.2214732176597
175,22,100.13548428171701,100.13548428171701
175,23,138.61120073240448,138.61120073240448
175,24,158.65365123211697,158.65365123211697
175,25,104.2792897225404,104.2792897225404
175,26,30.088123307949296,30.088123307949296
175,27,48.80541095682196,48.80541095682196
176,0,98.45926252518514,98.45926252518514
176,1,96.93989742613724,96.93989742613724
176,2,32.918958294160994,32.918958294160994
176,3,66.84105049089372,66.84105049089372
176,4,135.6297970758371,135.6297970758371
176,5,14.442830649281822,14.442830649281822
176,6,56.426112856489745,56.426112856489745
176,7,178.75222881021512,178.75222881021512
176,8,168.66682785321393,168.66682785321393
176,9,159.61102373804948,159.61102373804948
176,10,5.700865326060726,5.700865326060726
176,11,17.46756530864503,17.46756530864503
176,12,128.24480076896987,128.24480076896987
176,13,123.83737485374508,123.83737485374508
176,14,46.05433390496936,46.05433390496936
176,15,38.695059837609904,38.695059837609904
176,16,157.87043804690197,157.87043804690197
176,17,171.82944746532635,171.82944746532635
176,18,147.0005567258574,147.0005567258574
176,19,58.78970974211035,58.78970974211035
176,20,2.4295687887891364,2.4295687887891364
176,21,101.77212741134846,101.77212741134846
176,22,52.521691519378166,52.521691519378166
176,23,53.979965434840864,53.979965434840864
176,24,155.3291064261287,155.3291064261287
176,25,110.74048693077592,110.74048693077592
176,26,18.477444338355625,18.477444338355625
176,27,25.44722273314096,25.44722273314096
177,0,145.94148108377595,145.94148108377595
177,1,100.85986400215411,100.85986400215411
177,2,28.721576570845563,28.721576570845563
177,3,76.17571988829734,76.17571988829734
177,4,38.376341401797475,38.376341401797475
177,5,1.654880099193716,1.654880099193716
177,6,63.852708455294135,63.852708455294135
177,7,143.97705681118327,143.97705681118327
177,8,161.29230903433165,161.29230903433165
177,9,156.79503788392913,156.79503788392913
177,10,12.494339605255586,12.494339605255586
177,11,16.763631102108118,16.763631102108118
177,12,129.16403551547867,129.16403551547867
177,13,127.09103218341595,127.09103218341595
177,14,38.34162487926571,38.34162487926571
177,15,36.145336714475945,36.145336714475945
177,16,168.52819616564594,168.52819616564594
177,17,173.13138767087614,173.13138767087614
177,18,58.74607011108041,58.74607011108041
177,19,10.911080954382303,10.911080954382303
177,20,38.138171928677565,38.138171928677565
177,21,13.432256045497097,13.432256045497097
177,22,86.8491814036455,86.8491814036455
177,23,153.6838930899631,153.6838930899631
177,24,151.4975861988957,151.4975861988957
177,25,88.76576392878997,88.76576392878997
177,26,20.97563932355627,20.97563932355627
177,27,25.259178628879454,25.259178628879454
178,0,148.648739869977,148.648739869977
178,1,100.67802155325771,100.67802155325771
178,2,15.331569461161278,15.331569461161278
178,3,73.47779659465397,73.47779659465397
178,4,22.034230187691723,22.034230187691723
178,5,9.972239878700076,9.972239878700076
178,6,42.22147269665875,42.22147269665875
178,7,177.28659077965403,177.28659077965403
178,8,144.95189835651985,144.95189835651985
178,9,152.54575186840165,152.54575186840165
178,10,18.41169061343833,18.41169061343833
178,11,14.278853682768405,14.278853682768405
178,12,135.66618336211008,135.66618336211008
178,13,137.1985527516734,137.1985527516734
178,14,25.922126024451593,25.922126024451593
178,15,28.522593565558225,28.522593565558225
178,16,176.3374909084077,176.3374909084077
178,17,167.32706892571377,167.32706892571377
178,18,13.263267201198476,13.263267201198476
178,19,37.269086820342935,37.269086820342935
178,20,10.3612514839302,10.3612514839302
178,21,64.83106720752457,64.83106720752457
178,22,33.72558121758425,33.72558121758425
178,23,174.54576625366647,174.54576625366647
178,24,151.13661163161535,151.13661163161535
178,25,92.4906876595033,92.4906876595033
178,26,20.687619156976616,20.687619156976616
178,27,12.347536340203533,12.347536340203533
179,0,111.39363445133755,111.39363445133755
179,1,98.13029273146431,98.13029273146431
179,2,24.062248106526816,24.062248106526816
179,3,74.01684339442846,74.01684339442846
179,4,43.71852729214015,43.71852729214015
179,5,23.780666402139655,23.780666402139655
179,6,39.54419010507036,39.54419010507036
179,7,145.6646456246185,145.6646456246185
179,8,170.6223809986684,170.6223809986684
179,9,158.1575427535665,158.1575427535665
179,10,10.933405777464738,10.933405777464738
179,11,14.99476490705714,14.99476490705714
179,12,136.40140334921668,136.40140334921668
179,13,130.2832795299476,130.2832795299476
179,14,32.6651908733186,32.6651908733186
179,15,34.72195556299522,34.72195556299522
179,16,166.7767035489886,166.7767035489886
179,17,168.9233346940795,168.9233346940795
179,18,35.13505289818656,35.13505289818656
179,19,43.25795602455677,43.25795602455677
179,20,21.445177234532018,21.445177234532018
179,21,13.40409933633503,13.40409933633503
179,22,64.07734799690513,64.07734799690513
179,23,157.31062567151903,157.31062567151903
179,24,170.76612059520758,170.76612059520758
179,25,82.6693854086231,82.6693854086231
179,26,16.908688100779216,16.908688100779216
179,27,6.715194804716892,6.715194804716892
