frame,point_idx,x1,y1,z1,x2,y2,z2
0,0,0.8294556140899658,0.45255836844444275,-0.5157798528671265,0.5,0.5,0.0
0,1,0.846266508102417,0.4156692624092102,-0.49198365211486816,0.5,0.5,0.0
0,2,0.8483964800834656,0.4152297377586365,-0.49223440885543823,0.5,0.5,0.0
0,3,0.8497557044029236,0.4145803451538086,-0.49266883730888367,0.5,0.5,0.0
0,4,0.8356883525848389,0.4058559834957123,-0.5552018880844116,0.5,0.5,0.0
0,5,0.8293970823287964,0.39764341711997986,-0.5554114580154419,0.5,0.5,0.0
0,6,0.8223633766174316,0.388448029756546,-0.5555359721183777,0.5,0.5,0.0
0,7,0.8236953020095825,0.380754679441452,-0.34429943561553955,0.5,0.5,0.0
0,8,0.7901000380516052,0.3496357798576355,-0.6249925494194031,0.5,0.5,0.0
0,9,0.8048517107963562,0.46782368421554565,-0.4542154371738434,0.5,0.5,0.0
0,10,0.7877945899963379,0.44992318749427795,-0.5357613563537598,0.5,0.5,0.0
0,11,0.7188315987586975,0.4129016697406769,-0.18305763602256775,0.5,0.5,0.0
0,12,0.6463301181793213,0.38892075419425964,-0.6867030262947083,0.5,0.5,0.0
0,13,0.6715047359466553,0.6250953674316406,-0.15681315958499908,0.5,0.5,0.0
0,14,0.6463779211044312,0.7177712917327881,-0.7426576614379883,0.5,0.5,0.0
0,15,0.7015691995620728,0.8155587315559387,-0.26207560300827026,0.5,0.5,0.0
0,16,0.7786980271339417,0.9595003724098206,-0.6783872842788696,0.5,0.5,0.0
0,17,0.7322348952293396,0.846632719039917,-0.2728623151779175,0.5,0.5,0.0
0,18,0.8165668249130249,0.9882006049156189,-0.7684373259544373,0.5,0.5,0.0
0,19,0.733822226524353,0.8504478931427002,-0.3412194848060608,0.5,0.5,0.0
0,20,0.8407511711120605,0.970818817615509,-0.7231942415237427,0.5,0.5,0.0
0,21,0.7119207978248596,0.8411539793014526,-0.2940881550312042,0.5,0.5,0.0
0,22,0.8232882022857666,0.9612533450126648,-0.6675442457199097,0.5,0.5,0.0
0,23,0.4164900779724121,0.42926666140556335,0.1454804390668869,0.5,0.5,0.0
0,24,0.33988577127456665,0.3998802900314331,-0.14488044381141663,0.5,0.5,0.0
0,25,0.5303921699523926,0.6662007570266724,0.24471010267734528,0.5,0.5,0.0
0,26,0.35270199179649353,0.6390206813812256,-0.4053787589073181,0.5,0.5,0.0
0,27,0.3660171627998352,0.6213508248329163,0.3397451639175415,0.5,0.5,0.0
0,28,0.23659756779670715,0.5571419596672058,0.06378795206546783,0.5,0.5,0.0
0,29,0.33443203568458557,0.5879133343696594,0.35391882061958313,0.5,0.5,0.0
0,30,0.21907943487167358,0.5107266902923584,0.12211894243955612,0.5,0.5,0.0
0,31,0.35398170351982117,0.6980144381523132,0.4178451597690582,0.5,0.5,0.0
0,32,0.196470245718956,0.6688968539237976,0.2396276742219925,0.5,0.5,0.0
1,0,0.8331030011177063,0.4424494504928589,-0.6620681285858154,0.7088378071784973,0.7742663621902466,-0.35105639696121216
1,1,0.8467261791229248,0.40941286087036133,-0.6453291773796082,0.7367935180664062,0.7926167249679565,-0.3731146454811096
1,2,0.8470413088798523,0.4071774482727051,-0.6454553008079529,0.7356547117233276,0.8010684251785278,-0.37305623292922974
1,3,0.8474290370941162,0.4050061106681824,-0.6458048224449158,0.7347520589828491,0.8025736212730408,-0.37321943044662476
1,4,0.8388731479644775,0.4029923677444458,-0.7053012251853943,0.7239340543746948,0.7861427068710327,-0.3423742651939392
1,5,0.8343625664710999,0.3968328833580017,-0.7057048082351685,0.7247359752655029,0.7849229574203491,-0.34248191118240356
1,6,0.8294493556022644,0.3901311159133911,-0.70599365234375,0.7255606651306152,0.7836104035377502,-0.34260448813438416
1,7,0.818649172782898,0.37005144357681274,-0.49873480200767517,0.7064436674118042,0.8295052647590637,-0.38948091864585876
1,8,0.7978510856628418,0.3528473973274231,-0.7734569907188416,0.7170493602752686,0.8008245229721069,-0.24898479878902435
1,9,0.8085942268371582,0.45700275897979736,-0.600470244884491,0.6899688243865967,0.7844927310943604,-0.35051068663597107
1,10,0.7958717346191406,0.4459914565086365,-0.6811096668243408,0.693440318107605,0.773104190826416,-0.31020620465278625
1,11,0.7094796895980835,0.38500267267227173,-0.3540942668914795,0.6013892292976379,0.875165581703186,-0.3702867329120636
1,12,0.6384915113449097,0.3893548846244812,-0.8061758875846863,0.6637232303619385,0.7573192119598389,-0.12761174142360687
1,13,0.61879563331604,0.4765295088291168,-0.15555374324321747,0.472544401884079,0.8281760811805725,-0.3329371511936188
1,14,0.6505389213562012,0.7192477583885193,-0.8823495507240295,0.6145181059837341,0.6557902097702026,-0.11982007324695587
1,15,0.5626398324966431,0.44214141368865967,-0.07006274908781052,0.49345701932907104,0.7890558838844299,-0.2679886221885681
1,16,0.7810451984405518,0.9667148590087891,-0.7973186373710632,0.686569333076477,0.6515582203865051,-0.17039521038532257
1,17,0.5407260060310364,0.4242161512374878,-0.04636340215802193,0.4971659481525421,0.7847877144813538,-0.27355825901031494
1,18,0.8188593983650208,1.0014209747314453,-0.8730047345161438,0.7118860483169556,0.6350350975990295,-0.16384518146514893
1,19,0.555593729019165,0.4139046370983124,-0.08730003237724304,0.5096050500869751,0.7884393930435181,-0.27390846610069275
1,20,0.8411779999732971,0.9782915115356445,-0.8352777361869812,0.7130932807922363,0.6498962044715881,-0.1624801754951477
1,21,0.5579689145088196,0.430385023355484,-0.07867898046970367,0.5103228688240051,0.7873831987380981,-0.2632018029689789
1,22,0.8234153985977173,0.9667105674743652,-0.7838631272315979,0.701103925704956,0.6564152836799622,-0.1700369119644165
1,23,0.4260502755641937,0.4581853151321411,0.09464427828788757,0.4437234103679657,0.8011375665664673,-0.08172591030597687
1,24,0.33748048543930054,0.3675439953804016,-0.09473846107721329,0.48942703008651733,0.7298267483711243,0.08165817707777023
1,25,0.5322314500808716,0.7470203638076782,0.039358578622341156,0.3264545500278473,0.7423884868621826,-0.3804610073566437
1,26,0.25195688009262085,0.17670997977256775,-0.6575469970703125,0.4650036096572876,0.6004403233528137,-0.01913832686841488
1,27,0.3601214289665222,0.682358980178833,0.13409151136875153,0.3720918893814087,0.7198242545127869,0.029009617865085602
1,28,0.23198994994163513,0.5153717994689941,-0.09313047677278519,0.4016121029853821,0.6131981611251831,0.18212568759918213
1,29,0.3331802785396576,0.6601295471191406,0.15287622809410095,0.3902532756328583,0.7178714871406555,0.07920248061418533
1,30,0.2358800768852234,0.5135931968688965,-0.023687688633799553,0.39109382033348083,0.6230565905570984,0.2093547135591507
1,31,0.32804006338119507,0.7197448015213013,0.1575399488210678,0.34755006432533264,0.6958069205284119,0.128210186958313
1,32,0.17104685306549072,0.6628488302230835,0.006691815331578255,0.37770944833755493,0.570488452911377,0.23246197402477264
2,0,0.8361104726791382,0.451008677482605,-0.4643634855747223,0.7008954882621765,0.7820549011230469,-0.40901464223861694
2,1,0.850416898727417,0.41700252890586853,-0.4476207196712494,0.7120255827903748,0.799086332321167,-0.43464550375938416
2,2,0.8508371114730835,0.4148271977901459,-0.44792819023132324,0.7109737992286682,0.8038822412490845,-0.43464431166648865
2,3,0.8511900901794434,0.41240599751472473,-0.44839030504226685,0.7098863124847412,0.8087096810340881,-0.43483200669288635
2,4,0.8425168991088867,0.41142356395721436,-0.5086363554000854,0.7146254777908325,0.793494462966919,-0.4040561318397522
2,5,0.8377223014831543,0.4050392210483551,-0.5088168978691101,0.7155849933624268,0.7928593158721924,-0.4041825532913208
2,6,0.8324567079544067,0.39837217330932617,-0.5089535713195801,0.7165477275848389,0.7921425700187683,-0.40432703495025635
2,7,0.8238931894302368,0.3778458833694458,-0.3211236894130707,0.7016072869300842,0.8319485783576965,-0.45899954438209534
2,8,0.7991573810577393,0.36085426807403564,-0.5941780805587769,0.7107627987861633,0.8105601072311401,-0.3214576542377472
2,9,0.8097991943359375,0.4606876075267792,-0.40954166650772095,0.6854310035705566,0.792490541934967,-0.4092601239681244
2,10,0.800222635269165,0.45128321647644043,-0.4890768826007843,0.688673734664917,0.7830979824066162,-0.3699319362640381
2,11,0.7273331880569458,0.3930397629737854,-0.17417660355567932,0.612916111946106,0.8631024360656738,-0.43126076459884644
2,12,0.6444832682609558,0.39346957206726074,-0.6616079211235046,0.6669251918792725,0.7909353971481323,-0.17557589709758759
2,13,0.674124002456665,0.5812708735466003,-0.09295222908258438,0.500721275806427,0.8231775164604187,-0.34686100482940674
2,14,0.6526823043823242,0.7371116876602173,-0.7146741151809692,0.6384989023208618,0.7029485106468201,-0.03135816380381584
2,15,0.7031952738761902,0.7373262643814087,-0.19280831515789032,0.5029841065406799,0.8071527481079102,-0.2166556715965271
2,16,0.7766913771629333,0.9642584323883057,-0.6584304571151733,0.6803510189056396,0.6756592392921448,0.06645940989255905
2,17,0.7281423807144165,0.7608038187026978,-0.2139371931552887,0.5017767548561096,0.80653977394104,-0.2174193412065506
2,18,0.8223097324371338,1.000842571258545,-0.7561533451080322,0.6937649250030518,0.6658106446266174,0.08649341762065887
2,19,0.7325081825256348,0.7600778341293335,-0.2848455607891083,0.5095099806785583,0.8089189529418945,-0.22302569448947906
2,20,0.8427764177322388,0.9780815839767456,-0.7209302186965942,0.696483850479126,0.6688530445098877,0.0750030130147934
2,21,0.7129977941513062,0.754838228225708,-0.2246948778629303,0.5118502974510193,0.8079182505607605,-0.21336202323436737
2,22,0.8253477811813354,0.9668419361114502,-0.6523746848106384,0.6889494061470032,0.6737655401229858,0.06364554911851883
2,23,0.4136873781681061,0.42522621154785156,0.14946751296520233,0.46190744638442993,0.7943239212036133,-0.09423890709877014
2,24,0.32727381587028503,0.3984870910644531,-0.14885030686855316,0.5002400279045105,0.7582443356513977,0.09417319297790527
2,25,0.5361630916595459,0.7141607403755188,0.1833808571100235,0.363010048866272,0.7210003137588501,-0.020105913281440735
2,26,0.32067203521728516,0.6452176570892334,-0.3982011079788208,0.4430467486381531,0.7088286876678467,0.35578444600105286
2,27,0.3053433299064636,0.5769237875938416,0.29746413230895996,0.34000155329704285,0.7290021777153015,0.3474932909011841
2,28,0.23048701882362366,0.564682126045227,0.11643201112747192,0.37693244218826294,0.7257503867149353,0.6366633176803589
2,29,0.27493390440940857,0.5216168165206909,0.3147786557674408,0.34303662180900574,0.7372944355010986,0.3887422978878021
2,30,0.21374297142028809,0.527434766292572,0.1822507232427597,0.3668036460876465,0.73450767993927,0.6676558256149292
2,31,0.24806946516036987,0.6397736668586731,0.3899014890193939,0.3061816096305847,0.6948556303977966,0.40390732884407043
2,32,0.14898166060447693,0.6973648071289062,0.3350610136985779,0.34593474864959717,0.6895231008529663,0.6760656833648682
3,0,0.8331798315048218,0.4498925805091858,-0.4744411110877991,0.7081769704818726,0.7721423506736755,-0.28300315141677856
3,1,0.8509017825126648,0.415882408618927,-0.45475155115127563,0.7173323631286621,0.7858853340148926,-0.3111172914505005
3,2,0.8514015674591064,0.41354238986968994,-0.4550507068634033,0.7165849804878235,0.7897253632545471,-0.3111048638820648
3,3,0.8519684672355652,0.41130590438842773,-0.45550215244293213,0.7157939672470093,0.793594241142273,-0.31126680970191956
3,4,0.8434557914733887,0.4085252285003662,-0.5172201991081238,0.718336820602417,0.7831847667694092,-0.2767811715602875
3,5,0.8391237854957581,0.4014323055744171,-0.5173830986022949,0.7184047102928162,0.7838801741600037,-0.2768222391605377
3,6,0.8344370126724243,0.39415663480758667,-0.5175127983093262,0.7184987664222717,0.7845209240913391,-0.27688682079315186
3,7,0.8266082406044006,0.37447530031204224,-0.3141847848892212,0.7049658298492432,0.815259575843811,-0.36568182706832886
3,8,0.803422212600708,0.355739951133728,-0.595512330532074,0.7080078125,0.8045905828475952,-0.20831172168254852
3,9,0.8047521114349365,0.4565543830394745,-0.4149501621723175,0.6925883293151855,0.781432569026947,-0.2971590459346771
3,10,0.7968387603759766,0.4468054175376892,-0.4968024492263794,0.6936197280883789,0.7754558324813843,-0.2521498203277588
3,11,0.7259781360626221,0.40660035610198975,-0.1806725412607193,0.614952564239502,0.8399762511253357,-0.3681250810623169
3,12,0.6469557285308838,0.3756212294101715,-0.6688329577445984,0.6579298377037048,0.7977585792541504,-0.09369995445013046
3,13,0.6810328960418701,0.600882887840271,-0.1321956217288971,0.5418186187744141,0.7876721024513245,-0.3043486177921295
3,14,0.6659034490585327,0.7050950527191162,-0.7520105838775635,0.6347830295562744,0.7128742337226868,-0.00037166348192840815
3,15,0.7034338712692261,0.7682088613510132,-0.2627037465572357,0.5754213333129883,0.7689483761787415,-0.14444488286972046
3,16,0.7762699127197266,0.9550497531890869,-0.7118710279464722,0.6742340326309204,0.703029990196228,0.05376908928155899
3,17,0.7263383865356445,0.7971663475036621,-0.2877008616924286,0.5930572748184204,0.7633507251739502,-0.14612872898578644
3,18,0.8175037503242493,0.9891123175621033,-0.8117571473121643,0.6864143013954163,0.6988111734390259,0.06840000301599503
3,19,0.729709267616272,0.7956985235214233,-0.3573138415813446,0.5886127948760986,0.7689196467399597,-0.1431518942117691
3,20,0.8388902544975281,0.9702364802360535,-0.7723073959350586,0.6870576739311218,0.702905535697937,0.05952136218547821
3,21,0.7102420926094055,0.7879016399383545,-0.2948446273803711,0.5862320065498352,0.7705143094062805,-0.13702495396137238
3,22,0.8204196095466614,0.9621610641479492,-0.7037433981895447,0.6803304553031921,0.7043216228485107,0.050940968096256256
3,23,0.4107358157634735,0.4493848383426666,0.14066818356513977,0.4592120349407196,0.7762671113014221,-0.0965040996670723
3,24,0.32914429903030396,0.40183982253074646,-0.1402290165424347,0.49767911434173584,0.7456788420677185,0.09649129956960678
3,25,0.5409101247787476,0.716803789138794,0.09871082007884979,0.3491300642490387,0.6538591384887695,-0.16188660264015198
3,26,0.31944331526756287,0.5542635321617126,-0.5463922619819641,0.47148603200912476,0.6574808359146118,0.25199776887893677
3,27,0.29293838143348694,0.6110560894012451,0.2143053114414215,0.3126625418663025,0.723678469657898,0.15921920537948608
3,28,0.2317376434803009,0.5584923028945923,0.015852006152272224,0.42394575476646423,0.7055294513702393,0.49674731492996216
3,29,0.2576262652873993,0.5636487007141113,0.2307431697845459,0.32214996218681335,0.7488332390785217,0.19884110987186432
3,30,0.22114568948745728,0.5233692526817322,0.08510411530733109,0.4164750277996063,0.7174678444862366,0.5276554822921753
3,31,0.2348364293575287,0.6774642467498779,0.26664721965789795,0.2641589343547821,0.7014304399490356,0.2497183233499527
3,32,0.1482316553592682,0.6940685510635376,0.20022785663604736,0.40125393867492676,0.6820693016052246,0.5871884822845459
4,0,0.8383893370628357,0.4524438679218292,-0.36700379848480225,0.7074078321456909,0.7740084528923035,-0.38749220967292786
4,1,0.8534256815910339,0.4177340865135193,-0.35684216022491455,0.7162119150161743,0.7912396192550659,-0.4092426300048828
4,2,0.853568971157074,0.41488659381866455,-0.3571774363517761,0.7144317030906677,0.7962790727615356,-0.40915754437446594
4,3,0.8537022471427917,0.41176706552505493,-0.3576356768608093,0.7126303911209106,0.8013054728507996,-0.409313827753067
4,4,0.8484051823616028,0.4131655693054199,-0.41612544655799866,0.7206641435623169,0.7842614650726318,-0.38177987933158875
4,5,0.844047486782074,0.40713930130004883,-0.4163142442703247,0.7221273183822632,0.783351480960846,-0.3818541169166565
4,6,0.839864194393158,0.4006938636302948,-0.4164268374443054,0.7236261963844299,0.7823356986045837,-0.38192218542099
4,7,0.827360987663269,0.37579861283302307,-0.2527313828468323,0.7026063203811646,0.8234966397285461,-0.4187057912349701
4,8,0.8086356520652771,0.36578369140625,-0.520846426486969,0.7170934677124023,0.7983523011207581,-0.29327085614204407
4,9,0.8112214803695679,0.4601787030696869,-0.3202138841152191,0.6904387474060059,0.7839087247848511,-0.38369858264923096
4,10,0.8039747476577759,0.45281893014907837,-0.39793211221694946,0.6956976652145386,0.7735381126403809,-0.34803563356399536
4,11,0.7123571634292603,0.3553215265274048,-0.08358628302812576,0.6184565424919128,0.8512026071548462,-0.37085744738578796
4,12,0.6564666032791138,0.4254668354988098,-0.6029131412506104,0.6796938180923462,0.7718064188957214,-0.1715034693479538
4,13,0.6632161736488342,0.5107921957969666,0.05695636570453644,0.5481855869293213,0.7944272756576538,-0.2922278344631195
4,14,0.6667532920837402,0.7266759872436523,-0.6551957130432129,0.6791360378265381,0.6612322926521301,-0.20508462190628052
4,15,0.6846377849578857,0.6360498070716858,0.03714726120233536,0.5861987471580505,0.7650632858276367,-0.1259712129831314
4,16,0.7842422723770142,0.9656616449356079,-0.5664359331130981,0.7171121835708618,0.6481809616088867,-0.2899410128593445
4,17,0.6982799768447876,0.6502160429954529,0.04041774570941925,0.5993248820304871,0.7603039145469666,-0.11269500851631165
4,18,0.8203161358833313,1.0032583475112915,-0.6569976806640625,0.7366047501564026,0.6414346098899841,-0.2899182438850403
4,19,0.7030375003814697,0.6534097790718079,-0.03213516250252724,0.6066036224365234,0.7662672400474548,-0.10112670063972473
4,20,0.8426220417022705,0.9846611022949219,-0.624431312084198,0.7321479320526123,0.6643205285072327,-0.29224684834480286
4,21,0.6910617351531982,0.655011773109436,0.008684534579515457,0.5967096090316772,0.7647356986999512,-0.11340213567018509
4,22,0.8262007236480713,0.9722673892974854,-0.5592606067657471,0.720196545124054,0.6512995958328247,-0.29258495569229126
4,23,0.4142124354839325,0.4151175320148468,0.15936674177646637,0.4876629114151001,0.7644004821777344,-0.07366223633289337
4,24,0.3339410126209259,0.41090595722198486,-0.15887944400310516,0.5317781567573547,0.7203710079193115,0.07333841174840927
4,25,0.642512321472168,0.6494485139846802,0.20518648624420166,0.37246501445770264,0.6741056442260742,-0.21729382872581482
4,26,0.36332184076309204,0.6953049898147583,-0.29965752363204956,0.5077828764915466,0.6247984766960144,0.10008344054222107
4,27,0.5611574649810791,0.7891346216201782,0.21611349284648895,0.3658831715583801,0.7412549257278442,0.10365943610668182
4,28,0.22720594704151154,0.5761387348175049,0.14523635804653168,0.4419780969619751,0.6239825487136841,0.3014805316925049
4,29,0.5293765068054199,0.7971611022949219,0.21708866953849792,0.37797605991363525,0.7508164048194885,0.1425125002861023
4,30,0.21041592955589294,0.5171313285827637,0.19787558913230896,0.4324386417865753,0.631076455116272,0.32672810554504395
4,31,0.611319363117218,0.8651800155639648,0.25025030970573425,0.3175329566001892,0.7484569549560547,0.17852172255516052
4,32,0.13676269352436066,0.690581738948822,0.27861252427101135,0.41384971141815186,0.5817288160324097,0.3505309820175171
5,0,0.8361222743988037,0.45273905992507935,-0.4124586880207062,0.7009234428405762,0.7705437541007996,-0.3032032251358032
5,1,0.8529552221298218,0.41986018419265747,-0.40225833654403687,0.7103056311607361,0.7858397364616394,-0.32734522223472595
5,2,0.8536134958267212,0.4166375696659088,-0.40257176756858826,0.7092080116271973,0.7901162505149841,-0.327338844537735
5,3,0.854366660118103,0.41418036818504333,-0.40304699540138245,0.7080795764923096,0.7943869233131409,-0.3274822235107422
5,4,0.8464014530181885,0.4129718840122223,-0.461096853017807,0.7127845883369446,0.7812879085540771,-0.29744040966033936
5,5,0.8416506052017212,0.4066404104232788,-0.46128177642822266,0.7134974598884583,0.7812332510948181,-0.2975097596645355
5,6,0.8370571136474609,0.3999670743942261,-0.46137362718582153,0.7142186164855957,0.7811325192451477,-0.29760226607322693
5,7,0.829085111618042,0.3772279918193817,-0.29424628615379333,0.6982839107513428,0.8164416551589966,-0.3661600649356842
5,8,0.8065252304077148,0.3640822768211365,-0.5600274205207825,0.7063629031181335,0.7998267412185669,-0.2296220362186432
5,9,0.8090914487838745,0.4594215154647827,-0.36393919587135315,0.685482919216156,0.7809525728225708,-0.31170791387557983
5,10,0.8002547025680542,0.4513899087905884,-0.44104504585266113,0.688264012336731,0.773004949092865,-0.27249059081077576
5,11,0.717050313949585,0.35370564460754395,-0.12454874813556671,0.6082344651222229,0.8458349704742432,-0.3577604591846466
5,12,0.6454328298568726,0.4225535988807678,-0.6325132250785828,0.6634455919265747,0.7901931405067444,-0.12146279960870743
5,13,0.6709394454956055,0.49630287289619446,0.04201074317097664,0.5187122821807861,0.8284392952919006,-0.2990250587463379
5,14,0.6638103723526001,0.7275394797325134,-0.6897026300430298,0.6401126980781555,0.7333406209945679,0.0166004691272974
5,15,0.6963452100753784,0.6088061332702637,0.04091132432222366,0.4865565299987793,0.7976221442222595,-0.181619793176651
5,16,0.7849091291427612,0.9751555919647217,-0.6115318536758423,0.6641716957092285,0.7125759124755859,0.12215353548526764
5,17,0.7104499936103821,0.6223385334014893,0.043080445379018784,0.4754883646965027,0.7974873185157776,-0.1849180907011032
5,18,0.8216851949691772,1.0109989643096924,-0.7045008540153503,0.6724475622177124,0.7066535949707031,0.14674833416938782
5,19,0.7150179147720337,0.6225987076759338,-0.02746603824198246,0.481616735458374,0.7892155647277832,-0.19214041531085968
5,20,0.8441659212112427,0.9852702617645264,-0.6752223372459412,0.6729745864868164,0.7050060033798218,0.13048285245895386
5,21,0.7024548649787903,0.6246510744094849,0.01368161290884018,0.48765188455581665,0.7895141839981079,-0.17993392050266266
5,22,0.8271235227584839,0.9742377400398254,-0.6056455373764038,0.6675009727478027,0.7068697810173035,0.11874769628047943
5,23,0.41724249720573425,0.415810227394104,0.1537015736103058,0.46474337577819824,0.7871699929237366,-0.0790182426571846
5,24,0.32568296790122986,0.41907691955566406,-0.15320530533790588,0.5086058974266052,0.7510703206062317,0.07896499335765839
5,25,0.6383116245269775,0.6407918930053711,0.2059953361749649,0.34389838576316833,0.6586727499961853,-0.1297832429409027
5,26,0.3421092927455902,0.671516478061676,-0.3276383578777313,0.4853067100048065,0.6514085531234741,0.22917595505714417
5,27,0.546687126159668,0.7632728815078735,0.2643640339374542,0.3251405358314514,0.7331626415252686,0.18379029631614685
5,28,0.22733648121356964,0.5726707577705383,0.1746879667043686,0.46214067935943604,0.6311671733856201,0.4645422101020813
5,29,0.5130530595779419,0.7657517194747925,0.2706906795501709,0.3302097022533417,0.7494763135910034,0.22138568758964539
5,30,0.21466507017612457,0.5324528813362122,0.23328115046024323,0.45446768403053284,0.6354845762252808,0.4930970072746277
5,31,0.5914767980575562,0.8464107513427734,0.31321632862091064,0.2798615097999573,0.710332453250885,0.2584525942802429
5,32,0.14019657671451569,0.690449595451355,0.3220977187156677,0.44981324672698975,0.5941072106361389,0.5412148833274841
6,0,0.8286902904510498,0.44998717308044434,-0.43640756607055664,0.6945478916168213,0.7768210768699646,-0.20594903826713562
6,1,0.8474081754684448,0.4175433814525604,-0.41760408878326416,0.7036678791046143,0.7914966344833374,-0.22549188137054443
6,2,0.8478478193283081,0.41479381918907166,-0.4178555905818939,0.7031200528144836,0.7952340841293335,-0.22551356256008148
6,3,0.848342776298523,0.4117509722709656,-0.41827666759490967,0.7025146484375,0.7990261316299438,-0.2256377935409546
6,4,0.8409053087234497,0.41206926107406616,-0.485663503408432,0.7039498686790466,0.7876059412956238,-0.1983126699924469
6,5,0.8370969295501709,0.4053122401237488,-0.48584720492362976,0.7038357257843018,0.7873533964157104,-0.1983334869146347
6,6,0.8329805135726929,0.3983854055404663,-0.4859885275363922,0.7037324905395508,0.7870379686355591,-0.19843843579292297
6,7,0.8241695165634155,0.37493574619293213,-0.2785070240497589,0.6931625604629517,0.8166583180427551,-0.25830212235450745
6,8,0.8042107820510864,0.36023858189582825,-0.586635410785675,0.6952755451202393,0.8019537925720215,-0.1357487291097641
6,9,0.8004063963890076,0.4569699466228485,-0.37699252367019653,0.6809860467910767,0.7836616635322571,-0.21316342055797577
6,10,0.793372392654419,0.44758063554763794,-0.466702401638031,0.6815463900566101,0.776725709438324,-0.17790378630161285
6,11,0.7098082304000854,0.3805985748767853,-0.12573373317718506,0.6071512699127197,0.8480721712112427,-0.2812102437019348
6,12,0.6523079872131348,0.38843899965286255,-0.6709234118461609,0.648318886756897,0.7721315622329712,-0.036075327545404434
6,13,0.6370871067047119,0.5253120064735413,0.03066309541463852,0.5005263686180115,0.8408423066139221,-0.2722039222717285
6,14,0.6679849028587341,0.7080780863761902,-0.7570642828941345,0.6237410306930542,0.715255856513977,0.09351290762424469
6,15,0.6299352645874023,0.6124398708343506,0.01809869147837162,0.41487041115760803,0.8236092329025269,-0.25201013684272766
6,16,0.7763285040855408,0.963672399520874,-0.6986203193664551,0.6640991568565369,0.7073872685432434,0.18826138973236084
6,17,0.6356385946273804,0.6179276704788208,0.023356258869171143,0.3901903033256531,0.8310396671295166,-0.26266878843307495
6,18,0.8124269247055054,1.0111169815063477,-0.7931358814239502,0.6762751340866089,0.7081096172332764,0.21093136072158813
6,19,0.650375247001648,0.6103830337524414,-0.04076257720589638,0.3917616307735443,0.8172252178192139,-0.2812700867652893
6,20,0.8412058353424072,0.982987642288208,-0.7462784647941589,0.6794899702072144,0.7040455341339111,0.19931147992610931
6,21,0.640636682510376,0.6145755052566528,-0.005719381384551525,0.4026632308959961,0.8118765950202942,-0.2566585838794708
6,22,0.8224583864212036,0.9706317186355591,-0.6849839687347412,0.6723102331161499,0.7051177024841309,0.18529589474201202
6,23,0.40568894147872925,0.4482397735118866,0.1472088247537613,0.46133801341056824,0.7852504253387451,-0.0792621597647667
6,24,0.3344511389732361,0.40089717507362366,-0.1468532383441925,0.4881635010242462,0.7371534705162048,0.07928694039583206
6,25,0.5225479006767273,0.725768506526947,0.10665310174226761,0.3431527018547058,0.6573010087013245,-0.17018334567546844
6,26,0.312338262796402,0.5051199793815613,-0.6178519129753113,0.40735721588134766,0.6424812078475952,0.09510530531406403
6,27,0.2746693789958954,0.6235473155975342,0.1902140974998474,0.3228243887424469,0.7145068049430847,0.1516275554895401
6,28,0.23570950329303741,0.5597491264343262,-0.047703199088573456,0.3822852671146393,0.7275556921958923,0.3468526005744934
6,29,0.23925703763961792,0.5803020000457764,0.203120619058609,0.33155643939971924,0.7294111847877502,0.1897951066493988
6,30,0.22632765769958496,0.5264596343040466,0.022471999749541283,0.3868976831436157,0.7462255954742432,0.37893006205558777
6,31,0.21943292021751404,0.6827005743980408,0.22075119614601135,0.27185869216918945,0.691178560256958,0.23550733923912048
6,32,0.15231430530548096,0.7002164125442505,0.12277951091527939,0.3417828679084778,0.7216905951499939,0.43486952781677246
7,0,0.8348856568336487,0.45109596848487854,-0.5072588324546814,0.6331291198730469,0.5147454738616943,-0.633603036403656
7,1,0.8509447574615479,0.42149463295936584,-0.48400217294692993,0.6435620784759521,0.500607967376709,-0.6304952502250671
7,2,0.8515146970748901,0.4200947880744934,-0.48424839973449707,0.6482850313186646,0.5018627047538757,-0.6304231286048889
7,3,0.8521347045898438,0.4187312424182892,-0.484683632850647,0.6529905796051025,0.5031962394714355,-0.630549967288971
7,4,0.8429529666900635,0.41298210620880127,-0.5478469133377075,0.6300833821296692,0.49569326639175415,-0.6322986483573914
7,5,0.8382953405380249,0.40582215785980225,-0.548001229763031,0.625069260597229,0.49315452575683594,-0.6324297785758972
7,6,0.8332231640815735,0.3983592987060547,-0.5481082797050476,0.6200683116912842,0.4906109869480133,-0.6325111389160156
7,7,0.8279203176498413,0.382776141166687,-0.3295663893222809,0.6567506194114685,0.5033591389656067,-0.5249695777893066
7,8,0.802405595779419,0.3604874908924103,-0.6193423867225647,0.6096159219741821,0.48439905047416687,-0.53412264585495
7,9,0.8078058958053589,0.46128201484680176,-0.4438827633857727,0.6357064247131348,0.5278918743133545,-0.5861877202987671
7,10,0.7959072589874268,0.45033377408981323,-0.5281335711479187,0.6192896962165833,0.5208339095115662,-0.5889410376548767
7,11,0.7236934304237366,0.41941675543785095,-0.20138880610466003,0.6781931519508362,0.5521522760391235,-0.3878670334815979
7,12,0.6374297142028809,0.3643176555633545,-0.6946855783462524,0.5514381527900696,0.5136545896530151,-0.3972671329975128
7,13,0.6778645515441895,0.6066278219223022,-0.14577579498291016,0.729371190071106,0.6257503628730774,-0.2841043770313263
7,14,0.6037856340408325,0.6940514445304871,-0.7859488129615784,0.46643149852752686,0.5522302389144897,-0.35502052307128906
7,15,0.6988974809646606,0.7441892623901367,-0.2635769844055176,0.746682345867157,0.6529591679573059,-0.21225912868976593
7,16,0.7742606401443481,0.9638978242874146,-0.7491917610168457,0.47681236267089844,0.6749778985977173,-0.34892895817756653
7,17,0.7189046144485474,0.7658952474594116,-0.28064942359924316,0.7423546314239502,0.6709957122802734,-0.2136322557926178
7,18,0.8107291460037231,1.004252314567566,-0.849109411239624,0.47459349036216736,0.7031297087669373,-0.353423148393631
7,19,0.7251298427581787,0.7630459666252136,-0.34728798270225525,0.7336128950119019,0.6685336232185364,-0.2372216284275055
7,20,0.840898334980011,0.984663724899292,-0.8012183308601379,0.4994611144065857,0.6941459774971008,-0.37152135372161865
7,21,0.7074910402297974,0.7585063576698303,-0.29332566261291504,0.7294620275497437,0.6645467281341553,-0.21581196784973145
7,22,0.8201119303703308,0.9715209007263184,-0.7372198104858398,0.49755921959877014,0.6812707185745239,-0.35072827339172363
7,23,0.4100211560726166,0.46702682971954346,0.1228424683213234,0.5644726753234863,0.6835014820098877,-0.007753925397992134
7,24,0.3310440182685852,0.3752961754798889,-0.12254735827445984,0.5023073554039001,0.641843318939209,0.007485369220376015
7,25,0.5238833427429199,0.7471734285354614,0.008910910226404667,0.5449865460395813,0.7719436883926392,-0.21718496084213257
7,26,0.28673332929611206,0.3479999303817749,-0.7304247617721558,0.3840808570384979,0.621420681476593,-0.17254427075386047
7,27,0.2622218430042267,0.6522232890129089,0.1276366263628006,0.5225308537483215,0.7512840032577515,0.15602482855319977
7,28,0.23225580155849457,0.5275551676750183,-0.11411384493112564,0.3167364001274109,0.6917365193367004,0.08070289343595505
7,29,0.22473016381263733,0.6110000610351562,0.14601458609104156,0.5172363519668579,0.7416151762008667,0.19572322070598602
7,30,0.23422083258628845,0.5160351395606995,-0.03840473294258118,0.3289170563220978,0.7126515507698059,0.1069716364145279
7,31,0.18745064735412598,0.7098186016082764,0.14985981583595276,0.5212509036064148,0.7862113118171692,0.15837225317955017
7,32,0.15332059562206268,0.6663350462913513,0.040379706770181656,0.2791774868965149,0.7278159260749817,0.03765986114740372
8,0,0.832228422164917,0.45456382632255554,-0.5184394717216492,0.6407530903816223,0.4756424129009247,-0.5008302927017212
8,1,0.8495029211044312,0.4205426871776581,-0.49720481038093567,0.640189528465271,0.4683524966239929,-0.4963233470916748
8,2,0.85016930103302,0.41867074370384216,-0.49750667810440063,0.6484816670417786,0.4616968035697937,-0.4962494373321533
8,3,0.8508278131484985,0.4166454076766968,-0.49797314405441284,0.6603140830993652,0.46372535824775696,-0.4963589012622833
8,4,0.8422589302062988,0.4140416085720062,-0.5566356182098389,0.6264923214912415,0.46503981947898865,-0.4947914779186249
8,5,0.8381720185279846,0.4072025716304779,-0.5568454265594482,0.6214433312416077,0.4635256826877594,-0.49484381079673767
8,6,0.8332483172416687,0.3973732590675354,-0.5570087432861328,0.6164336800575256,0.461997926235199,-0.49482059478759766
8,7,0.8258126974105835,0.38387376070022583,-0.34226542711257935,0.6549487113952637,0.4742721915245056,-0.4024614691734314
8,8,0.8033503293991089,0.3618742525577545,-0.612549364566803,0.6077240109443665,0.46096935868263245,-0.3929116427898407
8,9,0.8056856989860535,0.4644714295864105,-0.45398664474487305,0.6441258192062378,0.4950639605522156,-0.4598599970340729
8,10,0.794074535369873,0.45474153757095337,-0.5329451560974121,0.6187517046928406,0.4967349171638489,-0.45708948373794556
8,11,0.7206668853759766,0.4300919771194458,-0.22286257147789001,0.6871155500411987,0.5497567653656006,-0.2676360309123993
8,12,0.6336742639541626,0.36630260944366455,-0.6867035031318665,0.5525841116905212,0.5047782063484192,-0.28616535663604736
8,13,0.672919511795044,0.6117165088653564,-0.18068969249725342,0.7447218298912048,0.627463161945343,-0.15101787447929382
8,14,0.6441943645477295,0.7163105607032776,-0.7886911630630493,0.46695569157600403,0.543991208076477,-0.26908883452415466
8,15,0.7051295042037964,0.7504469156265259,-0.3016246259212494,0.7454168200492859,0.657059907913208,-0.05703115090727806
8,16,0.7664649486541748,0.9618898630142212,-0.7841561436653137,0.48017024993896484,0.6682860851287842,-0.28135034441947937
8,17,0.7305779457092285,0.7706827521324158,-0.3222167491912842,0.7406484484672546,0.6751257181167603,-0.04810873419046402
8,18,0.8142942786216736,1.004328727722168,-0.8920650482177734,0.4892512261867523,0.693863570690155,-0.27912044525146484
8,19,0.7369705438613892,0.7698638439178467,-0.39298149943351746,0.7306697964668274,0.6712470054626465,-0.06657929718494415
8,20,0.8376479148864746,0.979564905166626,-0.8423433303833008,0.5085889101028442,0.6860175132751465,-0.2969128489494324
8,21,0.7190366983413696,0.7667669653892517,-0.3333468437194824,0.7266545295715332,0.6658141016960144,-0.05658890679478645
8,22,0.8165556788444519,0.966213583946228,-0.7735470533370972,0.5083985924720764,0.6757733821868896,-0.2811943590641022
8,23,0.39795979857444763,0.4699554443359375,0.10568602383136749,0.5827938914299011,0.6838029623031616,-0.01184376422315836
8,24,0.32526102662086487,0.3646579384803772,-0.10530639439821243,0.5145996809005737,0.6452857851982117,0.011361164040863514
8,25,0.47472065687179565,0.7900177836418152,-0.06828036904335022,0.6333612203598022,0.7476818561553955,-0.4272005259990692
8,26,0.25531256198883057,0.1963091492652893,-0.8165279626846313,0.37674909830093384,0.6080620288848877,-0.10200522094964981
8,27,0.2296012043952942,0.6216851472854614,0.08777526766061783,0.6667004227638245,0.7692306637763977,-0.4405704140663147
8,28,0.22597327828407288,0.5111944079399109,-0.1955508291721344,0.30143195390701294,0.6846944689750671,0.054384831339120865
8,29,0.20128589868545532,0.5703004002571106,0.1135345920920372,0.6574608087539673,0.775689959526062,-0.4404641389846802
8,30,0.23180784285068512,0.5236354470252991,-0.11639133095741272,0.30008524656295776,0.7055044770240784,0.06910543143749237
8,31,0.16208690404891968,0.6876840591430664,0.11873495578765869,0.7209732532501221,0.7852231860160828,-0.5272057056427002
8,32,0.14942684769630432,0.6738978624343872,-0.042713671922683716,0.23884135484695435,0.691693902015686,0.020276447758078575
9,0,0.8276896476745605,0.4526461660861969,-0.5061153173446655,0.6229537725448608,0.49554651975631714,-0.6113520860671997
9,1,0.8470022678375244,0.41950511932373047,-0.48812559247016907,0.6367480158805847,0.4809004068374634,-0.6089874505996704
9,2,0.8478846549987793,0.41815832257270813,-0.4883495271205902,0.6429854035377502,0.48345091938972473,-0.6088871955871582
9,3,0.848824143409729,0.416757732629776,-0.48876339197158813,0.6491931080818176,0.4861031472682953,-0.6089974641799927
9,4,0.8393521308898926,0.4124242067337036,-0.5499054789543152,0.6200165748596191,0.4734588861465454,-0.6051555275917053
9,5,0.8352444171905518,0.40565162897109985,-0.5501232147216797,0.6140115857124329,0.4701569676399231,-0.6052179932594299
9,6,0.8303477764129639,0.3963518738746643,-0.5502859950065613,0.6080107092857361,0.466860294342041,-0.6052122712135315
9,7,0.8249680995941162,0.38419318199157715,-0.3437255322933197,0.6561766266822815,0.4938671290874481,-0.5211239457130432
9,8,0.8006248474121094,0.3600732684135437,-0.6255854964256287,0.5979987382888794,0.4657450318336487,-0.500370979309082
9,9,0.8008497953414917,0.4630507230758667,-0.44509631395339966,0.6271257996559143,0.5168148279190063,-0.5712462663650513
9,10,0.7890039682388306,0.4537123739719391,-0.527576208114624,0.6068545579910278,0.5071693658828735,-0.5651975274085999
9,11,0.7142375111579895,0.40766632556915283,-0.21931006014347076,0.6730941534042358,0.5594133734703064,-0.35453569889068604
9,12,0.6358174085617065,0.3820960521697998,-0.683946967124939,0.540923535823822,0.5103256702423096,-0.390621155500412
9,13,0.6645399332046509,0.5708829164505005,-0.10592763870954514,0.721725583076477,0.6386739015579224,-0.21667292714118958
9,14,0.6476821899414062,0.7303194403648376,-0.7569104433059692,0.45469585061073303,0.5436843633651733,-0.36346620321273804
9,15,0.6976807713508606,0.6780104041099548,-0.13004466891288757,0.7370473146438599,0.6625973582267761,-0.12096681445837021
9,16,0.7743351459503174,0.9699845314025879,-0.7129083871841431,0.47591131925582886,0.6654444932937622,-0.37675562500953674
9,17,0.7197703123092651,0.6909399032592773,-0.125351682305336,0.7375810146331787,0.6756449341773987,-0.11395331472158432
9,18,0.8158434629440308,1.0126972198486328,-0.8047609925270081,0.48443737626075745,0.6945516467094421,-0.39203011989593506
9,19,0.7272711992263794,0.6871261596679688,-0.19196628034114838,0.7301210165023804,0.6764301657676697,-0.13116690516471863
9,20,0.8392547369003296,0.9863829612731934,-0.7609283924102783,0.5070082545280457,0.6855427026748657,-0.4019762873649597
9,21,0.7115593552589417,0.6876903176307678,-0.1554020345211029,0.7253954410552979,0.6724721789360046,-0.12197700887918472
9,22,0.8196408748626709,0.9737316966056824,-0.7020060420036316,0.5037658214569092,0.675275981426239,-0.3771921992301941
9,23,0.40902045369148254,0.4598662853240967,0.10010771453380585,0.5619027018547058,0.6835655570030212,0.0023800639901310205
9,24,0.3237214982509613,0.3827608823776245,-0.09981841593980789,0.49251607060432434,0.642490029335022,-0.0027459198608994484
9,25,0.5605510473251343,0.7686930894851685,0.06897427141666412,0.6026206612586975,0.7474269866943359,0.06487508118152618
9,26,0.2651847302913666,0.3502671718597412,-0.7431734800338745,0.3875393867492676,0.6448980569839478,0.054395705461502075
9,27,0.37477728724479675,0.6332020163536072,0.0929570198059082,0.6219429969787598,0.772895872592926,0.37194159626960754
9,28,0.22681495547294617,0.54194176197052,-0.22493356466293335,0.3043391704559326,0.6816980838775635,0.26676681637763977
9,29,0.3492821156978607,0.594563364982605,0.10808268189430237,0.6146249175071716,0.7739083766937256,0.403666228055954
9,30,0.2242954969406128,0.5321059226989746,-0.15519803762435913,0.298340767621994,0.7088810801506042,0.2885633111000061
9,31,0.34181439876556396,0.6539518237113953,0.16699513792991638,0.6411246061325073,0.8136981725692749,0.37572813034057617
9,32,0.15237905085086823,0.6793160438537598,-0.04622993618249893,0.2460823357105255,0.6927188038825989,0.2249339073896408
10,0,0.8316985368728638,0.4540258049964905,-0.46641111373901367,0.7083063721656799,0.7943167686462402,-0.27298614382743835
10,1,0.8494353890419006,0.4214287996292114,-0.4453972280025482,0.7152445912361145,0.8076894283294678,-0.28607866168022156
10,2,0.8500831723213196,0.41918206214904785,-0.44566354155540466,0.7138577699661255,0.8112234473228455,-0.2860700488090515
10,3,0.8506994247436523,0.4167088270187378,-0.4461081027984619,0.7124301195144653,0.8148053884506226,-0.2862102687358856
10,4,0.8427870869636536,0.4144818186759949,-0.5142313241958618,0.717943012714386,0.8016983270645142,-0.2700894773006439
10,5,0.83879554271698,0.4071360230445862,-0.5143961906433105,0.7186163067817688,0.8000523447990417,-0.27011799812316895
10,6,0.8343372941017151,0.39962702989578247,-0.514525294303894,0.7192851305007935,0.7984122037887573,-0.2702367901802063
10,7,0.8259701132774353,0.3807407319545746,-0.29958969354629517,0.7019926309585571,0.8241322040557861,-0.29135844111442566
10,8,0.8042781352996826,0.36220836639404297,-0.6119581460952759,0.7112421989440918,0.8031960725784302,-0.22157490253448486
10,9,0.8045511245727539,0.4623525142669678,-0.40494075417518616,0.6946763396263123,0.7971993684768677,-0.27003198862075806
10,10,0.7960390448570251,0.45236435532569885,-0.4959317743778229,0.6980718374252319,0.7875151634216309,-0.24981343746185303
10,11,0.7147879600524902,0.40342503786087036,-0.15505743026733398,0.6207813024520874,0.8417573571205139,-0.2919144034385681
10,12,0.6390039920806885,0.39450404047966003,-0.6900812387466431,0.666847825050354,0.7613857388496399,-0.12252446264028549
10,13,0.6709110736846924,0.5867754817008972,-0.06991500407457352,0.5082324147224426,0.8322945833206177,-0.26508212089538574
10,14,0.6691141128540039,0.7218545079231262,-0.7673988938331604,0.615947425365448,0.6928701996803284,0.00461704283952713
10,15,0.6943792700767517,0.7342590093612671,-0.16361643373966217,0.4118737578392029,0.8067822456359863,-0.2542930245399475
10,16,0.7747567892074585,0.9733768701553345,-0.7128231525421143,0.6443753242492676,0.680324912071228,0.09016026556491852
10,17,0.7192332744598389,0.754905104637146,-0.1727304756641388,0.3818235695362091,0.8132747411727905,-0.2600031793117523
10,18,0.8107690215110779,1.0121870040893555,-0.8119339346885681,0.6517402529716492,0.6815627813339233,0.11889298260211945
10,19,0.7241036295890808,0.7546111345291138,-0.24478204548358917,0.38238269090652466,0.794424295425415,-0.2807893753051758
10,20,0.8418055176734924,0.9904177188873291,-0.7667502164840698,0.656238853931427,0.6728110313415527,0.10423604398965836
10,21,0.7061179876327515,0.7520414590835571,-0.19537919759750366,0.3964124619960785,0.7895355224609375,-0.2595245838165283
10,22,0.8205806612968445,0.9778851270675659,-0.7021941542625427,0.6499576568603516,0.6742841005325317,0.08883477002382278
10,23,0.4096083343029022,0.4549188017845154,0.13736149668693542,0.4817295968532562,0.7942010164260864,-0.04445989429950714
10,24,0.32802367210388184,0.4014381766319275,-0.13698841631412506,0.5087485909461975,0.7476435303688049,0.04456859454512596
10,25,0.5259489417076111,0.736173689365387,0.05330710858106613,0.3589778542518616,0.709453821182251,-0.12577730417251587
10,26,0.28985700011253357,0.45063406229019165,-0.6901180744171143,0.4068342447280884,0.6504212021827698,0.03838453069329262
10,27,0.28518158197402954,0.6347033977508545,0.16136129200458527,0.3856220841407776,0.6815317869186401,0.12235046923160553
10,28,0.2310827225446701,0.5371885299682617,-0.09602535516023636,0.4585046172142029,0.694873034954071,0.23801735043525696
10,29,0.25057387351989746,0.594657838344574,0.17882861196994781,0.39949846267700195,0.6802389621734619,0.1529141366481781
10,30,0.2252391278743744,0.5260128378868103,-0.021961886435747147,0.46833765506744385,0.7082018852233887,0.265434205532074
10,31,0.23521414399147034,0.6843706369400024,0.19784657657146454,0.36273956298828125,0.6546383500099182,0.199072003364563
10,32,0.14296109974384308,0.6730557680130005,0.07469769567251205,0.45736053586006165,0.687964141368866,0.320128470659256
11,0,0.8331641554832458,0.4567681849002838,-0.5350355505943298,0.7001660466194153,0.7789801359176636,-0.2929561138153076
11,1,0.8504612445831299,0.4229324460029602,-0.5201027989387512,0.708905816078186,0.7908427715301514,-0.30730313062667847
11,2,0.8508222699165344,0.42034128308296204,-0.520283043384552,0.7080320715904236,0.7942858934402466,-0.30731216073036194
11,3,0.8511077761650085,0.41750186681747437,-0.5206422805786133,0.7071155309677124,0.7977740168571472,-0.30747610330581665
11,4,0.845435619354248,0.41724449396133423,-0.5871700048446655,0.710757851600647,0.7850344181060791,-0.2914831340312958
11,5,0.8421798944473267,0.41062846779823303,-0.5874418020248413,0.7113028764724731,0.7837421298027039,-0.2915177345275879
11,6,0.8377245664596558,0.40407583117485046,-0.5876153111457825,0.7118425369262695,0.7824202179908752,-0.29165172576904297
11,7,0.8258075714111328,0.3810655176639557,-0.3814338445663452,0.6981120705604553,0.8087855577468872,-0.3143559992313385
11,8,0.8090867400169373,0.36734670400619507,-0.6861408352851868,0.7044165134429932,0.7893000841140747,-0.24336808919906616
11,9,0.8060174584388733,0.46454930305480957,-0.4751597046852112,0.6865518093109131,0.7843413949012756,-0.289686918258667
11,10,0.7991158366203308,0.4557981491088867,-0.5640944242477417,0.6889237761497498,0.775467038154602,-0.2691819667816162
11,11,0.6987296342849731,0.3743245005607605,-0.21740718185901642,0.6183717846870422,0.8360602259635925,-0.31123676896095276
11,12,0.6482834815979004,0.41917622089385986,-0.7517318725585938,0.6565721035003662,0.7512028813362122,-0.14687606692314148
11,13,0.6256650686264038,0.49299100041389465,-0.028503483161330223,0.509699285030365,0.8061466813087463,-0.29406794905662537
11,14,0.6702269315719604,0.735966682434082,-0.8275887966156006,0.5972656011581421,0.6856275200843811,-0.1178317740559578
11,15,0.6007506251335144,0.5309241414070129,0.03113289177417755,0.4097120761871338,0.7924256324768066,-0.2797861397266388
11,16,0.7809083461761475,0.9799070954322815,-0.7698181867599487,0.6304527521133423,0.6868146657943726,-0.14176376163959503
11,17,0.5947439074516296,0.5212202072143555,0.05721078813076019,0.3806062936782837,0.8039966225624084,-0.2867022156715393
11,18,0.8233006596565247,1.0205082893371582,-0.863555371761322,0.6380158066749573,0.6905589699745178,-0.12949757277965546
11,19,0.6100438237190247,0.5112012028694153,-0.00881971139460802,0.37787681818008423,0.7864382863044739,-0.3047874867916107
11,20,0.8424185514450073,0.9907920360565186,-0.8219916820526123,0.644238293170929,0.681249737739563,-0.1398574858903885
11,21,0.6068552732467651,0.5232256054878235,0.011753692291676998,0.3913884162902832,0.7798963785171509,-0.28413286805152893
11,22,0.8207384943962097,0.9782428741455078,-0.7571974992752075,0.6381245851516724,0.6819760203361511,-0.14471358060836792
11,23,0.4153629541397095,0.458091676235199,0.12807054817676544,0.47666722536087036,0.783331036567688,-0.04207100719213486
11,24,0.33556050062179565,0.40582266449928284,-0.12784965336322784,0.5096564888954163,0.7312830686569214,0.04196824133396149
11,25,0.5968348383903503,0.7296788692474365,0.10379823297262192,0.33534854650497437,0.6775305271148682,-0.10401107370853424
11,26,0.2628665268421173,0.4329635500907898,-0.6574913859367371,0.4588358402252197,0.6287200450897217,0.06820052117109299
11,27,0.42654287815093994,0.7116731405258179,0.11152538657188416,0.3358364999294281,0.7101413011550903,0.2273794263601303
11,28,0.22932375967502594,0.5432150363922119,-0.0596904382109642,0.5103171467781067,0.6168195009231567,0.27978062629699707
11,29,0.3927278220653534,0.6929224133491516,0.11998631805181503,0.34722959995269775,0.7115225791931152,0.26438435912132263
11,30,0.2231396734714508,0.5315644145011902,0.014069799333810806,0.5154905319213867,0.6235148310661316,0.30735763907432556
11,31,0.4153769910335541,0.7649320363998413,0.14627009630203247,0.30124998092651367,0.6926814317703247,0.2917045056819916
11,32,0.13629430532455444,0.617310106754303,0.11111106723546982,0.5180101990699768,0.593721330165863,0.3479938507080078
12,0,0.8359221816062927,0.46478429436683655,-0.5281780362129211,0.6879526972770691,0.7957112193107605,-0.2780771255493164
12,1,0.851442813873291,0.4317512512207031,-0.5053821206092834,0.6967318654060364,0.8085453510284424,-0.29229527711868286
12,2,0.8517156839370728,0.429262638092041,-0.5056418180465698,0.6959048509597778,0.8123329877853394,-0.2923046350479126
12,3,0.8520644903182983,0.4267573356628418,-0.5060810446739197,0.6950289607048035,0.816164493560791,-0.29247957468032837
12,4,0.8448454737663269,0.4248747229576111,-0.5756679773330688,0.6982545256614685,0.8018571734428406,-0.272585928440094
12,5,0.840623676776886,0.41777539253234863,-0.5758797526359558,0.6987189054489136,0.799936830997467,-0.2726415693759918
12,6,0.836027979850769,0.41030359268188477,-0.5760281682014465,0.6991925835609436,0.7979917526245117,-0.27273795008659363
12,7,0.8264561891555786,0.388144850730896,-0.35080060362815857,0.6875486373901367,0.826871395111084,-0.2856624722480774
12,8,0.8054425120353699,0.37160032987594604,-0.6699277758598328,0.6933074593544006,0.8031195998191833,-0.19662795960903168
12,9,0.8081457614898682,0.4724830389022827,-0.46354880928993225,0.6756470203399658,0.7998372316360474,-0.26914697885513306
12,10,0.7996799945831299,0.4611380100250244,-0.5564003586769104,0.6775752902030945,0.7898493409156799,-0.24383647739887238
12,11,0.7132779955863953,0.41161656379699707,-0.198884516954422,0.615212082862854,0.8497225046157837,-0.28635522723197937
12,12,0.6373969316482544,0.40087518095970154,-0.7427177429199219,0.6495554447174072,0.7603448033332825,-0.07774192839860916
12,13,0.6531801223754883,0.5919915437698364,-0.10511351376771927,0.515557050704956,0.8213403224945068,-0.2696176767349243
12,14,0.666456401348114,0.725594162940979,-0.8240119814872742,0.5964310169219971,0.6943050026893616,-0.06106628105044365
12,15,0.6563705801963806,0.6913706064224243,-0.20531979203224182,0.4579961895942688,0.8105016350746155,-0.25162068009376526
12,16,0.7739578485488892,0.9762263298034668,-0.7670928835868835,0.6374791860580444,0.7197765111923218,-0.10941419750452042
12,17,0.6689680814743042,0.6988319158554077,-0.21691368520259857,0.4408920407295227,0.8144485354423523,-0.26304179430007935
12,18,0.8188244700431824,1.0189213752746582,-0.868262529373169,0.64874267578125,0.7294062376022339,-0.10599126666784286
12,19,0.6816924810409546,0.6919915080070496,-0.2828214764595032,0.4442957639694214,0.8076074123382568,-0.28016969561576843
12,20,0.8426030874252319,0.9945061206817627,-0.82447350025177,0.6572076082229614,0.7270423173904419,-0.1079067811369896
12,21,0.6689962148666382,0.6952680349349976,-0.2336619794368744,0.4521256387233734,0.8040264248847961,-0.25543782114982605
12,22,0.8224574327468872,0.9804418087005615,-0.7566127777099609,0.6510709524154663,0.726931095123291,-0.1110561192035675
12,23,0.4099479913711548,0.4589157700538635,0.14425703883171082,0.4776221513748169,0.7844657301902771,-0.07033836096525192
12,24,0.33289527893066406,0.3996005058288574,-0.14386862516403198,0.5003520846366882,0.7316351532936096,0.07036274671554565
12,25,0.530357837677002,0.7423263192176819,0.07859362661838531,0.3594248294830322,0.6676347851753235,-0.17946453392505646
12,26,0.2999042868614197,0.45985716581344604,-0.703705370426178,0.3891633450984955,0.6467664837837219,0.09388177841901779
12,27,0.2906632423400879,0.630290687084198,0.18841393291950226,0.3460557460784912,0.6990795731544495,0.16363506019115448
12,28,0.22853145003318787,0.5613407492637634,-0.09426479041576385,0.34244802594184875,0.6992806792259216,0.32108962535858154
12,29,0.2544284462928772,0.5870027542114258,0.20642518997192383,0.3563740849494934,0.7080616354942322,0.20248571038246155
12,30,0.21980488300323486,0.5282893180847168,-0.01865338534116745,0.34016555547714233,0.7125812768936157,0.3485705256462097
12,31,0.2433248907327652,0.6885404586791992,0.22933997213840485,0.30044111609458923,0.6843341588973999,0.2324560433626175
12,32,0.13679233193397522,0.7015820741653442,0.07964629679918289,0.3061244487762451,0.6848859190940857,0.3607095777988434
13,0,0.8343718647956848,0.46269193291664124,-0.5513694286346436,0.6509976387023926,0.7855474352836609,-0.28878724575042725
13,1,0.8509448170661926,0.42736008763313293,-0.5310664176940918,0.6584651470184326,0.7975723147392273,-0.3046410083770752
13,2,0.8513533473014832,0.42503273487091064,-0.5312848091125488,0.6575239896774292,0.8011282086372375,-0.3046572506427765
13,3,0.8517310619354248,0.4224422872066498,-0.5317063331604004,0.65653395652771,0.8047292828559875,-0.30480077862739563
13,4,0.8453814387321472,0.42132559418678284,-0.5982589721679688,0.6606307625770569,0.7907670736312866,-0.28868943452835083
13,5,0.8411104679107666,0.41472089290618896,-0.5984813570976257,0.661392867565155,0.7884938716888428,-0.28872740268707275
13,6,0.8368834257125854,0.40783512592315674,-0.5986196398735046,0.6621572971343994,0.7861833572387695,-0.2888697683811188
13,7,0.8257031440734863,0.38596785068511963,-0.3779921531677246,0.6505098938941956,0.8122349381446838,-0.30261191725730896
13,8,0.8065111041069031,0.3689616024494171,-0.6832708716392517,0.6577925086021423,0.7887539863586426,-0.23222114145755768
13,9,0.8072599768638611,0.47228682041168213,-0.4872678518295288,0.6399604678153992,0.7888022661209106,-0.28039321303367615
13,10,0.7994178533554077,0.4629746675491333,-0.5764169096946716,0.642852783203125,0.778961718082428,-0.2602883279323578
13,11,0.7110235095024109,0.39644360542297363,-0.21734006702899933,0.5929028987884521,0.8278530240058899,-0.30362868309020996
13,12,0.6335803866386414,0.4048939049243927,-0.7474499344825745,0.6193747520446777,0.7522153258323669,-0.11195344477891922
13,13,0.6614983081817627,0.5460682511329651,-0.037250716239213943,0.49611586332321167,0.815369188785553,-0.28981155157089233
13,14,0.6612870693206787,0.7408934831619263,-0.8192923069000244,0.5635073184967041,0.6969885230064392,-0.108802929520607
13,15,0.670516312122345,0.6272993683815002,-0.010870460420846939,0.4121395945549011,0.8071578145027161,-0.2743144631385803
13,16,0.7715045809745789,0.9773385524749756,-0.7553084492683411,0.600523054599762,0.7184209823608398,-0.16252242028713226
13,17,0.6823457479476929,0.6312145590782166,0.006563157774507999,0.38597363233566284,0.8186908960342407,-0.2812725007534027
13,18,0.8154248595237732,1.0315277576446533,-0.8493350148200989,0.6069191694259644,0.7260732054710388,-0.1525188386440277
13,19,0.691760778427124,0.6243031024932861,-0.061268921941518784,0.38472282886505127,0.804054319858551,-0.2958109676837921
13,20,0.8379251956939697,0.996171236038208,-0.809298574924469,0.6152942180633545,0.7216687202453613,-0.16078297793865204
13,21,0.6806083917617798,0.6296314001083374,-0.0342179611325264,0.3958398699760437,0.7973393201828003,-0.2762908637523651
13,22,0.8147042393684387,0.9809646606445312,-0.7446855306625366,0.6100752353668213,0.7205696105957031,-0.16490702331066132
13,23,0.41641801595687866,0.46081671118736267,0.1287628710269928,0.44978582859039307,0.7736353874206543,-0.059680450707674026
13,24,0.335530549287796,0.39584168791770935,-0.1285354495048523,0.476409912109375,0.7282788753509521,0.059738639742136
13,25,0.5650978088378906,0.7536790370941162,0.09263749420642853,0.32278844714164734,0.6471617817878723,-0.1351993978023529
13,26,0.27427589893341064,0.38985487818717957,-0.7016556859016418,0.4171384274959564,0.6399051547050476,0.10206682980060577
13,27,0.36375555396080017,0.6746907234191895,0.08936479687690735,0.3130127787590027,0.709820568561554,0.15814095735549927
13,28,0.22931787371635437,0.5177409648895264,-0.10651867091655731,0.4570305347442627,0.6728444695472717,0.32063886523246765
13,29,0.33082595467567444,0.6437682509422302,0.09871333092451096,0.3259739279747009,0.7115306258201599,0.19372113049030304
13,30,0.22856035828590393,0.5124463438987732,-0.030484067276120186,0.4658178389072418,0.6812962293624878,0.3505958318710327
13,31,0.3358500003814697,0.7225209474563599,0.12856030464172363,0.2627216577529907,0.7218610048294067,0.24858339130878448
13,32,0.14896249771118164,0.5879266262054443,0.07211606204509735,0.4449053108692169,0.6693715453147888,0.41402146220207214
14,0,0.8300737738609314,0.45885148644447327,-0.5381184816360474,0.6835610866546631,0.7573742866516113,-0.3253178298473358
14,1,0.84865403175354,0.42264416813850403,-0.525384783744812,0.6935491561889648,0.7687975764274597,-0.34408634901046753
14,2,0.8492017984390259,0.4206691086292267,-0.5256162285804749,0.6927680969238281,0.7726277112960815,-0.3440755605697632
14,3,0.8495710492134094,0.4185667932033539,-0.5260151028633118,0.6919416785240173,0.776505172252655,-0.34427621960639954
14,4,0.8429011702537537,0.41496920585632324,-0.5869265794754028,0.6950477361679077,0.7624540328979492,-0.3235737979412079
14,5,0.8386191129684448,0.4076215922832489,-0.5871531963348389,0.6954406499862671,0.7611687779426575,-0.32358497381210327
14,6,0.8338603377342224,0.3973725140094757,-0.5873067378997803,0.6958308219909668,0.7598961591720581,-0.3236767053604126
14,7,0.8239389657974243,0.38399142026901245,-0.3968852758407593,0.6832998991012573,0.7905111312866211,-0.36505186557769775
14,8,0.8056676387786865,0.36338183283805847,-0.6767791509628296,0.6881986260414124,0.7691425085067749,-0.27269217371940613
14,9,0.8017780184745789,0.4683094024658203,-0.48255443572998047,0.6696357727050781,0.7651548981666565,-0.32564762234687805
14,10,0.7946245074272156,0.45819634199142456,-0.563566267490387,0.6714283227920532,0.7552440762519836,-0.2988400161266327
14,11,0.7045035362243652,0.39655256271362305,-0.22998541593551636,0.6023399829864502,0.818849503993988,-0.3620375692844391
14,12,0.6503442525863647,0.4101508855819702,-0.7455685138702393,0.6386221647262573,0.746452808380127,-0.14818522334098816
14,13,0.6479710936546326,0.5536909103393555,-0.10222044587135315,0.49915626645088196,0.8033670783042908,-0.32773616909980774
14,14,0.6332986354827881,0.7138407826423645,-0.8190816044807434,0.5718233585357666,0.6911812424659729,0.025116290897130966
14,15,0.6273558139801025,0.6174343228340149,-0.12438801676034927,0.39822062849998474,0.7884497046470642,-0.3224546015262604
14,16,0.7745976448059082,0.9762742519378662,-0.7855867743492126,0.5671848058700562,0.6930941939353943,0.15689826011657715
14,17,0.6183583736419678,0.6207813024520874,-0.11655279994010925,0.37849247455596924,0.7938902974128723,-0.335702121257782
14,18,0.8097517490386963,1.0228054523468018,-0.8815993070602417,0.5610070824623108,0.6958730816841125,0.1958189755678177
14,19,0.6306504011154175,0.6129151582717896,-0.18352077901363373,0.3766182065010071,0.7635542750358582,-0.35672178864479065
14,20,0.840003252029419,0.9966534376144409,-0.8495902419090271,0.5695165395736694,0.6868714690208435,0.17402681708335876
14,21,0.6268447637557983,0.6175906658172607,-0.1482238471508026,0.39086103439331055,0.76823490858078,-0.32790547609329224
14,22,0.8211570978164673,0.978333055973053,-0.7772423624992371,0.5689467191696167,0.686466634273529,0.15461783111095428
14,23,0.43013691902160645,0.4677622318267822,0.13158389925956726,0.4640851616859436,0.7766687870025635,-0.051382433623075485
14,24,0.3350861966609955,0.41159844398498535,-0.1313459724187851,0.5001224279403687,0.7300251722335815,0.05139971897006035
14,25,0.6407866477966309,0.7067185640335083,0.09758355468511581,0.32536324858665466,0.6398149728775024,-0.10639387369155884
14,26,0.2868395745754242,0.5415778756141663,-0.6213279366493225,0.45907148718833923,0.6060701608657837,0.07313207536935806
14,27,0.5485515594482422,0.8449499011039734,0.0716785192489624,0.3266215920448303,0.6827850341796875,0.23993200063705444
14,28,0.22333073616027832,0.5687187910079956,-0.010304823517799377,0.5384682416915894,0.5637261271476746,0.24696452915668488
14,29,0.5106868147850037,0.851922869682312,0.07337325066328049,0.3386591374874115,0.688166081905365,0.28136271238327026
14,30,0.22560688853263855,0.552885115146637,0.061914701014757156,0.5444477796554565,0.5629561543464661,0.2715636193752289
14,31,0.5926212072372437,0.9361682534217834,0.09962231665849686,0.2870945632457733,0.66726154088974,0.3281155228614807
14,32,0.15377184748649597,0.6777942776679993,0.16679498553276062,0.5638077855110168,0.536847710609436,0.3147689402103424
15,0,0.8228621482849121,0.45972320437431335,-0.7780803442001343,0.680595874786377,0.7652140855789185,-0.2524840533733368
15,1,0.8387383818626404,0.4257287383079529,-0.7662765979766846,0.6882873177528381,0.7771141529083252,-0.26991114020347595
15,2,0.8396462798118591,0.4245229959487915,-0.7664046883583069,0.6878052949905396,0.7804234027862549,-0.2699007987976074
15,3,0.8405410647392273,0.4234049320220947,-0.7667833566665649,0.6872621774673462,0.783782422542572,-0.2700149416923523
15,4,0.8321256637573242,0.41888177394866943,-0.8278967142105103,0.688645601272583,0.7719314098358154,-0.2482147067785263
15,5,0.8278040885925293,0.41040900349617004,-0.8283694982528687,0.6885091662406921,0.7706407308578491,-0.2482806295156479
15,6,0.8230735063552856,0.4034813940525055,-0.828603982925415,0.6883985996246338,0.7693173885345459,-0.24841926991939545
15,7,0.8181958198547363,0.39023715257644653,-0.6248705983161926,0.6781246662139893,0.7942396402359009,-0.2830313444137573
15,8,0.7933496236801147,0.36710238456726074,-0.9118070602416992,0.6794885396957397,0.7758951783180237,-0.18594999611377716
15,9,0.7908995151519775,0.472808301448822,-0.716378390789032,0.6683633923530579,0.7694042921066284,-0.251560240983963
15,10,0.7819840312004089,0.4586397409439087,-0.8000532388687134,0.6688939929008484,0.7611097693443298,-0.2236545830965042
15,11,0.7001008987426758,0.3720738887786865,-0.4589253067970276,0.6054244041442871,0.8103350400924683,-0.29522523283958435
15,12,0.6368492841720581,0.42256468534469604,-0.9349192976951599,0.6290527582168579,0.7407435178756714,-0.06426459550857544
15,13,0.6114773750305176,0.4682433605194092,-0.29266059398651123,0.5064192414283752,0.7756413817405701,-0.24934053421020508
15,14,0.6699256300926208,0.7324000597000122,-1.0068731307983398,0.5831512212753296,0.6611383557319641,0.019046038389205933
15,15,0.5211043357849121,0.4168510437011719,-0.2222243994474411,0.4623461663722992,0.7551961541175842,-0.20888447761535645
15,16,0.7761921882629395,0.9801722764968872,-0.9048004746437073,0.6019238829612732,0.62104332447052,0.028566043823957443
15,17,0.4814787805080414,0.3940025568008423,-0.21267694234848022,0.44771793484687805,0.757865846157074,-0.2143852412700653
15,18,0.8090229630470276,1.0284793376922607,-0.9924403429031372,0.6053646802902222,0.6119071245193481,0.046056974679231644
15,19,0.4961305260658264,0.38117361068725586,-0.2604903280735016,0.451577365398407,0.7516185641288757,-0.22592498362064362
15,20,0.8390861749649048,0.9978770613670349,-0.9611061811447144,0.6128718256950378,0.6056525707244873,0.022866692394018173
15,21,0.5046137571334839,0.3991526961326599,-0.2342105507850647,0.45898666977882385,0.7498360276222229,-0.2092796415090561
15,22,0.8175449371337891,0.98392254114151,-0.894255518913269,0.6093302965164185,0.6100372672080994,0.019802017137408257
15,23,0.4319216012954712,0.45340654253959656,0.11174972355365753,0.4561895430088043,0.7543693780899048,-0.07933098822832108
15,24,0.33591049909591675,0.40211647748947144,-0.1114928126335144,0.4806196093559265,0.7121939063072205,0.0793103501200676
15,25,0.59515780210495,0.7332609295845032,0.1147419884800911,0.325287401676178,0.6276105642318726,-0.18825626373291016
15,26,0.22920313477516174,0.41252854466438293,-0.65444016456604,0.40800613164901733,0.6180559396743774,0.10213007777929306
15,27,0.4225172996520996,0.724357545375824,0.18327562510967255,0.33462852239608765,0.705888032913208,0.09933937340974808
15,28,0.22184839844703674,0.5481415390968323,0.020492015406489372,0.41651949286460876,0.6909795999526978,0.31049293279647827
15,29,0.3846251964569092,0.702081561088562,0.19649887084960938,0.34818241000175476,0.7174419164657593,0.13462793827056885
15,30,0.23019874095916748,0.5547983646392822,0.10087409615516663,0.42377859354019165,0.7049554586410522,0.33791327476501465
15,31,0.4034844636917114,0.8017640113830566,0.22992753982543945,0.2947613298892975,0.7039943933486938,0.18951773643493652
15,32,0.15375061333179474,0.6743215918540955,0.20712032914161682,0.3952120542526245,0.6916455626487732,0.3938208818435669
16,0,0.8263088464736938,0.4652896225452423,-0.5121766924858093,0.676602303981781,0.7354799509048462,-0.3351665437221527
16,1,0.8446873426437378,0.42873120307922363,-0.4998116195201874,0.6958849430084229,0.7511895298957825,-0.3593992590904236
16,2,0.8448110818862915,0.4255205988883972,-0.49997633695602417,0.6936609745025635,0.7579699158668518,-0.3593733012676239
16,3,0.8448691368103027,0.4221367835998535,-0.5003045201301575,0.6926596760749817,0.7607837915420532,-0.3595345616340637
16,4,0.8402942419052124,0.42403125762939453,-0.557325005531311,0.6871159076690674,0.7463670969009399,-0.3272419571876526
16,5,0.8361731767654419,0.4176163673400879,-0.5575547814369202,0.6876145005226135,0.7463992238044739,-0.3272729814052582
16,6,0.8319522142410278,0.40723884105682373,-0.5576941967010498,0.6881085634231567,0.7463641166687012,-0.3272991478443146
16,7,0.8189470767974854,0.38498038053512573,-0.37836411595344543,0.6796026825904846,0.7802954316139221,-0.3950311541557312
16,8,0.8037023544311523,0.36958518624305725,-0.6448597311973572,0.6788361072540283,0.7629015445709229,-0.2481050193309784
16,9,0.797939658164978,0.4712963402271271,-0.46050041913986206,0.663425862789154,0.7416089773178101,-0.34163984656333923
16,10,0.79147869348526,0.45792126655578613,-0.5379939675331116,0.6691577434539795,0.7382840514183044,-0.2995162308216095
16,11,0.6893501281738281,0.3876405656337738,-0.24340415000915527,0.5853703022003174,0.8030798435211182,-0.38369500637054443
16,12,0.6575512886047363,0.40404337644577026,-0.7065709829330444,0.6361634135246277,0.7406324148178101,-0.11017392575740814
16,13,0.607703447341919,0.5261490941047668,-0.12510547041893005,0.49558761715888977,0.7653337717056274,-0.32919421792030334
16,14,0.6574505567550659,0.7198126316070557,-0.778679609298706,0.5836349129676819,0.676645815372467,-0.03200932592153549
16,15,0.5351709127426147,0.5292345881462097,-0.09950178116559982,0.4846826493740082,0.7282859086990356,-0.22798508405685425
16,16,0.7757559418678284,0.9736695885658264,-0.7068756222724915,0.6105942130088806,0.6946334838867188,-0.009533784352242947
16,17,0.5029655694961548,0.5178421139717102,-0.07821514457464218,0.48024824261665344,0.7225295901298523,-0.23077937960624695
16,18,0.8112502098083496,1.016107201576233,-0.7853968739509583,0.616225004196167,0.700245201587677,0.017727751284837723
16,19,0.5174621343612671,0.5087599158287048,-0.1301942616701126,0.48766064643859863,0.7185955047607422,-0.23093251883983612
16,20,0.8371235132217407,0.9874163866043091,-0.7482919692993164,0.6227387189865112,0.6970616579055786,0.008152676746249199
16,21,0.5242948532104492,0.5200972557067871,-0.1143803521990776,0.4902590215206146,0.7192286252975464,-0.22147147357463837
16,22,0.818436861038208,0.9748504161834717,-0.6952216625213623,0.6182639598846436,0.6964755058288574,-0.009470025077462196
16,23,0.42472022771835327,0.46664804220199585,0.09379343688488007,0.45107391476631165,0.7333720922470093,-0.07535325735807419
16,24,0.34083616733551025,0.38292407989501953,-0.09389040619134903,0.49972814321517944,0.6948261857032776,0.07525113970041275
16,25,0.6161172389984131,0.7009844779968262,0.00971951987594366,0.34026843309402466,0.610507607460022,-0.12951600551605225
16,26,0.23579141497612,0.33366891741752625,-0.6767792701721191,0.5294373035430908,0.5865320563316345,0.09407992660999298
16,27,0.5676146149635315,0.8701066970825195,-0.03602351248264313,0.36212417483329773,0.6993009448051453,0.23460263013839722
16,28,0.2203335165977478,0.561539888381958,-0.14328831434249878,0.5660227537155151,0.4919557571411133,0.12266051769256592
16,29,0.5369547009468079,0.8888257741928101,-0.03491223230957985,0.37589210271835327,0.7142126560211182,0.2770090699195862
16,30,0.2298300862312317,0.5664141178131104,-0.07991408556699753,0.5599461793899536,0.4796202778816223,0.12900714576244354
16,31,0.6176643371582031,0.9520342946052551,-0.02738446183502674,0.3360738754272461,0.6962093114852905,0.3270188868045807
16,32,0.1489054262638092,0.6899137496948242,-0.015524287708103657,0.6099838614463806,0.4571286737918854,0.13651905953884125
17,0,0.8266483545303345,0.4683626890182495,-0.6832517981529236,0.6561557054519653,0.7380397915840149,-0.28295108675956726
17,1,0.8455591201782227,0.4341793358325958,-0.6672960519790649,0.6663545370101929,0.7491132616996765,-0.30166196823120117
17,2,0.8457494974136353,0.4312266409397125,-0.6674246191978455,0.6658462285995483,0.7526395320892334,-0.3016059100627899
17,3,0.8458743095397949,0.4278618097305298,-0.6677466630935669,0.6652898192405701,0.756222128868103,-0.30172890424728394
17,4,0.8410632610321045,0.4293869137763977,-0.7309139370918274,0.6676552891731262,0.74433434009552,-0.2799873948097229
17,5,0.8381204605102539,0.42301106452941895,-0.7312467694282532,0.6681234240531921,0.7435744404792786,-0.2800588309764862
17,6,0.8331189155578613,0.4126140773296356,-0.7314428687095642,0.6686077117919922,0.742802619934082,-0.28019478917121887
17,7,0.8205205202102661,0.3905346393585205,-0.52150559425354,0.6591881513595581,0.7720606327056885,-0.32571837306022644
17,8,0.8065786361694336,0.3763464093208313,-0.8146241903305054,0.663470447063446,0.75523442029953,-0.22833853960037231
17,9,0.7991220951080322,0.47448116540908813,-0.6222193241119385,0.6438407301902771,0.7465282678604126,-0.28549447655677795
17,10,0.7936618328094482,0.46633240580558777,-0.7076081037521362,0.6452673077583313,0.7386730909347534,-0.25761789083480835
17,11,0.6984606385231018,0.3992552161216736,-0.3411250710487366,0.5808780193328857,0.8039543032646179,-0.3339208960533142
17,12,0.6446473598480225,0.4139209985733032,-0.8589692711830139,0.6208657026290894,0.7425341010093689,-0.11279559880495071
17,13,0.6163926720619202,0.5083763599395752,-0.11438096314668655,0.47193464636802673,0.7864104509353638,-0.3079361319541931
17,14,0.6291859745979309,0.7209893465042114,-0.9414636492729187,0.5672807693481445,0.6789115071296692,0.017176290974020958
17,15,0.5486410856246948,0.4705851972103119,0.024731846526265144,0.3865446448326111,0.7670243382453918,-0.282664030790329
17,16,0.7708779573440552,0.9768980741500854,-0.8765750527381897,0.5796501040458679,0.6600541472434998,0.1045626774430275
17,17,0.5156034231185913,0.4485515058040619,0.06586679816246033,0.36909666657447815,0.7699440121650696,-0.291607141494751
17,18,0.7841914892196655,1.045371174812317,-0.9623367190361023,0.5846371054649353,0.6581255793571472,0.13213814795017242
17,19,0.530484139919281,0.4406360685825348,0.011710057966411114,0.36952826380729675,0.7548727989196777,-0.3098084628582001
17,20,0.8361313343048096,0.9873578548431396,-0.9268789291381836,0.5878795385360718,0.6509506106376648,0.11296901106834412
17,21,0.5382317304611206,0.45637941360473633,0.01336411852389574,0.3798173666000366,0.7509776949882507,-0.28699395060539246
17,22,0.8125748038291931,0.9719101190567017,-0.8647909760475159,0.582685112953186,0.65300452709198,0.10052850842475891
17,23,0.4346073269844055,0.4721898138523102,0.1137622743844986,0.4467777609825134,0.752775251865387,-0.0727136954665184
17,24,0.3406766951084137,0.39184635877609253,-0.11375240236520767,0.4795561134815216,0.7163265347480774,0.07259920984506607
17,25,0.6176213622093201,0.7412792444229126,0.06057292968034744,0.3209066390991211,0.6191733479499817,-0.15392424166202545
17,26,0.24367639422416687,0.38595348596572876,-0.7025185823440552,0.41009509563446045,0.6123837828636169,0.09867709875106812
17,27,0.5431956648826599,0.825716495513916,0.08355231583118439,0.3364206850528717,0.6944826245307922,0.13603118062019348
17,28,0.2287045121192932,0.5286608934402466,-0.10957736521959305,0.45439136028289795,0.6583107709884644,0.31169384717941284
17,29,0.5132673382759094,0.8284314870834351,0.09345777332782745,0.34898796677589417,0.7056487202644348,0.1737656146287918
17,30,0.22809213399887085,0.540562629699707,-0.03752234950661659,0.4632960557937622,0.6678923964500427,0.3419058918952942
17,31,0.5694252848625183,0.8973642587661743,0.11745553463697433,0.3042079210281372,0.6860353946685791,0.2536316215991974
17,32,0.13090123236179352,0.593906819820404,0.05346303805708885,0.4496479630470276,0.6521857976913452,0.4185103476047516
18,0,0.8214033246040344,0.46542176604270935,-0.5707240700721741,0.6472710371017456,0.718622624874115,-0.41907209157943726
18,1,0.8409280776977539,0.4315289258956909,-0.5529302358627319,0.6571338176727295,0.7319620847702026,-0.44082069396972656
18,2,0.8414547443389893,0.4298417866230011,-0.5531324148178101,0.6559246182441711,0.7356789708137512,-0.4407644271850586
18,3,0.841989278793335,0.4279789328575134,-0.5535531640052795,0.6546568870544434,0.7394396066665649,-0.4409363865852356
18,4,0.83362877368927,0.42006832361221313,-0.6121814846992493,0.6600852012634277,0.726071834564209,-0.4208199679851532
18,5,0.8297789096832275,0.4124923050403595,-0.6124036908149719,0.661170244216919,0.7246614098548889,-0.4208565652370453
18,6,0.8254045248031616,0.4039817452430725,-0.6125398278236389,0.6622458696365356,0.7231969833374023,-0.42096972465515137
18,7,0.8174707293510437,0.3914017081260681,-0.4146019220352173,0.6491642594337463,0.7537512183189392,-0.452518105506897
18,8,0.796298086643219,0.36210381984710693,-0.6824253797531128,0.6592250466346741,0.7325170040130615,-0.36277610063552856
18,9,0.7934166193008423,0.473965048789978,-0.5135555863380432,0.6348851919174194,0.7243459820747375,-0.4143558740615845
18,10,0.781550407409668,0.4600227475166321,-0.5918548703193665,0.6383519172668457,0.7157881855964661,-0.38886964321136475
18,11,0.7025421857833862,0.4144000709056854,-0.29358571767807007,0.5736020803451538,0.7823855876922607,-0.43590155243873596
18,12,0.63657546043396,0.3802446722984314,-0.7344453930854797,0.630304217338562,0.7027755379676819,-0.2076878696680069
18,13,0.6505773067474365,0.5942055583000183,-0.2016165554523468,0.46781137585639954,0.7734548449516296,-0.3958961069583893
18,14,0.6207488775253296,0.7096624374389648,-0.8286155462265015,0.5946614742279053,0.6207146048545837,-0.023069068789482117
18,15,0.6414698362350464,0.6493157744407654,-0.2284584641456604,0.38896697759628296,0.7592581510543823,-0.35142242908477783
18,16,0.7638790607452393,0.9696124792098999,-0.77459716796875,0.5958163738250732,0.6128723621368408,0.13856960833072662
18,17,0.6365789175033569,0.6507904529571533,-0.2242094874382019,0.3691991865634918,0.7588365077972412,-0.3584365248680115
18,18,0.7873878479003906,1.037173867225647,-0.8617581725120544,0.5941008925437927,0.6095646619796753,0.18277959525585175
18,19,0.6503289937973022,0.6409611105918884,-0.2824303209781647,0.36953479051589966,0.742012619972229,-0.3807997703552246
18,20,0.8378454446792603,0.9918153285980225,-0.8220378160476685,0.5961613655090332,0.6090186834335327,0.16147910058498383
18,21,0.6445475220680237,0.6477175951004028,-0.24955271184444427,0.3792632222175598,0.7374127507209778,-0.355324923992157
18,22,0.8149160146713257,0.9753768444061279,-0.7642578482627869,0.5926954746246338,0.6114051342010498,0.13828180730342865
18,23,0.42316052317619324,0.470540314912796,0.09154649078845978,0.4532318413257599,0.7247125506401062,-0.06995696574449539
18,24,0.34453997015953064,0.37980949878692627,-0.09148699790239334,0.49862295389175415,0.6798790097236633,0.06987354159355164
18,25,0.5929198265075684,0.7372381687164307,0.0310255978256464,0.32052087783813477,0.6096986532211304,-0.14737442135810852
18,26,0.2749181091785431,0.34281694889068604,-0.6559900045394897,0.4883359968662262,0.552432119846344,0.050739988684654236
18,27,0.46339333057403564,0.7669421434402466,-0.008982098661363125,0.3639421761035919,0.6910789012908936,0.22165709733963013
18,28,0.23013830184936523,0.5565625429153442,-0.1641036868095398,0.49890774488449097,0.5372453331947327,0.1518537700176239
18,29,0.43504056334495544,0.7560521364212036,-0.0038205988239496946,0.38115376234054565,0.6991963982582092,0.26866835355758667
18,30,0.23843048512935638,0.5479531288146973,-0.10310002416372299,0.49585944414138794,0.5378767251968384,0.16960778832435608
18,31,0.45397162437438965,0.8387924432754517,0.004521521274000406,0.3411482572555542,0.6959856748580933,0.3450070023536682
18,32,0.15520156919956207,0.6784833669662476,-0.041557807475328445,0.5070693492889404,0.5093065500259399,0.2070712298154831
19,0,0.836971640586853,0.4799914062023163,-0.7583068609237671,0.5946486592292786,0.6844651103019714,-0.31728431582450867
19,1,0.8503361940383911,0.4421663284301758,-0.7368777394294739,0.6007384061813354,0.6915589570999146,-0.3456979990005493
19,2,0.8507775068283081,0.4407538175582886,-0.7369825839996338,0.5998499393463135,0.693642795085907,-0.345612496137619
19,3,0.8510203957557678,0.4375966787338257,-0.7372592091560364,0.5989220142364502,0.6957974433898926,-0.3457222282886505
19,4,0.8439129590988159,0.43757787346839905,-0.8011792302131653,0.6037896871566772,0.68868488073349,-0.3322840631008148
19,5,0.8397395610809326,0.4310527443885803,-0.8015937805175781,0.6051218509674072,0.6881554126739502,-0.3323594927787781
19,6,0.8353598117828369,0.4239330589771271,-0.8017654418945312,0.606450080871582,0.6876189112663269,-0.33248165249824524
19,7,0.8214813470840454,0.397911012172699,-0.5780817270278931,0.5983226895332336,0.7056388258934021,-0.3922973573207855
19,8,0.8017762899398804,0.3823985159397125,-0.8735605478286743,0.6082472205162048,0.6940506100654602,-0.3322416841983795
19,9,0.8078610301017761,0.4923306703567505,-0.6934037804603577,0.5881758332252502,0.6887152791023254,-0.3236362934112549
19,10,0.7998480796813965,0.48087558150291443,-0.7794960737228394,0.5915036201477051,0.6844542026519775,-0.30638712644577026
19,11,0.7057567834854126,0.40604498982429504,-0.3988601863384247,0.555976390838623,0.7307981848716736,-0.3842012286186218
19,12,0.6283515691757202,0.4362845718860626,-0.906232476234436,0.5976755619049072,0.6829485297203064,-0.2252282202243805
19,13,0.6142800450325012,0.5038532614707947,-0.22977766394615173,0.4712005853652954,0.7328665852546692,-0.32287082076072693
19,14,0.6195763349533081,0.7394222021102905,-0.9589049816131592,0.5623359084129333,0.603691816329956,-0.09991265833377838
19,15,0.516079306602478,0.4691110849380493,-0.14878036081790924,0.40416082739830017,0.7307202219963074,-0.2647177278995514
19,16,0.7679842114448547,0.9777269959449768,-0.8283848762512207,0.5836665630340576,0.6198758482933044,0.024315541610121727
19,17,0.4813077449798584,0.45086848735809326,-0.12886275351047516,0.38537707924842834,0.7409801483154297,-0.2672470510005951
19,18,0.7818742990493774,1.0588274002075195,-0.9077054262161255,0.588092029094696,0.6265776753425598,0.054533082991838455
19,19,0.48876261711120605,0.44078996777534485,-0.17537088692188263,0.3847225308418274,0.7283874154090881,-0.28577864170074463
19,20,0.8359501361846924,0.9930046200752258,-0.8774846196174622,0.5911485552787781,0.6254410147666931,0.04556214436888695
19,21,0.4958920478820801,0.4543619155883789,-0.1608085185289383,0.3929213881492615,0.7236829400062561,-0.2682093679904938
19,22,0.815483033657074,0.9763098955154419,-0.8176633715629578,0.5868323445320129,0.6251071691513062,0.027493322268128395
19,23,0.4385354220867157,0.4684601426124573,0.12633287906646729,0.44451507925987244,0.7038634419441223,-0.05945926904678345
19,24,0.34654155373573303,0.41311901807785034,-0.12629669904708862,0.4770406484603882,0.6820054650306702,0.05923827737569809
19,25,0.5740563869476318,0.7575749754905701,0.1502208411693573,0.35796189308166504,0.5951922535896301,-0.10610731691122055
19,26,0.2853318452835083,0.4294125735759735,-0.6837847232818604,0.45037642121315,0.552104115486145,0.08051367849111557
19,27,0.430803120136261,0.7420737743377686,0.2205117642879486,0.3843768835067749,0.5742590427398682,0.1687367558479309
19,28,0.2274671196937561,0.5260858535766602,-0.06801000982522964,0.45999783277511597,0.5718643665313721,0.2293875813484192
19,29,0.39673206210136414,0.7220262289047241,0.23592209815979004,0.39140740036964417,0.5790897607803345,0.2045786827802658
19,30,0.23286932706832886,0.5193856358528137,0.006679814774543047,0.4585798978805542,0.589922308921814,0.25187844038009644
19,31,0.41932010650634766,0.8172353506088257,0.2685869634151459,0.3868134021759033,0.5383974313735962,0.26954910159111023
19,32,0.16293223202228546,0.6009967923164368,0.10254771262407303,0.4687548279762268,0.5308846831321716,0.31746482849121094
20,0,0.8210868835449219,0.4715912938117981,-0.5422874689102173,0.662743091583252,0.6969716548919678,-0.5249485969543457
20,1,0.8421274423599243,0.4341253340244293,-0.5252273678779602,0.6735183000564575,0.7192937135696411,-0.5499633550643921
20,2,0.8428075313568115,0.4318428635597229,-0.5254802703857422,0.6710406541824341,0.7251219749450684,-0.5499705672264099
20,3,0.8433754444122314,0.42946162819862366,-0.5258787870407104,0.6685322523117065,0.7309062480926514,-0.5502219200134277
20,4,0.8351831436157227,0.42757701873779297,-0.5864313840866089,0.6878124475479126,0.7175942659378052,-0.5210453867912292
20,5,0.8309814929962158,0.4186847507953644,-0.5866756439208984,0.6810081005096436,0.7081874012947083,-0.5211099982261658
20,6,0.8262484073638916,0.4111083745956421,-0.5868514776229858,0.6828263998031616,0.7061154842376709,-0.5212216377258301
20,7,0.8178888559341431,0.3927997052669525,-0.3821609914302826,0.668285608291626,0.7564353346824646,-0.5599851012229919
20,8,0.7972487807273865,0.37366700172424316,-0.6610962748527527,0.6764649152755737,0.7246645092964172,-0.42806726694107056
20,9,0.792149007320404,0.47957009077072144,-0.4816986620426178,0.6438539028167725,0.7075164318084717,-0.5184181332588196
20,10,0.7805680632591248,0.4684383273124695,-0.5636152625083923,0.6502798795700073,0.6947776079177856,-0.4801689684391022
20,11,0.7089435458183289,0.42994484305381775,-0.25639984011650085,0.5570228695869446,0.7879945039749146,-0.5091599822044373
20,12,0.626825749874115,0.39287999272346497,-0.7212579250335693,0.6349728107452393,0.7006694674491882,-0.25831007957458496
20,13,0.6638303995132446,0.6203659772872925,-0.19191470742225647,0.44821247458457947,0.7701408267021179,-0.45630308985710144
20,14,0.6435254812240601,0.7231022715568542,-0.7934455275535583,0.5801625847816467,0.6140504479408264,-0.06999180465936661
20,15,0.6871644258499146,0.7460418939590454,-0.2848096787929535,0.3739599585533142,0.7379957437515259,-0.3766585886478424
20,16,0.7634633779525757,0.9761606454849243,-0.7465758323669434,0.5873660445213318,0.6146805882453918,0.07961276918649673
20,17,0.7021628618240356,0.7636553049087524,-0.2941318154335022,0.35283252596855164,0.7296923398971558,-0.39579910039901733
20,18,0.8103303909301758,1.0177780389785767,-0.8447821736335754,0.5886126756668091,0.6152827739715576,0.11017700284719467
20,19,0.7104451060295105,0.7606602311134338,-0.3659519851207733,0.3556824326515198,0.7204974889755249,-0.42300453782081604
20,20,0.8343112468719482,0.9936717748641968,-0.8032666444778442,0.5897534489631653,0.6152330040931702,0.09187222272157669
20,21,0.6970549821853638,0.7607260942459106,-0.3139914274215698,0.36471742391586304,0.720911979675293,-0.38389113545417786
20,22,0.8109705448150635,0.9783108234405518,-0.7370320558547974,0.5837919116020203,0.617212176322937,0.07991227507591248
20,23,0.4076734185218811,0.472633957862854,0.10657276213169098,0.4309825301170349,0.7202365398406982,-0.07391178607940674
20,24,0.33015161752700806,0.3892061412334442,-0.10647650063037872,0.49726197123527527,0.6746620535850525,0.07384414225816727
20,25,0.5457448959350586,0.7935872077941895,0.07129857689142227,0.31631654500961304,0.5946288108825684,-0.13895443081855774
20,26,0.26637399196624756,0.3127146065235138,-0.769317626953125,0.5629161596298218,0.5573098659515381,0.0175763051956892
20,27,0.3118932247161865,0.6740881204605103,0.08095798641443253,0.3403921127319336,0.6785928010940552,0.37279054522514343
20,28,0.22513481974601746,0.5378605723381042,-0.2602706253528595,0.5060519576072693,0.5187709331512451,0.20367975533008575
20,29,0.27937406301498413,0.6350668668746948,0.09344431012868881,0.3509659171104431,0.6868726015090942,0.4326742887496948
20,30,0.22929099202156067,0.5467177033424377,-0.19238077104091644,0.4827559292316437,0.5215635895729065,0.2285163402557373
20,31,0.2574214041233063,0.7145158648490906,0.09995081275701523,0.3170149326324463,0.684950590133667,0.4862896502017975
20,32,0.1433591991662979,0.6933443546295166,-0.12093191593885422,0.5199803709983826,0.4508054554462433,0.24023199081420898
21,0,0.8293632864952087,0.4824962615966797,-0.4520955979824066,0.6631121635437012,0.708639919757843,-0.41433998942375183
21,1,0.8468056917190552,0.44443660974502563,-0.43554234504699707,0.676517903804779,0.7246066927909851,-0.43506014347076416
21,2,0.8472859859466553,0.4421524703502655,-0.4358070194721222,0.675600528717041,0.7284790873527527,-0.4350774586200714
21,3,0.8474339246749878,0.43971243500709534,-0.43621113896369934,0.6750057339668274,0.7319154739379883,-0.4352683126926422
21,4,0.8393905162811279,0.43540501594543457,-0.4941040873527527,0.6800117492675781,0.7172715067863464,-0.40701332688331604
21,5,0.8340156674385071,0.42510169744491577,-0.4943171441555023,0.6813901662826538,0.7166622877120972,-0.40700602531433105
21,6,0.8278377652168274,0.4154874384403229,-0.4944435656070709,0.6794572472572327,0.7093170881271362,-0.40707483887672424
21,7,0.8141427040100098,0.39495834708213806,-0.30088356137275696,0.6645442843437195,0.7514611482620239,-0.446919322013855
21,8,0.7950013875961304,0.37389296293258667,-0.5679225921630859,0.6800037622451782,0.7300904989242554,-0.316186785697937
21,9,0.802456259727478,0.48736807703971863,-0.39593541622161865,0.6443372368812561,0.7170332074165344,-0.4105105698108673
21,10,0.7924565672874451,0.4728902578353882,-0.4744100570678711,0.6482530832290649,0.7094864845275879,-0.37285909056663513
21,11,0.694709062576294,0.4472777247428894,-0.20090582966804504,0.5720263719558716,0.772458016872406,-0.4294082522392273
21,12,0.6369402408599854,0.37970900535583496,-0.6434432864189148,0.6251572370529175,0.7023110389709473,-0.14038771390914917
21,13,0.6456301808357239,0.6546821594238281,-0.1802489459514618,0.4661408066749573,0.7651984691619873,-0.3964621424674988
21,14,0.6101796627044678,0.6987442970275879,-0.7173235416412354,0.5513988733291626,0.6524611711502075,0.038416434079408646
21,15,0.658702552318573,0.8532587885856628,-0.29756858944892883,0.3886561393737793,0.7458707094192505,-0.3539320230484009
21,16,0.7646806240081787,0.9738845825195312,-0.6891036033630371,0.525935709476471,0.6657503843307495,0.1718563437461853
21,17,0.6800693273544312,0.8910331726074219,-0.30260226130485535,0.3657006025314331,0.751400887966156,-0.3769068717956543
21,18,0.8090071678161621,1.0109134912490845,-0.7796691060066223,0.513392448425293,0.667686939239502,0.21179379522800446
21,19,0.682753324508667,0.8953112959861755,-0.38232728838920593,0.37107953429222107,0.7349281907081604,-0.395281046628952
21,20,0.8296440243721008,0.9870007038116455,-0.7330967783927917,0.5208876132965088,0.6691096425056458,0.1844651997089386
21,21,0.6779261231422424,0.8846035599708557,-0.33111608028411865,0.3806599974632263,0.7313560843467712,-0.3581400215625763
21,22,0.8071833252906799,0.9769436717033386,-0.6773895621299744,0.5230228304862976,0.6687697172164917,0.1684432178735733
21,23,0.39419567584991455,0.47484856843948364,0.09051688015460968,0.4428904354572296,0.6824980974197388,-0.09644170105457306
21,24,0.32309165596961975,0.36185383796691895,-0.09052449464797974,0.4984382092952728,0.6486190557479858,0.09631972759962082
21,25,0.4910305142402649,0.8111213445663452,0.06530692428350449,0.3177074193954468,0.5851386189460754,-0.21183161437511444
21,26,0.24729745090007782,0.15748950839042664,-0.6621556878089905,0.5539675951004028,0.5380343198776245,0.10824857652187347
21,27,0.3250487446784973,0.6566978096961975,0.07131130993366241,0.35492953658103943,0.6911272406578064,0.09290249645709991
21,28,0.22190524637699127,0.5227422714233398,-0.20216640830039978,0.5051620006561279,0.4975684583187103,0.16352641582489014
21,29,0.306939035654068,0.616105854511261,0.08659902960062027,0.3719237446784973,0.6975393295288086,0.13122591376304626
21,30,0.22577208280563354,0.5347141027450562,-0.13972117006778717,0.49487602710723877,0.4792217016220093,0.17317278683185577
21,31,0.2880401909351349,0.6783571243286133,0.12083841115236282,0.32673192024230957,0.725635826587677,0.17498482763767242
21,32,0.15125565230846405,0.7043944597244263,-0.07052740454673767,0.5110521912574768,0.43855950236320496,0.179033562541008
22,0,0.8255666494369507,0.4843866527080536,-0.5810990333557129,0.5311719179153442,0.5649162530899048,-0.33168187737464905
22,1,0.8442366123199463,0.4449349641799927,-0.5696716904640198,0.5394318699836731,0.5682361721992493,-0.34735020995140076
22,2,0.8450342416763306,0.4424284100532532,-0.569824755191803,0.5400196313858032,0.5708437561988831,-0.347281813621521
22,3,0.8456555604934692,0.43976134061813354,-0.5701232552528381,0.5405529737472534,0.5735090374946594,-0.3473730981349945
22,4,0.8369548320770264,0.43857085704803467,-0.6277728080749512,0.5389845967292786,0.5630225539207458,-0.3413955867290497
22,5,0.8318394422531128,0.4315841794013977,-0.627987802028656,0.5391831994056702,0.5613544583320618,-0.34146004915237427
22,6,0.8258953094482422,0.4221941828727722,-0.6281001567840576,0.5393981337547302,0.559643030166626,-0.34158986806869507
22,7,0.815342903137207,0.4004060626029968,-0.44384345412254333,0.5435928106307983,0.5812088847160339,-0.3375711739063263
22,8,0.7921661734580994,0.3831651508808136,-0.7083999514579773,0.541800320148468,0.5611492395401001,-0.3105345070362091
22,9,0.7967188358306885,0.49243777990341187,-0.527672290802002,0.5280615091323853,0.5717277526855469,-0.31780582666397095
22,10,0.7870705127716064,0.48270660638809204,-0.6044185757637024,0.5273047685623169,0.5652632713317871,-0.3104177415370941
22,11,0.7072653770446777,0.397304505109787,-0.2921895980834961,0.526383638381958,0.6128028631210327,-0.29382503032684326
22,12,0.6203306317329407,0.4345502555370331,-0.7399579882621765,0.5334186553955078,0.5475574135780334,-0.21942250430583954
22,13,0.6624268293380737,0.49621134996414185,-0.09963300079107285,0.47866344451904297,0.6198418140411377,-0.28249725699424744
22,14,0.6126470565795898,0.7507883906364441,-0.7946717143058777,0.5260350108146667,0.48484691977500916,-0.22444485127925873
22,15,0.6332461833953857,0.5008517503738403,-0.035899076610803604,0.4349179267883301,0.6264692544937134,-0.3027105927467346
22,16,0.7682052850723267,0.9717446565628052,-0.7330244779586792,0.5455060005187988,0.4798767864704132,-0.2554493248462677
22,17,0.61873459815979,0.49101734161376953,-0.011250403709709644,0.4224950671195984,0.6372444033622742,-0.314810574054718
22,18,0.8085562586784363,1.0213394165039062,-0.8137387633323669,0.5484570264816284,0.47557780146598816,-0.2610670030117035
22,19,0.6260417699813843,0.48697352409362793,-0.06804695725440979,0.4206388592720032,0.628719687461853,-0.33209890127182007
22,20,0.8357768058776855,0.9923692941665649,-0.7893285155296326,0.5496112108230591,0.47964927554130554,-0.27283695340156555
22,21,0.6253048181533813,0.49702188372612,-0.05186859890818596,0.4247992932796478,0.623906672000885,-0.30789995193481445
22,22,0.8157842755317688,0.9775222539901733,-0.7263616919517517,0.5461782217025757,0.4812716245651245,-0.2595995366573334
22,23,0.43550345301628113,0.47686341404914856,0.09583117812871933,0.43122538924217224,0.6075701117515564,-0.02566802315413952
22,24,0.34755849838256836,0.3907589018344879,-0.0959254577755928,0.4471837878227234,0.5644453763961792,0.025278495624661446
22,25,0.6289448738098145,0.7274811267852783,-0.03600732982158661,0.31993094086647034,0.587241530418396,-0.05759859457612038
22,26,0.25117188692092896,0.38314545154571533,-0.6140866875648499,0.4353574216365814,0.4796221852302551,-0.0010870108380913734
22,27,0.6171788573265076,0.8546199798583984,-0.12818722426891327,0.31701016426086426,0.6530414819717407,0.18448121845722198
22,28,0.22436201572418213,0.5456457734107971,-0.06280301511287689,0.5012244582176208,0.4781301021575928,0.11139579862356186
22,29,0.5921623706817627,0.8690788745880127,-0.1281702220439911,0.3288165330886841,0.6549010872840881,0.21609343588352203
22,30,0.22344091534614563,0.5582184195518494,0.005370020400732756,0.5102899670600891,0.4819234013557434,0.13042059540748596
22,31,0.6830554008483887,0.919580340385437,-0.10078943520784378,0.2807058095932007,0.6847090125083923,0.27196982502937317
22,32,0.14535745978355408,0.6769447326660156,0.10709632188081741,0.514064371585846,0.4673596918582916,0.180780291557312
23,0,0.8148722648620605,0.46683651208877563,-0.8227051496505737,0.6685857176780701,0.6891791224479675,-0.35888010263442993
23,1,0.8364289999008179,0.4304365813732147,-0.8067992329597473,0.6763933897018433,0.7066342830657959,-0.37171709537506104
23,2,0.8382823467254639,0.4301752746105194,-0.8068602681159973,0.6831904649734497,0.7234176397323608,-0.3717522621154785
23,3,0.8398958444595337,0.42996132373809814,-0.8071191310882568,0.6733797788619995,0.7146972417831421,-0.37195396423339844
23,4,0.8257410526275635,0.4172833561897278,-0.8701127171516418,0.6790341734886169,0.7002349495887756,-0.3477022647857666
23,5,0.819551944732666,0.4080212712287903,-0.8705925345420837,0.6796976327896118,0.6991822123527527,-0.3477024435997009
23,6,0.8127654194831848,0.3982781171798706,-0.8708583116531372,0.6803490519523621,0.6980434060096741,-0.3477862477302551
23,7,0.8127014636993408,0.3956550657749176,-0.6445357203483582,0.6615787148475647,0.7313674092292786,-0.372381329536438
23,8,0.7848295569419861,0.3644406199455261,-0.9390460252761841,0.6710700392723083,0.709158182144165,-0.2594306766986847
23,9,0.7896199226379395,0.4802129566669464,-0.7534095048904419,0.6499333381652832,0.7068565487861633,-0.35407981276512146
23,10,0.7781187295913696,0.46480056643486023,-0.8401432633399963,0.6555966138839722,0.6842797994613647,-0.32151302695274353
23,11,0.683163046836853,0.3935049772262573,-0.47711801528930664,0.5709543228149414,0.7494730353355408,-0.36972495913505554
23,12,0.6299917101860046,0.4292665123939514,-0.9485939741134644,0.6210448741912842,0.6634374856948853,-0.12951387465000153
23,13,0.5887042284011841,0.4207594394683838,-0.23480230569839478,0.4627293646335602,0.7331798672676086,-0.40053486824035645
23,14,0.628071665763855,0.7367070317268372,-1.0523425340652466,0.5784616470336914,0.5665966868400574,-0.07946570217609406
23,15,0.4775117337703705,0.32429420948028564,-0.03415130823850632,0.37496432662010193,0.7325267791748047,-0.4287330210208893
23,16,0.7641633749008179,0.9721876382827759,-0.9818967580795288,0.5491741299629211,0.5436307787895203,-0.09801030904054642
23,17,0.4354296922683716,0.2941666841506958,0.010638234205543995,0.3576834499835968,0.7345297932624817,-0.4573119878768921
23,18,0.7832471132278442,1.054305076599121,-1.0547808408737183,0.5399612784385681,0.5335311889648438,-0.09066072106361389
23,19,0.446311354637146,0.278041273355484,-0.02611658349633217,0.35545870661735535,0.708919107913971,-0.479474812746048
23,20,0.8308905363082886,0.9872679710388184,-1.0183199644088745,0.5423943400382996,0.5394940972328186,-0.12129855155944824
23,21,0.4575694799423218,0.3002084493637085,-0.0356280691921711,0.36518344283103943,0.7088662385940552,-0.43721362948417664
23,22,0.8122299909591675,0.9727004766464233,-0.9673699736595154,0.5418871641159058,0.5427947044372559,-0.10963257402181625
23,23,0.4207405149936676,0.4836522042751312,0.09145605564117432,0.44878625869750977,0.6352325677871704,-0.08754375576972961
23,24,0.3374153673648834,0.41306251287460327,-0.09210250526666641,0.497830331325531,0.5999382138252258,0.0872301384806633
23,25,0.5269021391868591,0.7810221910476685,0.04721662029623985,0.32358336448669434,0.5670090913772583,-0.2066483050584793
23,26,0.23745299875736237,0.194693922996521,-0.6232779026031494,0.5652735829353333,0.523043155670166,0.03515872731804848
23,27,0.3931735157966614,0.7516070008277893,0.11027128994464874,0.33899250626564026,0.6329044699668884,0.08183560520410538
23,28,0.22832947969436646,0.5423595905303955,-0.08667896687984467,0.5031160712242126,0.5091570615768433,0.07915307581424713
23,29,0.36861348152160645,0.735027551651001,0.12610970437526703,0.3541094660758972,0.636038601398468,0.11700969189405441
23,30,0.23684006929397583,0.553973913192749,-0.019519219174981117,0.48206251859664917,0.5120014548301697,0.08737841248512268
23,31,0.36784878373146057,0.7944267988204956,0.13029682636260986,0.30508750677108765,0.6487556099891663,0.14150464534759521
23,32,0.16490329802036285,0.6706066131591797,0.030086712911725044,0.5117464661598206,0.45948371291160583,0.07760939747095108
24,0,0.830978274345398,0.4811753034591675,-0.6481757164001465,0.6709227561950684,0.7134478092193604,-0.5034769177436829
24,1,0.8460798263549805,0.444577693939209,-0.6338920593261719,0.6980022192001343,0.7417647838592529,-0.5279490351676941
24,2,0.8470044136047363,0.4427036643028259,-0.6340290307998657,0.6953921914100647,0.748065173625946,-0.5279721617698669
24,3,0.8477180004119873,0.44064027070999146,-0.6342999339103699,0.6947398781776428,0.7507182359695435,-0.5282166004180908
24,4,0.8359451293945312,0.4354265332221985,-0.6946830153465271,0.6856473684310913,0.7261285781860352,-0.49622198939323425
24,5,0.8292814493179321,0.42558929324150085,-0.6950842142105103,0.6869398355484009,0.7252097129821777,-0.49624010920524597
24,6,0.8221991062164307,0.41605323553085327,-0.6952968239784241,0.6882281303405762,0.7242244482040405,-0.4963640868663788
24,7,0.8141088485717773,0.4012830853462219,-0.5049760937690735,0.6865558624267578,0.766685426235199,-0.5473850965499878
24,8,0.7882155179977417,0.3805239200592041,-0.7869488000869751,0.6949886083602905,0.748235285282135,-0.4013524651527405
24,9,0.8044934272766113,0.4916415810585022,-0.5929015874862671,0.6525454521179199,0.7226805686950684,-0.5018777847290039
24,10,0.7905452251434326,0.47514453530311584,-0.6753767132759094,0.6573922634124756,0.7132065296173096,-0.45961350202560425
24,11,0.6850310564041138,0.38456863164901733,-0.36002811789512634,0.5660890340805054,0.7891014218330383,-0.5217681527137756
24,12,0.6344552040100098,0.45037034153938293,-0.8270798325538635,0.6368995308876038,0.7273882627487183,-0.2311268448829651
24,13,0.5688955783843994,0.38660943508148193,-0.1435035616159439,0.44235143065452576,0.7624531984329224,-0.49551206827163696
24,14,0.6151298880577087,0.7281755805015564,-0.9055573344230652,0.5527369976043701,0.6527487635612488,-0.12510783970355988
24,15,0.4595852792263031,0.23572540283203125,0.056674856692552567,0.3554791212081909,0.7428635358810425,-0.4648836553096771
24,16,0.7653586268424988,0.9701862335205078,-0.80018550157547,0.5010272860527039,0.6469171047210693,-0.10967245697975159
24,17,0.4364798963069916,0.21240288019180298,0.09555085003376007,0.3378739356994629,0.7548629641532898,-0.5028819441795349
24,18,0.7790573835372925,1.027498483657837,-0.8685776591300964,0.4846300482749939,0.6421670317649841,-0.09226015955209732
24,19,0.4385432004928589,0.21173712611198425,0.05924639478325844,0.3437255620956421,0.7412715554237366,-0.5202781558036804
24,20,0.8319166898727417,0.9868003129959106,-0.8437142968177795,0.4891955256462097,0.6473696231842041,-0.12667612731456757
24,21,0.4391164779663086,0.20920825004577637,0.053547199815511703,0.3542810380458832,0.7360837459564209,-0.47102853655815125
24,22,0.8060517311096191,0.9649642705917358,-0.7900974750518799,0.4915010929107666,0.649952232837677,-0.1194722130894661
24,23,0.41988030076026917,0.4789274334907532,0.11343002319335938,0.42940884828567505,0.695996880531311,-0.0985381156206131
24,24,0.3403353691101074,0.4385789632797241,-0.11365371197462082,0.49684372544288635,0.6685613393783569,0.09822960942983627
24,25,0.5712333917617798,0.7267497777938843,0.1445336937904358,0.30811530351638794,0.5781901478767395,-0.1529526710510254
24,26,0.272531658411026,0.40599876642227173,-0.6539561152458191,0.5735676288604736,0.5592672824859619,0.14469338953495026
24,27,0.4479208290576935,0.7646101117134094,0.18466074764728546,0.3435104787349701,0.6785426139831543,0.3059964179992676
24,28,0.22709473967552185,0.5411569476127625,-0.07507570087909698,0.48682233691215515,0.5033935904502869,0.35141289234161377
24,29,0.41132909059524536,0.7566366195678711,0.19455395638942719,0.35907214879989624,0.6907949447631836,0.35965508222579956
24,30,0.22396835684776306,0.5521463751792908,-0.005084256175905466,0.4610835909843445,0.5067571401596069,0.3764576017856598
24,31,0.45803067088127136,0.8405874371528625,0.21735745668411255,0.3097139596939087,0.6941299438476562,0.4193396270275116
24,32,0.15763773024082184,0.6934396028518677,0.06160416826605797,0.4889545738697052,0.41466206312179565,0.39602288603782654
25,0,0.8233855962753296,0.4713534116744995,-0.7718086838722229,0.6802747249603271,0.7055153250694275,-0.4727967381477356
25,1,0.840225100517273,0.43495887517929077,-0.7542517185211182,0.6916986703872681,0.7248520851135254,-0.5027811527252197
25,2,0.841658353805542,0.43374624848365784,-0.754375696182251,0.6897770166397095,0.729653537273407,-0.5027603507041931
25,3,0.8428229093551636,0.43230053782463074,-0.7546699047088623,0.687811017036438,0.7344372272491455,-0.5029770135879517
25,4,0.829763650894165,0.4237115979194641,-0.8154707551002502,0.6960073709487915,0.7193799614906311,-0.4707818031311035
25,5,0.8234745264053345,0.4141045808792114,-0.8158984780311584,0.6975002288818359,0.7190932035446167,-0.47087135910987854
25,6,0.8162140846252441,0.4027353823184967,-0.8160806894302368,0.6989837884902954,0.7187139987945557,-0.4710400700569153
25,7,0.8115527629852295,0.3930017650127411,-0.6074023842811584,0.6771223545074463,0.7615892887115479,-0.5406807065010071
25,8,0.785330057144165,0.36852750182151794,-0.8888996839523315,0.7031205296516418,0.7591347694396973,-0.3922296166419983
25,9,0.7995109558105469,0.48040300607681274,-0.7104960083961487,0.6615099906921387,0.716239333152771,-0.476502388715744
25,10,0.7847407460212708,0.46690741181373596,-0.7923744320869446,0.6678587794303894,0.7319424152374268,-0.43363356590270996
25,11,0.6960211992263794,0.3820563554763794,-0.43105098605155945,0.5648643374443054,0.8023533821105957,-0.5118058323860168
25,12,0.6212995052337646,0.44591227173805237,-0.9188907146453857,0.6508530974388123,0.735541045665741,-0.2278740406036377
25,13,0.608338475227356,0.4547044336795807,-0.2472304254770279,0.43062010407447815,0.7836567163467407,-0.5113730430603027
25,14,0.6449808478355408,0.7427256107330322,-0.9826239943504333,0.5845828056335449,0.6596719622612,-0.02004711516201496
25,15,0.5093962550163269,0.4084838032722473,-0.13600949943065643,0.3381471037864685,0.7440313696861267,-0.5344235897064209
25,16,0.7635338306427002,0.9744706153869629,-0.8500990867614746,0.5797712802886963,0.6813146471977234,0.18426790833473206
25,17,0.4744958281517029,0.3863838315010071,-0.11869300901889801,0.32013455033302307,0.7448993921279907,-0.5671330094337463
25,18,0.7765489816665649,1.0682846307754517,-0.9296596646308899,0.5752017498016357,0.686424732208252,0.2316887229681015
25,19,0.48194003105163574,0.37571415305137634,-0.15940779447555542,0.3245950937271118,0.735809326171875,-0.5873995423316956
25,20,0.8316452503204346,0.9921409487724304,-0.9033446907997131,0.5777819156646729,0.6852374076843262,0.2082889974117279
25,21,0.4873811602592468,0.38989755511283875,-0.14485055208206177,0.3302655816078186,0.7305091619491577,-0.5422170758247375
25,22,0.8104947805404663,0.9742504358291626,-0.8404239416122437,0.5748583674430847,0.6834434866905212,0.1841607540845871
25,23,0.42869216203689575,0.4588741660118103,0.13045352697372437,0.42241230607032776,0.6948186755180359,-0.10883116722106934
25,24,0.3352612853050232,0.4276335835456848,-0.1303165704011917,0.4975818991661072,0.6617632508277893,0.1087159588932991
25,25,0.5609294176101685,0.7479954957962036,0.15497243404388428,0.29291582107543945,0.5902354121208191,-0.24609915912151337
25,26,0.28655046224594116,0.5076532959938049,-0.6267666220664978,0.5661380290985107,0.5354503393173218,0.1275096833705902
25,27,0.39288774132728577,0.7304356098175049,0.24616719782352448,0.38269755244255066,0.6844698786735535,0.1602552980184555
25,28,0.22627437114715576,0.5636332035064697,0.04215385392308235,0.47519350051879883,0.5200693607330322,0.27789637446403503
25,29,0.35370272397994995,0.7044401168823242,0.2605859935283661,0.40870505571365356,0.6936439871788025,0.21243217587471008
25,30,0.223529651761055,0.5521520972251892,0.12166868895292282,0.45424526929855347,0.5295978784561157,0.30020204186439514
25,31,0.38057243824005127,0.8155961632728577,0.28692978620529175,0.3724527955055237,0.692537784576416,0.29027146100997925
25,32,0.15984906256198883,0.6953762769699097,0.22483980655670166,0.4654163122177124,0.4434187114238739,0.33289334177970886
26,0,0.8264603614807129,0.4888143241405487,-0.4128698408603668,0.6891474723815918,0.7154359221458435,-0.3726431727409363
26,1,0.8422491550445557,0.4494403302669525,-0.40338581800460815,0.7069252133369446,0.7549155354499817,-0.3999762535095215
26,2,0.8425573110580444,0.4461034834384918,-0.4036392569541931,0.7058095932006836,0.7645952701568604,-0.399911105632782
26,3,0.842850923538208,0.44177383184432983,-0.4039907455444336,0.6987581849098206,0.7453883290290833,-0.40002724528312683
26,4,0.8352134227752686,0.4441411793231964,-0.46253228187561035,0.7127406597137451,0.754587709903717,-0.3685149550437927
26,5,0.8300684690475464,0.43602046370506287,-0.4627145826816559,0.7129062414169312,0.7539514303207397,-0.3686520755290985
26,6,0.8242455720901489,0.42786726355552673,-0.4627874493598938,0.7058693170547485,0.728096604347229,-0.36886265873908997
26,7,0.8081622123718262,0.40068280696868896,-0.2996414005756378,0.6870250105857849,0.7701026797294617,-0.4340846538543701
26,8,0.7903470993041992,0.3909902274608612,-0.5650002360343933,0.7039570808410645,0.7592430114746094,-0.29227256774902344
26,9,0.8003443479537964,0.49193426966667175,-0.3673272728919983,0.6704168319702148,0.7253385186195374,-0.37660378217697144
26,10,0.7888327836990356,0.48369258642196655,-0.4442812502384186,0.6737220287322998,0.7157383561134338,-0.33558276295661926
26,11,0.6999452710151672,0.37265968322753906,-0.11783702671527863,0.5712375640869141,0.8049103021621704,-0.4256373345851898
26,12,0.6345564126968384,0.44041678309440613,-0.6441298723220825,0.6482452154159546,0.7166703939437866,-0.15539687871932983
26,13,0.6549871563911438,0.476901113986969,0.10866551101207733,0.4247909486293793,0.7745667099952698,-0.402783066034317
26,14,0.6196320652961731,0.7375000715255737,-0.7037425637245178,0.6083291172981262,0.5924587845802307,-0.059728048741817474
26,15,0.6265647411346436,0.5043843984603882,0.2107367366552353,0.3340563476085663,0.7498066425323486,-0.41234052181243896
26,16,0.7577605247497559,0.9666726589202881,-0.6343674659729004,0.5971783399581909,0.5556414127349854,-0.051121246069669724
26,17,0.615967333316803,0.49512532353401184,0.24628214538097382,0.315218448638916,0.7527952194213867,-0.43613648414611816
26,18,0.770902156829834,1.0310933589935303,-0.7201402187347412,0.5925483703613281,0.5462442636489868,-0.0334019735455513
26,19,0.6235379576683044,0.4931744337081909,0.18314693868160248,0.3185390830039978,0.737652599811554,-0.4599694609642029
26,20,0.8266030550003052,0.9905970096588135,-0.6888000965118408,0.5974995493888855,0.5466824769973755,-0.06641323864459991
26,21,0.6224418878555298,0.504724383354187,0.19318220019340515,0.33095070719718933,0.7315894365310669,-0.42073655128479004
26,22,0.800402045249939,0.9735835790634155,-0.6254465579986572,0.5934900045394897,0.5496021509170532,-0.06208348646759987
26,23,0.4128286838531494,0.4544738531112671,0.1402047872543335,0.40937429666519165,0.6950786113739014,-0.10841410607099533
26,24,0.3383752703666687,0.4241747260093689,-0.14005707204341888,0.4633432626724243,0.6578092575073242,0.108189158141613
26,25,0.6220841407775879,0.6844080090522766,0.11010715365409851,0.335694283246994,0.5589516162872314,-0.22307921946048737
26,26,0.33206138014793396,0.6405521035194397,-0.42140668630599976,0.47192680835723877,0.5112124085426331,0.11165480315685272
26,27,0.6462693214416504,0.8118072748184204,0.04819613695144653,0.41760680079460144,0.5671918392181396,0.08431465178728104
26,28,0.22743268311023712,0.5636985301971436,0.10023760795593262,0.39446061849594116,0.5848162174224854,0.30723997950553894
26,29,0.629199743270874,0.8336285948753357,0.043485868722200394,0.4328027665615082,0.5760132074356079,0.12402970343828201
26,30,0.22057734429836273,0.5311029553413391,0.16194124519824982,0.38508108258247375,0.6071313619613647,0.33564847707748413
26,31,0.7232882380485535,0.8542392253875732,0.07076137512922287,0.43431809544563293,0.5318201184272766,0.1929609179496765
26,32,0.12885700166225433,0.6024447679519653,0.2803660035133362,0.3738231062889099,0.5425911545753479,0.4086592495441437
27,0,0.8178801536560059,0.4891015887260437,-0.5674040913581848,0.7091307640075684,0.7538084387779236,-0.3708454966545105
27,1,0.8366912603378296,0.44872286915779114,-0.5574491024017334,0.7212036848068237,0.7747527360916138,-0.40267860889434814
27,2,0.8380792140960693,0.44606348872184753,-0.5576346516609192,0.7194497585296631,0.7799960374832153,-0.4026511609554291
27,3,0.8391851186752319,0.44345900416374207,-0.5579276084899902,0.7176376581192017,0.7852912545204163,-0.4028090834617615
27,4,0.8273260593414307,0.441667765378952,-0.6164930462837219,0.7244734168052673,0.7692694067955017,-0.3665332496166229
27,5,0.8202561140060425,0.43186578154563904,-0.616822361946106,0.7253750562667847,0.7691017389297485,-0.3665812611579895
27,6,0.8130035400390625,0.42266595363616943,-0.6169401407241821,0.7262864112854004,0.7688753604888916,-0.3667481243610382
27,7,0.8052594661712646,0.4002112150192261,-0.44255340099334717,0.7050203084945679,0.8123264908790588,-0.4525354504585266
27,8,0.7796646356582642,0.38572317361831665,-0.7145099639892578,0.7165911197662354,0.7913365364074707,-0.2876655161380768
27,9,0.7941274642944336,0.4969526529312134,-0.5168924331665039,0.689071536064148,0.7636509537696838,-0.37992703914642334
27,10,0.7785229682922363,0.48381507396698,-0.5956818461418152,0.6929541826248169,0.7548037171363831,-0.33260393142700195
27,11,0.6931772828102112,0.36771607398986816,-0.2680923640727997,0.588316023349762,0.846939206123352,-0.4532780349254608
27,12,0.6262551546096802,0.4577121138572693,-0.7697752714157104,0.663779616355896,0.7688507437705994,-0.12605981528759003
27,13,0.5855773687362671,0.4349004328250885,-0.05373014137148857,0.44047701358795166,0.8079338073730469,-0.42108049988746643
27,14,0.6294198036193848,0.7355643510818481,-0.8396160006523132,0.5958530306816101,0.6721934676170349,0.0413643978536129
27,15,0.50211501121521,0.41516026854515076,0.09564388543367386,0.35331258177757263,0.7709618806838989,-0.3838540017604828
27,16,0.7704895734786987,0.9748578071594238,-0.7467229962348938,0.614422082901001,0.680025041103363,0.1882910579442978
27,17,0.4689972996711731,0.3989109992980957,0.12941789627075195,0.3415226340293884,0.7761770486831665,-0.4004816710948944
27,18,0.7880532741546631,1.0419552326202393,-0.8309081792831421,0.6196208000183105,0.6852679252624512,0.2331942468881607
27,19,0.4757886528968811,0.39733338356018066,0.0764685794711113,0.348262757062912,0.7625990509986877,-0.4158371686935425
27,20,0.8345270156860352,0.9846466183662415,-0.8020498156547546,0.6246251463890076,0.6831480860710144,0.21513734757900238
27,21,0.4823608696460724,0.4097738564014435,0.0839347317814827,0.3591991066932678,0.7579890489578247,-0.3866037428379059
27,22,0.8124700784683228,0.9712176322937012,-0.7365025877952576,0.6175375580787659,0.6816442608833313,0.1881030946969986
27,23,0.41835418343544006,0.4656784236431122,0.128884956240654,0.4117836356163025,0.7411264181137085,-0.12180372327566147
27,24,0.3365052342414856,0.4447832405567169,-0.12877634167671204,0.4747537672519684,0.6936990022659302,0.12163294106721878
27,25,0.6082388162612915,0.7069053649902344,0.09383786469697952,0.26505976915359497,0.6042454838752747,-0.23382730782032013
27,26,0.30661866068840027,0.5779240727424622,-0.526393711566925,0.4954242408275604,0.521172285079956,0.15969236195087433
27,27,0.5820334553718567,0.8665986061096191,0.04319227486848831,0.30686965584754944,0.7342933416366577,0.16340364515781403
27,28,0.22861459851264954,0.5224989652633667,0.0638381764292717,0.4154042899608612,0.5527874827384949,0.31443002820014954
27,29,0.5492080450057983,0.8860909938812256,0.04114855080842972,0.3260361850261688,0.7558838725090027,0.21536622941493988
27,30,0.22188952565193176,0.49368393421173096,0.13244016468524933,0.4015396237373352,0.5691906809806824,0.338553249835968
27,31,0.650787353515625,0.941583514213562,0.052524201571941376,0.2712208032608032,0.7394815683364868,0.3100947141647339
27,32,0.14581763744354248,0.5618983507156372,0.2296733260154724,0.39374980330467224,0.4946373403072357,0.4013179540634155
28,0,0.8185883164405823,0.4800572693347931,-0.6383669376373291,0.7136182188987732,0.7819021344184875,-0.47897404432296753
28,1,0.8344383835792542,0.44304391741752625,-0.624783992767334,0.7373220920562744,0.8027617335319519,-0.5081570148468018
28,2,0.8359188437461853,0.4411197900772095,-0.6249681115150452,0.7311068177223206,0.8048197627067566,-0.5080979466438293
28,3,0.8370662331581116,0.4388999938964844,-0.6253129243850708,0.7289671301841736,0.8143326044082642,-0.508303165435791
28,4,0.8239989280700684,0.4341040253639221,-0.6839159727096558,0.741357684135437,0.7921505570411682,-0.472655326128006
28,5,0.816497266292572,0.4250767230987549,-0.6842711567878723,0.7433971166610718,0.7913268804550171,-0.4726807773113251
28,6,0.8093351721763611,0.41582438349723816,-0.6844639778137207,0.7359651327133179,0.7786956429481506,-0.47279560565948486
28,7,0.8053247928619385,0.399638831615448,-0.49456551671028137,0.7083267569541931,0.8290238380432129,-0.5246347784996033
28,8,0.7786643505096436,0.3817824721336365,-0.7654802799224854,0.7269027829170227,0.7964824438095093,-0.36309900879859924
28,9,0.7971717119216919,0.4911458194255829,-0.5830973982810974,0.6996497511863708,0.7920117974281311,-0.47353899478912354
28,10,0.784027099609375,0.4784230589866638,-0.6622664332389832,0.7042492628097534,0.7814357280731201,-0.42741602659225464
28,11,0.6952739953994751,0.40447741746902466,-0.34524810314178467,0.5934054851531982,0.8544633388519287,-0.5104869604110718
28,12,0.6236029863357544,0.4375498592853546,-0.8040184378623962,0.6783137917518616,0.7557739615440369,-0.1700601726770401
28,13,0.6244279146194458,0.5292263031005859,-0.20784887671470642,0.45848000049591064,0.8307774066925049,-0.5031992197036743
28,14,0.6227734088897705,0.7340940833091736,-0.8600916266441345,0.6302813291549683,0.643130898475647,0.017821408808231354
28,15,0.5552797913551331,0.5347838997840881,-0.19061978161334991,0.3444986939430237,0.8080770969390869,-0.49703916907310486
28,16,0.7552176713943481,0.9750404357910156,-0.7491202354431152,0.6368530988693237,0.6815202832221985,0.17906074225902557
28,17,0.5290420055389404,0.5237091779708862,-0.1812480092048645,0.30898934602737427,0.819720983505249,-0.5220221877098083
28,18,0.7703079581260681,1.0391383171081543,-0.8266793489456177,0.6383118629455566,0.6945056915283203,0.22269727289676666
28,19,0.5402940511703491,0.514330267906189,-0.23544619977474213,0.31209444999694824,0.8019439578056335,-0.5426211953163147
28,20,0.8177260160446167,0.983397364616394,-0.801008939743042,0.642539918422699,0.6970078349113464,0.2101009488105774
28,21,0.5443785190582275,0.527313232421875,-0.20796863734722137,0.3277871906757355,0.7935785055160522,-0.503168523311615
28,22,0.8001385927200317,0.9690663814544678,-0.7413862943649292,0.6360262036323547,0.6932916641235352,0.18120905756950378
28,23,0.4257146418094635,0.4789731204509735,0.1055162250995636,0.42175817489624023,0.7352533340454102,-0.12398162484169006
28,24,0.33750274777412415,0.4218989312648773,-0.10538932681083679,0.4790915846824646,0.6856122612953186,0.12387265264987946
28,25,0.5509884357452393,0.7600682973861694,0.10213641822338104,0.24536040425300598,0.5964552164077759,-0.25179705023765564
28,26,0.2438134402036667,0.3695064187049866,-0.6417600512504578,0.43109777569770813,0.5574964284896851,0.21702833473682404
28,27,0.45511406660079956,0.7951314449310303,0.15803541243076324,0.24388647079467773,0.738370954990387,0.11003590375185013
28,28,0.21492862701416016,0.5387254357337952,-0.10568421334028244,0.3554707169532776,0.7378017902374268,0.4242872893810272
28,29,0.42604583501815796,0.7848901152610779,0.17166733741760254,0.2662951946258545,0.7591231465339661,0.1573554128408432
28,30,0.22280842065811157,0.5487565398216248,-0.04079103097319603,0.3553345203399658,0.7678351998329163,0.45568376779556274
28,31,0.46984779834747314,0.8779664039611816,0.20798921585083008,0.17148515582084656,0.7599688172340393,0.22199423611164093
28,32,0.14889894425868988,0.6640040874481201,0.031788673251867294,0.30825120210647583,0.7485857605934143,0.5004133582115173
29,0,0.815226137638092,0.486969530582428,-0.551581859588623,0.742113471031189,0.8036594390869141,-0.4526989459991455
29,1,0.8349164724349976,0.44829532504081726,-0.5392675995826721,0.7692527770996094,0.830633282661438,-0.4881778359413147
29,2,0.8362587690353394,0.4458945393562317,-0.5394601225852966,0.7686291933059692,0.8349369168281555,-0.48807311058044434
29,3,0.8373115658760071,0.4432075023651123,-0.539752185344696,0.7518517374992371,0.8327741622924805,-0.4882557988166809
29,4,0.8249323964118958,0.4413492679595947,-0.5990110039710999,0.7607855796813965,0.8120469450950623,-0.4514082968235016
29,5,0.8189099431037903,0.4334943890571594,-0.5992658734321594,0.7622374892234802,0.810962975025177,-0.45152348279953003
29,6,0.8107820153236389,0.4247451722621918,-0.5993926525115967,0.7636891603469849,0.80979323387146,-0.4517524838447571
29,7,0.8044697046279907,0.4020543396472931,-0.4167238473892212,0.7369060516357422,0.8623772263526917,-0.5312227010726929
29,8,0.7792257070541382,0.3894966244697571,-0.690558135509491,0.7531982660293579,0.8332287073135376,-0.36330434679985046
29,9,0.7920596599578857,0.49567827582359314,-0.49933865666389465,0.7237685918807983,0.815394401550293,-0.45551615953445435
29,10,0.7792034149169922,0.48389825224876404,-0.5784145593643188,0.7249624729156494,0.7908047437667847,-0.40752407908439636
29,11,0.6877225041389465,0.3924688994884491,-0.2357981652021408,0.6063428521156311,0.892067551612854,-0.5197262763977051
29,12,0.636502742767334,0.44806256890296936,-0.7480884790420532,0.6937247514724731,0.7936051487922668,-0.16964195668697357
29,13,0.6120609045028687,0.5053601264953613,-0.08094701170921326,0.4389817416667938,0.8496980667114258,-0.5073646903038025
29,14,0.6584382057189941,0.7360059022903442,-0.8100254535675049,0.6345827579498291,0.6619693636894226,0.06984167546033859
29,15,0.553384006023407,0.5324768424034119,-0.05447116494178772,0.3155939280986786,0.8305596113204956,-0.533291757106781
29,16,0.7596869468688965,0.9711959958076477,-0.725626528263092,0.6393178701400757,0.6768643260002136,0.2692456543445587
29,17,0.5320361852645874,0.5253589153289795,-0.03685371205210686,0.28224489092826843,0.8341968059539795,-0.5565983057022095
29,18,0.8017824292182922,1.0127708911895752,-0.8106054663658142,0.6370526552200317,0.6864556670188904,0.32724109292030334
29,19,0.5411127805709839,0.5225599408149719,-0.0939399003982544,0.2919048070907593,0.8132368922233582,-0.576198399066925
29,20,0.8240547180175781,0.9847496747970581,-0.7817582488059998,0.6439656019210815,0.6876457333564758,0.30720755457878113
29,21,0.543904185295105,0.5308911204338074,-0.07248389720916748,0.3057403266429901,0.8079489469528198,-0.5390957593917847
29,22,0.8021397590637207,0.9726191759109497,-0.7169591784477234,0.6390441656112671,0.6847053170204163,0.27059513330459595
29,23,0.42365169525146484,0.4582187831401825,0.136741042137146,0.42034170031547546,0.7489166855812073,-0.13511434197425842
29,24,0.34383925795555115,0.43111079931259155,-0.13643525540828705,0.4779171645641327,0.7059758305549622,0.1350899040699005
29,25,0.5879138708114624,0.6874402761459351,0.13243111968040466,0.2428460717201233,0.5893332958221436,-0.27635449171066284
29,26,0.3011448085308075,0.549775242805481,-0.5744192004203796,0.3904257118701935,0.5733543038368225,0.21976125240325928
29,27,0.5759130120277405,0.8607017993927002,0.09930407255887985,0.3329237103462219,0.7375018000602722,0.12068142741918564
29,28,0.22331053018569946,0.5507548451423645,-0.010628880932927132,0.32567158341407776,0.7432597875595093,0.4177996516227722
29,29,0.5462825298309326,0.8871740102767944,0.09844037890434265,0.3723059594631195,0.7602567672729492,0.17219918966293335
29,30,0.21833021938800812,0.5280282497406006,0.057732969522476196,0.3300948739051819,0.7708056569099426,0.4481881558895111
29,31,0.6604271531105042,0.9281879663467407,0.11202788352966309,0.28790050745010376,0.7534812688827515,0.2739235758781433
29,32,0.14992140233516693,0.6726660132408142,0.15385547280311584,0.27331963181495667,0.7551830410957336,0.505326509475708
30,0,0.8223333358764648,0.486063152551651,-0.5764502882957458,0.7719482779502869,0.8249199390411377,-0.49318212270736694
30,1,0.8392981290817261,0.45237869024276733,-0.5566864013671875,0.8012821674346924,0.8486910462379456,-0.520526111125946
30,2,0.8401667475700378,0.4505411684513092,-0.5569531321525574,0.7969003319740295,0.8579520583152771,-0.5205023288726807
30,3,0.8407825827598572,0.44844579696655273,-0.5573986172676086,0.7962703108787537,0.8621646165847778,-0.5207189917564392
30,4,0.8294605612754822,0.44103527069091797,-0.6188516616821289,0.8045700788497925,0.8402799367904663,-0.48369210958480835
30,5,0.8232182860374451,0.43138450384140015,-0.6190481781959534,0.8058083057403564,0.8392252922058105,-0.4837830066680908
30,6,0.8163952231407166,0.42116230726242065,-0.6191656589508057,0.8087518215179443,0.8353111147880554,-0.48391541838645935
30,7,0.8092567920684814,0.4069858193397522,-0.40790653228759766,0.7685278654098511,0.8990105986595154,-0.5318963527679443
30,8,0.7846388816833496,0.3844948709011078,-0.6875892877578735,0.7994625568389893,0.8588403463363647,-0.35994860529899597
30,9,0.7971218228340149,0.493222177028656,-0.5132469534873962,0.7459255456924438,0.8466347455978394,-0.48631036281585693
30,10,0.7827690839767456,0.47844159603118896,-0.5945699214935303,0.7517886757850647,0.8094311356544495,-0.4369578957557678
30,11,0.7208640575408936,0.4443371295928955,-0.2768968343734741,0.6267647743225098,0.9298124313354492,-0.506192684173584
30,12,0.621630072593689,0.40282174944877625,-0.7411345839500427,0.7151598930358887,0.8065005540847778,-0.17221128940582275
30,13,0.6908068656921387,0.6533198356628418,-0.26233237981796265,0.4480169713497162,0.9046616554260254,-0.5123854279518127
30,14,0.5833109021186829,0.7139309048652649,-0.8392386436462402,0.6357623338699341,0.6936087608337402,0.04021584615111351
30,15,0.7230719923973083,0.843359112739563,-0.39266473054885864,0.31684499979019165,0.8591681718826294,-0.5313283205032349
30,16,0.7512664794921875,0.9690439105033875,-0.82767653465271,0.6682779788970947,0.718716025352478,0.22117039561271667
30,17,0.756887674331665,0.8732659816741943,-0.4104096591472626,0.2767617106437683,0.8480861186981201,-0.5565875172615051
30,18,0.7741928100585938,1.0299137830734253,-0.9265999794006348,0.6742022037506104,0.7255783677101135,0.26588553190231323
30,19,0.7543957233428955,0.8804112672805786,-0.48514246940612793,0.28433889150619507,0.832756757736206,-0.5855750441551208
30,20,0.8286475539207458,0.9909347295761108,-0.8796102404594421,0.6953211426734924,0.7267417907714844,0.24789497256278992
30,21,0.7305285930633545,0.872244656085968,-0.426430344581604,0.2999248206615448,0.8288483023643494,-0.5408765077590942
30,22,0.8078245520591736,0.9755897521972656,-0.8170650005340576,0.6746010780334473,0.727178692817688,0.22215527296066284
30,23,0.4092070758342743,0.47744911909103394,0.1251184344291687,0.4113670587539673,0.779068648815155,-0.1265212446451187
30,24,0.3250567317008972,0.41081029176712036,-0.12462585419416428,0.49259448051452637,0.7163915634155273,0.12634366750717163
30,25,0.47150444984436035,0.7874236106872559,-0.021167030557990074,0.25798559188842773,0.600204586982727,-0.2372441589832306
30,26,0.2969599962234497,0.4621151089668274,-0.7052968144416809,0.5684921741485596,0.5766993761062622,0.14349757134914398
30,27,0.2555241882801056,0.6083229780197144,0.1835697591304779,0.21443729102611542,0.7732747793197632,0.18313555419445038
30,28,0.21798375248908997,0.5583953261375427,-0.07499545067548752,0.4125719368457794,0.6405201554298401,0.23443171381950378
30,29,0.23023276031017303,0.5546134114265442,0.21397067606449127,0.22850778698921204,0.7989851832389832,0.23639453947544098
30,30,0.21840646862983704,0.547257661819458,0.004007061943411827,0.3816967010498047,0.6673407554626465,0.25055214762687683
30,31,0.19425809383392334,0.6529331207275391,0.24689286947250366,0.12424948811531067,0.7929783463478088,0.28408512473106384
30,32,0.15602152049541473,0.7105305194854736,0.11686152219772339,0.37150365114212036,0.5716043710708618,0.24392768740653992
31,0,0.8224506378173828,0.4853314459323883,-0.6314963698387146,0.7787235975265503,0.7923876047134399,-0.1513899713754654
31,1,0.8401168584823608,0.4513307809829712,-0.6121934652328491,0.7974653244018555,0.8194560408592224,-0.16463875770568848
31,2,0.841423749923706,0.4498181641101837,-0.6124648451805115,0.7959898710250854,0.8288554549217224,-0.16471919417381287
31,3,0.8424578905105591,0.4481135904788971,-0.6129000782966614,0.7944825887680054,0.838288426399231,-0.16489723324775696
31,4,0.8284009695053101,0.4413234293460846,-0.6728243827819824,0.8004821538925171,0.8024956583976746,-0.13663987815380096
31,5,0.820945143699646,0.431110143661499,-0.6730603575706482,0.8016728162765503,0.7980217933654785,-0.13667504489421844
31,6,0.813003659248352,0.4211786687374115,-0.6732205152511597,0.8028674721717834,0.7934326529502869,-0.13693545758724213
31,7,0.8105270862579346,0.4108627140522003,-0.4642103314399719,0.7814024686813354,0.8685495257377625,-0.13906686007976532
31,8,0.7799861431121826,0.38547074794769287,-0.7383051514625549,0.7935253381729126,0.8091364502906799,-0.012274137698113918
31,9,0.7989946007728577,0.49617329239845276,-0.5690518617630005,0.7542892098426819,0.8093004822731018,-0.1343124508857727
31,10,0.7822620272636414,0.4798600375652313,-0.6489590406417847,0.7585505247116089,0.7865318059921265,-0.09812984615564346
31,11,0.7280082702636719,0.4445433020591736,-0.3370613157749176,0.6553999781608582,0.9454420208930969,-0.1550752818584442
31,12,0.617497980594635,0.4017588794231415,-0.7746874690055847,0.7225242853164673,0.7373786568641663,0.08189450949430466
31,13,0.699953556060791,0.6466647386550903,-0.32646870613098145,0.48829054832458496,0.8483670353889465,-0.20791655778884888
31,14,0.5828165411949158,0.7098565697669983,-0.876535177230835,0.6532422304153442,0.6112651824951172,-0.008415982127189636
31,15,0.718267560005188,0.824317991733551,-0.4533074200153351,0.4512978494167328,0.7941707372665405,-0.261606901884079
31,16,0.7585311532020569,0.9781758785247803,-0.8707857131958008,0.6970321536064148,0.6754385828971863,-0.22673232853412628
31,17,0.7404005527496338,0.8566199541091919,-0.468752920627594,0.43270882964134216,0.7887064814567566,-0.2729944884777069
31,18,0.7726957201957703,1.034055233001709,-0.9664594531059265,0.7017399668693542,0.6884172558784485,-0.25014474987983704
31,19,0.7386926412582397,0.8589584827423096,-0.5405988693237305,0.44997403025627136,0.7883340120315552,-0.27763980627059937
31,20,0.831633448600769,0.9919959902763367,-0.925338864326477,0.7291502356529236,0.7101980447769165,-0.2342773824930191
31,21,0.7186566591262817,0.8503097295761108,-0.4842750132083893,0.4591687023639679,0.7855280637741089,-0.25949999690055847
31,22,0.8118726015090942,0.9763456583023071,-0.8617231249809265,0.7113221883773804,0.7022676467895508,-0.22511906921863556
31,23,0.42963773012161255,0.4917122423648834,0.11253523081541061,0.38530632853507996,0.773202657699585,-0.08660607039928436
31,24,0.3288276791572571,0.4179302155971527,-0.11227288097143173,0.4368774890899658,0.6646823883056641,0.08649677783250809
31,25,0.544089138507843,0.7872530221939087,0.07397535443305969,0.23920010030269623,0.6420124173164368,-0.34445425868034363
31,26,0.2737276554107666,0.4363225996494293,-0.645506739616394,0.39784300327301025,0.5643239617347717,-0.17182564735412598
31,27,0.3887869417667389,0.7086131572723389,0.15372347831726074,0.2302093356847763,0.7527281045913696,0.0012500804150477052
31,28,0.22147516906261444,0.5175716280937195,-0.08478476852178574,0.27804818749427795,0.7213156223297119,-0.007776715327054262
31,29,0.36273515224456787,0.6754068732261658,0.1691790670156479,0.24708664417266846,0.782149076461792,0.04468706622719765
31,30,0.22886115312576294,0.5341889262199402,-0.016834549605846405,0.2700996398925781,0.7605993747711182,0.01687256246805191
31,31,0.3585992753505707,0.7706772089004517,0.20091472566127777,0.15572647750377655,0.7429155111312866,0.08198733627796173
31,32,0.1505468338727951,0.5987693667411804,0.07792221754789352,0.2058081030845642,0.7021544575691223,0.011842913925647736
32,0,0.8170254230499268,0.4845316410064697,-0.5543256998062134,0.7857904434204102,0.8198047876358032,-0.09235647320747375
32,1,0.8351795077323914,0.45037776231765747,-0.5389801263809204,0.8000507354736328,0.8436895608901978,-0.11000929772853851
32,2,0.8360694050788879,0.44841039180755615,-0.5392523407936096,0.7988065481185913,0.8508531451225281,-0.11009854823350906
32,3,0.836634635925293,0.4460911750793457,-0.5396782159805298,0.7975027561187744,0.8580334186553955,-0.11026754975318909
32,4,0.8256955742835999,0.44130760431289673,-0.5995197892189026,0.8021907210350037,0.8317228555679321,-0.07495728880167007
32,5,0.8197551369667053,0.4321931004524231,-0.599708616733551,0.8029108047485352,0.8289409279823303,-0.07501625269651413
32,6,0.8130646347999573,0.4224858582019806,-0.5998313426971436,0.8036516904830933,0.8260787129402161,-0.07520106434822083
32,7,0.8057758808135986,0.40589258074760437,-0.4067646861076355,0.783275842666626,0.8816050291061401,-0.10928616672754288
32,8,0.7824034690856934,0.3861977756023407,-0.6798086762428284,0.792809247970581,0.8390541076660156,0.051091548055410385
32,9,0.7922767400741577,0.49422118067741394,-0.4966687560081482,0.7647126317024231,0.8294789791107178,-0.08535806834697723
32,10,0.7781404256820679,0.48090770840644836,-0.5761475563049316,0.7677764892578125,0.8124216794967651,-0.04000263288617134
32,11,0.7105063796043396,0.42922717332839966,-0.27694544196128845,0.673467755317688,0.9211984872817993,-0.16226927936077118
32,12,0.6246136426925659,0.41520190238952637,-0.7272565364837646,0.722629964351654,0.7697771787643433,0.16021664440631866
32,13,0.6806859970092773,0.6316344738006592,-0.26852962374687195,0.5620371103286743,0.8765754699707031,-0.26372379064559937
32,14,0.5988045930862427,0.7338998317718506,-0.8132986426353455,0.699365496635437,0.6639594435691833,0.08955277502536774
32,15,0.7017579078674316,0.7972569465637207,-0.39256536960601807,0.5388035178184509,0.8258113861083984,-0.32900089025497437
32,16,0.7633979320526123,0.9850057363510132,-0.7889837026596069,0.7588462829589844,0.6913440823554993,-0.09497116506099701
32,17,0.7263667583465576,0.8204777240753174,-0.40743958950042725,0.5230657458305359,0.8192346692085266,-0.34963828325271606
32,18,0.7789938449859619,1.0494258403778076,-0.8845258355140686,0.7679717540740967,0.6693938970565796,-0.11239410191774368
32,19,0.7273239493370056,0.8238212466239929,-0.47662535309791565,0.5352820754051208,0.8169651627540588,-0.34267285466194153
32,20,0.8337510228157043,1.0031752586364746,-0.8428694009780884,0.7785497903823853,0.7088850736618042,-0.10744116455316544
32,21,0.7073973417282104,0.8189213275909424,-0.4228198230266571,0.5414342284202576,0.8160914182662964,-0.3235901892185211
32,22,0.8139508962631226,0.9857943058013916,-0.7800567150115967,0.7711181044578552,0.7106772661209106,-0.09944411367177963
32,23,0.4225429892539978,0.472971111536026,0.12391552329063416,0.4312985837459564,0.7546496391296387,-0.12796847522258759
32,24,0.33106139302253723,0.4252069592475891,-0.12356505542993546,0.46856412291526794,0.6653310656547546,0.1277352124452591
32,25,0.5490632057189941,0.7559109926223755,0.10740906745195389,0.25429895520210266,0.6105161309242249,-0.35864344239234924
32,26,0.289366751909256,0.5281729698181152,-0.6005151271820068,0.3685916066169739,0.5520148277282715,0.02218225598335266
32,27,0.39739638566970825,0.6973525285720825,0.1608426719903946,0.23133637011051178,0.7708019614219666,-0.02107774093747139
32,28,0.21345433592796326,0.5650905966758728,-0.06469681113958359,0.27515852451324463,0.7203795313835144,0.24948301911354065
32,29,0.3681560158729553,0.6676564812660217,0.17333582043647766,0.2505374550819397,0.8002207279205322,0.022168558090925217
32,30,0.2225511372089386,0.5566110014915466,0.0011736111482605338,0.27433329820632935,0.7531900405883789,0.2800584137439728
32,31,0.38366183638572693,0.7589136958122253,0.20756137371063232,0.1434798240661621,0.7868205308914185,0.055392391979694366
32,32,0.1524023562669754,0.6929889917373657,0.10451558977365494,0.20355521142482758,0.7205532789230347,0.28421130776405334
33,0,0.8199796080589294,0.4931582808494568,-0.6680101752281189,0.806529700756073,0.8115172386169434,0.009756989777088165
33,1,0.8374378681182861,0.45710813999176025,-0.6515306234359741,0.8201569318771362,0.8371665477752686,-0.0018895879620686173
33,2,0.8384631872177124,0.45434051752090454,-0.6516485214233398,0.8184477090835571,0.8452097177505493,-0.002014406491070986
33,3,0.8392354846000671,0.4516044855117798,-0.6519339084625244,0.8166882991790771,0.8532286882400513,-0.0022561997175216675
33,4,0.8288186192512512,0.44942420721054077,-0.7141110897064209,0.8230831027030945,0.8226656913757324,0.03143317252397537
33,5,0.822463870048523,0.4414328932762146,-0.7144729495048523,0.8240666389465332,0.8190022706985474,0.03143981099128723
33,6,0.8160976767539978,0.43306970596313477,-0.7146933078765869,0.8250280618667603,0.8153002262115479,0.031264886260032654
33,7,0.805787980556488,0.4072939157485962,-0.507966935634613,0.801865816116333,0.8780293464660645,0.014304096810519695
33,8,0.7837088108062744,0.39474719762802124,-0.7960968017578125,0.8143207430839539,0.8278216123580933,0.16759338974952698
33,9,0.7961071729660034,0.5018742084503174,-0.606889009475708,0.7838743925094604,0.8224982023239136,0.022731594741344452
33,10,0.7827399969100952,0.490911602973938,-0.6913872957229614,0.7884066104888916,0.802899956703186,0.06599090248346329
33,11,0.7012761831283569,0.3956911563873291,-0.3454635739326477,0.6907738447189331,0.92266845703125,-0.0251406691968441
33,12,0.6278659105300903,0.4530615508556366,-0.8346413373947144,0.7456654906272888,0.7548708915710449,0.2671618163585663
33,13,0.6040092706680298,0.48018938302993774,-0.1405407041311264,0.5635025501251221,0.868449330329895,-0.2154015600681305
33,14,0.6540333032608032,0.7509354948997498,-0.915614902973175,0.7150015234947205,0.6163681745529175,0.09976836293935776
33,15,0.5240734815597534,0.4623561203479767,-0.04126020520925522,0.6333709359169006,0.8340415358543396,-0.381202757358551
33,16,0.761800229549408,0.9877946376800537,-0.8143429160118103,0.819053053855896,0.6366049647331238,-0.2114139050245285
33,17,0.49702584743499756,0.4435155391693115,-0.017619159072637558,0.6467031240463257,0.823387861251831,-0.41575756669044495
33,18,0.7831880450248718,1.067021369934082,-0.8945697546005249,0.8138377666473389,0.6314454674720764,-0.24566292762756348
33,19,0.5078358054161072,0.43768399953842163,-0.06461905688047409,0.660520076751709,0.8344850540161133,-0.38240286707878113
33,20,0.8336954116821289,1.0018088817596436,-0.8601870536804199,0.8180501461029053,0.6582329273223877,-0.23724444210529327
33,21,0.5118679404258728,0.4536808431148529,-0.05266980454325676,0.6553264856338501,0.8316788673400879,-0.3680844306945801
33,22,0.8115324378013611,0.9856008887290955,-0.8029142022132874,0.8151311874389648,0.6582016944885254,-0.2180245965719223
33,23,0.4173174500465393,0.48194417357444763,0.12048916518688202,0.45548099279403687,0.7367445230484009,-0.115336574614048
33,24,0.33699965476989746,0.43627017736434937,-0.1205509826540947,0.4931522309780121,0.6444888710975647,0.11485616117715836
33,25,0.5022361278533936,0.7813380360603333,0.05279865860939026,0.2906399071216583,0.6199933886528015,-0.2917732298374176
33,26,0.24644312262535095,0.4055955410003662,-0.7422029376029968,0.37599313259124756,0.5749062895774841,0.14056897163391113
33,27,0.30044299364089966,0.6689565777778625,0.20464709401130676,0.18674054741859436,0.7773956060409546,0.024251814931631088
33,28,0.22182691097259521,0.5736252665519714,-0.09796306490898132,0.248534694314003,0.6442040801048279,0.35415640473365784
33,29,0.26926273107528687,0.6313923597335815,0.22866275906562805,0.19005218148231506,0.7966110706329346,0.06319617480039597
33,30,0.22364874184131622,0.5659564733505249,-0.018423978239297867,0.23629581928253174,0.6697789430618286,0.3817901313304901
33,31,0.25354236364364624,0.728038489818573,0.2529160678386688,0.08975163102149963,0.7934905290603638,0.05704556778073311
33,32,0.1493678092956543,0.7004715800285339,0.07694076001644135,0.17330506443977356,0.6020563840866089,0.3620818853378296
34,0,0.8270562887191772,0.49002325534820557,-0.5617653131484985,0.5,0.5,0.0
34,1,0.8428016901016235,0.4544743299484253,-0.5448666214942932,0.5,0.5,0.0
34,2,0.8431026935577393,0.451314240694046,-0.5451064705848694,0.5,0.5,0.0
34,3,0.8430609703063965,0.4477995038032532,-0.5455331802368164,0.5,0.5,0.0
34,4,0.8367190361022949,0.4493165910243988,-0.606389582157135,0.5,0.5,0.0
34,5,0.8325175046920776,0.4420640766620636,-0.6066204905509949,0.5,0.5,0.0
34,6,0.8274024724960327,0.4342154860496521,-0.6068047285079956,0.5,0.5,0.0
34,7,0.8137270212173462,0.4088273048400879,-0.3998498320579529,0.5,0.5,0.0
34,8,0.7958788871765137,0.39519235491752625,-0.6797483563423157,0.5,0.5,0.0
34,9,0.7972322702407837,0.49731531739234924,-0.49987712502479553,0.5,0.5,0.0
34,10,0.7893894910812378,0.48737677931785583,-0.5817901492118835,0.5,0.5,0.0
34,11,0.7176275253295898,0.44568905234336853,-0.26131436228752136,0.5,0.5,0.0
34,12,0.6290829181671143,0.4226401448249817,-0.7316062450408936,0.5,0.5,0.0
34,13,0.6735784411430359,0.63295578956604,-0.17888866364955902,0.5,0.5,0.0
34,14,0.6008658409118652,0.7525280714035034,-0.8178638219833374,0.5,0.5,0.0
34,15,0.6886554956436157,0.7461841106414795,-0.25483638048171997,0.5,0.5,0.0
34,16,0.762771725654602,0.994998574256897,-0.7951493263244629,0.5,0.5,0.0
34,17,0.7060670852661133,0.7555285692214966,-0.259514182806015,0.5,0.5,0.0
34,18,0.7827067375183105,1.0666277408599854,-0.8953497409820557,0.5,0.5,0.0
34,19,0.7127475142478943,0.7566499710083008,-0.331466943025589,0.5,0.5,0.0
34,20,0.8371155261993408,1.0124157667160034,-0.845820963382721,0.5,0.5,0.0
34,21,0.6980428695678711,0.7600703239440918,-0.28362005949020386,0.5,0.5,0.0
34,22,0.8133161664009094,0.9925875067710876,-0.7830201387405396,0.5,0.5,0.0
34,23,0.4187694489955902,0.4952716529369354,0.11755897104740143,0.5,0.5,0.0
34,24,0.3373585343360901,0.4219101667404175,-0.11739277839660645,0.5,0.5,0.0
34,25,0.4908399283885956,0.7948260307312012,-0.009094060398638248,0.5,0.5,0.0
34,26,0.26626595854759216,0.3600299656391144,-0.7480581998825073,0.5,0.5,0.0
34,27,0.2666749656200409,0.6614235639572144,0.15603654086589813,0.5,0.5,0.0
34,28,0.2245035171508789,0.5633875131607056,-0.164583221077919,0.5,0.5,0.0
34,29,0.23890623450279236,0.6185482740402222,0.18335279822349548,0.5,0.5,0.0
34,30,0.23651587963104248,0.5597401261329651,-0.08995946496725082,0.5,0.5,0.0
34,31,0.21236561238765717,0.7165127992630005,0.202008917927742,0.5,0.5,0.0
34,32,0.1574057638645172,0.7145664691925049,-0.006676858756691217,0.5,0.5,0.0
35,0,0.8302425146102905,0.4991599917411804,-0.5513898134231567,0.5,0.5,0.0
35,1,0.8464233875274658,0.4632514417171478,-0.5355733036994934,0.5,0.5,0.0
35,2,0.8465921878814697,0.4598351716995239,-0.5358040928840637,0.5,0.5,0.0
35,3,0.8465539216995239,0.4561397135257721,-0.5362041592597961,0.5,0.5,0.0
35,4,0.8396652936935425,0.45824921131134033,-0.5986736416816711,0.5,0.5,0.0
35,5,0.835173487663269,0.45004743337631226,-0.5988883972167969,0.5,0.5,0.0
35,6,0.8301633596420288,0.44216811656951904,-0.5990086793899536,0.5,0.5,0.0
35,7,0.8146336078643799,0.4143127202987671,-0.4023289382457733,0.5,0.5,0.0
35,8,0.7985076904296875,0.404590368270874,-0.6866912245750427,0.5,0.5,0.0
35,9,0.8024049401283264,0.5047180652618408,-0.49444055557250977,0.5,0.5,0.0
35,10,0.7913428544998169,0.49527135491371155,-0.5771961212158203,0.5,0.5,0.0
35,11,0.7096524238586426,0.41812029480934143,-0.24464653432369232,0.5,0.5,0.0
35,12,0.622259259223938,0.4389185905456543,-0.744868278503418,0.5,0.5,0.0
35,13,0.6586108207702637,0.5716184377670288,-0.09591273963451385,0.5,0.5,0.0
35,14,0.597927451133728,0.7590105533599854,-0.8009156584739685,0.5,0.5,0.0
35,15,0.6587679386138916,0.6678062081336975,-0.08715947717428207,0.5,0.5,0.0
35,16,0.7596368789672852,0.9904982447624207,-0.7461228370666504,0.5,0.5,0.0
35,17,0.6662306189537048,0.6751657724380493,-0.07324007153511047,0.5,0.5,0.0
35,18,0.7772321701049805,1.0763307809829712,-0.8377931714057922,0.5,0.5,0.0
35,19,0.6733387112617493,0.6728217601776123,-0.14105340838432312,0.5,0.5,0.0
35,20,0.8383389711380005,1.0131667852401733,-0.8054220676422119,0.5,0.5,0.0
35,21,0.6626003980636597,0.6749432682991028,-0.11111009865999222,0.5,0.5,0.0
35,22,0.8136006593704224,0.9931652545928955,-0.7384942770004272,0.5,0.5,0.0
35,23,0.42690885066986084,0.4813535511493683,0.12625309824943542,0.5,0.5,0.0
35,24,0.331589937210083,0.4303531050682068,-0.12591539323329926,0.5,0.5,0.0
35,25,0.5967804193496704,0.7454715371131897,0.11026673763990402,0.5,0.5,0.0
35,26,0.2710849642753601,0.4970271587371826,-0.6125187873840332,0.5,0.5,0.0
35,27,0.4917331635951996,0.766457200050354,0.10840458422899246,0.5,0.5,0.0
35,28,0.21824347972869873,0.5488071441650391,-0.04553445056080818,0.5,0.5,0.0
35,29,0.46006613969802856,0.7551853060722351,0.11683198064565659,0.5,0.5,0.0
35,30,0.2252430021762848,0.5424976944923401,0.02376483380794525,0.5,0.5,0.0
35,31,0.5152761340141296,0.8417850136756897,0.15687301754951477,0.5,0.5,0.0
35,32,0.15200085937976837,0.673059344291687,0.11667218059301376,0.5,0.5,0.0
36,0,0.8240875005722046,0.4883849322795868,-0.6216850280761719,0.7820665836334229,0.8470920324325562,-0.24065332114696503
36,1,0.8404988646507263,0.4558928906917572,-0.6068335175514221,0.7979209423065186,0.8773193359375,-0.2593470811843872
36,2,0.8410782217979431,0.4544708728790283,-0.6070055365562439,0.7986937761306763,0.8818140625953674,-0.25952568650245667
36,3,0.8414020538330078,0.4526386559009552,-0.6073222756385803,0.7774016857147217,0.8897392153739929,-0.2597788870334625
36,4,0.8323267698287964,0.4462861120700836,-0.6631554961204529,0.7908565998077393,0.8508468270301819,-0.2307070642709732
36,5,0.8272388577461243,0.43755438923835754,-0.6634975671768188,0.7909368276596069,0.8489528894424438,-0.23073753714561462
36,6,0.8216838240623474,0.42845621705055237,-0.663689374923706,0.778823733329773,0.8458672761917114,-0.2311045378446579
36,7,0.8108096122741699,0.4145749807357788,-0.47838327288627625,0.7679258584976196,0.9196546077728271,-0.26215875148773193
36,8,0.7914917469024658,0.39302027225494385,-0.7348234057426453,0.770406186580658,0.8583316206932068,-0.1237170472741127
36,9,0.798393189907074,0.49890756607055664,-0.5678373575210571,0.7364841103553772,0.86549311876297,-0.23323304951190948
36,10,0.7864903211593628,0.48488500714302063,-0.6433090567588806,0.7368773221969604,0.8440383672714233,-0.19306665658950806
36,11,0.7079598903656006,0.4319744110107422,-0.351700097322464,0.6483147144317627,1.011720895767212,-0.28013530373573303
36,12,0.6155378818511963,0.42711344361305237,-0.7773643136024475,0.6971813440322876,0.7937699556350708,-0.01857166551053524
36,13,0.6350682377815247,0.5994008779525757,-0.25235235691070557,0.4997328817844391,0.9585621356964111,-0.30154427886009216
36,14,0.6467840671539307,0.7606305480003357,-0.8215919733047485,0.5817676186561584,0.7120702862739563,0.004169316031038761
36,15,0.5844712257385254,0.6647484302520752,-0.3053337037563324,0.39440155029296875,0.895168662071228,-0.3693591058254242
36,16,0.7578303813934326,0.9968289136886597,-0.7392047047615051,0.5227920413017273,0.6945786476135254,-0.10359363257884979
36,17,0.5730817317962646,0.668270468711853,-0.3041018545627594,0.35861682891845703,0.898415207862854,-0.3929375410079956
36,18,0.7720962762832642,1.0818662643432617,-0.8236336708068848,0.5008113980293274,0.6770961284637451,-0.10741633176803589
36,19,0.5805826187133789,0.6621503829956055,-0.36507266759872437,0.3672336935997009,0.8812140226364136,-0.4203518331050873
36,20,0.8273942470550537,1.0247392654418945,-0.7879786491394043,0.5077624917030334,0.6856845021247864,-0.1506253480911255
36,21,0.5778971910476685,0.6674301028251648,-0.32655423879623413,0.3831046521663666,0.8739888668060303,-0.3779086470603943
36,22,0.8065186142921448,1.001891851425171,-0.7293689846992493,0.5139906406402588,0.6962934732437134,-0.12223848700523376
36,23,0.42922160029411316,0.48022592067718506,0.098948173224926,0.3753778338432312,0.8160246014595032,-0.08557731658220291
36,24,0.3343806266784668,0.3924005925655365,-0.09896340221166611,0.45239922404289246,0.71152263879776,0.08545299619436264
36,25,0.5418022274971008,0.79804527759552,0.0944298729300499,0.2366904765367508,0.6916433572769165,-0.3786705732345581
36,26,0.2656998038291931,0.3226894736289978,-0.6284063458442688,0.5818459987640381,0.6298617124557495,0.012494606897234917
36,27,0.40889617800712585,0.6891981363296509,0.13526234030723572,0.20058077573776245,0.7642104625701904,0.03846431523561478
36,28,0.22609758377075195,0.5347741842269897,-0.10165224224328995,0.7585704922676086,0.5384200811386108,0.02577335387468338
36,29,0.3878849744796753,0.6583181023597717,0.15245044231414795,0.2148847132921219,0.7794103622436523,0.08948705345392227
36,30,0.23417575657367706,0.5364230871200562,-0.0361158661544323,0.7272617220878601,0.5238810777664185,0.03560584783554077
36,31,0.387074738740921,0.7309514880180359,0.1976967304944992,0.12401899695396423,0.7628887891769409,0.13838814198970795
36,32,0.1788114458322525,0.6725332736968994,0.038132715970277786,0.7575315237045288,0.5377326011657715,0.05314075946807861
37,0,0.8231087923049927,0.48363611102104187,-0.4605467617511749,0.8023637533187866,0.8596079349517822,-0.40036576986312866
37,1,0.8390848636627197,0.4503507614135742,-0.44321775436401367,0.8276681900024414,0.8872619271278381,-0.42943495512008667
37,2,0.839787483215332,0.44929927587509155,-0.4434502422809601,0.8272466659545898,0.8978517055511475,-0.42955702543258667
37,3,0.8401839733123779,0.4481430947780609,-0.4438178539276123,0.8266934156417847,0.908532977104187,-0.4297499358654022
37,4,0.8313294649124146,0.4393206536769867,-0.49934324622154236,0.8271719217300415,0.8715106248855591,-0.38632360100746155
37,5,0.8254201412200928,0.42823654413223267,-0.4995720386505127,0.827203631401062,0.8675032258033752,-0.38636061549186707
37,6,0.8195838928222656,0.41913262009620667,-0.49973756074905396,0.8272416591644287,0.8633521795272827,-0.3866565525531769
37,7,0.8128621578216553,0.4122562110424042,-0.31152743101119995,0.8127635717391968,0.948286235332489,-0.45461446046829224
37,8,0.7923933267593384,0.38710036873817444,-0.5665463805198669,0.8140742182731628,0.8892417550086975,-0.2558693587779999
37,9,0.7990412712097168,0.491360068321228,-0.4055413603782654,0.7759221792221069,0.8837031722068787,-0.39849308133125305
37,10,0.7878895998001099,0.4746891260147095,-0.4804287850856781,0.7765399217605591,0.8582538366317749,-0.3405151963233948
37,11,0.7019317150115967,0.43944787979125977,-0.19866366684436798,0.6533876657485962,1.0459195375442505,-0.44668659567832947
37,12,0.6378958821296692,0.4222259223461151,-0.6351156234741211,0.7098971605300903,0.8223416805267334,-0.1057298481464386
37,13,0.6562154293060303,0.6176577806472778,-0.14546969532966614,0.46575480699539185,0.9774366617202759,-0.42307546734809875
37,14,0.6167641878128052,0.7432953119277954,-0.7012492418289185,0.581957221031189,0.7277969717979431,0.13493792712688446
37,15,0.6637682318687439,0.7168457508087158,-0.22448168694972992,0.33365365862846375,0.8726688027381897,-0.473049134016037
37,16,0.7592622637748718,0.9868773221969604,-0.6337089538574219,0.5572013854980469,0.7100833058357239,0.19435076415538788
37,17,0.6732963919639587,0.7256631851196289,-0.22501498460769653,0.28505373001098633,0.8599597811698914,-0.5129102468490601
37,18,0.7857359647750854,1.0594960451126099,-0.7159190773963928,0.5366538763046265,0.7087735533714294,0.2101774662733078
37,19,0.6836016774177551,0.7215457558631897,-0.2873518168926239,0.303988516330719,0.8351519107818604,-0.5393924117088318
37,20,0.8280446529388428,1.0100810527801514,-0.6752786040306091,0.560025691986084,0.7066684365272522,0.1719612032175064
37,21,0.673538327217102,0.7248884439468384,-0.24935829639434814,0.32705938816070557,0.8337686657905579,-0.4794118106365204
37,22,0.8075610399246216,0.9899892807006836,-0.6232693791389465,0.5635756850242615,0.7139244675636292,0.18193577229976654
37,23,0.4116515517234802,0.48815757036209106,0.09770843386650085,0.347993403673172,0.889647364616394,-0.10157676786184311
37,24,0.3296810984611511,0.4129801392555237,-0.09760528802871704,0.3971855640411377,0.7657454609870911,0.10175862163305283
37,25,0.5284534692764282,0.799021303653717,0.06076029688119888,0.17256329953670502,0.735317051410675,-0.22289781272411346
37,26,0.2610777020454407,0.34021085500717163,-0.6652421951293945,0.2774817943572998,0.643175482749939,0.18434704840183258
37,27,0.41375720500946045,0.7295491099357605,0.0836549624800682,0.14523032307624817,0.7648840546607971,0.5095233917236328
37,28,0.2156960368156433,0.5475010871887207,-0.2162535935640335,0.19657468795776367,0.7133359909057617,0.6956331729888916
37,29,0.39430224895477295,0.7035106420516968,0.09806796163320541,0.16134832799434662,0.7847943305969238,0.5863341093063354
37,30,0.22451016306877136,0.5453729629516602,-0.15733951330184937,0.19089971482753754,0.7396056056022644,0.7542807459831238
37,31,0.40129905939102173,0.770645022392273,0.16106122732162476,0.060399264097213745,0.7451663017272949,0.6089043021202087
37,32,0.1411651223897934,0.6504203081130981,-0.07238135486841202,0.11896342039108276,0.6560164093971252,0.7720022201538086
38,0,0.8179043531417847,0.5005496740341187,-0.5523506999015808,0.5,0.5,0.0
38,1,0.8385789394378662,0.4647589325904846,-0.535342812538147,0.5,0.5,0.0
38,2,0.8393555879592896,0.462496280670166,-0.5355454683303833,0.5,0.5,0.0
38,3,0.8397095203399658,0.459812730550766,-0.5358805060386658,0.5,0.5,0.0
38,4,0.8308920860290527,0.4553917944431305,-0.5925987958908081,0.5,0.5,0.0
38,5,0.8252127170562744,0.4456690549850464,-0.5928248763084412,0.5,0.5,0.0
38,6,0.8184727430343628,0.4336932301521301,-0.5929573178291321,0.5,0.5,0.0
38,7,0.8083725571632385,0.4150329828262329,-0.40467920899391174,0.5,0.5,0.0
38,8,0.7867909669876099,0.39540866017341614,-0.6662875413894653,0.5,0.5,0.0
38,9,0.7936577796936035,0.5057113170623779,-0.498794823884964,0.5,0.5,0.0
38,10,0.7834582328796387,0.4934518039226532,-0.5750701427459717,0.5,0.5,0.0
38,11,0.7033396363258362,0.4232528805732727,-0.28648942708969116,0.5,0.5,0.0
38,12,0.6211479902267456,0.4334157705307007,-0.7245699763298035,0.5,0.5,0.0
38,13,0.6750478744506836,0.6472347974777222,-0.26787030696868896,0.5,0.5,0.0
38,14,0.6552810072898865,0.7669143676757812,-0.8037880659103394,0.5,0.5,0.0
38,15,0.6921640634536743,0.8010132312774658,-0.3899640142917633,0.5,0.5,0.0
38,16,0.7650412917137146,1.0017746686935425,-0.7873674631118774,0.5,0.5,0.0
38,17,0.7077771425247192,0.8215838670730591,-0.3999541997909546,0.5,0.5,0.0
38,18,0.7965213060379028,1.0467230081558228,-0.8885318040847778,0.5,0.5,0.0
38,19,0.7090886831283569,0.8261985182762146,-0.4779402017593384,0.5,0.5,0.0
38,20,0.8247087001800537,1.026238203048706,-0.8497666120529175,0.5,0.5,0.0
38,21,0.694098174571991,0.8232645392417908,-0.4228781461715698,0.5,0.5,0.0
38,22,0.8084430694580078,1.0036680698394775,-0.780341386795044,0.5,0.5,0.0
38,23,0.42402324080467224,0.4750910997390747,0.10241121053695679,0.5,0.5,0.0
38,24,0.326540470123291,0.41520214080810547,-0.10223081707954407,0.5,0.5,0.0
38,25,0.5815451145172119,0.7523237466812134,0.09193727374076843,0.5,0.5,0.0
38,26,0.26340967416763306,0.3904478847980499,-0.6101250052452087,0.5,0.5,0.0
38,27,0.5307724475860596,0.7968665957450867,0.08175672590732574,0.5,0.5,0.0
38,28,0.22352123260498047,0.5595272183418274,-0.11441706120967865,0.5,0.5,0.0
38,29,0.5078200101852417,0.7923028469085693,0.09192871302366257,0.5,0.5,0.0
38,30,0.22304047644138336,0.5558611154556274,-0.051589369773864746,0.5,0.5,0.0
38,31,0.5666708946228027,0.8598904609680176,0.15793214738368988,0.5,0.5,0.0
38,32,0.1496577113866806,0.7050055861473083,0.05700650438666344,0.5,0.5,0.0
39,0,0.808384895324707,0.48952364921569824,-0.5985055565834045,0.8093652725219727,0.8876575827598572,-0.3315633237361908
39,1,0.8310146331787109,0.45611125230789185,-0.5818393230438232,0.8293020725250244,0.9135209321975708,-0.3617628812789917
39,2,0.8321244716644287,0.4543619751930237,-0.5820163488388062,0.8277784585952759,0.9214104413986206,-0.36187368631362915
39,3,0.832893967628479,0.4522272050380707,-0.5822933912277222,0.8261442184448242,0.9293872714042664,-0.3621039092540741
39,4,0.8236311674118042,0.44696366786956787,-0.638801097869873,0.8313190937042236,0.9019602537155151,-0.3201470673084259
39,5,0.8185341358184814,0.43837350606918335,-0.638996958732605,0.8316929936408997,0.8993260264396667,-0.32016947865486145
39,6,0.8126974105834961,0.42753806710243225,-0.6390714645385742,0.8320788145065308,0.8966744542121887,-0.32040560245513916
39,7,0.8068597316741943,0.4125520884990692,-0.44470828771591187,0.8074759244918823,0.9553282856941223,-0.41545072197914124
39,8,0.7859336733818054,0.3930143117904663,-0.7039583325386047,0.8155580759048462,0.9139325022697449,-0.22733446955680847
39,9,0.7842780947685242,0.49404704570770264,-0.542534351348877,0.7809172868728638,0.8992257714271545,-0.3428647816181183
39,10,0.774931788444519,0.48276790976524353,-0.6179375648498535,0.7840509414672852,0.880204439163208,-0.2878754436969757
39,11,0.6995938420295715,0.3983529508113861,-0.28642964363098145,0.6582895517349243,0.9949577450752258,-0.4803825616836548
39,12,0.6157547831535339,0.4383951723575592,-0.7544984817504883,0.6985864639282227,0.8456734418869019,-0.05065849795937538
39,13,0.6565049886703491,0.5821179151535034,-0.18870516121387482,0.4529677629470825,0.956270694732666,-0.4672200083732605
39,14,0.6075866222381592,0.7586531639099121,-0.8305736184120178,0.5256983041763306,0.7498855590820312,0.10871680825948715
39,15,0.6618581414222717,0.6998690962791443,-0.23665209114551544,0.28382009267807007,0.8850172758102417,-0.481228768825531
39,16,0.7630664110183716,1.0030333995819092,-0.7921198606491089,0.4282905161380768,0.7715322971343994,0.12413005530834198
39,17,0.6714456081390381,0.7093836069107056,-0.23160330951213837,0.23439349234104156,0.8858522772789001,-0.5228210687637329
39,18,0.7970800399780273,1.0552961826324463,-0.8932136297225952,0.3923775553703308,0.7840248942375183,0.1409524381160736
39,19,0.6752053499221802,0.7143391370773315,-0.3068603277206421,0.2430505007505417,0.8577139973640442,-0.5388246178627014
39,20,0.8236926794052124,1.0241230726242065,-0.850306510925293,0.4123751223087311,0.7827279567718506,0.10705927759408951
39,21,0.6638890504837036,0.7151092290878296,-0.2645799219608307,0.26216936111450195,0.8532800674438477,-0.48432350158691406
39,22,0.8054867386817932,1.000762939453125,-0.7821207046508789,0.4212971329689026,0.7833468914031982,0.11284548789262772
39,23,0.42639803886413574,0.4654254615306854,0.1166672557592392,0.37342676520347595,0.8375943303108215,-0.1311018168926239
39,24,0.33426353335380554,0.41566309332847595,-0.11633165925741196,0.41518786549568176,0.7615464925765991,0.13103540241718292
39,25,0.5904403328895569,0.7320406436920166,0.08947040885686874,0.3015291094779968,0.6650956869125366,-0.22148244082927704
39,26,0.2798444330692291,0.4641704559326172,-0.5658051371574402,0.38666072487831116,0.580346405506134,0.1764121651649475
39,27,0.5930123329162598,0.8202317953109741,0.07944072782993317,0.18445348739624023,0.659854531288147,0.19392748177051544
39,28,0.22419551014900208,0.5206989645957947,-0.06747785210609436,0.22823013365268707,0.5223149657249451,0.45855727791786194
39,29,0.5732468962669373,0.8349706530570984,0.08732820302248001,0.17315828800201416,0.6785189509391785,0.23794518411159515
39,30,0.2238926738500595,0.5208655595779419,-0.0031485804356634617,0.1974845826625824,0.5381370782852173,0.4876209795475006
39,31,0.6667108535766602,0.8648933172225952,0.13129407167434692,0.11307114362716675,0.600142240524292,0.22045911848545074
39,32,0.14595478773117065,0.5867636799812317,0.107423335313797,0.17814183235168457,0.41537725925445557,0.4570610523223877
40,0,0.8194762468338013,0.47962450981140137,-0.3382004201412201,0.5,0.5,0.0
40,1,0.836248517036438,0.44622889161109924,-0.3240030109882355,0.5,0.5,0.0
40,2,0.8365561962127686,0.44454097747802734,-0.3241398334503174,0.5,0.5,0.0
40,3,0.836125373840332,0.4427255392074585,-0.3244572877883911,0.5,0.5,0.0
40,4,0.8296636343002319,0.43783700466156006,-0.37711936235427856,0.5,0.5,0.0
40,5,0.8249931335449219,0.4285016357898712,-0.37723788619041443,0.5,0.5,0.0
40,6,0.8199340105056763,0.4207814335823059,-0.3773697316646576,0.5,0.5,0.0
40,7,0.8095335364341736,0.40934863686561584,-0.20419007539749146,0.5,0.5,0.0
40,8,0.7934266328811646,0.3901178538799286,-0.4454154968261719,0.5,0.5,0.0
40,9,0.7943700551986694,0.48618799448013306,-0.2886223793029785,0.5,0.5,0.0
40,10,0.7858775854110718,0.4728628993034363,-0.35956910252571106,0.5,0.5,0.0
40,11,0.684679388999939,0.43137821555137634,-0.08765746653079987,0.5,0.5,0.0
40,12,0.6547315120697021,0.4269772469997406,-0.5299763679504395,0.5,0.5,0.0
40,13,0.6456679105758667,0.58149653673172,0.05158054083585739,0.5,0.5,0.0
40,14,0.6421597003936768,0.7598558068275452,-0.6138668060302734,0.5,0.5,0.0
40,15,0.664602518081665,0.6274752616882324,0.09863796830177307,0.5,0.5,0.0
40,16,0.7636400461196899,0.9925556182861328,-0.5916047096252441,0.5,0.5,0.0
40,17,0.6737618446350098,0.6161774396896362,0.13377152383327484,0.5,0.5,0.0
40,18,0.790273129940033,1.0689680576324463,-0.6717486381530762,0.5,0.5,0.0
40,19,0.6856682300567627,0.613601565361023,0.07692190259695053,0.5,0.5,0.0
40,20,0.8321316242218018,1.0114766359329224,-0.6234879493713379,0.5,0.5,0.0
40,21,0.6779258251190186,0.6245782375335693,0.08226331323385239,0.5,0.5,0.0
40,22,0.8121112585067749,0.997395396232605,-0.5777637362480164,0.5,0.5,0.0
40,23,0.4064229130744934,0.5019638538360596,0.08437720686197281,0.5,0.5,0.0
40,24,0.33845263719558716,0.4163897633552551,-0.0846920982003212,0.5,0.5,0.0
40,25,0.5671578645706177,0.7825672626495361,-0.016952859237790108,0.5,0.5,0.0
40,26,0.23822015523910522,0.19643515348434448,-0.6118779182434082,0.5,0.5,0.0
40,27,0.4946054220199585,0.7990158796310425,-0.06416592746973038,0.5,0.5,0.0
40,28,0.21554560959339142,0.5453025698661804,-0.21032248437404633,0.5,0.5,0.0
40,29,0.47666704654693604,0.7898999452590942,-0.057147033512592316,0.5,0.5,0.0
40,30,0.22429794073104858,0.5585702061653137,-0.15543696284294128,0.5,0.5,0.0
40,31,0.5051969885826111,0.842109739780426,-0.02472028322517872,0.5,0.5,0.0
40,32,0.12388920783996582,0.6467303037643433,-0.08802047371864319,0.5,0.5,0.0
41,0,0.8165897727012634,0.4777291417121887,-0.546337902545929,0.8096298575401306,0.878986120223999,-0.15286760032176971
41,1,0.8332760334014893,0.44475749135017395,-0.5303561687469482,0.8259215354919434,0.9030100703239441,-0.17904649674892426
41,2,0.8337060809135437,0.4433746039867401,-0.530423104763031,0.8246922492980957,0.9099447131156921,-0.17922872304916382
41,3,0.8338738679885864,0.44187578558921814,-0.530653178691864,0.8233784437179565,0.9169076085090637,-0.1794503778219223
41,4,0.8265990018844604,0.4333052635192871,-0.5875604748725891,0.828301191329956,0.8931933641433716,-0.14441871643066406
41,5,0.8216897249221802,0.42537766695022583,-0.5879173874855042,0.8291481733322144,0.8913431167602539,-0.14438596367835999
41,6,0.8167776465415955,0.41715434193611145,-0.5880981683731079,0.8300224542617798,0.8894053101539612,-0.14467531442642212
41,7,0.8082982897758484,0.40791454911231995,-0.3915249705314636,0.8114811778068542,0.9416613578796387,-0.21444132924079895
41,8,0.792020320892334,0.3868313729763031,-0.6560145020484924,0.8207218050956726,0.9067974090576172,-0.05719595029950142
41,9,0.7910521626472473,0.4833817183971405,-0.4884159564971924,0.787266731262207,0.8885825872421265,-0.15771155059337616
41,10,0.7829493880271912,0.4701751470565796,-0.56602543592453,0.7906427383422852,0.8741561770439148,-0.11208892613649368
41,11,0.6758854389190674,0.41284045577049255,-0.25158125162124634,0.7025551795959473,0.9953669309616089,-0.2818479835987091
41,12,0.6580916047096252,0.45334333181381226,-0.7217550873756409,0.7415863275527954,0.8441335558891296,0.0842476412653923
41,13,0.5911823511123657,0.5036305785179138,-0.10280279815196991,0.5417490601539612,0.9757399559020996,-0.32012471556663513
41,14,0.6717910766601562,0.753959059715271,-0.8130499124526978,0.6311476826667786,0.7702423334121704,0.12158243358135223
41,15,0.5226429104804993,0.4517155885696411,-0.012539253570139408,0.40172332525253296,0.9167553186416626,-0.360960453748703
41,16,0.7719557285308838,1.0087511539459229,-0.7471363544464111,0.6336924433708191,0.8001722097396851,0.011633362621068954
41,17,0.49214619398117065,0.423003226518631,0.020022332668304443,0.35502147674560547,0.921272337436676,-0.38756000995635986
41,18,0.8105481863021851,1.060446858406067,-0.8285415172576904,0.6211180686950684,0.8047074675559998,0.005098846275359392
41,19,0.5076561570167542,0.4187561869621277,-0.027533115819096565,0.36113569140434265,0.896935760974884,-0.4096502959728241
41,20,0.8316875696182251,1.041370153427124,-0.7836147546768188,0.6430411338806152,0.8058066368103027,-0.020378079265356064
41,21,0.5150156021118164,0.44050464034080505,-0.023145383223891258,0.3796951174736023,0.891603410243988,-0.36668285727500916
41,22,0.8104393482208252,1.003941297531128,-0.7321611046791077,0.6442139148712158,0.8050031065940857,-0.0013368750223889947
41,23,0.40875762701034546,0.48759403824806213,0.09498220682144165,0.4320216476917267,0.8578402996063232,-0.1219952255487442
41,24,0.3427349030971527,0.41902726888656616,-0.09541767835617065,0.4783632755279541,0.7691125869750977,0.12193336337804794
41,25,0.5659361481666565,0.7862432599067688,0.04435085132718086,0.2868238687515259,0.6935386061668396,-0.38448911905288696
41,26,0.2512211799621582,0.32899942994117737,-0.6700195670127869,0.4682347774505615,0.5973688364028931,0.026904042810201645
41,27,0.47700226306915283,0.7559075355529785,0.03753340616822243,0.20660193264484406,0.7886841893196106,-0.018552638590335846
41,28,0.22540834546089172,0.5390048027038574,-0.19115617871284485,0.3061928153038025,0.5450999736785889,0.14434850215911865
41,29,0.4571312367916107,0.740576982498169,0.048754267394542694,0.1995786428451538,0.8138046264648438,0.022677361965179443
41,30,0.23093432188034058,0.5525626540184021,-0.12863598763942719,0.2744768261909485,0.5603122711181641,0.15631265938282013
41,31,0.47413337230682373,0.7925823926925659,0.09762503951787949,0.10925090312957764,0.7798259258270264,0.032080404460430145
41,32,0.14672963321208954,0.6803602576255798,-0.045200515538454056,0.2504842281341553,0.4456057846546173,0.12877961993217468
42,0,0.8292841911315918,0.49264031648635864,-0.5506760478019714,0.7942171692848206,0.8710008263587952,-0.18767830729484558
42,1,0.8446928858757019,0.45833614468574524,-0.530307412147522,0.8147259950637817,0.8839297890663147,-0.2142558991909027
42,2,0.8451817035675049,0.4568046033382416,-0.5305658578872681,0.8120627403259277,0.8934943079948425,-0.21438632905483246
42,3,0.8458589911460876,0.4549882709980011,-0.530986487865448,0.8132226467132568,0.8956680297851562,-0.21449923515319824
42,4,0.8363749980926514,0.4490196406841278,-0.5881550312042236,0.8145754933357239,0.8790656924247742,-0.17472220957279205
42,5,0.8309329748153687,0.4408189058303833,-0.5883713960647583,0.8153854608535767,0.8782618045806885,-0.17474184930324554
42,6,0.825086236000061,0.4324600100517273,-0.5884949564933777,0.8168633580207825,0.8768460750579834,-0.17500437796115875
42,7,0.8130361437797546,0.4180879592895508,-0.39349591732025146,0.7996567487716675,0.9421600103378296,-0.2448665350675583
42,8,0.7914019823074341,0.39788785576820374,-0.6545428037643433,0.8034901022911072,0.8986315131187439,-0.06274660676717758
42,9,0.8029986023902893,0.5003394484519958,-0.4944400489330292,0.7730112075805664,0.8846091628074646,-0.1898180991411209
42,10,0.7897155284881592,0.48869073390960693,-0.5704461336135864,0.7743169665336609,0.8665420413017273,-0.13682900369167328
42,11,0.7115998864173889,0.44656363129615784,-0.26873666048049927,0.6799680590629578,1.0111207962036133,-0.27631330490112305
42,12,0.6207218170166016,0.42507103085517883,-0.7218825817108154,0.7169957160949707,0.846360445022583,0.069669708609581
42,13,0.6787412166595459,0.6544833183288574,-0.26008954644203186,0.5338729619979858,0.9772698283195496,-0.2868416905403137
42,14,0.5850746631622314,0.7342425584793091,-0.7937352657318115,0.6129357814788818,0.7682092785835266,0.17724232375621796
42,15,0.7042367458343506,0.8277740478515625,-0.39335116744041443,0.43468010425567627,0.8916239738464355,-0.3256337642669678
42,16,0.756702184677124,0.980171799659729,-0.7587704062461853,0.6242536306381226,0.7887325286865234,0.13159237802028656
42,17,0.7266075611114502,0.858414351940155,-0.4100889563560486,0.3986053466796875,0.8848519921302795,-0.35205313563346863
42,18,0.7748281359672546,1.0466265678405762,-0.8552879095077515,0.6150174736976624,0.7951239347457886,0.12795831263065338
42,19,0.7259281873703003,0.8616217374801636,-0.48240137100219727,0.41192129254341125,0.8674566745758057,-0.37149953842163086
42,20,0.8224812746047974,1.0074418783187866,-0.8241914510726929,0.6376850605010986,0.7954106330871582,0.10758434236049652
42,21,0.7076640129089355,0.8524237871170044,-0.42613959312438965,0.42674383521080017,0.8679534196853638,-0.33002790808677673
42,22,0.8066413998603821,0.9880599975585938,-0.7543509006500244,0.6379168033599854,0.7947366833686829,0.12230934202671051
42,23,0.4179675579071045,0.4630477726459503,0.11958333849906921,0.3970790207386017,0.8671565055847168,-0.11974600702524185
42,24,0.32221952080726624,0.4038979411125183,-0.11917845904827118,0.4442402124404907,0.7716997861862183,0.11976486444473267
42,25,0.5657265186309814,0.751105785369873,0.11969523876905441,0.24591794610023499,0.6682254672050476,-0.3398665189743042
42,26,0.2729477882385254,0.453319787979126,-0.6524789333343506,0.3883046507835388,0.5707985162734985,0.08175762742757797
42,27,0.44556158781051636,0.7116806507110596,0.1467454731464386,0.17276974022388458,0.7669461369514465,0.11336458474397659
42,28,0.2186024785041809,0.5544115304946899,-0.12895122170448303,0.2473042905330658,0.5057471394538879,0.2718299329280853
42,29,0.41744235157966614,0.6877386569976807,0.15890057384967804,0.1770169585943222,0.7839301824569702,0.1634753793478012
42,30,0.2233218550682068,0.5420916676521301,-0.06307534128427505,0.21991713345050812,0.5189762711524963,0.29158419370651245
42,31,0.44949305057525635,0.7729612588882446,0.22433459758758545,0.0987357497215271,0.722440779209137,0.17787297070026398
42,32,0.16280891001224518,0.6710479855537415,0.053506433963775635,0.19377757608890533,0.4112965166568756,0.2609156370162964
43,0,0.8296494483947754,0.5004032254219055,-0.38066819310188293,0.8157933950424194,0.9040932655334473,-0.26288843154907227
43,1,0.8450042009353638,0.4633651077747345,-0.36013996601104736,0.828059196472168,0.9277534484863281,-0.29706674814224243
43,2,0.8451751470565796,0.46066489815711975,-0.36043018102645874,0.8261315822601318,0.9328255653381348,-0.2971756160259247
43,3,0.8451024293899536,0.4577775299549103,-0.36082911491394043,0.8240852355957031,0.9379217028617859,-0.2973327338695526
43,4,0.8378435373306274,0.4552268981933594,-0.4238150119781494,0.8301019072532654,0.9227032661437988,-0.2542821764945984
43,5,0.8328003883361816,0.4471870958805084,-0.42394691705703735,0.8300607204437256,0.9220685958862305,-0.2542620301246643
43,6,0.8271877765655518,0.43855008482933044,-0.42406055331230164,0.8300476670265198,0.9214096069335938,-0.2544749975204468
43,7,0.8134905099868774,0.4169798195362091,-0.2206503301858902,0.804631769657135,0.9567229151725769,-0.35759225487709045
43,8,0.7959960699081421,0.4035228490829468,-0.5098977088928223,0.8132646083831787,0.9357085824012756,-0.16454745829105377
43,9,0.80473792552948,0.5074641108512878,-0.3229525089263916,0.7928656935691833,0.9072286486625671,-0.27506744861602783
43,10,0.7956995964050293,0.4954202175140381,-0.40722984075546265,0.7957510948181152,0.8970224261283875,-0.21920911967754364
43,11,0.7052545547485352,0.4451100528240204,-0.10180768370628357,0.6930453777313232,0.9767245054244995,-0.41075772047042847
43,12,0.6387178301811218,0.4185464680194855,-0.6052635312080383,0.7298624515533447,0.8712475299835205,-0.0008050967589952052
43,13,0.6428006291389465,0.6167201995849609,-0.039767224341630936,0.5355453491210938,0.9717823266983032,-0.40166476368904114
43,14,0.6495689153671265,0.7482425570487976,-0.6800174713134766,0.6099089980125427,0.7960261702537537,0.16473834216594696
43,15,0.6597999334335327,0.7524537444114685,-0.15168365836143494,0.41295236349105835,0.9134089946746826,-0.43573179841041565
43,16,0.757005512714386,0.9880173802375793,-0.6337494850158691,0.5863617062568665,0.7927771210670471,0.14891304075717926
43,17,0.6803061962127686,0.7700893878936768,-0.161270871758461,0.3737230598926544,0.9138689637184143,-0.4755187928676605
43,18,0.7744582891464233,1.064353346824646,-0.7295874953269958,0.5715699195861816,0.7982478737831116,0.1520499587059021
43,19,0.6887593269348145,0.772315263748169,-0.2313450127840042,0.3814101219177246,0.8979295492172241,-0.49616193771362305
43,20,0.8296951055526733,1.02034330368042,-0.6835901737213135,0.5915561318397522,0.791743814945221,0.11196915805339813
43,21,0.6741663217544556,0.7705537676811218,-0.18227440118789673,0.39779967069625854,0.8938556909561157,-0.44259113073349
43,22,0.8058387041091919,0.9956802725791931,-0.6226193308830261,0.5941452980041504,0.7916560173034668,0.13223570585250854
43,23,0.3887935280799866,0.48420989513397217,0.1284855306148529,0.4187146723270416,0.8631500005722046,-0.1357084959745407
43,24,0.32412102818489075,0.4014042913913727,-0.12819509208202362,0.4478801488876343,0.8141134977340698,0.1356431394815445
43,25,0.4425622224807739,0.7909581661224365,-0.004762272350490093,0.29109805822372437,0.7520192861557007,-0.032010115683078766
43,26,0.2929525375366211,0.330668568611145,-0.7916005253791809,0.3336977958679199,0.7255186438560486,0.38823193311691284
43,27,0.23482540249824524,0.6033910512924194,0.1036677435040474,0.17756813764572144,0.7827311158180237,0.3632621765136719
43,28,0.23131561279296875,0.5635870695114136,-0.21197842061519623,0.20181059837341309,0.7316477298736572,0.6881532669067383
43,29,0.2121587097644806,0.5556937456130981,0.12736882269382477,0.15713554620742798,0.7974539995193481,0.40340566635131836
43,30,0.2313360720872879,0.5530415773391724,-0.13484464585781097,0.1776997447013855,0.7510689496994019,0.7177555561065674
43,31,0.18470951914787292,0.6296581625938416,0.1582350879907608,0.1120547354221344,0.7257212996482849,0.3596363663673401
43,32,0.16851812601089478,0.7123087644577026,-0.04267025738954544,0.15300443768501282,0.6572186350822449,0.6888623237609863
44,0,0.8173333406448364,0.4815625846385956,-0.4745168685913086,0.7723073959350586,0.8579452633857727,-0.36508795619010925
44,1,0.8344855308532715,0.44930776953697205,-0.45378920435905457,0.787168025970459,0.8834560513496399,-0.401290625333786
44,2,0.8349545001983643,0.4484109580516815,-0.45401060581207275,0.7875055074691772,0.8854237794876099,-0.401338666677475
44,3,0.8351097106933594,0.44717299938201904,-0.454370379447937,0.785880446434021,0.8971157073974609,-0.4014737606048584
44,4,0.8264739513397217,0.43731945753097534,-0.5067175626754761,0.7980754375457764,0.8760187029838562,-0.3521695137023926
44,5,0.8207346200942993,0.42483940720558167,-0.5069165825843811,0.7991734743118286,0.8745513558387756,-0.35219964385032654
44,6,0.8151967525482178,0.4155973196029663,-0.5070867538452148,0.8003162145614624,0.8729977607727051,-0.35248130559921265
44,7,0.8071705102920532,0.41121017932891846,-0.29394152760505676,0.7724754810333252,0.9414480328559875,-0.45519301295280457
44,8,0.7887275218963623,0.38453853130340576,-0.5340697765350342,0.7866349220275879,0.9018016457557678,-0.2337580919265747
44,9,0.7919966578483582,0.48836320638656616,-0.408239483833313,0.7544763088226318,0.8727251887321472,-0.37464746832847595
44,10,0.7793247699737549,0.4678509831428528,-0.4788566827774048,0.7541463375091553,0.8523908853530884,-0.31021347641944885
44,11,0.6939220428466797,0.4604416489601135,-0.1690678745508194,0.6292800903320312,0.9954407215118408,-0.4746186137199402
44,12,0.646092414855957,0.40476691722869873,-0.6173517107963562,0.695854902267456,0.8503016233444214,-0.046540267765522
44,13,0.6447282433509827,0.6436246633529663,-0.15178124606609344,0.44431260228157043,0.9655899405479431,-0.4273916482925415
44,14,0.6264485120773315,0.7303369045257568,-0.7160715460777283,0.5439662337303162,0.7762458920478821,0.12367047369480133
44,15,0.6613597869873047,0.7841169834136963,-0.2650773227214813,0.3026401698589325,0.9144282937049866,-0.43023037910461426
44,16,0.763333797454834,0.9954718947410583,-0.6806052327156067,0.48869553208351135,0.759520947933197,0.12368021160364151
44,17,0.6801034212112427,0.8014644980430603,-0.27141276001930237,0.25978779792785645,0.9224711656570435,-0.46709010004997253
44,18,0.8053551912307739,1.0424004793167114,-0.7768199443817139,0.4667833745479584,0.7563930749893188,0.13893352448940277
44,19,0.6900155544281006,0.8048217296600342,-0.34335747361183167,0.2679954767227173,0.9005284309387207,-0.4915383458137512
44,20,0.8232768774032593,1.0187597274780273,-0.7169155478477478,0.4832218587398529,0.753718912601471,0.0988391637802124
44,21,0.6770967245101929,0.8046815395355225,-0.29525628685951233,0.2872965335845947,0.8935920000076294,-0.4374484419822693
44,22,0.8083878755569458,0.9979031682014465,-0.6644175052642822,0.48607373237609863,0.7593379020690918,0.11028753966093063
44,23,0.3906523585319519,0.5008746385574341,0.09399950504302979,0.3542976677417755,0.8741520047187805,-0.1383095383644104
44,24,0.3277873396873474,0.39942651987075806,-0.09394746273756027,0.4141334593296051,0.7923446893692017,0.13830669224262238
44,25,0.42465507984161377,0.8338081240653992,-0.034901924431324005,0.21132704615592957,0.6362828016281128,-0.3366268575191498
44,26,0.2590453326702118,0.18607282638549805,-0.7633745074272156,0.3443021774291992,0.5837290287017822,0.1873314529657364
44,27,0.24922946095466614,0.6292824745178223,0.06279989331960678,0.168923020362854,0.6912070512771606,0.1507047563791275
44,28,0.22772470116615295,0.5479604005813599,-0.29001176357269287,0.20607924461364746,0.5774032473564148,0.4232829511165619
44,29,0.23669566214084625,0.5799736976623535,0.08762465417385101,0.17571374773979187,0.7182082533836365,0.2059045433998108
44,30,0.23716282844543457,0.5600301623344421,-0.22299528121948242,0.1831490695476532,0.5926370024681091,0.45017895102500916
44,31,0.18572697043418884,0.6205998063087463,0.1003526821732521,0.1021304726600647,0.6359928846359253,0.25747251510620117
44,32,0.1567700058221817,0.7222024202346802,-0.16250188648700714,0.15340083837509155,0.49418556690216064,0.4655855596065521
45,0,0.8104448318481445,0.4887041449546814,-0.7227576375007629,0.7821040749549866,0.8447075486183167,-0.3660151958465576
45,1,0.832154393196106,0.4580583870410919,-0.7063295245170593,0.7986228466033936,0.8698244094848633,-0.39664772152900696
45,2,0.8331847190856934,0.45676520466804504,-0.7064245343208313,0.7995207905769348,0.8735841512680054,-0.3966609239578247
45,3,0.8338557481765747,0.4552091658115387,-0.7067437767982483,0.7981767058372498,0.8845365643501282,-0.3967825770378113
45,4,0.823566198348999,0.4459080100059509,-0.7636512517929077,0.7993485927581787,0.8599891662597656,-0.3553209900856018
45,5,0.8180755376815796,0.43642765283584595,-0.7640389800071716,0.802091121673584,0.8530492782592773,-0.3554009795188904
45,6,0.8106458187103271,0.42575767636299133,-0.7642568945884705,0.8039501905441284,0.8505226373672485,-0.35551369190216064
45,7,0.8037168979644775,0.4101286232471466,-0.5543054342269897,0.7957667112350464,0.9074437618255615,-0.4283216893672943
45,8,0.7811917066574097,0.3884899318218231,-0.8186078667640686,0.7846893072128296,0.8658816814422607,-0.238322913646698
45,9,0.7868187427520752,0.49900689721107483,-0.6598000526428223,0.7646746635437012,0.8573416471481323,-0.3681422472000122
45,10,0.7746195793151855,0.48207971453666687,-0.7372443675994873,0.7579717636108398,0.8472277522087097,-0.3133021891117096
45,11,0.6885905265808105,0.42105191946029663,-0.3940984904766083,0.6358993053436279,0.9580458402633667,-0.44728994369506836
45,12,0.6138643026351929,0.4411880075931549,-0.8451871275901794,0.7071652412414551,0.8328599333763123,-0.07475016266107559
45,13,0.6032105684280396,0.5443891286849976,-0.2442854940891266,0.4875584542751312,0.9188816547393799,-0.46876606345176697
45,14,0.6039787530899048,0.7540634274482727,-0.9165431261062622,0.6361212730407715,0.7634958624839783,0.056014660745859146
45,15,0.5473770499229431,0.563571572303772,-0.23321299254894257,0.35821080207824707,0.8230223655700684,-0.4488052427768707
45,16,0.7603057026863098,0.9904372692108154,-0.8364316821098328,0.6715819835662842,0.7934643030166626,0.11435442417860031
45,17,0.527692437171936,0.5559786558151245,-0.2181641012430191,0.3127562999725342,0.8164266347885132,-0.4719521999359131
45,18,0.7863162755966187,1.0486706495285034,-0.9204435348510742,0.7051899433135986,0.7956591844558716,0.13164126873016357
45,19,0.5408884286880493,0.5491124391555786,-0.2743458151817322,0.3213668167591095,0.791447639465332,-0.4894271194934845
45,20,0.822070837020874,1.016327142715454,-0.8807041049003601,0.7206636071205139,0.8038818836212158,0.10912366211414337
45,21,0.5423545241355896,0.5601688623428345,-0.24968111515045166,0.33979400992393494,0.7905158400535583,-0.4517393708229065
45,22,0.803780198097229,0.9926548004150391,-0.8240281939506531,0.6809491515159607,0.7980049252510071,0.10744063556194305
45,23,0.4239230155944824,0.4857560396194458,0.0962783694267273,0.37917691469192505,0.809420645236969,-0.14258311688899994
45,24,0.3291941285133362,0.42093199491500854,-0.09624890983104706,0.43951353430747986,0.7364836931228638,0.14234603941440582
45,25,0.5584988594055176,0.7847274541854858,0.07260772585868835,0.23794573545455933,0.6183997988700867,-0.3546769917011261
45,26,0.2506188750267029,0.3274945914745331,-0.6012773513793945,0.4305048882961273,0.5796937942504883,0.12656325101852417
45,27,0.47121644020080566,0.7510149478912354,0.10772103816270828,0.13857123255729675,0.7924387454986572,0.029455041512846947
45,28,0.21874389052391052,0.5515159964561462,-0.09047522395849228,0.267132431268692,0.557410478591919,0.30410143733024597
45,29,0.44984179735183716,0.7392207384109497,0.12340457737445831,0.14562827348709106,0.8340963125228882,0.07355722784996033
45,30,0.22600263357162476,0.54872727394104,-0.02563818357884884,0.2375061810016632,0.5759139657020569,0.3237721920013428
45,31,0.48308032751083374,0.782321035861969,0.16025634109973907,0.03292080760002136,0.7922153472900391,0.07879862189292908
45,32,0.15703418850898743,0.697721004486084,0.03429688513278961,0.20653243362903595,0.4678665101528168,0.3005605638027191
46,0,0.8281846046447754,0.5058603286743164,-0.4987694323062897,0.7846590280532837,0.8504025340080261,-0.1654335856437683
46,1,0.8429725766181946,0.4692095220088959,-0.48723211884498596,0.7976746559143066,0.8762765526771545,-0.1924303025007248
46,2,0.8430466055870056,0.4663858413696289,-0.48752501606941223,0.7982478737831116,0.8792175650596619,-0.1924934685230255
46,3,0.842712938785553,0.4634940028190613,-0.48796170949935913,0.7990480065345764,0.8808923959732056,-0.19254030287265778
46,4,0.8369424939155579,0.4634477198123932,-0.5378128290176392,0.7979397773742676,0.8700256943702698,-0.15912628173828125
46,5,0.8325567245483398,0.4562377333641052,-0.5379953384399414,0.7877338528633118,0.8630923628807068,-0.15914861857891083
46,6,0.8271624445915222,0.4458923041820526,-0.5381721258163452,0.788550615310669,0.861792802810669,-0.15931978821754456
46,7,0.81166011095047,0.42737165093421936,-0.35916876792907715,0.7729390859603882,0.9075097441673279,-0.21847300231456757
46,8,0.7968358993530273,0.4087670147418976,-0.5892186164855957,0.7807216644287109,0.877687394618988,-0.06663676351308823
46,9,0.7987252473831177,0.5096901059150696,-0.44260135293006897,0.7515033483505249,0.8624765276908875,-0.1653023362159729
46,10,0.7910430431365967,0.502088725566864,-0.5105065703392029,0.7540789842605591,0.8501194715499878,-0.12146034836769104
46,11,0.7132747173309326,0.480591744184494,-0.2667173445224762,0.6855396628379822,0.9446953535079956,-0.2540869414806366
46,12,0.6360796689987183,0.40758615732192993,-0.6441471576690674,0.7096579074859619,0.8350017070770264,0.06937793642282486
46,13,0.6738581657409668,0.6907377243041992,-0.25191396474838257,0.5768667459487915,0.891936719417572,-0.32957154512405396
46,14,0.601366400718689,0.7151588797569275,-0.7402923107147217,0.6246903538703918,0.75883549451828,0.13743886351585388
46,15,0.695878803730011,0.8632041215896606,-0.3668380677700043,0.5125100016593933,0.8073891401290894,-0.41114139556884766
46,16,0.7448644042015076,0.9873226284980774,-0.7436385750770569,0.6589765548706055,0.7789594531059265,0.060527607798576355
46,17,0.7147496938705444,0.89304518699646,-0.38266903162002563,0.4833779036998749,0.795139729976654,-0.43890392780303955
46,18,0.768139123916626,1.0491993427276611,-0.8408933877944946,0.6580398678779602,0.7851724624633789,0.05309952050447464
46,19,0.7181203365325928,0.896836519241333,-0.45743048191070557,0.49633994698524475,0.7865569591522217,-0.44390612840652466
46,20,0.8092506527900696,1.0142027139663696,-0.7968786954879761,0.6798396110534668,0.7851252555847168,0.030278466641902924
46,21,0.7025283575057983,0.8913170099258423,-0.3978734612464905,0.5066593885421753,0.7897397875785828,-0.41081467270851135
46,22,0.7900612354278564,1.0001486539840698,-0.7341861724853516,0.6778730750083923,0.7823858857154846,0.04924207180738449
46,23,0.4038989543914795,0.5085227489471436,0.0775538980960846,0.44084590673446655,0.8063657283782959,-0.11410138756036758
46,24,0.3379625082015991,0.386707067489624,-0.07754494994878769,0.4720226228237152,0.7295287847518921,0.11392347514629364
46,25,0.4681642949581146,0.8550060987472534,-0.03180455416440964,0.2865675091743469,0.6848524212837219,-0.34478819370269775
46,26,0.24463266134262085,0.19349569082260132,-0.719536542892456,0.40959563851356506,0.5773885250091553,-0.03226323053240776
46,27,0.2656800150871277,0.6713785529136658,0.06140849366784096,0.1564285159111023,0.7799885272979736,-0.13345806300640106
46,28,0.21517285704612732,0.5382347106933594,-0.2915742099285126,0.25509703159332275,0.5648419260978699,0.09322859346866608
46,29,0.24766986072063446,0.6209119558334351,0.08468271791934967,0.1434997022151947,0.8015323877334595,-0.11143705993890762
46,30,0.22078140079975128,0.5581498146057129,-0.23184852302074432,0.22931170463562012,0.5854928493499756,0.1048593670129776
46,31,0.1996571272611618,0.695175290107727,0.09432437270879745,0.04803994297981262,0.7833672761917114,-0.1697487235069275
46,32,0.1422484815120697,0.7213011980056763,-0.184652641415596,0.19452250003814697,0.4942752718925476,0.0505235455930233
47,0,0.8247817754745483,0.5076263546943665,-0.6650691032409668,0.8080101013183594,0.8668014407157898,-0.07984496653079987
47,1,0.8421057462692261,0.47346752882003784,-0.6600349545478821,0.8283323049545288,0.8872319459915161,-0.09913994371891022
47,2,0.8428294658660889,0.47113871574401855,-0.6601951718330383,0.8286406397819519,0.8898541331291199,-0.09928257018327713
47,3,0.8433350324630737,0.4685041904449463,-0.6605038046836853,0.8252849578857422,0.8987354636192322,-0.09939384460449219
47,4,0.8337043523788452,0.4654252529144287,-0.7143511772155762,0.830775260925293,0.8813192248344421,-0.07037186622619629
47,5,0.8279471397399902,0.4567428231239319,-0.7146341800689697,0.830721378326416,0.8668398857116699,-0.07035092264413834
47,6,0.820315957069397,0.44487130641937256,-0.714701771736145,0.8312132358551025,0.8647986650466919,-0.07052889466285706
47,7,0.8112976551055908,0.4264552891254425,-0.5495827198028564,0.8186612129211426,0.9166301488876343,-0.10874737054109573
47,8,0.7863364815711975,0.4034578204154968,-0.7984603643417358,0.8228200674057007,0.8799053430557251,0.02239510603249073
47,9,0.7987403869628906,0.5129419565200806,-0.6149444580078125,0.7967314720153809,0.8813196420669556,-0.07557498663663864
47,10,0.7852648496627808,0.4991086423397064,-0.6870180368423462,0.7946082353591919,0.8608648180961609,-0.03751417621970177
47,11,0.690003514289856,0.39741992950439453,-0.352712482213974,0.7349338531494141,0.962044358253479,-0.13464340567588806
47,12,0.6245681047439575,0.47536319494247437,-0.828442394733429,0.7508478164672852,0.8572996854782104,0.10348392277956009
47,13,0.5992299318313599,0.4755198359489441,-0.12734510004520416,0.6783428192138672,0.9175138473510742,-0.26572078466415405
47,14,0.6190745830535889,0.759600043296814,-0.8867758512496948,0.6860925555229187,0.7757352590560913,0.03708261251449585
47,15,0.5128320455551147,0.511227011680603,0.04763317108154297,0.730461597442627,0.8444700837135315,-0.26723089814186096
47,16,0.7660941481590271,1.008180856704712,-0.8067433834075928,0.7305474877357483,0.8000606298446655,-0.11996820569038391
47,17,0.4831545054912567,0.5063798427581787,0.0852595791220665,0.7385858297348022,0.8312147259712219,-0.2835491895675659
47,18,0.7699636220932007,1.101554274559021,-0.8893969655036926,0.7361412048339844,0.8042128682136536,-0.14353349804878235
47,19,0.48593592643737793,0.5091717839241028,0.028324389830231667,0.7574446201324463,0.8307052254676819,-0.2609487771987915
47,20,0.8277571201324463,1.0428906679153442,-0.8595974445343018,0.7523180842399597,0.8133389949798584,-0.1480204164981842
47,21,0.4898897111415863,0.5162805914878845,0.03525217995047569,0.7436041831970215,0.8293696641921997,-0.25471433997154236
47,22,0.7850525379180908,1.039003849029541,-0.7975261211395264,0.741870641708374,0.8085982799530029,-0.1264689713716507
47,23,0.43454915285110474,0.4902315139770508,0.1382705420255661,0.46145355701446533,0.8007494211196899,-0.07860707491636276
47,24,0.34918367862701416,0.471561074256897,-0.13832247257232666,0.4998698830604553,0.7260352969169617,0.07844579964876175
47,25,0.6421298384666443,0.7233421206474304,0.11960728466510773,0.2968442142009735,0.6609905362129211,-0.2696620225906372
47,26,0.35301676392555237,0.6421734690666199,-0.4429425299167633,0.4337013065814972,0.5731411576271057,-0.03142451494932175
47,27,0.633131742477417,0.9275996685028076,0.1409527063369751,0.1660260558128357,0.753643810749054,-0.02982468344271183
47,28,0.2187711000442505,0.5884830355644226,0.08001182228326797,0.2841928005218506,0.4688582420349121,0.08390742540359497
47,29,0.59941565990448,0.9514948129653931,0.14331063628196716,0.15070587396621704,0.7707306146621704,-0.0033932167571038008
47,30,0.21203996241092682,0.5364291071891785,0.1370730698108673,0.25194668769836426,0.4762153625488281,0.09505947679281235
47,31,0.7137118577957153,1.0357576608657837,0.13573940098285675,0.08471861481666565,0.772760272026062,-0.02477954886853695
47,32,0.1503419578075409,0.6445990204811096,0.17982111871242523,0.23465269804000854,0.37378692626953125,0.046254802495241165
48,0,0.824676513671875,0.5138748288154602,-0.4981856346130371,0.8064335584640503,0.8643375635147095,-0.382722944021225
48,1,0.8441559076309204,0.4796919822692871,-0.48122119903564453,0.8285847902297974,0.8957895040512085,-0.4175473749637604
48,2,0.8453415632247925,0.4779568612575531,-0.48151496052742004,0.828025221824646,0.8991528749465942,-0.41762810945510864
48,3,0.8463741540908813,0.4758857190608978,-0.4819191098213196,0.8278486728668213,0.9013646841049194,-0.4177990257740021
48,4,0.8369650840759277,0.4709411859512329,-0.5446198582649231,0.8340299129486084,0.8835760354995728,-0.3796684741973877
48,5,0.8324059247970581,0.46221980452537537,-0.5447773933410645,0.8349833488464355,0.8835134506225586,-0.37981921434402466
48,6,0.8262267112731934,0.45261216163635254,-0.5448200702667236,0.8360564112663269,0.8823378682136536,-0.3801208734512329
48,7,0.8185937404632568,0.43404725193977356,-0.3472546935081482,0.8148765563964844,0.9358500242233276,-0.47370561957359314
48,8,0.7955613136291504,0.4119594991207123,-0.6315203905105591,0.8118227124214172,0.9071061611175537,-0.30574294924736023
48,9,0.8017871379852295,0.5229155421257019,-0.4404738247394562,0.7700674533843994,0.873366117477417,-0.3928355276584625
48,10,0.7902587056159973,0.5080216526985168,-0.5230995416641235,0.7704524993896484,0.857399046421051,-0.3436238467693329
48,11,0.7193598747253418,0.4403107762336731,-0.19909222424030304,0.6248133182525635,0.9885357618331909,-0.48719412088394165
48,12,0.6357195377349854,0.44011861085891724,-0.6873522996902466,0.7277413606643677,0.890143871307373,-0.13383851945400238
48,13,0.6755702495574951,0.6637653112411499,-0.18470017611980438,0.41728976368904114,0.9306966066360474,-0.4966936409473419
48,14,0.5927902460098267,0.7557867169380188,-0.7610323429107666,0.6107757091522217,0.798281729221344,0.1346387416124344
48,15,0.6837197542190552,0.8702328205108643,-0.3067612051963806,0.24858124554157257,0.7959650754928589,-0.5312418341636658
48,16,0.7423220872879028,0.9940382242202759,-0.7088841795921326,0.6291195154190063,0.7677397727966309,0.30284082889556885
48,17,0.711890697479248,0.9015896320343018,-0.3194713592529297,0.19137035310268402,0.7833718061447144,-0.5728199481964111
48,18,0.7518512606620789,1.0645875930786133,-0.8030519485473633,0.6295281052589417,0.7655847668647766,0.33287057280540466
48,19,0.7093000411987305,0.9087985754013062,-0.39643362164497375,0.20988592505455017,0.7440470457077026,-0.6000403165817261
48,20,0.7976645231246948,1.0171611309051514,-0.7599748969078064,0.6463461518287659,0.755300760269165,0.2955384850502014
48,21,0.6875407695770264,0.9006224870681763,-0.3411858379840851,0.23467490077018738,0.7472512125968933,-0.5406197905540466
48,22,0.7741624116897583,0.9958926439285278,-0.699455201625824,0.6368609666824341,0.7567020058631897,0.29407045245170593
48,23,0.4208642840385437,0.4700906574726105,0.14036595821380615,0.35762715339660645,0.8136800527572632,-0.12394282966852188
48,24,0.33944186568260193,0.43950343132019043,-0.1400342434644699,0.4363245964050293,0.7712759375572205,0.12412426620721817
48,25,0.5662261247634888,0.7419005036354065,0.1375112533569336,0.36492544412612915,0.561610996723175,-0.12137382477521896
48,26,0.3627236485481262,0.6251192092895508,-0.46808990836143494,0.477373868227005,0.568683385848999,0.1870982050895691
48,27,0.4136243462562561,0.6912591457366943,0.15887336432933807,0.19524434208869934,0.5808045864105225,0.13050739467144012
48,28,0.22366583347320557,0.5808030962944031,-0.060701124370098114,0.2847558856010437,0.4875022768974304,0.337323933839798
48,29,0.38290733098983765,0.6594827771186829,0.16668184101581573,0.16583915054798126,0.6089591979980469,0.1595848649740219
48,30,0.2137424200773239,0.5514214038848877,-0.009755532257258892,0.22638139128684998,0.5417419672012329,0.3553098440170288
48,31,0.4056117534637451,0.7586889266967773,0.19636975228786469,0.14208753407001495,0.49640774726867676,0.1895453780889511
48,32,0.15533700585365295,0.6546823382377625,0.08461489528417587,0.22739657759666443,0.3909463584423065,0.3762006163597107
49,0,0.8302354216575623,0.5108767151832581,-0.5233879685401917,0.7739629149436951,0.8652242422103882,-0.3883562386035919
49,1,0.8464371562004089,0.47884026169776917,-0.5052807927131653,0.8121659755706787,0.8895782828330994,-0.4186241030693054
49,2,0.8475683927536011,0.47799286246299744,-0.5055599808692932,0.8072329759597778,0.904475748538971,-0.4186585247516632
49,3,0.8485717177391052,0.4769120514392853,-0.5059303641319275,0.8071266412734985,0.9054416418075562,-0.41877833008766174
49,4,0.838983416557312,0.46817025542259216,-0.5652461051940918,0.8131548166275024,0.8873902559280396,-0.3819229006767273
49,5,0.8339274525642395,0.45842987298965454,-0.5653654336929321,0.8137206435203552,0.8882449269294739,-0.3820224404335022
49,6,0.8274612426757812,0.44532936811447144,-0.5653612017631531,0.8144696354866028,0.8878503441810608,-0.3823551833629608
49,7,0.8210074305534363,0.4364352226257324,-0.36903080344200134,0.7835038900375366,0.9363263249397278,-0.4574418365955353
49,8,0.7951961755752563,0.4038715660572052,-0.6393276453018188,0.7822500467300415,0.9043408036231995,-0.2922442555427551
49,9,0.8044096231460571,0.5203046798706055,-0.46571141481399536,0.7452987432479858,0.8771029114723206,-0.3926974833011627
49,10,0.7919778823852539,0.5042910575866699,-0.5441510081291199,0.7499653100967407,0.8591135144233704,-0.3445964455604553
49,11,0.7149121761322021,0.4413334131240845,-0.2235286980867386,0.6108835935592651,0.9802794456481934,-0.47433778643608093
49,12,0.6322166919708252,0.435470849275589,-0.6863346099853516,0.6971846222877502,0.8444905281066895,-0.12290577590465546
49,13,0.6495766639709473,0.6573793292045593,-0.213261678814888,0.40842777490615845,0.8891923427581787,-0.46500101685523987
49,14,0.590385377407074,0.7613182067871094,-0.7407825589179993,0.5912967920303345,0.708348274230957,0.033443909138441086
49,15,0.6325631737709045,0.8537753820419312,-0.34398046135902405,0.2461540251970291,0.8084679841995239,-0.5061931610107422
49,16,0.7372435331344604,0.9955047965049744,-0.7028182744979858,0.6001790165901184,0.6512261629104614,0.0689479410648346
49,17,0.6480615139007568,0.8855177164077759,-0.3519144654273987,0.19316764175891876,0.812707245349884,-0.5370540618896484
49,18,0.7417633533477783,1.0667747259140015,-0.7915011644363403,0.5946406126022339,0.6378241777420044,0.08993986994028091
49,19,0.6484349966049194,0.8920484781265259,-0.4294285178184509,0.20377928018569946,0.7852141857147217,-0.5714985728263855
49,20,0.7917783260345459,1.0204086303710938,-0.759161651134491,0.6141176223754883,0.6338590979576111,0.04796673357486725
49,21,0.6317341327667236,0.8826904892921448,-0.37701889872550964,0.22791597247123718,0.7789692282676697,-0.518624484539032
49,22,0.7793133854866028,0.9999574422836304,-0.696652889251709,0.6080899238586426,0.6395668983459473,0.05465025454759598
49,23,0.43241703510284424,0.48191216588020325,0.12419398874044418,0.348175585269928,0.8020145297050476,-0.12437548488378525
49,24,0.34517428278923035,0.4341900944709778,-0.12409218400716782,0.4224625825881958,0.7313528656959534,0.1243743970990181
49,25,0.6023619174957275,0.7440855503082275,0.10346993058919907,0.2146603912115097,0.5894440412521362,-0.30282121896743774
49,26,0.3162604868412018,0.5138833522796631,-0.5656089186668396,0.4162614345550537,0.522011399269104,0.13469840586185455
49,27,0.5102158784866333,0.8121569156646729,0.04269258305430412,0.174547478556633,0.6692465543746948,0.08491832762956619
49,28,0.21132972836494446,0.5717448592185974,-0.1330723613500595,0.23977112770080566,0.507169783115387,0.28472384810447693
49,29,0.4749378561973572,0.8055266737937927,0.04364903271198273,0.18366463482379913,0.6972587704658508,0.13060349225997925
49,30,0.2041577398777008,0.5668501257896423,-0.07964500039815903,0.213567316532135,0.5269238948822021,0.30451303720474243
49,31,0.5501125454902649,0.9110844135284424,0.0719185620546341,0.10587948560714722,0.6216104030609131,0.17493104934692383
49,32,0.14407527446746826,0.6545439958572388,-0.0002895171055570245,0.17224937677383423,0.4230038821697235,0.3065335750579834
50,0,0.838467538356781,0.5196561217308044,-0.49639683961868286,0.7907365560531616,0.8506163954734802,-0.44232824444770813
50,1,0.8566440939903259,0.482889860868454,-0.47911548614501953,0.8224827647209167,0.8871556520462036,-0.4764622747898102
50,2,0.8572552800178528,0.48047956824302673,-0.4794175326824188,0.82192063331604,0.891494870185852,-0.4765206575393677
50,3,0.8575690984725952,0.477913498878479,-0.47985514998435974,0.8177638053894043,0.9026550054550171,-0.4767347276210785
50,4,0.8477916121482849,0.4752455949783325,-0.5415701270103455,0.827212929725647,0.8782091736793518,-0.4371185600757599
50,5,0.841763436794281,0.46593719720840454,-0.5417553782463074,0.8311719298362732,0.8733786940574646,-0.437265545129776
50,6,0.8349086046218872,0.45624852180480957,-0.5418017506599426,0.8231419324874878,0.8661706447601318,-0.4375314712524414
50,7,0.8236289024353027,0.4349914789199829,-0.3483014404773712,0.7954938411712646,0.9378293752670288,-0.5185725092887878
50,8,0.8012254238128662,0.4164010286331177,-0.6292884349822998,0.8097033500671387,0.8932065367698669,-0.342110812664032
50,9,0.8104248046875,0.5252008438110352,-0.43975988030433655,0.7679352760314941,0.8620988726615906,-0.44687145948410034
50,10,0.7981653809547424,0.5118916034698486,-0.5214101672172546,0.7732303142547607,0.8461795449256897,-0.3955928385257721
50,11,0.7177609801292419,0.43819868564605713,-0.18674275279045105,0.6267654299736023,0.9749892950057983,-0.5188353061676025
50,12,0.6562963724136353,0.4505314528942108,-0.6811413764953613,0.7327024340629578,0.8549857139587402,-0.16638609766960144
50,13,0.6474003791809082,0.6687331199645996,-0.12948296964168549,0.42590951919555664,0.9338104128837585,-0.5021092295646667
50,14,0.6283843517303467,0.7489148378372192,-0.7395471334457397,0.6291208863258362,0.7302907705307007,0.030166195705533028
50,15,0.6198722124099731,0.9062328338623047,-0.2241664081811905,0.26792818307876587,0.8471793532371521,-0.5338624119758606
50,16,0.7538328170776367,0.9973559379577637,-0.6457816362380981,0.6736533641815186,0.6961179971694946,0.15921489894390106
50,17,0.6409915089607239,0.9244561791419983,-0.23396845161914825,0.2146022766828537,0.8465849161148071,-0.5698432326316833
50,18,0.7883565425872803,1.0420877933502197,-0.7266156077384949,0.680853009223938,0.6923670768737793,0.1903841495513916
50,19,0.6183220148086548,0.9290132522583008,-0.30714157223701477,0.23061585426330566,0.8153123259544373,-0.6073278784751892
50,20,0.8117191195487976,1.0270048379898071,-0.6883100271224976,0.6969799995422363,0.6849961280822754,0.15951713919639587
50,21,0.623751163482666,0.9273300766944885,-0.25653794407844543,0.2531917095184326,0.8128328323364258,-0.5477958917617798
50,22,0.7935999631881714,1.007065773010254,-0.6364266872406006,0.6846153736114502,0.6887426376342773,0.15194813907146454
50,23,0.41973429918289185,0.48194581270217896,0.1516120731830597,0.38084539771080017,0.8005685806274414,-0.11989746987819672
50,24,0.3437216877937317,0.4734315276145935,-0.15134277939796448,0.46718829870224,0.7375277876853943,0.11990754306316376
50,25,0.5626180171966553,0.7609006762504578,0.21227355301380157,0.2791024148464203,0.5924413800239563,-0.29270073771476746
50,26,0.3722451329231262,0.7401480674743652,-0.3017571270465851,0.5085757970809937,0.5315952301025391,0.07153875380754471
50,27,0.42203986644744873,0.6907832622528076,0.33675041794776917,0.19505435228347778,0.6305983066558838,0.1533554643392563
50,28,0.19841673970222473,0.6037194728851318,0.039706677198410034,0.3033019006252289,0.48295703530311584,0.25072139501571655
50,29,0.39703652262687683,0.6535890102386475,0.351240336894989,0.19073808193206787,0.65485680103302,0.2040061354637146
50,30,0.15055446326732635,0.5222645998001099,0.07941820472478867,0.26796969771385193,0.5001215934753418,0.27305710315704346
50,31,0.4087362587451935,0.7487434148788452,0.39529961347579956,0.13075727224349976,0.5642679929733276,0.23622344434261322
50,32,0.12592782080173492,0.6422863006591797,0.13450971245765686,0.2429855912923813,0.36302974820137024,0.2760724425315857
51,0,0.8446499705314636,0.5293065905570984,-0.43492186069488525,0.7876033782958984,0.8792639374732971,-0.5376891493797302
51,1,0.8637592196464539,0.4980855882167816,-0.4189823865890503,0.8031467199325562,0.9116961359977722,-0.5639310479164124
51,2,0.8642274737358093,0.49584388732910156,-0.4193108379840851,0.8023369312286377,0.9149489402770996,-0.5640870928764343
51,3,0.864611029624939,0.4934313893318176,-0.41969752311706543,0.7967731952667236,0.9301521182060242,-0.564361572265625
51,4,0.8574920892715454,0.4900769293308258,-0.48127344250679016,0.8113301992416382,0.8930767774581909,-0.5376240611076355
51,5,0.8521227240562439,0.4818345308303833,-0.48148587346076965,0.8130486011505127,0.8920077681541443,-0.537747859954834
51,6,0.8461595177650452,0.4719952940940857,-0.4815126359462738,0.8149932622909546,0.8903211355209351,-0.5380491614341736
51,7,0.8331710696220398,0.4477362632751465,-0.2915538251399994,0.7904362082481384,0.9528771638870239,-0.5564119219779968
51,8,0.810976505279541,0.42492252588272095,-0.5743274092674255,0.8033709526062012,0.9102250933647156,-0.4363519251346588
51,9,0.8141081929206848,0.535408079624176,-0.3792380392551422,0.7574098110198975,0.892939567565918,-0.5212510824203491
51,10,0.8036912679672241,0.5203279852867126,-0.46070462465286255,0.764411449432373,0.8740965127944946,-0.4858904182910919
51,11,0.6961060762405396,0.43626219034194946,-0.10311413556337357,0.6146340370178223,1.0113215446472168,-0.48861411213874817
51,12,0.6675935983657837,0.46474915742874146,-0.6533222794532776,0.7249058485031128,0.8460565209388733,-0.26805639266967773
51,13,0.6075825095176697,0.647839367389679,-0.06928803771734238,0.4355403780937195,0.9581814408302307,-0.4362773299217224
51,14,0.6273034811019897,0.7652138471603394,-0.7138335704803467,0.6165054440498352,0.7518576383590698,-0.0166676826775074
51,15,0.5615572929382324,0.8249185681343079,-0.18567968904972076,0.2949954569339752,0.885777473449707,-0.44710230827331543
51,16,0.7456438541412354,0.9976067543029785,-0.5962088704109192,0.7058117389678955,0.8137334585189819,0.15047788619995117
51,17,0.5805984735488892,0.8682469725608826,-0.19211800396442413,0.24623575806617737,0.8880212306976318,-0.4700809717178345
51,18,0.7832428216934204,1.0520992279052734,-0.6760042905807495,0.7106378674507141,0.8041425943374634,0.17403313517570496
51,19,0.5677417516708374,0.8571754693984985,-0.260660320520401,0.2634739875793457,0.8641003966331482,-0.5077804923057556
51,20,0.8005155324935913,1.0273710489273071,-0.6322582960128784,0.7296265363693237,0.8033378720283508,0.15828077495098114
51,21,0.5576145648956299,0.8492112159729004,-0.2162466198205948,0.28633618354797363,0.8582217693328857,-0.46044492721557617
51,22,0.7874530553817749,1.0097143650054932,-0.5831635594367981,0.7217798233032227,0.8139013051986694,0.14950451254844666
51,23,0.4086494445800781,0.49246343970298767,0.16356261074543,0.3502849042415619,0.8321586847305298,-0.07520045340061188
51,24,0.3299044370651245,0.4808785319328308,-0.16348713636398315,0.41658592224121094,0.74079829454422,0.07529469579458237
51,25,0.6268255710601807,0.7142758965492249,0.28327086567878723,0.22110910713672638,0.7120901942253113,0.12351401150226593
51,26,0.36897003650665283,0.7767823934555054,-0.25314009189605713,0.31036409735679626,0.6006007790565491,0.3488287925720215
51,27,0.5300544500350952,0.8427143096923828,0.2606097459793091,0.1422475278377533,0.7548679709434509,0.5113456845283508
51,28,0.1706477552652359,0.6617296934127808,0.017439456656575203,0.20241941511631012,0.5562794804573059,0.6595980525016785
51,29,0.4920026659965515,0.8426386117935181,0.25714462995529175,0.1315976083278656,0.7717815041542053,0.5489034056663513
51,30,0.1403426080942154,0.6205928921699524,0.04983097314834595,0.18080227077007294,0.5685799717903137,0.6923540830612183
51,31,0.5712897777557373,0.9423618316650391,0.2764536142349243,0.08426064252853394,0.7129576802253723,0.5205740928649902
51,32,0.09184682369232178,0.7823416590690613,0.09433229267597198,0.15126755833625793,0.4594174921512604,0.6733348965644836
52,0,0.8513356447219849,0.5362281203269958,-0.43348440527915955,0.7769728899002075,0.8755689263343811,-0.5189924240112305
52,1,0.8717818856239319,0.5037103891372681,-0.41585707664489746,0.7914108037948608,0.9036679267883301,-0.5548763275146484
52,2,0.8727079033851624,0.501983106136322,-0.4162572920322418,0.791125476360321,0.9082615971565247,-0.5549113750457764
52,3,0.8735213875770569,0.5002211332321167,-0.41678133606910706,0.7913353443145752,0.9117774367332458,-0.5551614165306091
52,4,0.8632786273956299,0.4954054653644562,-0.47946450114250183,0.7982984781265259,0.885263979434967,-0.5150256752967834
52,5,0.8577741980552673,0.48721298575401306,-0.4795936644077301,0.8002458810806274,0.8830574750900269,-0.5150868892669678
52,6,0.8519514203071594,0.4784034490585327,-0.47962507605552673,0.8024061918258667,0.8804255127906799,-0.5152634382247925
52,7,0.8457848429679871,0.4597797989845276,-0.28675171732902527,0.7817497849464417,0.9453089237213135,-0.5903184413909912
52,8,0.8169006705284119,0.43158507347106934,-0.5726773142814636,0.7896542549133301,0.9000176191329956,-0.40790876746177673
52,9,0.8230301737785339,0.5441912412643433,-0.37651991844177246,0.7533785700798035,0.8878698348999023,-0.5184035301208496
52,10,0.8111553192138672,0.5300027132034302,-0.45958441495895386,0.7601633071899414,0.8683765530586243,-0.46567854285240173
52,11,0.7390820980072021,0.43139123916625977,-0.11475661396980286,0.6273446679115295,0.9995149374008179,-0.5622755885124207
52,12,0.69832444190979,0.43080657720565796,-0.6387866735458374,0.7146522402763367,0.8534766435623169,-0.2106868475675583
52,13,0.644351601600647,0.6521687507629395,-0.0459221750497818,0.4471985697746277,0.9647620916366577,-0.5458190441131592
52,14,0.6645405292510986,0.7515190839767456,-0.7060985565185547,0.6106528043746948,0.7612329125404358,0.04079154506325722
52,15,0.5995571613311768,0.860782265663147,-0.1374504715204239,0.29359540343284607,0.9064600467681885,-0.5566279292106628
52,16,0.7556692361831665,1.0116090774536133,-0.6077792644500732,0.6181720495223999,0.7609521150588989,0.20023305714130402
52,17,0.6116580963134766,0.8923507928848267,-0.14315548539161682,0.2461635023355484,0.9089882373809814,-0.581339418888092
52,18,0.791385293006897,1.058140516281128,-0.6881014108657837,0.6118399500846863,0.76786208152771,0.24392934143543243
52,19,0.6169779896736145,0.8972342014312744,-0.2154141068458557,0.25224733352661133,0.887594997882843,-0.6106497645378113
52,20,0.8152794241905212,1.0367498397827148,-0.6489711403846741,0.6321702003479004,0.7598462104797363,0.20843656361103058
52,21,0.5962514281272888,0.8898935317993164,-0.16811682283878326,0.27349668741226196,0.8811959624290466,-0.5646814107894897
52,22,0.7955029010772705,1.0161945819854736,-0.5973615050315857,0.6286051273345947,0.7590925693511963,0.19291818141937256
52,23,0.4275215268135071,0.5014557838439941,0.16157037019729614,0.3914535343647003,0.85129714012146,-0.1168823391199112
52,24,0.33635181188583374,0.49427929520606995,-0.16133621335029602,0.44946497678756714,0.7660753130912781,0.11671207845211029
52,25,0.6378985643386841,0.7546276450157166,0.22004292905330658,0.22298118472099304,0.662939190864563,-0.2711753249168396
52,26,0.3688746988773346,0.7786544561386108,-0.32130229473114014,0.3422701954841614,0.5849015712738037,0.21261271834373474
52,27,0.47631990909576416,0.761978805065155,0.2994611859321594,0.12451407313346863,0.80235356092453,0.18514007329940796
52,28,0.1811828911304474,0.6396672129631042,0.05394134670495987,0.18027421832084656,0.5877035856246948,0.4547388553619385
52,29,0.43989813327789307,0.7338613271713257,0.30656659603118896,0.12526974081993103,0.8365216255187988,0.23496390879154205
52,30,0.14089585840702057,0.5864083170890808,0.0967617928981781,0.1575590968132019,0.6094467639923096,0.4816358983516693
52,31,0.4755077660083771,0.8500673770904541,0.3576831519603729,0.028634488582611084,0.7994396686553955,0.24770532548427582
52,32,0.10423564910888672,0.7566590309143066,0.16297781467437744,0.10200080275535583,0.5046926736831665,0.4623267352581024
53,0,0.8435522317886353,0.5575059056282043,-0.33424827456474304,0.775143027305603,0.8526573181152344,-0.41854971647262573
53,1,0.8657119274139404,0.5272628664970398,-0.3120303153991699,0.8039560914039612,0.8892560005187988,-0.4530452787876129
53,2,0.8660445213317871,0.5241518616676331,-0.31246599555015564,0.7993918657302856,0.9015242457389832,-0.45314639806747437
53,3,0.866551399230957,0.5210002064704895,-0.31305426359176636,0.7993322610855103,0.903237521648407,-0.45333823561668396
53,4,0.8603602647781372,0.5198901891708374,-0.37921208143234253,0.8064103126525879,0.8821672797203064,-0.41604071855545044
53,5,0.8566169738769531,0.5112046003341675,-0.37922203540802,0.8075261116027832,0.880272388458252,-0.416164368391037
53,6,0.8527193069458008,0.5013466477394104,-0.37910333275794983,0.8115897178649902,0.870252788066864,-0.41638562083244324
53,7,0.8451319932937622,0.4727906584739685,-0.17627200484275818,0.7818756103515625,0.9191451072692871,-0.4893029034137726
53,8,0.8249831199645996,0.45211362838745117,-0.47415804862976074,0.7913968563079834,0.888367772102356,-0.3248768150806427
53,9,0.8115893602371216,0.556434154510498,-0.2748108506202698,0.7532988786697388,0.8594927787780762,-0.419701486825943
53,10,0.8037910461425781,0.5426408648490906,-0.36116495728492737,0.7557876110076904,0.8525717854499817,-0.3718097507953644
53,11,0.7514173984527588,0.43354472517967224,-0.004285680130124092,0.6374562978744507,0.9662359356880188,-0.48503923416137695
53,12,0.6786248683929443,0.45210590958595276,-0.5569126605987549,0.7122824192047119,0.8618807792663574,-0.15253853797912598
53,13,0.6878818273544312,0.6867147088050842,0.10864835232496262,0.46665361523628235,0.916474461555481,-0.4349432587623596
53,14,0.6801325678825378,0.7700997591018677,-0.5913904309272766,0.6215610504150391,0.7848206758499146,0.04733022302389145
53,15,0.6322433948516846,0.8913685083389282,0.015678448602557182,0.3438034951686859,0.8554854393005371,-0.3967146873474121
53,16,0.7103768587112427,0.9976117610931396,-0.4215250611305237,0.6834673881530762,0.7847781777381897,0.19419310986995697
53,17,0.6322000026702881,0.9192699193954468,0.00027433689683675766,0.3024507164955139,0.8573505282402039,-0.4149670898914337
53,18,0.6920074224472046,1.0884944200515747,-0.4878849387168884,0.696718692779541,0.7903579473495483,0.21822905540466309
53,19,0.6276878714561462,0.9189814925193787,-0.06101643666625023,0.3131660223007202,0.8392231464385986,-0.450239360332489
53,20,0.744297981262207,1.0282227993011475,-0.4690661132335663,0.7238442897796631,0.8098715543746948,0.20260509848594666
53,21,0.6136596202850342,0.9037165641784668,-0.01179946307092905,0.330083429813385,0.8361374735832214,-0.40682274103164673
53,22,0.710641622543335,1.0387375354766846,-0.4164922535419464,0.6982859969139099,0.7826595306396484,0.19169826805591583
53,23,0.3894607722759247,0.4843556582927704,0.1817004382610321,0.3634020686149597,0.8247839212417603,-0.11941838264465332
53,24,0.31780287623405457,0.4821206331253052,-0.1817270666360855,0.42837584018707275,0.7601884603500366,0.11955347657203674
53,25,0.4929550588130951,0.7935300469398499,0.3013015389442444,0.2308434545993805,0.6091762185096741,-0.21837879717350006
53,26,0.3635140657424927,0.8033617734909058,-0.12343134731054306,0.35418838262557983,0.5530822277069092,0.1529242843389511
53,27,0.2508639395236969,0.6867603659629822,0.4192502498626709,0.11942842602729797,0.6486225724220276,0.18597689270973206
53,28,0.15844778716564178,0.6609622240066528,0.1963871568441391,0.18200916051864624,0.5114292502403259,0.3966207504272461
53,29,0.21725396811962128,0.6264724135398865,0.4309884309768677,0.10409587621688843,0.6728619933128357,0.22980979084968567
53,30,0.12775343656539917,0.6005450487136841,0.23462656140327454,0.1541104018688202,0.5250982046127319,0.4237450063228607
53,31,0.19193241000175476,0.7858396172523499,0.49264848232269287,0.06522324681282043,0.587047815322876,0.25458380579948425
53,32,0.07647709548473358,0.8110470771789551,0.320208340883255,0.12237876653671265,0.41412273049354553,0.4338565468788147
54,0,0.8618516325950623,0.5490808486938477,-0.3621716797351837,0.753649115562439,0.8895517587661743,-0.22043250501155853
54,1,0.8809022307395935,0.5193397998809814,-0.34441155195236206,0.7690166234970093,0.9064412117004395,-0.2534826695919037
54,2,0.8810404539108276,0.5172021389007568,-0.34480908513069153,0.7686392664909363,0.911088764667511,-0.253562331199646
54,3,0.8811599016189575,0.5151001811027527,-0.34532445669174194,0.7681249380111694,0.9157588481903076,-0.25370171666145325
54,4,0.8746824264526367,0.5106155872344971,-0.4073871672153473,0.7685887813568115,0.9002043008804321,-0.22213061153888702
54,5,0.8701435923576355,0.5018098950386047,-0.40745609998703003,0.7683687210083008,0.8987504839897156,-0.22215116024017334
54,6,0.8652370572090149,0.4916496276855469,-0.40742334723472595,0.7681919932365417,0.8973013162612915,-0.22233682870864868
54,7,0.85189288854599,0.4697800874710083,-0.21335814893245697,0.7576233148574829,0.929776668548584,-0.307013601064682
54,8,0.8326146602630615,0.4438875913619995,-0.49573561549186707,0.7579763531684875,0.9063171148300171,-0.16397880017757416
54,9,0.8293116688728333,0.552844226360321,-0.30428698658943176,0.7356261014938354,0.8933117985725403,-0.22972804307937622
54,10,0.8193780183792114,0.539264976978302,-0.38639792799949646,0.7354855537414551,0.8826237916946411,-0.1883920282125473
54,11,0.7459832429885864,0.4479355812072754,-0.036806244403123856,0.6555279493331909,0.9551547765731812,-0.3396156430244446
54,12,0.6837433576583862,0.4627552926540375,-0.5681105256080627,0.6888612508773804,0.8645963072776794,-0.026195941492915154
54,13,0.6666148900985718,0.7062923908233643,0.04458215460181236,0.5217817425727844,0.9514546394348145,-0.3156338632106781
54,14,0.6675219535827637,0.7793020009994507,-0.6091570258140564,0.6410960555076599,0.8054784536361694,0.13209782540798187
54,15,0.6033817529678345,0.8985034227371216,-0.04555334150791168,0.4162902235984802,0.911400556564331,-0.28804269433021545
54,16,0.731120765209198,1.017615556716919,-0.46886155009269714,0.6977519989013672,0.8321281671524048,0.2532958686351776
54,17,0.6114300489425659,0.9202035665512085,-0.055360905826091766,0.38204947113990784,0.9157184958457947,-0.29825127124786377
54,18,0.7132893204689026,1.1072807312011719,-0.5436940789222717,0.7076008319854736,0.8411803841590881,0.2741992473602295
54,19,0.616896390914917,0.9214264154434204,-0.12060164660215378,0.38624799251556396,0.9040382504463196,-0.32468289136886597
54,20,0.7391825318336487,1.0887149572372437,-0.5140947699546814,0.7183737754821777,0.8397437334060669,0.25643861293792725
54,21,0.5915449261665344,0.9142235517501831,-0.07293767482042313,0.3987351953983307,0.8995076417922974,-0.29489070177078247
54,22,0.724862813949585,1.061995267868042,-0.46119552850723267,0.7117669582366943,0.8364405632019043,0.24856498837471008
54,23,0.41491350531578064,0.5091797113418579,0.16849710047245026,0.3895043134689331,0.8162988424301147,-0.12498317658901215
54,24,0.3268907964229584,0.49858081340789795,-0.16836445033550262,0.427304208278656,0.7560926079750061,0.12483016401529312
54,25,0.6132283806800842,0.7939372062683105,0.2789909541606903,0.22665075957775116,0.638964056968689,-0.2593613564968109
54,26,0.3285779058933258,0.8917547464370728,-0.2007032036781311,0.35229456424713135,0.5589860081672668,0.11715572327375412
54,27,0.4185904860496521,0.7949551939964294,0.42715370655059814,0.11646032333374023,0.7841768264770508,0.11801515519618988
54,28,0.14865559339523315,0.7082668542861938,0.17027650773525238,0.1889217048883438,0.5088425874710083,0.3064613938331604
54,29,0.3788105845451355,0.7583110928535461,0.44021666049957275,0.09980279207229614,0.7992527484893799,0.16146568953990936
54,30,0.11376579105854034,0.6525983810424805,0.21184495091438293,0.15885761380195618,0.5258976221084595,0.32417845726013184
54,31,0.3966734707355499,0.9016987085342407,0.4862840175628662,0.032001107931137085,0.7655847072601318,0.1897202432155609
54,32,0.05137234926223755,0.8249008655548096,0.2600896656513214,0.13200649619102478,0.409455806016922,0.31317704916000366
55,0,0.8650349378585815,0.5610743761062622,-0.42129072546958923,0.7451492547988892,0.844752848148346,-0.15577901899814606
55,1,0.8892476558685303,0.5339508056640625,-0.40257394313812256,0.7672006487846375,0.8620977401733398,-0.19051845371723175
55,2,0.8894765377044678,0.5318004488945007,-0.40297019481658936,0.7674857378005981,0.8637435436248779,-0.19058464467525482
55,3,0.8895461559295654,0.5296075344085693,-0.40352800488471985,0.7649213671684265,0.8781784176826477,-0.19075016677379608
55,4,0.8839206695556641,0.5243600010871887,-0.46539655327796936,0.7578753232955933,0.8565196394920349,-0.15125255286693573
55,5,0.8799532651901245,0.5151706337928772,-0.4654422998428345,0.7578548192977905,0.8560855388641357,-0.15125222504138947
55,6,0.8752515316009521,0.5047620534896851,-0.4653668999671936,0.7578624486923218,0.855640709400177,-0.15140460431575775
55,7,0.8626010417938232,0.4767441153526306,-0.27026647329330444,0.7614817023277283,0.9000980854034424,-0.2593842148780823
55,8,0.8439338207244873,0.45088663697242737,-0.5503849387168884,0.7481176853179932,0.8704471588134766,-0.0789877250790596
55,9,0.831789493560791,0.5600555539131165,-0.36196285486221313,0.7275926470756531,0.8509190678596497,-0.17279909551143646
55,10,0.8238754272460938,0.5427289009094238,-0.4431661069393158,0.7281747460365295,0.8416393995285034,-0.12106016278266907
55,11,0.7676864862442017,0.438895583152771,-0.10775531828403473,0.6493527889251709,0.9204258918762207,-0.3130132853984833
55,12,0.6804659366607666,0.45296213030815125,-0.6036655902862549,0.6757037043571472,0.840997576713562,0.05786231532692909
55,13,0.7076584100723267,0.7044494152069092,-0.004347695037722588,0.513131856918335,0.9140702486038208,-0.29402297735214233
55,14,0.6732804775238037,0.7525834441184998,-0.6450299024581909,0.6350957155227661,0.7989810109138489,0.21293888986110687
55,15,0.6377270221710205,0.8960537910461426,-0.11205864697694778,0.4437718689441681,0.8818199634552002,-0.17830228805541992
55,16,0.7143751382827759,1.0060194730758667,-0.5157414674758911,0.6857138872146606,0.8364114165306091,0.3500851094722748
55,17,0.6425752639770508,0.9240932464599609,-0.12770798802375793,0.42113742232322693,0.8821648359298706,-0.17094987630844116
55,18,0.7109670639038086,1.1079156398773193,-0.5912051796913147,0.7155852317810059,0.8291513323783875,0.3777051866054535
55,19,0.6395601630210876,0.9257851839065552,-0.18882127106189728,0.42337313294410706,0.878176212310791,-0.18519769608974457
55,20,0.7413049340248108,1.084896445274353,-0.570049524307251,0.7020781636238098,0.8475501537322998,0.36571335792541504
55,21,0.617723822593689,0.9142112731933594,-0.1373288780450821,0.43143796920776367,0.8756844997406006,-0.17692336440086365
55,22,0.729077160358429,1.054870367050171,-0.5112786889076233,0.6966203451156616,0.8436819314956665,0.34663137793540955
55,23,0.41886013746261597,0.48274776339530945,0.1677660346031189,0.40863922238349915,0.779717206954956,-0.14486752450466156
55,24,0.32833582162857056,0.4853406548500061,-0.16755041480064392,0.4345540702342987,0.7187589406967163,0.1445944458246231
55,25,0.5335251092910767,0.7970684170722961,0.2704838812351227,0.24017740786075592,0.6483939290046692,-0.291612833738327
55,26,0.325508713722229,0.8607237339019775,-0.20374846458435059,0.35209837555885315,0.5453394055366516,0.12712520360946655
55,27,0.3341860771179199,0.7193857431411743,0.5266894102096558,0.11986762285232544,0.7594154477119446,-0.050239671021699905
55,28,0.14143724739551544,0.7079432010650635,0.21331727504730225,0.19189342856407166,0.5259102582931519,0.2552441656589508
55,29,0.30347371101379395,0.6690806746482849,0.5526533126831055,0.11656016111373901,0.7959381937980652,-0.021734045818448067
55,30,0.11536800861358643,0.6613978743553162,0.2602543234825134,0.16308283805847168,0.5456250905990601,0.26482781767845154
55,31,0.2884378433227539,0.8153018951416016,0.626867949962616,0.03590327501296997,0.7500024437904358,-0.029640406370162964
55,32,0.05899716913700104,0.8457748889923096,0.3279189169406891,0.13727274537086487,0.4365195035934448,0.23553399741649628
56,0,0.8540961146354675,0.5648142099380493,-0.3194246292114258,0.7590890526771545,0.8631274700164795,-0.024065008386969566
56,1,0.8797110319137573,0.5362983345985413,-0.30486682057380676,0.7761526107788086,0.8810895681381226,-0.052678488194942474
56,2,0.8800942897796631,0.5334669947624207,-0.30526694655418396,0.7866565585136414,0.892452597618103,-0.05279115214943886
56,3,0.8807417750358582,0.5307096242904663,-0.3057911992073059,0.7877545356750488,0.8935969471931458,-0.05291193723678589
56,4,0.8711234927177429,0.5295727849006653,-0.36890968680381775,0.7761898040771484,0.8752714991569519,-0.029114898294210434
56,5,0.8672360777854919,0.5215503573417664,-0.3689905107021332,0.7768169641494751,0.8746716380119324,-0.029131611809134483
56,6,0.8628658652305603,0.511602520942688,-0.3690149188041687,0.7776201963424683,0.8734846115112305,-0.029247859492897987
56,7,0.8569599390029907,0.48170316219329834,-0.18944111466407776,0.7749255895614624,0.9014045000076294,-0.11350380629301071
56,8,0.840848982334137,0.4629144072532654,-0.4797840714454651,0.7653374671936035,0.8861562013626099,-0.005885872058570385
56,9,0.8229854106903076,0.5621721744537354,-0.2664279341697693,0.7497957944869995,0.8661506175994873,-0.03905942291021347
56,10,0.8162596821784973,0.550308346748352,-0.3507024049758911,0.7442134618759155,0.8571533560752869,-0.008264971897006035
56,11,0.7482524514198303,0.4275530278682709,-0.014980878680944443,0.679592490196228,0.8892911672592163,-0.15518596768379211
56,12,0.7043101191520691,0.4791453778743744,-0.5573537945747375,0.6859420537948608,0.8626108169555664,0.044368989765644073
56,13,0.653060257434845,0.6567674875259399,0.07200979441404343,0.5687822103500366,0.8864543437957764,-0.16833119094371796
56,14,0.6915579438209534,0.7732785940170288,-0.617362380027771,0.6422969102859497,0.8549693822860718,0.12913160026073456
56,15,0.5854164361953735,0.8518531322479248,0.0014573810622096062,0.5412779450416565,0.8735032677650452,-0.12229543924331665
56,16,0.7332192063331604,1.02765953540802,-0.4733283221721649,0.6869473457336426,0.8772642016410828,0.23852500319480896
56,17,0.5786170363426208,0.8867800831794739,0.0031334455125033855,0.5297467708587646,0.8747595548629761,-0.11904348433017731
56,18,0.7442202568054199,1.1369012594223022,-0.5467718243598938,0.6957027912139893,0.8857212066650391,0.2433263510465622
56,19,0.5821948051452637,0.8908984661102295,-0.06430846452713013,0.5346834659576416,0.8760669827461243,-0.12983156740665436
56,20,0.7703857421875,1.1147010326385498,-0.5079335570335388,0.7022969722747803,0.8812768459320068,0.23869407176971436
56,21,0.57265704870224,0.8793778419494629,-0.0263304952532053,0.5363470911979675,0.8745616674423218,-0.12287701666355133
56,22,0.7546129822731018,1.0827703475952148,-0.46162858605384827,0.6976318955421448,0.8761824369430542,0.23524926602840424
56,23,0.428081750869751,0.4917321503162384,0.1712668538093567,0.44339486956596375,0.7341761589050293,-0.08846157789230347
56,24,0.34268009662628174,0.5122966766357422,-0.17106468975543976,0.4576728940010071,0.6966885328292847,0.08830540627241135
56,25,0.6235195398330688,0.7532907724380493,0.3252655863761902,0.2984422445297241,0.6587237119674683,-0.2748204469680786
56,26,0.31752827763557434,0.8726581931114197,-0.18801605701446533,0.3545018434524536,0.5731068849563599,-0.07791551947593689
56,27,0.4607652723789215,0.8246726989746094,0.48067933320999146,0.17749643325805664,0.5926910042762756,-0.0927949920296669
56,28,0.14755982160568237,0.717087984085083,0.20423740148544312,0.17355474829673767,0.602099597454071,0.03555680066347122
56,29,0.4212980270385742,0.8022037148475647,0.4926801025867462,0.1655755341053009,0.5991518497467041,-0.07275933027267456
56,30,0.12061330676078796,0.6528998613357544,0.24737723171710968,0.1485392451286316,0.6237684488296509,0.046398501843214035
56,31,0.4569441080093384,0.9385820627212524,0.5472913980484009,0.12172704935073853,0.522554337978363,-0.12380576878786087
56,32,0.045629099011421204,0.8445613384246826,0.29939761757850647,0.11581835150718689,0.5488438606262207,-0.005374298896640539
57,0,0.8548179864883423,0.5640539526939392,-0.43238234519958496,0.7671211957931519,0.8671045303344727,-0.025606254115700722
57,1,0.8773321509361267,0.536765992641449,-0.42033272981643677,0.7780503034591675,0.8820658326148987,-0.053152550011873245
57,2,0.8778300285339355,0.5342164039611816,-0.42073774337768555,0.7754558324813843,0.8928570747375488,-0.05319627374410629
57,3,0.8783512711524963,0.5316433906555176,-0.42128077149391174,0.7759488224983215,0.8949452638626099,-0.053318511694669724
57,4,0.8717689514160156,0.5295097231864929,-0.4839802384376526,0.7791538238525391,0.8770281076431274,-0.02161259949207306
57,5,0.8679129481315613,0.5212746262550354,-0.48404812812805176,0.7800365686416626,0.8766627311706543,-0.02163945510983467
57,6,0.8635339140892029,0.5110953450202942,-0.4840684235095978,0.7813493609428406,0.8759902119636536,-0.021664634346961975
57,7,0.858062207698822,0.4805085062980652,-0.300480455160141,0.7644369602203369,0.9035969972610474,-0.10710617154836655
57,8,0.8410987257957458,0.45883604884147644,-0.5906981229782104,0.7667418718338013,0.8887432813644409,0.0353381372988224
57,9,0.8238372206687927,0.5614453554153442,-0.3766155242919922,0.7487903833389282,0.8722575306892395,-0.03995282202959061
57,10,0.8171268701553345,0.548875093460083,-0.4607487916946411,0.7494544982910156,0.8645389080047607,0.0005421668174676597
57,11,0.7495591640472412,0.4416956901550293,-0.12989433109760284,0.6886876225471497,0.9043397903442383,-0.17559219896793365
57,12,0.6935989856719971,0.45930227637290955,-0.6517404317855835,0.6929960250854492,0.8747339844703674,0.1337316334247589
57,13,0.6660832166671753,0.6903814673423767,-0.051255952566862106,0.6489301919937134,0.8530252575874329,-0.10990980267524719
57,14,0.6902069449424744,0.769494354724884,-0.7047114372253418,0.6795558929443359,0.8247959613800049,0.15059494972229004
57,15,0.5841362476348877,0.8886944055557251,-0.16678333282470703,0.6905900835990906,0.819373369216919,0.1344100534915924
57,16,0.7319476008415222,1.024682879447937,-0.5957731604576111,0.7274919152259827,0.8129483461380005,0.1322803944349289
57,17,0.5788940787315369,0.9105857610702515,-0.1745275855064392,0.6964864730834961,0.8102757930755615,0.15303094685077667
57,18,0.7347348928451538,1.129084825515747,-0.6768152713775635,0.7450748682022095,0.8095021843910217,0.13706324994564056
57,19,0.5901972055435181,0.9115222692489624,-0.24872589111328125,0.6995798945426941,0.8127894997596741,0.16147930920124054
57,20,0.7635389566421509,1.1057403087615967,-0.6497690677642822,0.7387884259223938,0.8111459612846375,0.13152627646923065
57,21,0.565191388130188,0.911811888217926,-0.1975267380475998,0.6941490769386292,0.8170402646064758,0.14805296063423157
57,22,0.7491986751556396,1.0731840133666992,-0.588892936706543,0.7326631546020508,0.8145516514778137,0.12625402212142944
57,23,0.4393119812011719,0.4986305832862854,0.1553262323141098,0.46611151099205017,0.765213668346405,-0.10747315734624863
57,24,0.3398527204990387,0.48423901200294495,-0.15499156713485718,0.4773506820201874,0.7302688956260681,0.10713938623666763
57,25,0.6250014901161194,0.7799696922302246,0.2288326770067215,0.2841321527957916,0.704868733882904,-0.2454937845468521
57,26,0.23706452548503876,0.7276270389556885,-0.3227776885032654,0.337036669254303,0.6269704699516296,0.0683773010969162
57,27,0.47914451360702515,0.869278073310852,0.34237948060035706,0.15954959392547607,0.8012590408325195,-0.12445254623889923
57,28,0.13809439539909363,0.6979665160179138,0.18599571287631989,0.21352088451385498,0.7118785381317139,0.16721825301647186
57,29,0.4389191269874573,0.8523707985877991,0.352219820022583,0.15685796737670898,0.8242070078849792,-0.10969161987304688
57,30,0.11660946905612946,0.6456454992294312,0.24265339970588684,0.20032456517219543,0.7361365556716919,0.1776915043592453
57,31,0.4873512089252472,0.9836806058883667,0.40441787242889404,0.07480648159980774,0.7936410903930664,-0.13302187621593475
57,32,0.04667764902114868,0.8352468609809875,0.31211134791374207,0.15914997458457947,0.6824971437454224,0.1670188307762146
58,0,0.865676760673523,0.5618186593055725,-0.16125087440013885,0.5,0.5,0.0
58,1,0.8857994079589844,0.5339829921722412,-0.14323796331882477,0.5,0.5,0.0
58,2,0.8853272199630737,0.5301564931869507,-0.14363957941532135,0.5,0.5,0.0
58,3,0.8848094940185547,0.5261839628219604,-0.1441001296043396,0.5,0.5,0.0
58,4,0.8833832740783691,0.5282025933265686,-0.20863068103790283,0.5,0.5,0.0
58,5,0.8808785676956177,0.5196847319602966,-0.20864146947860718,0.5,0.5,0.0
58,6,0.8779864311218262,0.5100572109222412,-0.20861807465553284,0.5,0.5,0.0
58,7,0.8648539781570435,0.4739223122596741,-0.0383901372551918,0.5,0.5,0.0
58,8,0.8572964668273926,0.46338778734207153,-0.32990002632141113,0.5,0.5,0.0
58,9,0.8318026065826416,0.555974006652832,-0.11427640914916992,0.5,0.5,0.0
58,10,0.8279315233230591,0.545596718788147,-0.19895203411579132,0.5,0.5,0.0
58,11,0.7513222694396973,0.41088157892227173,0.12617726624011993,0.5,0.5,0.0
58,12,0.7125463485717773,0.47667258977890015,-0.45407238602638245,0.5,0.5,0.0
58,13,0.6792445182800293,0.6897829174995422,0.22107991576194763,0.5,0.5,0.0
58,14,0.6918579936027527,0.7762905359268188,-0.4936526417732239,0.5,0.5,0.0
58,15,0.61983323097229,0.8935806155204773,0.15207600593566895,0.5,0.5,0.0
58,16,0.693610429763794,0.9656745195388794,-0.2774142324924469,0.5,0.5,0.0
58,17,0.6169004440307617,0.9297925233840942,0.15529468655586243,0.5,0.5,0.0
58,18,0.6842182874679565,1.0423656702041626,-0.3343196213245392,0.5,0.5,0.0
58,19,0.6179186105728149,0.9121185541152954,0.09472857415676117,0.5,0.5,0.0
58,20,0.7002379298210144,1.023590087890625,-0.30596476793289185,0.5,0.5,0.0
58,21,0.6069455146789551,0.9158278107643127,0.1270885020494461,0.5,0.5,0.0
58,22,0.6885143518447876,0.998753547668457,-0.2682952880859375,0.5,0.5,0.0
58,23,0.37561872601509094,0.4528528153896332,0.19537310302257538,0.5,0.5,0.0
58,24,0.30114394426345825,0.49217069149017334,-0.19574466347694397,0.5,0.5,0.0
58,25,0.557891845703125,0.7871120572090149,0.4481411278247833,0.5,0.5,0.0
58,26,0.34610432386398315,0.9320487380027771,-0.08489176630973816,0.5,0.5,0.0
58,27,0.28971830010414124,0.7262129187583923,0.47699862718582153,0.5,0.5,0.0
58,28,0.15651878714561462,0.7519171833992004,0.22179841995239258,0.5,0.5,0.0
58,29,0.2502860426902771,0.6704950928688049,0.47981247305870056,0.5,0.5,0.0
58,30,0.10027891397476196,0.6895642280578613,0.26204901933670044,0.5,0.5,0.0
58,31,0.221705824136734,0.8352599143981934,0.5536829233169556,0.5,0.5,0.0
58,32,0.07278704643249512,0.8728832006454468,0.3920572102069855,0.5,0.5,0.0
59,0,0.8565145134925842,0.5592657923698425,-0.11437714099884033,0.7703757286071777,0.9025900363922119,-0.2890486717224121
59,1,0.8795512318611145,0.5352755188941956,-0.09266912937164307,0.7868804931640625,0.9165310263633728,-0.31544598937034607
59,2,0.8793737888336182,0.5318431258201599,-0.09306709468364716,0.7869126200675964,0.9212086200714111,-0.31547820568084717
59,3,0.8792738318443298,0.528232753276825,-0.09352441132068634,0.7825422286987305,0.9216281771659851,-0.31559085845947266
59,4,0.8775596618652344,0.5288253426551819,-0.16266998648643494,0.7860305309295654,0.9093407392501831,-0.2886876165866852
59,5,0.8756162524223328,0.5203885436058044,-0.16266368329524994,0.7856390476226807,0.9078450202941895,-0.2887502908706665
59,6,0.8734838962554932,0.5113148093223572,-0.16262178122997284,0.7852724194526672,0.9063135385513306,-0.2889378070831299
59,7,0.86378014087677,0.4750576913356781,0.027339575812220573,0.7807249426841736,0.9363124966621399,-0.3357701003551483
59,8,0.8566622138023376,0.4627496302127838,-0.28548988699913025,0.7731201648712158,0.9162943959236145,-0.21377308666706085
59,9,0.8230111002922058,0.5500704646110535,-0.06150655075907707,0.7512437105178833,0.9096213579177856,-0.2883028984069824
59,10,0.8192342519760132,0.5390726923942566,-0.15238483250141144,0.7504150867462158,0.8982969522476196,-0.2534114420413971
59,11,0.7522332668304443,0.400654673576355,0.20888251066207886,0.6783648133277893,0.9663592576980591,-0.3132888376712799
59,12,0.7454977035522461,0.4424624443054199,-0.42518550157546997,0.68788743019104,0.8809031248092651,-0.10525774955749512
59,13,0.6736739873886108,0.6630136370658875,0.32410910725593567,0.6786233186721802,0.9462617635726929,-0.24744045734405518
59,14,0.6922035217285156,0.7458126544952393,-0.46620988845825195,0.6480722427368164,0.8340937495231628,0.027657628059387207
59,15,0.6269700527191162,0.884874701499939,0.23768797516822815,0.7347614765167236,0.8884502649307251,0.0078970305621624
59,16,0.7026327252388,0.9739190340042114,-0.22537116706371307,0.7023305892944336,0.8595909476280212,0.13567407429218292
59,17,0.6407375335693359,0.9026213884353638,0.23385323584079742,0.7505533695220947,0.871080756187439,0.023301467299461365
59,18,0.6964333057403564,1.0435192584991455,-0.2794778645038605,0.7136242389678955,0.8643865585327148,0.13808239996433258
59,19,0.6408334970474243,0.9056899547576904,0.1715407520532608,0.7443737387657166,0.8803485631942749,0.03300890699028969
59,20,0.7160053253173828,1.0255763530731201,-0.24639654159545898,0.7213531732559204,0.8666142225265503,0.13733401894569397
59,21,0.6199808120727539,0.9143780469894409,0.2088898867368698,0.7351158261299133,0.8857402801513672,0.018636424094438553
59,22,0.7043845653533936,0.9971454739570618,-0.21276383101940155,0.716020405292511,0.8656473755836487,0.13645261526107788
59,23,0.3506810665130615,0.44024261832237244,0.21052809059619904,0.4013229310512543,0.8489166498184204,-0.0931171327829361
59,24,0.28731873631477356,0.4723301827907562,-0.21073712408542633,0.43421927094459534,0.7728508114814758,0.09284771978855133
59,25,0.4749607741832733,0.8057634830474854,0.3851773738861084,0.22710373997688293,0.6945260763168335,-0.2275499701499939
59,26,0.33989596366882324,0.9323645830154419,-0.11440053582191467,0.34363242983818054,0.5655750632286072,0.08631328493356705
59,27,0.1862901747226715,0.7208629250526428,0.507800817489624,0.12974289059638977,0.7968789935112,0.1923324018716812
59,28,0.15092214941978455,0.7541760206222534,0.23894594609737396,0.20500028133392334,0.5789045095443726,0.33309656381607056
59,29,0.1458633840084076,0.653675377368927,0.5194224119186401,0.12753590941429138,0.822478711605072,0.24095413088798523
59,30,0.12721408903598785,0.6790364980697632,0.2862800657749176,0.18974168598651886,0.5993601083755493,0.3617917597293854
59,31,0.10759563744068146,0.8326644897460938,0.5873087048530579,0.03920549154281616,0.8008875250816345,0.25163233280181885
59,32,0.06487257778644562,0.8696811199188232,0.4376991093158722,0.13097259402275085,0.523681640625,0.35365620255470276
60,0,0.8627902269363403,0.5491964221000671,-0.10162445902824402,0.7659333944320679,0.8491379022598267,-0.3003295361995697
60,1,0.8859996795654297,0.5231625437736511,-0.08448532223701477,0.783906877040863,0.8818726539611816,-0.32857632637023926
60,2,0.8852429389953613,0.516459584236145,-0.08479916304349899,0.781089186668396,0.8990249037742615,-0.3287101984024048
60,3,0.8842613697052002,0.5099368095397949,-0.08512378484010696,0.7805724143981934,0.9025658369064331,-0.3289671838283539
60,4,0.8850395679473877,0.5218827128410339,-0.14934881031513214,0.7855009436607361,0.8730754852294922,-0.2921062111854553
60,5,0.883434534072876,0.5141501426696777,-0.14938896894454956,0.7878144979476929,0.8630582690238953,-0.2921566665172577
60,6,0.8827617168426514,0.5060650110244751,-0.14945942163467407,0.7895619869232178,0.8718068599700928,-0.29245075583457947
60,7,0.8656195402145386,0.45482540130615234,0.0056275962851941586,0.7725846767425537,0.9384120106697083,-0.3526899218559265
60,8,0.8627792596817017,0.4552331566810608,-0.29224497079849243,0.7774622440338135,0.8954818248748779,-0.18428584933280945
60,9,0.8250023126602173,0.534120500087738,-0.06248832866549492,0.7421579360961914,0.8624352216720581,-0.2982350289821625
60,10,0.8243700265884399,0.5294804573059082,-0.14887580275535583,0.745745062828064,0.8446129560470581,-0.24931849539279938
60,11,0.7464109659194946,0.38132983446121216,0.1157851591706276,0.6206847429275513,1.0200326442718506,-0.3615913689136505
60,12,0.7550506591796875,0.44695690274238586,-0.4385615885257721,0.6910281181335449,0.8441001772880554,-0.038330078125
60,13,0.6345622539520264,0.5518777370452881,0.1158585175871849,0.4464125335216522,1.015963077545166,-0.3706580400466919
60,14,0.6873186230659485,0.7103049159049988,-0.5105322599411011,0.6109499335289001,0.7385443449020386,0.1589658409357071
60,15,0.5545499324798584,0.7426785230636597,0.007966211065649986,0.3029631972312927,0.9552900791168213,-0.37958818674087524
60,16,0.7006928324699402,0.9620859622955322,-0.3858772814273834,0.6764720678329468,0.7618774771690369,0.3436320424079895
60,17,0.5442118048667908,0.7834568619728088,0.007619058713316917,0.2570747137069702,0.9565103054046631,-0.3912544250488281
60,18,0.6823639869689941,1.0388503074645996,-0.4427526891231537,0.6879698634147644,0.7733373045921326,0.37937131524086
60,19,0.5465564727783203,0.7857346534729004,-0.04492200165987015,0.2657839357852936,0.9322909116744995,-0.4202444553375244
60,20,0.706497073173523,1.0342204570770264,-0.41781264543533325,0.7247085571289062,0.8023923635482788,0.3775663673877716
60,21,0.5414936542510986,0.7731857895851135,-0.016481515020132065,0.2837998867034912,0.9267125725746155,-0.387996107339859
60,22,0.695527195930481,1.002448320388794,-0.37687256932258606,0.6909095048904419,0.7713572978973389,0.3486797511577606
60,23,0.41235819458961487,0.4443400800228119,0.15524831414222717,0.3404231071472168,0.8675448894500732,-0.11577589809894562
60,24,0.3634231388568878,0.4481412172317505,-0.15515752136707306,0.4056257903575897,0.7696352005004883,0.1159692108631134
60,25,0.551915168762207,0.7165210843086243,0.25199687480926514,0.16413433849811554,0.6461271047592163,-0.2930273711681366
60,26,0.3717571496963501,0.5913766622543335,-0.4287330210208893,0.3817136883735657,0.5369574427604675,0.07240032404661179
60,27,0.39492368698120117,0.7648375630378723,0.21987175941467285,0.13534274697303772,0.7640058994293213,0.24952520430088043
60,28,0.3115406334400177,0.6688098907470703,0.06082439050078392,0.23983366787433624,0.5536328554153442,0.3612963855266571
60,29,0.35607296228408813,0.7443708777427673,0.2174062579870224,0.14224770665168762,0.7976922392845154,0.3133837580680847
60,30,0.30266791582107544,0.6448681354522705,0.12298634648323059,0.21971194446086884,0.5800462365150452,0.39721372723579407
60,31,0.40580758452415466,0.8627975583076477,0.2422853410243988,0.055230528116226196,0.7319744229316711,0.37719762325286865
60,32,0.32471948862075806,0.7988226413726807,0.2363295704126358,0.17051078379154205,0.46861159801483154,0.42379850149154663
61,0,0.8609632253646851,0.5513145923614502,-0.12892739474773407,0.7466928958892822,0.8685202598571777,-0.19365428388118744
61,1,0.8829361200332642,0.5259453058242798,-0.1152234897017479,0.7649925351142883,0.884930431842804,-0.2176325023174286
61,2,0.8820935487747192,0.5215322375297546,-0.11553998291492462,0.7651591300964355,0.8918150067329407,-0.21773764491081238
61,3,0.8812206983566284,0.5166859030723572,-0.11593698710203171,0.7652026414871216,0.8986983299255371,-0.21797922253608704
61,4,0.883359432220459,0.5217127203941345,-0.17666593194007874,0.7647454738616943,0.8744281530380249,-0.1884179562330246
61,5,0.8825918436050415,0.5137025117874146,-0.17670121788978577,0.7648732662200928,0.8721616268157959,-0.18846967816352844
61,6,0.8814562559127808,0.5046594738960266,-0.17677779495716095,0.7650783061981201,0.8698387145996094,-0.18877001106739044
61,7,0.8659087419509888,0.46351683139801025,-0.03038364090025425,0.7565990686416626,0.9220452308654785,-0.24563096463680267
61,8,0.8646016120910645,0.45417162775993347,-0.3097698986530304,0.7565651535987854,0.8848709464073181,-0.11008299887180328
61,9,0.8255459070205688,0.538154125213623,-0.09043829143047333,0.7284912467002869,0.8835657238960266,-0.19602343440055847
61,10,0.8257291316986084,0.5318147540092468,-0.17180265486240387,0.7278896570205688,0.8674570322036743,-0.15720951557159424
61,11,0.7451728582382202,0.40429842472076416,0.10539838671684265,0.6590646505355835,0.9739848375320435,-0.24558871984481812
61,12,0.7538408041000366,0.44936251640319824,-0.45190730690956116,0.6846290826797485,0.8535062074661255,-0.009852534160017967
61,13,0.641008198261261,0.6015427112579346,0.13838739693164825,0.5719560384750366,0.9691034555435181,-0.23452669382095337
61,14,0.7052346467971802,0.7183278203010559,-0.5061013698577881,0.6665111184120178,0.7920112013816833,0.11039484292268753
61,15,0.5647269487380981,0.8001371622085571,0.0463227704167366,0.6212204694747925,0.929718017578125,-0.12160488963127136
61,16,0.7128278017044067,0.9826524257659912,-0.3537207245826721,0.7342596054077148,0.8194631338119507,0.16703961789608002
61,17,0.5530548691749573,0.8436594009399414,0.04885442927479744,0.6271072626113892,0.9239882230758667,-0.10982369631528854
61,18,0.6937086582183838,1.054874300956726,-0.4119352698326111,0.7466480731964111,0.8259490132331848,0.16982918977737427
61,19,0.552901566028595,0.8464866876602173,-0.010538594797253609,0.6357619762420654,0.9251543283462524,-0.09854762256145477
61,20,0.714594841003418,1.0489656925201416,-0.3879149258136749,0.7520548105239868,0.8312585949897766,0.16924434900283813
61,21,0.5478695631027222,0.8317838311195374,0.019091207534074783,0.6331249475479126,0.9248294234275818,-0.10942543298006058
61,22,0.7051989436149597,1.0175352096557617,-0.34538084268569946,0.7472889423370361,0.830815315246582,0.1652822494506836
61,23,0.41566920280456543,0.4426678419113159,0.18012602627277374,0.37062984704971313,0.8221601247787476,-0.09835611283779144
61,24,0.3584171533584595,0.4622338116168976,-0.17994309961795807,0.41048604249954224,0.7428003549575806,0.09842853993177414
61,25,0.5863710641860962,0.7113532423973083,0.33394086360931396,0.1971016526222229,0.6263083815574646,-0.3097004294395447
61,26,0.38254788517951965,0.7752185463905334,-0.23003464937210083,0.3159346282482147,0.5084327459335327,0.019861392676830292
61,27,0.44063445925712585,0.7592648267745972,0.39996373653411865,0.15231670439243317,0.6864901781082153,0.05838663876056671
61,28,0.34019097685813904,0.8144997358322144,0.3163765072822571,0.2050720900297165,0.6690792441368103,0.24714849889278412
61,29,0.40287885069847107,0.7342344522476196,0.4064730107784271,0.1614023596048355,0.7037378549575806,0.10014427453279495
61,30,0.3267041742801666,0.7834721207618713,0.38169366121292114,0.20161470770835876,0.704183042049408,0.2728379964828491
61,31,0.4470890164375305,0.8762648105621338,0.4270709156990051,0.07480505108833313,0.6867494583129883,0.12879014015197754
61,32,0.36089158058166504,0.9378741383552551,0.4767107367515564,0.12531587481498718,0.6610301733016968,0.29767686128616333
62,0,0.8548030853271484,0.5442677140235901,-0.12746171653270721,0.5,0.5,0.0
62,1,0.8843843936920166,0.5198941230773926,-0.10447125136852264,0.5,0.5,0.0
62,2,0.8840901851654053,0.5166112184524536,-0.10486732423305511,0.5,0.5,0.0
62,3,0.8836965560913086,0.5130844116210938,-0.1053783968091011,0.5,0.5,0.0
62,4,0.8806678056716919,0.5128111243247986,-0.17045660316944122,0.5,0.5,0.0
62,5,0.8795286417007446,0.5035874247550964,-0.17050513625144958,0.5,0.5,0.0
62,6,0.8768686056137085,0.49358996748924255,-0.17049546539783478,0.5,0.5,0.0
62,7,0.8638162612915039,0.45997047424316406,0.0016194351483136415,0.5,0.5,0.0
62,8,0.8561848402023315,0.44423696398735046,-0.2977070212364197,0.5,0.5,0.0
62,9,0.8207725286483765,0.5371371507644653,-0.08252118527889252,0.5,0.5,0.0
62,10,0.815420389175415,0.5258517861366272,-0.16964101791381836,0.5,0.5,0.0
62,11,0.7613921165466309,0.3744538426399231,0.13434703648090363,0.5,0.5,0.0
62,12,0.7236087918281555,0.43657827377319336,-0.42712706327438354,0.5,0.5,0.0
62,13,0.6409764885902405,0.5560885071754456,0.21749231219291687,0.5,0.5,0.0
62,14,0.6463987231254578,0.7103015780448914,-0.4585680663585663,0.5,0.5,0.0
62,15,0.5787049531936646,0.7521874904632568,0.16502869129180908,0.5,0.5,0.0
62,16,0.6954666376113892,0.9639377593994141,-0.28199365735054016,0.5,0.5,0.0
62,17,0.573663592338562,0.7789427042007446,0.17343123257160187,0.5,0.5,0.0
62,18,0.6844949126243591,1.0396966934204102,-0.34216299653053284,0.5,0.5,0.0
62,19,0.5769120454788208,0.8011118769645691,0.11005599051713943,0.5,0.5,0.0
62,20,0.7121424674987793,1.0223002433776855,-0.31017574667930603,0.5,0.5,0.0
62,21,0.5694059133529663,0.7883504033088684,0.13747461140155792,0.5,0.5,0.0
62,22,0.7010427713394165,0.989811360836029,-0.27178755402565,0.5,0.5,0.0
62,23,0.4143558144569397,0.423458993434906,0.17357847094535828,0.5,0.5,0.0
62,24,0.3484725058078766,0.4431358277797699,-0.1732081025838852,0.5,0.5,0.0
62,25,0.5511815547943115,0.7237178087234497,0.2996332347393036,0.5,0.5,0.0
62,26,0.4055665135383606,0.7300755381584167,-0.2528960704803467,0.5,0.5,0.0
62,27,0.36575931310653687,0.7180216908454895,0.36676400899887085,0.5,0.5,0.0
62,28,0.34937959909439087,0.7844921350479126,0.23996073007583618,0.5,0.5,0.0
62,29,0.3320924639701843,0.6839897036552429,0.3740901052951813,0.5,0.5,0.0
62,30,0.3360901474952698,0.755287766456604,0.2996346950531006,0.5,0.5,0.0
62,31,0.3469725549221039,0.8140305280685425,0.4088456928730011,0.5,0.5,0.0
62,32,0.3668435215950012,0.9127885103225708,0.408706396818161,0.5,0.5,0.0
63,0,0.8682452440261841,0.5315216183662415,-0.04670582711696625,0.5,0.5,0.0
63,1,0.8914939165115356,0.5069433450698853,-0.032763611525297165,0.5,0.5,0.0
63,2,0.89014732837677,0.5027942061424255,-0.03297046944499016,0.5,0.5,0.0
63,3,0.8885008096694946,0.4982770085334778,-0.0332215242087841,0.5,0.5,0.0
63,4,0.891605019569397,0.5022769570350647,-0.09582134336233139,0.5,0.5,0.0
63,5,0.8909770250320435,0.4945654571056366,-0.09577587246894836,0.5,0.5,0.0
63,6,0.8893009424209595,0.48622819781303406,-0.09575467556715012,0.5,0.5,0.0
63,7,0.8696603775024414,0.4457307457923889,0.056458305567502975,0.5,0.5,0.0
63,8,0.8719077110290527,0.43866947293281555,-0.23372870683670044,0.5,0.5,0.0
63,9,0.8320915699005127,0.5201371312141418,-0.0077651310712099075,0.5,0.5,0.0
63,10,0.834875226020813,0.5133030414581299,-0.0919157862663269,0.5,0.5,0.0
63,11,0.7452840805053711,0.3967609405517578,0.1643461436033249,0.5,0.5,0.0
63,12,0.7820037603378296,0.43949198722839355,-0.38199520111083984,0.5,0.5,0.0
63,13,0.6363843679428101,0.5765842199325562,0.17127074301242828,0.5,0.5,0.0
63,14,0.7442069053649902,0.7056844234466553,-0.47280755639076233,0.5,0.5,0.0
63,15,0.5541155338287354,0.8065459728240967,0.07849984616041183,0.5,0.5,0.0
63,16,0.7228509187698364,0.9632170796394348,-0.3380115032196045,0.5,0.5,0.0
63,17,0.5622021555900574,0.8608759641647339,0.08163519203662872,0.5,0.5,0.0
63,18,0.7213062047958374,1.0253833532333374,-0.38117289543151855,0.5,0.5,0.0
63,19,0.5668165683746338,0.8685959577560425,0.02441544458270073,0.5,0.5,0.0
63,20,0.7366119623184204,1.0294872522354126,-0.3587470054626465,0.5,0.5,0.0
63,21,0.5696297883987427,0.8412289619445801,0.05165356770157814,0.5,0.5,0.0
63,22,0.7261403799057007,1.0012354850769043,-0.3286682665348053,0.5,0.5,0.0
63,23,0.4006687104701996,0.4833161234855652,0.15375973284244537,0.5,0.5,0.0
63,24,0.36935141682624817,0.4764195680618286,-0.15405312180519104,0.5,0.5,0.0
63,25,0.6009085774421692,0.7570893168449402,0.23535719513893127,0.5,0.5,0.0
63,26,0.48173844814300537,0.674248456954956,-0.37957343459129333,0.5,0.5,0.0
63,27,0.4494292140007019,0.7352579832077026,0.1755295693874359,0.5,0.5,0.0
63,28,0.40310782194137573,0.6942372918128967,0.09491196274757385,0.5,0.5,0.0
63,29,0.41742968559265137,0.7050358057022095,0.17209839820861816,0.5,0.5,0.0
63,30,0.39241236448287964,0.6580845713615417,0.1600683182477951,0.5,0.5,0.0
63,31,0.4518928527832031,0.7988697290420532,0.19395698606967926,0.5,0.5,0.0
63,32,0.4086325466632843,0.8092358112335205,0.2993791997432709,0.5,0.5,0.0
64,0,0.8748248815536499,0.5279633402824402,0.004660134669393301,0.7410480976104736,0.9092411994934082,-0.23573528230190277
64,1,0.8980635404586792,0.5008043050765991,0.022368231788277626,0.7644343376159668,0.9220786690711975,-0.2492680847644806
64,2,0.8964323997497559,0.4972192049026489,0.022087780758738518,0.7647111415863037,0.9230477809906006,-0.2494107186794281
64,3,0.8945596218109131,0.4933939576148987,0.02176019176840782,0.7532438039779663,0.9385055899620056,-0.24970318377017975
64,4,0.8977514505386353,0.49479836225509644,-0.04189686104655266,0.7649357318878174,0.917300820350647,-0.24125869572162628
64,5,0.8965330123901367,0.48657700419425964,-0.041925057768821716,0.7712812423706055,0.9017347693443298,-0.24124544858932495
64,6,0.8945322036743164,0.4778129458427429,-0.04194604605436325,0.7722234725952148,0.8993474245071411,-0.24135266244411469
64,7,0.874657154083252,0.44534632563591003,0.12683968245983124,0.7618648409843445,0.9373013973236084,-0.23777496814727783
64,8,0.874423623085022,0.4338829219341278,-0.16514736413955688,0.7546066641807556,0.9050526022911072,-0.1909130960702896
64,9,0.8377723693847656,0.5191789865493774,0.04951928183436394,0.7216472625732422,0.9055536985397339,-0.22322823107242584
64,10,0.8371375799179077,0.5104297399520874,-0.035414036363363266,0.7260128259658813,0.8915708661079407,-0.20957587659358978
64,11,0.7336447238922119,0.41410472989082336,0.26000097393989563,0.626254677772522,0.9411641359329224,-0.2183038294315338
64,12,0.7776349782943726,0.43273186683654785,-0.32442012429237366,0.6914035081863403,0.813468337059021,-0.12143538892269135
64,13,0.6236680746078491,0.6214527487754822,0.2870490550994873,0.4822264611721039,0.9186704158782959,-0.20526406168937683
64,14,0.7163084745407104,0.720771312713623,-0.398910790681839,0.6251754760742188,0.7588125467300415,0.029702479019761086
64,15,0.5874391198158264,0.8424049615859985,0.20477120578289032,0.3662906885147095,0.8938365578651428,-0.24800720810890198
64,16,0.7390996813774109,0.9796222448348999,-0.2521553039550781,0.6750940084457397,0.8332964181900024,0.2212018519639969
64,17,0.5821253061294556,0.9000775814056396,0.21608011424541473,0.3305168151855469,0.8985892534255981,-0.23834441602230072
64,18,0.7330217361450195,1.0604801177978516,-0.29808497428894043,0.6817204356193542,0.8512205481529236,0.2600875794887543
64,19,0.5871353149414062,0.8994823694229126,0.15291479229927063,0.3328295648097992,0.8830097913742065,-0.28247693181037903
64,20,0.7474571466445923,1.0570237636566162,-0.25610587000846863,0.7028493881225586,0.8352751135826111,0.2508414387702942
64,21,0.5894069075584412,0.8770797252655029,0.17605072259902954,0.34805232286453247,0.8771095275878906,-0.26263749599456787
64,22,0.7473472952842712,1.003922462463379,-0.23587064445018768,0.7043418884277344,0.838302731513977,0.22440437972545624
64,23,0.3839622437953949,0.48094406723976135,0.17671553790569305,0.4130708575248718,0.7237232327461243,-0.009583024308085442
64,24,0.3655310571193695,0.4748470187187195,-0.17682455480098724,0.46946796774864197,0.6557608842849731,0.009303378872573376
64,25,0.593754768371582,0.7918316125869751,0.2803800702095032,0.1951409876346588,0.7329962253570557,-0.18533848226070404
64,26,0.5579819679260254,0.7797106504440308,-0.23629167675971985,0.5059425830841064,0.5494812726974487,0.018552806228399277
64,27,0.44337332248687744,0.8132598996162415,0.2697775959968567,0.3404190242290497,0.6838028430938721,0.01828094944357872
64,28,0.4510852098464966,0.8054031133651733,0.1951216757297516,0.6983078718185425,0.5919275879859924,0.057498715817928314
64,29,0.41161465644836426,0.7802679538726807,0.2695234417915344,0.37946075201034546,0.6849454641342163,0.046563006937503815
64,30,0.430289626121521,0.7610710859298706,0.25552913546562195,0.7116794586181641,0.6012474298477173,0.0680636614561081
64,31,0.43862685561180115,0.8994089365005493,0.2751483917236328,0.35122641921043396,0.6358034014701843,0.07860825955867767
64,32,0.4567050337791443,0.9347306489944458,0.3786967694759369,0.7766157388687134,0.5872812867164612,0.11244049668312073
65,0,0.8817646503448486,0.5199658870697021,0.042037829756736755,0.7674397230148315,0.885196328163147,-0.185514435172081
65,1,0.904926061630249,0.4958506226539612,0.058789968490600586,0.7781105637550354,0.917441189289093,-0.18955382704734802
65,2,0.9042747020721436,0.49388766288757324,0.058451563119888306,0.7776486873626709,0.9205977916717529,-0.18969888985157013
65,3,0.9037027359008789,0.49159395694732666,0.058105383068323135,0.765299379825592,0.9302679300308228,-0.18986821174621582
65,4,0.9036489725112915,0.48548445105552673,-0.008118223398923874,0.785374641418457,0.8955262899398804,-0.1701713502407074
65,5,0.9017617702484131,0.4764530062675476,-0.008220353163778782,0.7863962650299072,0.8915955424308777,-0.17021626234054565
65,6,0.8996460437774658,0.46684056520462036,-0.00829047430306673,0.7876300811767578,0.8878063559532166,-0.17040127515792847
65,7,0.8858098983764648,0.44675102829933167,0.1629175841808319,0.747451663017273,0.9462474584579468,-0.14324814081192017
65,8,0.8821183443069458,0.42774271965026855,-0.13739359378814697,0.778680682182312,0.8799705505371094,-0.051962945610284805
65,9,0.8502374887466431,0.5185127258300781,0.08880144357681274,0.7354527711868286,0.890853762626648,-0.16425727307796478
65,10,0.8441982269287109,0.5024672150611877,0.0022139439824968576,0.7382937073707581,0.8611049652099609,-0.13790057599544525
65,11,0.7416147589683533,0.39392155408859253,0.33133354783058167,0.62238609790802,0.9551817178726196,-0.14221768081188202
65,12,0.7750099897384644,0.4887121915817261,-0.3015426695346832,0.7101028561592102,0.7861120104789734,0.02350858598947525
65,13,0.6307917833328247,0.5698845982551575,0.39679425954818726,0.4880580008029938,0.9052481055259705,-0.23414720594882965
65,14,0.7194193601608276,0.7728599309921265,-0.3481946885585785,0.6641151309013367,0.6581752896308899,-0.15603815019130707
65,15,0.6259119510650635,0.7532088756561279,0.32969123125076294,0.4440460205078125,0.8730053305625916,-0.38077080249786377
65,16,0.7847762107849121,0.9893791675567627,-0.05881952866911888,0.7465307712554932,0.7036880254745483,-0.4745641052722931
65,17,0.6306913495063782,0.7864288687705994,0.3468536138534546,0.42276430130004883,0.870512068271637,-0.3965710401535034
65,18,0.780921220779419,1.0847941637039185,-0.07201700657606125,0.7835595607757568,0.6617143750190735,-0.5039186477661133
65,19,0.6458815336227417,0.7953546047210693,0.3056495189666748,0.43909963965415955,0.8713499903678894,-0.40951934456825256
65,20,0.7952650785446167,1.0582242012023926,-0.024521751329302788,0.7983970642089844,0.6643123626708984,-0.5018042325973511
65,21,0.6388304233551025,0.7865523099899292,0.3092142641544342,0.4488479495048523,0.8677787184715271,-0.38585489988327026
65,22,0.7768709659576416,1.0311155319213867,-0.03547820821404457,0.7830363512039185,0.6857451796531677,-0.4812942445278168
65,23,0.3433425724506378,0.5306925177574158,0.19855821132659912,0.4078076183795929,0.7312642931938171,-0.061642006039619446
65,24,0.3249403238296509,0.5782665014266968,-0.1989908665418625,0.46546274423599243,0.6389429569244385,0.06154244765639305
65,25,0.5500064492225647,0.8511316776275635,0.4806481599807739,0.2524261176586151,0.6723514795303345,-0.2899320721626282
65,26,0.5257123708724976,0.9378288388252258,-0.0927116796374321,0.40192729234695435,0.5175811052322388,-0.054326381534338
65,27,0.34393182396888733,0.8366063833236694,0.35315895080566406,0.30941545963287354,0.6764209270477295,-0.017667047679424286
65,28,0.28318843245506287,0.8976271152496338,0.16631218791007996,0.3918102979660034,0.5329828262329102,0.1403317153453827
65,29,0.30859309434890747,0.7924123406410217,0.3416789174079895,0.3254770338535309,0.6810246706008911,0.01592039316892624
65,30,0.24569232761859894,0.8364119529724121,0.21093274652957916,0.38761746883392334,0.5408269762992859,0.1682555079460144
65,31,0.29768848419189453,0.9397340416908264,0.3917020857334137,0.2970884442329407,0.6535302996635437,0.06982780247926712
65,32,0.22909152507781982,1.0419436693191528,0.3844350278377533,0.3867786228656769,0.48938924074172974,0.2256680130958557
66,0,0.8850687742233276,0.5183932781219482,0.023857755586504936,0.7598097920417786,0.8592724204063416,-0.3420693576335907
66,1,0.9035656452178955,0.4908711910247803,0.043725285679101944,0.7722395658493042,0.8887187242507935,-0.3624715507030487
66,2,0.9028854966163635,0.48980116844177246,0.04336414113640785,0.7709429264068604,0.8931833505630493,-0.3624792993068695
66,3,0.9023118615150452,0.48857352137565613,0.04299905151128769,0.7666186094284058,0.9048538208007812,-0.36265257000923157
66,4,0.9016573429107666,0.47880059480667114,-0.023583002388477325,0.7865697145462036,0.8768472671508789,-0.32993748784065247
66,5,0.8995352387428284,0.4695050120353699,-0.02372073568403721,0.7881073951721191,0.8743485808372498,-0.329933226108551
66,6,0.8973824977874756,0.4603803753852844,-0.023807508870959282,0.7897264361381531,0.871720552444458,-0.33003759384155273
66,7,0.8825095891952515,0.4471641182899475,0.1607702225446701,0.756742000579834,0.9258575439453125,-0.3589322865009308
66,8,0.8760048747062683,0.4190382957458496,-0.139154851436615,0.7773854732513428,0.8760082721710205,-0.20944274961948395
66,9,0.855823814868927,0.5215253829956055,0.07612472772598267,0.7356317043304443,0.8640661835670471,-0.33373406529426575
66,10,0.8509134650230408,0.5054506063461304,-0.010525120422244072,0.7461080551147461,0.8366701602935791,-0.2912481427192688
66,11,0.7297886610031128,0.4208563268184662,0.3329274654388428,0.6212689280509949,0.9127631187438965,-0.38418832421302795
66,12,0.7622501850128174,0.48690858483314514,-0.29228973388671875,0.7116063833236694,0.7999046444892883,-0.024259641766548157
66,13,0.6270735263824463,0.598808228969574,0.39588046073913574,0.4793884754180908,0.8899894952774048,-0.3890366554260254
66,14,0.7215202450752258,0.7489761114120483,-0.35936254262924194,0.6889152526855469,0.6929923295974731,0.14880970120429993
66,15,0.630487322807312,0.752444863319397,0.3097139298915863,0.3504132032394409,0.8771090507507324,-0.37886926531791687
66,16,0.7893693447113037,0.9911388158798218,-0.11666886508464813,0.7240718603134155,0.728427529335022,0.3225938081741333
66,17,0.6390986442565918,0.7739803791046143,0.3202230930328369,0.3084051012992859,0.8893915414810181,-0.3890857696533203
66,18,0.8052307367324829,1.0588639974594116,-0.14123718440532684,0.7294963598251343,0.7338944673538208,0.37142953276634216
66,19,0.6564834117889404,0.7800708413124084,0.2817956805229187,0.30819958448410034,0.8728359937667847,-0.418962687253952
66,20,0.8158348798751831,1.0346029996871948,-0.09043652564287186,0.7487640380859375,0.7021569609642029,0.3588120639324188
66,21,0.6493744254112244,0.7769461274147034,0.29036951065063477,0.32606080174446106,0.8622891902923584,-0.3894115686416626
66,22,0.8023401498794556,1.0029730796813965,-0.09318985044956207,0.7249982953071594,0.7369601130485535,0.3235165774822235
66,23,0.32644450664520264,0.5430961847305298,0.19317448139190674,0.4164724349975586,0.7307199835777283,-0.13626806437969208
66,24,0.3178393244743347,0.586650013923645,-0.1936342865228653,0.47345295548439026,0.6677082777023315,0.1360052078962326
66,25,0.49801087379455566,0.8451858758926392,0.5133397579193115,0.21591874957084656,0.6123218536376953,-0.37262362241744995
66,26,0.5219966173171997,0.9218799471855164,-0.033056456595659256,0.42203348875045776,0.5233889818191528,0.12070147693157196
66,27,0.3116176724433899,0.8584363460540771,0.40356892347335815,0.20032469928264618,0.8331254720687866,-0.11464423686265945
66,28,0.26865315437316895,0.8891245126724243,0.1507682204246521,0.3616222143173218,0.6472920775413513,0.22216133773326874
66,29,0.2772458791732788,0.8214006423950195,0.39355897903442383,0.2253505438566208,0.8599770665168762,-0.0771251991391182
66,30,0.22637784481048584,0.8276126980781555,0.1850544959306717,0.3583708107471466,0.6651175618171692,0.24035035073757172
66,31,0.28515222668647766,0.9698082208633423,0.42480066418647766,0.1346336305141449,0.876882791519165,-0.006810682825744152
66,32,0.22819846868515015,1.0386348962783813,0.3149072825908661,0.3261628746986389,0.6386180520057678,0.28234052658081055
67,0,0.9169777631759644,0.49528899788856506,-0.04727794975042343,0.7440252304077148,0.8795067071914673,-0.5287696123123169
67,1,0.9267677068710327,0.4720243215560913,-0.05828442424535751,0.7586341500282288,0.9253573417663574,-0.5500581860542297
67,2,0.9247058033943176,0.47014230489730835,-0.058474406599998474,0.7576111555099487,0.9298465251922607,-0.549997866153717
67,3,0.9226682186126709,0.4684212803840637,-0.05882122740149498,0.7456277012825012,0.9436829090118408,-0.5501987934112549
67,4,0.9268596172332764,0.46737661957740784,-0.0834425687789917,0.7665315866470337,0.9026843905448914,-0.5202305316925049
67,5,0.9250152707099915,0.4623381495475769,-0.0833095908164978,0.768180251121521,0.8988490104675293,-0.5203585028648376
67,6,0.9227380752563477,0.45622631907463074,-0.08333754539489746,0.7737601399421692,0.8865653276443481,-0.5204848647117615
67,7,0.9006803631782532,0.4391317665576935,-0.04613274708390236,0.713577926158905,0.9595788717269897,-0.5230883955955505
67,8,0.8998899459838867,0.4316728711128235,-0.16364061832427979,0.7480723857879639,0.9132803082466125,-0.380896657705307
67,9,0.8847897052764893,0.4876364767551422,-0.036467790603637695,0.7211506366729736,0.8939526081085205,-0.5087727904319763
67,10,0.8845753073692322,0.48069727420806885,-0.07117442041635513,0.7311159372329712,0.8707250356674194,-0.4686601758003235
67,11,0.7841365933418274,0.46420490741729736,-0.053319212049245834,0.5953872203826904,0.9482131004333496,-0.48765233159065247
67,12,0.7766501903533936,0.4408198595046997,-0.2312309443950653,0.696039080619812,0.8232870697975159,-0.1801452785730362
67,13,0.7344307899475098,0.6648662090301514,-0.035361722111701965,0.46788284182548523,0.9017972350120544,-0.4670415222644806
67,14,0.785184919834137,0.7464787364006042,-0.28828495740890503,0.6401762366294861,0.6954178810119629,-0.30909618735313416
67,15,0.7314709424972534,0.933075487613678,-0.06581266969442368,0.3869876265525818,0.8581942319869995,-0.43940651416778564
67,16,0.8075540065765381,0.9927944540977478,-0.2380899339914322,0.7059556245803833,0.7842224836349487,-0.558994472026825
67,17,0.7446591258049011,0.9985001087188721,-0.06364111602306366,0.3548542261123657,0.8583298325538635,-0.4517514109611511
67,18,0.8075839281082153,1.048020362854004,-0.27076631784439087,0.6989155411720276,0.776496410369873,-0.5750316977500916
67,19,0.7358062267303467,1.0114991664886475,-0.12488711625337601,0.3626044988632202,0.8447117805480957,-0.47364088892936707
67,20,0.8198705911636353,1.0568137168884277,-0.25749027729034424,0.6968679428100586,0.8057424426078796,-0.5718231797218323
67,21,0.7214027643203735,0.9868658781051636,-0.0907374918460846,0.3769097626209259,0.8421542644500732,-0.44410714507102966
67,22,0.8100850582122803,1.0355753898620605,-0.2344377636909485,0.7005540132522583,0.8093259930610657,-0.5618717074394226
67,23,0.41182321310043335,0.5468488931655884,-0.051274318248033524,0.40940651297569275,0.7431102395057678,-0.11317377537488937
67,24,0.3751349449157715,0.4762250781059265,0.05083083361387253,0.4796299934387207,0.6882559657096863,0.11277763545513153
67,25,0.4391499161720276,0.6648411154747009,-0.3097080886363983,0.18610411882400513,0.6594791412353516,-0.3156214952468872
67,26,0.2634041905403137,0.17591199278831482,-0.34302112460136414,0.4395265579223633,0.564339816570282,0.195509135723114
67,27,0.4371758699417114,0.8177199363708496,-0.301895409822464,0.26806211471557617,0.8055293560028076,-0.04573895037174225
67,28,0.353516161441803,0.5441698431968689,-0.22143110632896423,0.4391697347164154,0.5482733249664307,0.26236385107040405
67,29,0.44774383306503296,0.8386940360069275,-0.28582122921943665,0.29954347014427185,0.8169562816619873,-0.008863571099936962
67,30,0.38816168904304504,0.5831877589225769,-0.18975748121738434,0.4289969801902771,0.5460827946662903,0.2766464650630951
67,31,0.4239390790462494,0.844854474067688,-0.1678445190191269,0.23441919684410095,0.8252813220024109,0.03955558314919472
67,32,0.36082541942596436,0.6230036020278931,-0.07714670151472092,0.4482838809490204,0.49347472190856934,0.29838141798973083
68,0,0.9031275510787964,0.5078876614570618,0.101503387093544,0.5,0.5,0.0
68,1,0.9193140268325806,0.48602190613746643,0.1102263331413269,0.5,0.5,0.0
68,2,0.9165642261505127,0.4846412241458893,0.10998262465000153,0.5,0.5,0.0
68,3,0.9148471355438232,0.4829352796077728,0.1096598207950592,0.5,0.5,0.0
68,4,0.9185613393783569,0.47761160135269165,0.06356019526720047,0.5,0.5,0.0
68,5,0.9165893793106079,0.469976544380188,0.06352618336677551,0.5,0.5,0.0
68,6,0.9142001867294312,0.46079888939857483,0.063456229865551,0.5,0.5,0.0
68,7,0.8966343402862549,0.44101208448410034,0.1673087477684021,0.5,0.5,0.0
68,8,0.894331693649292,0.4271129369735718,-0.047476477921009064,0.5,0.5,0.0
68,9,0.8722858428955078,0.5089976191520691,0.12840516865253448,0.5,0.5,0.0
68,10,0.8693435192108154,0.4975492060184479,0.06597738713026047,0.5,0.5,0.0
68,11,0.7609782218933105,0.41280555725097656,0.233380988240242,0.5,0.5,0.0
68,12,0.8157511949539185,0.48645445704460144,-0.1921563595533371,0.5,0.5,0.0
68,13,0.6840964555740356,0.6289764642715454,0.23215901851654053,0.5,0.5,0.0
68,14,0.7954378128051758,0.781262993812561,-0.2546437084674835,0.5,0.5,0.0
68,15,0.6327233910560608,0.8741670846939087,0.2214011549949646,0.5,0.5,0.0
68,16,0.8217575550079346,1.0260097980499268,-0.1444360762834549,0.5,0.5,0.0
68,17,0.637004017829895,0.9192554950714111,0.24750134348869324,0.5,0.5,0.0
68,18,0.8263768553733826,1.1006003618240356,-0.17077282071113586,0.5,0.5,0.0
68,19,0.6345243453979492,0.9280264377593994,0.19865182042121887,0.5,0.5,0.0
68,20,0.8289377689361572,1.1036876440048218,-0.13134627044200897,0.5,0.5,0.0
68,21,0.6250249147415161,0.9140293002128601,0.20226094126701355,0.5,0.5,0.0
68,22,0.8129122257232666,1.0863804817199707,-0.12789711356163025,0.5,0.5,0.0
68,23,0.4257069230079651,0.5296995043754578,0.0806816816329956,0.5,0.5,0.0
68,24,0.42098844051361084,0.5502645969390869,-0.08171111345291138,0.5,0.5,0.0
68,25,0.5877504348754883,0.7451465725898743,0.26115188002586365,0.5,0.5,0.0
68,26,0.44638073444366455,0.6791526079177856,-0.1584075689315796,0.5,0.5,0.0
68,27,0.4062838852405548,0.7744316458702087,-0.07273773849010468,0.5,0.5,0.0
68,28,0.33447760343551636,0.7201891541481018,-0.08138453960418701,0.5,0.5,0.0
68,29,0.3788160979747772,0.7633439898490906,-0.09754103422164917,0.5,0.5,0.0
68,30,0.33409038186073303,0.707364559173584,-0.053917285054922104,0.5,0.5,0.0
68,31,0.3741525113582611,0.8267417550086975,-0.06994052976369858,0.5,0.5,0.0
68,32,0.2825792133808136,0.7850096225738525,0.06032849848270416,0.5,0.5,0.0
69,0,0.9016435146331787,0.5088273286819458,0.05046914890408516,0.6972576379776001,0.8961739540100098,-0.3153299391269684
69,1,0.9168643951416016,0.4815666079521179,0.04665796458721161,0.7010067701339722,0.9210938811302185,-0.3322376608848572
69,2,0.9157878160476685,0.4788634181022644,0.04654501751065254,0.6974563598632812,0.9247345328330994,-0.33220145106315613
69,3,0.9143799543380737,0.4757615923881531,0.046259474009275436,0.6938512325286865,0.92833411693573,-0.3323932886123657
69,4,0.9155353307723999,0.47569358348846436,0.006961566396057606,0.7078837156295776,0.9148123264312744,-0.3111218512058258
69,5,0.9134292602539062,0.46859046816825867,0.007039171643555164,0.7100802659988403,0.9126304984092712,-0.31116148829460144
69,6,0.912529706954956,0.46052443981170654,0.00692669628188014,0.712239146232605,0.9103992581367493,-0.3114008605480194
69,7,0.8970565795898438,0.4351343512535095,0.06483820080757141,0.6780767440795898,0.931604266166687,-0.3302614390850067
69,8,0.8937894105911255,0.42573970556259155,-0.1204700842499733,0.7027563452720642,0.9088355302810669,-0.23149383068084717
69,9,0.8700430393218994,0.5033373832702637,0.0652138963341713,0.6800987720489502,0.8874766826629639,-0.30745866894721985
69,10,0.86737060546875,0.4962211549282074,0.011187002994120121,0.6900798082351685,0.8772019147872925,-0.2795528769493103
69,11,0.7689765691757202,0.39072704315185547,0.05970416218042374,0.5823808312416077,0.9040670990943909,-0.3479713201522827
69,12,0.7917898893356323,0.487300843000412,-0.17058980464935303,0.662362813949585,0.816545844078064,-0.06238316372036934
69,13,0.7037252187728882,0.6215344667434692,0.04994659125804901,0.427946537733078,0.8732382655143738,-0.3368382155895233
69,14,0.7821322083473206,0.7889500856399536,-0.22464552521705627,0.6083713173866272,0.7031548023223877,0.08808757364749908
69,15,0.6628422737121582,0.8598264455795288,0.02697776071727276,0.3174159526824951,0.8672734498977661,-0.38017377257347107
69,16,0.7767387628555298,1.051912784576416,-0.189557284116745,0.6040604114532471,0.709208607673645,0.18554815649986267
69,17,0.6737583875656128,0.9036566615104675,0.045577965676784515,0.28264230489730835,0.8799015283584595,-0.39637720584869385
69,18,0.7791341543197632,1.1002553701400757,-0.2213827669620514,0.5936622023582458,0.7088741660118103,0.2281050682067871
69,19,0.6702800393104553,0.9173646569252014,-0.006050640717148781,0.2826497554779053,0.8691933751106262,-0.42752206325531006
69,20,0.7891461849212646,1.1004514694213867,-0.18419814109802246,0.6036595702171326,0.710173487663269,0.19116386771202087
69,21,0.6586015224456787,0.9056965112686157,0.006962558254599571,0.29949095845222473,0.8596106767654419,-0.39208200573921204
69,22,0.7792465090751648,1.082063913345337,-0.17580696940422058,0.6029395461082458,0.7093675136566162,0.17693722248077393
69,23,0.4069075584411621,0.5112990736961365,-0.03841729462146759,0.3983796238899231,0.7185556292533875,-0.1200035810470581
69,24,0.42230090498924255,0.5567437410354614,0.03753518685698509,0.4502483606338501,0.6826648712158203,0.11993128061294556
69,25,0.33707690238952637,0.4122777581214905,-0.1715652197599411,0.17036034166812897,0.5986827611923218,-0.36299756169319153
69,26,0.3713529706001282,0.5055109262466431,-0.12362410873174667,0.39031124114990234,0.5696731805801392,0.061063893139362335
69,27,0.3350262939929962,0.6210559606552124,-0.23139744997024536,0.3056948184967041,0.755368173122406,-0.12819360196590424
69,28,0.4103167653083801,0.7063499689102173,-0.1963261514902115,0.3615804612636566,0.6592634320259094,0.11234831809997559
69,29,0.3462351858615875,0.6523575186729431,-0.2192135900259018,0.3491676151752472,0.7746086120605469,-0.09160875529050827
69,30,0.4217032790184021,0.7145907878875732,-0.18829484283924103,0.36304792761802673,0.6723571419715881,0.12614232301712036
69,31,0.3237881064414978,0.6675164103507996,-0.07636339962482452,0.2797398567199707,0.7726139426231384,-0.00452749477699399
69,32,0.43883317708969116,0.8032424449920654,-0.07699621468782425,0.3376612961292267,0.6601740121841431,0.15937702357769012
70,0,0.9214304685592651,0.5237454175949097,0.21805264055728912,0.6813762187957764,0.886038601398468,-0.20197603106498718
70,1,0.9342244863510132,0.4904039204120636,0.2360847145318985,0.7049931287765503,0.9040915966033936,-0.22326350212097168
70,2,0.9317641258239746,0.48573338985443115,0.23599795997142792,0.6887850761413574,0.9105199575424194,-0.22329013049602509
70,3,0.9293677806854248,0.4825805127620697,0.23577576875686646,0.687118411064148,0.913390040397644,-0.22348977625370026
70,4,0.9343588352203369,0.48696473240852356,0.18645162880420685,0.7032031416893005,0.9022637009620667,-0.204366996884346
70,5,0.9319310188293457,0.4787170886993408,0.186521977186203,0.7026759386062622,0.9014039635658264,-0.2043916881084442
70,6,0.9295693635940552,0.47234001755714417,0.1863875687122345,0.702120304107666,0.8998439311981201,-0.2045910805463791
70,7,0.906428337097168,0.44981104135513306,0.2925722599029541,0.6785836219787598,0.9173935651779175,-0.24789054691791534
70,8,0.9080570936203003,0.4422175884246826,0.0640680193901062,0.6911836266517639,0.9008594751358032,-0.1555667221546173
70,9,0.8877204656600952,0.5280968546867371,0.2429613173007965,0.6680874824523926,0.8779364228248596,-0.20284481346607208
70,10,0.8882439732551575,0.5217723250389099,0.17643219232559204,0.6727514266967773,0.8714262247085571,-0.1766325980424881
70,11,0.7361913919448853,0.4346082806587219,0.2781355381011963,0.5890238285064697,0.9045248031616211,-0.2979988157749176
70,12,0.8144499659538269,0.53647381067276,-0.03620508685708046,0.6485838294029236,0.8042665719985962,-0.018375469371676445
70,13,0.6465120315551758,0.6912288665771484,0.2498633712530136,0.42968809604644775,0.8859642148017883,-0.3061853051185608
70,14,0.7868545651435852,0.8027363419532776,-0.11566616594791412,0.5714522004127502,0.683405876159668,0.09033877402544022
70,15,0.5730340480804443,0.8672268390655518,0.23572272062301636,0.29618650674819946,0.8790254592895508,-0.3180025517940521
70,16,0.8100236654281616,1.0277807712554932,-0.04619552940130234,0.5130390524864197,0.6325079202651978,0.1386193335056305
70,17,0.5688527822494507,0.8905337452888489,0.26402929425239563,0.25986212491989136,0.8920286297798157,-0.3258444666862488
70,18,0.8116930723190308,1.0783628225326538,-0.053171247243881226,0.4925215542316437,0.6142433881759644,0.16817794740200043
70,19,0.5725470185279846,0.9006212949752808,0.23804636299610138,0.2551184296607971,0.8792587518692017,-0.36121901869773865
70,20,0.8153424263000488,1.0704761743545532,-0.007397271227091551,0.4953872561454773,0.617438793182373,0.12552925944328308
70,21,0.570284903049469,0.8949171304702759,0.2258615344762802,0.26943594217300415,0.8688392639160156,-0.3307901918888092
70,22,0.803439199924469,1.0542141199111938,-0.02512589655816555,0.4983731508255005,0.6253133416175842,0.12521222233772278
70,23,0.3598194420337677,0.5652151703834534,0.01571073569357395,0.4059199392795563,0.6974445581436157,-0.11899775266647339
70,24,0.43484923243522644,0.6278801560401917,-0.017601490020751953,0.4470514953136444,0.6547474265098572,0.11880729347467422
70,25,0.33874741196632385,0.3496118187904358,0.3155412971973419,0.20156246423721313,0.601650595664978,-0.3101218044757843
70,26,0.5304056406021118,0.5515011548995972,0.29712578654289246,0.41610953211784363,0.5035424828529358,0.06359169632196426
70,27,0.32898765802383423,0.6789145469665527,0.3539917469024658,0.30305153131484985,0.6892668008804321,-0.11073710024356842
70,28,0.4624224901199341,0.7798270583152771,0.2568484842777252,0.4208776652812958,0.5396345853805542,0.1188618391752243
70,29,0.3307124674320221,0.7354571223258972,0.3807496726512909,0.33576250076293945,0.7072489261627197,-0.07976319640874863
70,30,0.44440653920173645,0.8068004846572876,0.2699461579322815,0.41300031542778015,0.5521060228347778,0.1322757750749588
70,31,0.32430630922317505,0.7667354345321655,0.5925700068473816,0.2955065369606018,0.6658958196640015,-0.013783913105726242
70,32,0.47727805376052856,0.8850265741348267,0.4249345362186432,0.4356050491333008,0.5042082667350769,0.18376944959163666
71,0,0.9108517169952393,0.5228316187858582,0.12799303233623505,0.7065454721450806,0.8471674919128418,-0.2954193353652954
71,1,0.9266769886016846,0.4937899112701416,0.14391085505485535,0.7198994159698486,0.872725248336792,-0.31801021099090576
71,2,0.9255049228668213,0.4895709753036499,0.14384259283542633,0.7171818017959595,0.8779667019844055,-0.3178888261318207
71,3,0.9242599010467529,0.4860859513282776,0.14367073774337769,0.7143971920013428,0.8831968307495117,-0.3179245889186859
71,4,0.9261926412582397,0.4902496933937073,0.08499639481306076,0.725803792476654,0.864564836025238,-0.2983839511871338
71,5,0.9248428344726562,0.4847351014614105,0.08493434637784958,0.7280041575431824,0.8623607754707336,-0.2985084056854248
71,6,0.9226900339126587,0.4759939908981323,0.08472058176994324,0.7302109003067017,0.8601177930831909,-0.29878324270248413
71,7,0.9053441286087036,0.44533470273017883,0.19927436113357544,0.7029916048049927,0.8981075286865234,-0.32296472787857056
71,8,0.9049988985061646,0.44005805253982544,-0.06899622082710266,0.7241115570068359,0.8685288429260254,-0.23176701366901398
71,9,0.8825558423995972,0.5238262414932251,0.15530864894390106,0.6870714426040649,0.8479869365692139,-0.2874571979045868
71,10,0.8821685314178467,0.5190895199775696,0.07780340313911438,0.6952314376831055,0.8352062702178955,-0.26163485646247864
71,11,0.7351669073104858,0.3938386142253876,0.2659131586551666,0.5991289615631104,0.901054859161377,-0.3455653786659241
71,12,0.8215611577033997,0.5338460803031921,-0.21453498303890228,0.6844704151153564,0.806791365146637,-0.07491303980350494
71,13,0.639460563659668,0.6050164699554443,0.2520258128643036,0.4524363577365875,0.8398317694664001,-0.3267173767089844
71,14,0.7847679853439331,0.7802149057388306,-0.3487725257873535,0.6510106921195984,0.6654234528541565,-0.016652792692184448
71,15,0.5771360397338867,0.7988719940185547,0.24530906975269318,0.3385947644710541,0.7975239753723145,-0.3664970099925995
71,16,0.807091236114502,1.0084267854690552,-0.24690081179141998,0.6572341918945312,0.6696867942810059,-0.029489506036043167
71,17,0.5766817927360535,0.8205791711807251,0.2785158157348633,0.30049192905426025,0.803939163684845,-0.38787636160850525
71,18,0.8094540238380432,1.0562199354171753,-0.2578292191028595,0.6698391437530518,0.6729089617729187,-0.016301259398460388
71,19,0.578446626663208,0.8406940698623657,0.25706836581230164,0.3054440915584564,0.7864413857460022,-0.4193562865257263
71,20,0.8096611499786377,1.0485303401947021,-0.20144838094711304,0.6688882112503052,0.6791446208953857,-0.03923319652676582
71,21,0.5739836692810059,0.8368037939071655,0.236941859126091,0.3227299153804779,0.7798656225204468,-0.37878698110580444
71,22,0.7971911430358887,1.0313975811004639,-0.22185204923152924,0.6536672711372375,0.6743417978286743,-0.03591267764568329
71,23,0.3653314709663391,0.5433235764503479,0.1257471889257431,0.38527995347976685,0.7272236347198486,-0.12292606383562088
71,24,0.43433910608291626,0.6435126066207886,-0.12775437533855438,0.44886064529418945,0.6953221559524536,0.12269444018602371
71,25,0.3874340355396271,0.4845205843448639,0.7173392176628113,0.2688751518726349,0.5809590816497803,-0.39955219626426697
71,26,0.5997159481048584,0.7200286388397217,0.34272122383117676,0.5191571116447449,0.550058126449585,0.08307551592588425
71,27,0.3507644236087799,0.661841630935669,0.7506970763206482,0.33899304270744324,0.6880936026573181,-0.10267027467489243
71,28,0.44466421008110046,0.8295184373855591,0.4797927737236023,0.4180945158004761,0.5352863669395447,0.09865039587020874
71,29,0.33591127395629883,0.6766638159751892,0.7679932713508606,0.36328428983688354,0.7131461501121521,-0.0619107149541378
71,30,0.3998158574104309,0.8134328126907349,0.5081406235694885,0.39734092354774475,0.5461064577102661,0.10594269633293152
71,31,0.3760201036930084,0.7724044322967529,0.9045848250389099,0.3180745244026184,0.6575179100036621,0.019310561940073967
71,32,0.47509872913360596,0.9707753658294678,0.6656620502471924,0.3935651183128357,0.46472251415252686,0.12992818653583527
72,0,0.915213406085968,0.49358588457107544,0.2267768681049347,0.7918870449066162,0.8463815450668335,-0.1471998542547226
72,1,0.930131196975708,0.4642971456050873,0.24944095313549042,0.8009235858917236,0.8752438426017761,-0.1635773628950119
72,2,0.9288323521614075,0.46221935749053955,0.24923677742481232,0.7983572483062744,0.8813178539276123,-0.1636485457420349
72,3,0.9276936054229736,0.45991063117980957,0.24894733726978302,0.7957269549369812,0.887371301651001,-0.16374088823795319
72,4,0.9323477149009705,0.4589570164680481,0.18639029562473297,0.8049254417419434,0.8655883073806763,-0.13286252319812775
72,5,0.9323976635932922,0.4536663889884949,0.18622002005577087,0.805570125579834,0.8636691570281982,-0.13292454183101654
72,6,0.9324362277984619,0.4484940767288208,0.185756653547287,0.8062249422073364,0.8616840839385986,-0.1331607550382614
72,7,0.9126676321029663,0.42474114894866943,0.2982775866985321,0.781040370464325,0.9152601361274719,-0.16885679960250854
72,8,0.9169611930847168,0.42183852195739746,0.014423456974327564,0.7905676364898682,0.8716270327568054,-0.029486767947673798
72,9,0.8841910362243652,0.4934508800506592,0.24920405447483063,0.7679834365844727,0.8465844988822937,-0.1452634483575821
72,10,0.8851309418678284,0.4875870943069458,0.16696138679981232,0.7733564972877502,0.8334234356880188,-0.10542267560958862
72,11,0.7392294406890869,0.3564063310623169,0.3713412582874298,0.6565002202987671,0.9081329107284546,-0.2268194556236267
72,12,0.8452785015106201,0.5271180868148804,-0.172129824757576,0.7173699140548706,0.77901291847229,0.11288415640592575
72,13,0.6634231805801392,0.6367055177688599,0.40019094944000244,0.5073397159576416,0.841177761554718,-0.23427246510982513
72,14,0.8022915124893188,0.7595423460006714,-0.17824482917785645,0.656736433506012,0.6377310156822205,-0.024434857070446014
72,15,0.6507364511489868,0.8143304586410522,0.3793494403362274,0.4065636396408081,0.7971246838569641,-0.2682550251483917
72,16,0.7976173758506775,0.9669262170791626,0.1268310546875,0.6985728740692139,0.6317700743675232,-0.33439597487449646
72,17,0.6485704183578491,0.8384549021720886,0.40773260593414307,0.3704468011856079,0.8001901507377625,-0.2898652255535126
72,18,0.7956894636154175,1.0166757106781006,0.15176983177661896,0.7240893840789795,0.6507278680801392,-0.361203134059906
72,19,0.6634832620620728,0.8547043800354004,0.39481937885284424,0.3781505525112152,0.7864939570426941,-0.3264394998550415
72,20,0.7969176769256592,1.0096888542175293,0.1873185932636261,0.7230051755905151,0.6498717069625854,-0.38045668601989746
72,21,0.6603370904922485,0.8508358597755432,0.3715135157108307,0.3933056890964508,0.7824527621269226,-0.2805286645889282
72,22,0.7904286980628967,0.9915353059768677,0.15023267269134521,0.7077486515045166,0.6386971473693848,-0.3502589166164398
72,23,0.3638079762458801,0.5664432048797607,0.12820057570934296,0.4201541244983673,0.7037714719772339,-0.12059677392244339
72,24,0.44995591044425964,0.671135663986206,-0.13046036660671234,0.48139235377311707,0.6502917408943176,0.12045378237962723
72,25,0.45675939321517944,0.5937137603759766,0.7671817541122437,0.28385913372039795,0.5609201192855835,-0.38990700244903564
72,26,0.6367396712303162,0.7717134952545166,0.3442026376724243,0.5430665612220764,0.5432698130607605,0.14303192496299744
72,27,0.4119589626789093,0.7836635112762451,0.7594109773635864,0.3403613865375519,0.7170414924621582,-0.0963476300239563
72,28,0.4406452775001526,0.8521639108657837,0.4458976089954376,0.48433658480644226,0.4698178470134735,0.08568780869245529
72,29,0.3885505199432373,0.8014839887619019,0.7682387828826904,0.36505985260009766,0.7436544895172119,-0.05853169038891792
72,30,0.38825950026512146,0.8363624811172485,0.472906231880188,0.46312734484672546,0.4647538661956787,0.08121534436941147
72,31,0.4464605450630188,0.8988083600997925,0.8984782099723816,0.31009340286254883,0.709695041179657,0.020669912919402122
72,32,0.4447227418422699,0.9693745970726013,0.6266946196556091,0.48652610182762146,0.39589163661003113,0.08556980639696121
73,0,0.9206302165985107,0.49514061212539673,0.143291637301445,0.5,0.5,0.0
73,1,0.9360575675964355,0.4611847996711731,0.16095070540905,0.5,0.5,0.0
73,2,0.9351249933242798,0.45924311876296997,0.16081278026103973,0.5,0.5,0.0
73,3,0.9340642690658569,0.4571394920349121,0.16047467291355133,0.5,0.5,0.0
73,4,0.9340171813964844,0.4545148015022278,0.09608308970928192,0.5,0.5,0.0
73,5,0.9316165447235107,0.4480760097503662,0.096041239798069,0.5,0.5,0.0
73,6,0.9291126728057861,0.44170114398002625,0.09578589349985123,0.5,0.5,0.0
73,7,0.9156790971755981,0.42386525869369507,0.21011865139007568,0.5,0.5,0.0
73,8,0.910266637802124,0.41231489181518555,-0.08247854560613632,0.5,0.5,0.0
73,9,0.8907746076583862,0.5028788447380066,0.17049024999141693,0.5,0.5,0.0
73,10,0.8865094184875488,0.49513912200927734,0.08597297966480255,0.5,0.5,0.0
73,11,0.7468639612197876,0.37380051612854004,0.2660280466079712,0.5,0.5,0.0
73,12,0.8330104351043701,0.5427257418632507,-0.2026086300611496,0.5,0.5,0.0
73,13,0.6405484676361084,0.6278142929077148,0.258269727230072,0.5,0.5,0.0
73,14,0.789251446723938,0.7944424152374268,-0.2098880112171173,0.5,0.5,0.0
73,15,0.5773037672042847,0.7979440093040466,0.22136257588863373,0.5,0.5,0.0
73,16,0.792705774307251,1.0272011756896973,0.0376347079873085,0.5,0.5,0.0
73,17,0.5686084032058716,0.8267880082130432,0.24197305738925934,0.5,0.5,0.0
73,18,0.7968987226486206,1.0886656045913696,0.04824570566415787,0.5,0.5,0.0
73,19,0.5798157453536987,0.8348691463470459,0.2320030778646469,0.5,0.5,0.0
73,20,0.8122023344039917,1.0745750665664673,0.08035533875226974,0.5,0.5,0.0
73,21,0.578827440738678,0.829359769821167,0.21350237727165222,0.5,0.5,0.0
73,22,0.8014582395553589,1.0470627546310425,0.05787314847111702,0.5,0.5,0.0
73,23,0.36636728048324585,0.5633856058120728,0.07894688844680786,0.5,0.5,0.0
73,24,0.44552820920944214,0.6732557415962219,-0.08089224994182587,0.5,0.5,0.0
73,25,0.3583947718143463,0.3873482942581177,0.5351213812828064,0.5,0.5,0.0
73,26,0.6236461400985718,0.6649314761161804,0.3993913233280182,0.5,0.5,0.0
73,27,0.33355218172073364,0.6700851917266846,0.6006990671157837,0.5,0.5,0.0
73,28,0.4273343086242676,0.7925610542297363,0.4249837100505829,0.5,0.5,0.0
73,29,0.3295583724975586,0.7144635319709778,0.6221715807914734,0.5,0.5,0.0
73,30,0.3788839280605316,0.7927550077438354,0.44044986367225647,0.5,0.5,0.0
73,31,0.33967241644859314,0.7674136757850647,0.8251023292541504,0.5,0.5,0.0
73,32,0.4288759231567383,0.8981266021728516,0.61747807264328,0.5,0.5,0.0
74,0,0.9325734972953796,0.4862021505832672,0.15664692223072052,0.2594590187072754,0.8804773688316345,-0.2899296283721924
74,1,0.9455705285072327,0.453463077545166,0.17074990272521973,0.2685960531234741,0.8618142604827881,-0.2933199405670166
74,2,0.9444729685783386,0.45146170258522034,0.17064598202705383,0.27289682626724243,0.8616629838943481,-0.2933180332183838
74,3,0.9432480931282043,0.4493514895439148,0.17035606503486633,0.27711573243141174,0.861461877822876,-0.2934233844280243
74,4,0.9436255097389221,0.44673413038253784,0.11311808228492737,0.258539617061615,0.8624100685119629,-0.27122291922569275
74,5,0.9411651492118835,0.4403395652770996,0.11317142844200134,0.2561988830566406,0.8624652624130249,-0.27101874351501465
74,6,0.9385539889335632,0.4341360032558441,0.11299502849578857,0.2538411021232605,0.862591028213501,-0.2706899642944336
74,7,0.9197230935096741,0.41465622186660767,0.20840758085250854,0.2919187545776367,0.87295001745224,-0.25365695357322693
74,8,0.9159955978393555,0.40606677532196045,-0.055953092873096466,0.26069918274879456,0.8740910887718201,-0.15169033408164978
74,9,0.9043461084365845,0.4954254925251007,0.17550817131996155,0.2720176577568054,0.9015970230102539,-0.26822537183761597
74,10,0.9008766412734985,0.4867115318775177,0.09910658001899719,0.25932198762893677,0.9020184278488159,-0.2399594634771347
74,11,0.7603535056114197,0.40367868542671204,0.20340244472026825,0.3307288885116577,0.9684072136878967,-0.23806366324424744
74,12,0.8308924436569214,0.5213003754615784,-0.17615026235580444,0.2671276926994324,0.9868322014808655,-0.07521076500415802
74,13,0.6599698066711426,0.6809364557266235,0.16118714213371277,0.45028993487358093,0.9418928623199463,-0.25785762071609497
74,14,0.7872512340545654,0.8207621574401855,-0.2251499593257904,0.3197407126426697,0.9880294799804688,-0.09192219376564026
74,15,0.5771351456642151,0.8503668308258057,0.14442983269691467,0.5144934058189392,0.9266544580459595,-0.24540838599205017
74,16,0.801715612411499,1.0509511232376099,-0.12040582299232483,0.3827088475227356,0.9636476039886475,-0.14774855971336365
74,17,0.5665005445480347,0.8773719072341919,0.17205658555030823,0.529439389705658,0.9149948954582214,-0.2626041769981384
74,18,0.8043546080589294,1.1123396158218384,-0.13397406041622162,0.4023461937904358,0.9604023694992065,-0.17535731196403503
74,19,0.5720598697662354,0.8831155896186829,0.1491946429014206,0.5293471813201904,0.9175458550453186,-0.28473910689353943
74,20,0.8215810060501099,1.1015186309814453,-0.10169052332639694,0.3967578411102295,0.9513628482818604,-0.1831335723400116
74,21,0.5725259780883789,0.8773768544197083,0.13380470871925354,0.5256025791168213,0.9228717684745789,-0.25432878732681274
74,22,0.8106380105018616,1.0756350755691528,-0.10590004175901413,0.3883996903896332,0.9543799161911011,-0.15726906061172485
74,23,0.39487937092781067,0.6021015644073486,0.004916112869977951,0.3459952175617218,1.2826802730560303,-0.08140984177589417
74,24,0.4523158073425293,0.6506860852241516,-0.006392740644514561,0.3231196999549866,1.2904536724090576,0.08176841586828232
74,25,0.3112032413482666,0.4264504313468933,0.24718572199344635,0.4275571405887604,1.164310336112976,-0.022305842489004135
74,26,0.49062421917915344,0.4362350106239319,0.17274269461631775,0.3575477600097656,1.175121784210205,0.2003883719444275
74,27,0.3171374499797821,0.7024668455123901,0.13136956095695496,0.5445255637168884,1.1348118782043457,0.256559818983078
74,28,0.39623796939849854,0.6094045639038086,0.10717669129371643,0.41400212049484253,1.0929150581359863,0.45218777656555176
74,29,0.33122652769088745,0.7431204915046692,0.13788017630577087,0.5588189363479614,1.1430675983428955,0.27473610639572144
74,30,0.38753965497016907,0.6282845139503479,0.11666922271251678,0.42031368613243103,1.0948389768600464,0.4750930964946747
74,31,0.2879916727542877,0.8024770021438599,0.3208896219730377,0.5628208518028259,1.0903571844100952,0.13829952478408813
74,32,0.3634982705116272,0.6930996179580688,0.3075200319290161,0.40897494554519653,1.0178637504577637,0.3989238142967224
75,0,0.9375762343406677,0.46089768409729004,-0.0475931279361248,0.5,0.5,0.0
75,1,0.9459472894668579,0.42631691694259644,-0.03152299299836159,0.5,0.5,0.0
75,2,0.9450039267539978,0.42514777183532715,-0.03172575682401657,0.5,0.5,0.0
75,3,0.9439595341682434,0.4239930212497711,-0.031948186457157135,0.5,0.5,0.0
75,4,0.943425714969635,0.41944587230682373,-0.08992044627666473,0.5,0.5,0.0
75,5,0.9403780698776245,0.41332685947418213,-0.09011319279670715,0.5,0.5,0.0
75,6,0.9370805025100708,0.40717369318008423,-0.09048785269260406,0.5,0.5,0.0
75,7,0.9225291013717651,0.3991621732711792,0.07504616677761078,0.5,0.5,0.0
75,8,0.9115265607833862,0.3834192156791687,-0.19215795397758484,0.5,0.5,0.0
75,9,0.9130374193191528,0.4779646098613739,-0.0008247655350714922,0.5,0.5,0.0
75,10,0.9081486463546753,0.4670194387435913,-0.07807230204343796,0.5,0.5,0.0
75,11,0.7780945301055908,0.4394885301589966,0.21125859022140503,0.5,0.5,0.0
75,12,0.8229923844337463,0.47966745495796204,-0.32715490460395813,0.5,0.5,0.0
75,13,0.6990920305252075,0.5925673246383667,0.25632214546203613,0.5,0.5,0.0
75,14,0.804132878780365,0.7580933570861816,-0.32959529757499695,0.5,0.5,0.0
75,15,0.6368685364723206,0.7041985988616943,0.2105894386768341,0.5,0.5,0.0
75,16,0.8309825658798218,0.9819067716598511,-0.12368430197238922,0.5,0.5,0.0
75,17,0.6280144453048706,0.7104402184486389,0.23522454500198364,0.5,0.5,0.0
75,18,0.8424414396286011,1.0359697341918945,-0.1413339376449585,0.5,0.5,0.0
75,19,0.6384531855583191,0.7146977782249451,0.19491101801395416,0.5,0.5,0.0
75,20,0.8547885417938232,1.0194621086120605,-0.09807949513196945,0.5,0.5,0.0
75,21,0.6417019367218018,0.7169403433799744,0.19307512044906616,0.5,0.5,0.0
75,22,0.8434658050537109,0.9978063106536865,-0.10213794559240341,0.5,0.5,0.0
75,23,0.4717094302177429,0.606306791305542,0.11353442817926407,0.5,0.5,0.0
75,24,0.47601518034935,0.5713356733322144,-0.11397448927164078,0.5,0.5,0.0
75,25,0.48316410183906555,0.782234787940979,0.13018150627613068,0.5,0.5,0.0
75,26,0.38300269842147827,0.39459192752838135,-0.23482108116149902,0.5,0.5,0.0
75,27,0.4610610902309418,0.6393634080886841,0.21972814202308655,0.5,0.5,0.0
75,28,0.43407806754112244,0.42699211835861206,0.17101623117923737,0.5,0.5,0.0
75,29,0.46450936794281006,0.6227536797523499,0.2385491281747818,0.5,0.5,0.0
75,30,0.4515184164047241,0.42802494764328003,0.2247660756111145,0.5,0.5,0.0
75,31,0.46660277247428894,0.5795868039131165,0.2633261978626251,0.5,0.5,0.0
75,32,0.4567834734916687,0.4510200023651123,0.29693230986595154,0.5,0.5,0.0
76,0,0.9361070394515991,0.4587807357311249,0.09979677200317383,0.5,0.5,0.0
76,1,0.9439419507980347,0.4247901439666748,0.09566561132669449,0.5,0.5,0.0
76,2,0.9425432682037354,0.42148834466934204,0.09551914036273956,0.5,0.5,0.0
76,3,0.9406498670578003,0.4162324070930481,0.09515633434057236,0.5,0.5,0.0
76,4,0.9425702095031738,0.4221072196960449,0.04287185147404671,0.5,0.5,0.0
76,5,0.9402352571487427,0.4167342483997345,0.04290357977151871,0.5,0.5,0.0
76,6,0.9376471042633057,0.4112141728401184,0.04266529902815819,0.5,0.5,0.0
76,7,0.9154713153839111,0.38232001662254333,0.09977248311042786,0.5,0.5,0.0
76,8,0.9133485555648804,0.38392120599746704,-0.14479002356529236,0.5,0.5,0.0
76,9,0.9068057537078857,0.4655572772026062,0.11029699444770813,0.5,0.5,0.0
76,10,0.9049582481384277,0.460274875164032,0.0392884723842144,0.5,0.5,0.0
76,11,0.7585497498512268,0.3680570423603058,0.0987529531121254,0.5,0.5,0.0
76,12,0.8187873363494873,0.49899405241012573,-0.22892016172409058,0.5,0.5,0.0
76,13,0.6583510637283325,0.5810902118682861,0.1228182464838028,0.5,0.5,0.0
76,14,0.7975736856460571,0.7975453734397888,-0.27497127652168274,0.5,0.5,0.0
76,15,0.6088802814483643,0.7525793313980103,0.1485210657119751,0.5,0.5,0.0
76,16,0.8457334041595459,1.0674550533294678,-0.2240646779537201,0.5,0.5,0.0
76,17,0.608890175819397,0.7700111865997314,0.16576947271823883,0.5,0.5,0.0
76,18,0.8636878728866577,1.1290241479873657,-0.2610916197299957,0.5,0.5,0.0
76,19,0.6181797981262207,0.7780369520187378,0.13089630007743835,0.5,0.5,0.0
76,20,0.8837980031967163,1.1162214279174805,-0.21753574907779694,0.5,0.5,0.0
76,21,0.6151075959205627,0.7776021361351013,0.13400477170944214,0.5,0.5,0.0
76,22,0.8682745099067688,1.09293794631958,-0.206709086894989,0.5,0.5,0.0
76,23,0.42140287160873413,0.6013431549072266,-0.03406694158911705,0.5,0.5,0.0
76,24,0.47110575437545776,0.631275475025177,0.03352931886911392,0.5,0.5,0.0
76,25,0.29423755407333374,0.44765371084213257,-0.02492126077413559,0.5,0.5,0.0
76,26,0.48210790753364563,0.3970891535282135,0.002005190122872591,0.5,0.5,0.0
76,27,0.2421197146177292,0.7215507626533508,0.10545968264341354,0.5,0.5,0.0
76,28,0.3861890137195587,0.631784200668335,0.155171200633049,0.5,0.5,0.0
76,29,0.2591162919998169,0.7615899443626404,0.13580799102783203,0.5,0.5,0.0
76,30,0.386911541223526,0.6602628827095032,0.1830228716135025,0.5,0.5,0.0
76,31,0.18654179573059082,0.8217873573303223,0.28478339314460754,0.5,0.5,0.0
76,32,0.3463689982891083,0.7131441831588745,0.32554730772972107,0.5,0.5,0.0
77,0,0.937009334564209,0.4494618773460388,0.08181203901767731,0.39357101917266846,0.6875036954879761,-0.10203877091407776
77,1,0.9443431496620178,0.4076811671257019,0.09714756160974503,0.37978261709213257,0.6853498220443726,-0.08064307272434235
77,2,0.9431586861610413,0.40514814853668213,0.09692376106977463,0.3800942897796631,0.6828638911247253,-0.08089049905538559
77,3,0.9421402215957642,0.40240949392318726,0.09651494026184082,0.3805457353591919,0.6802635788917542,-0.08111610263586044
77,4,0.9420163631439209,0.40326645970344543,0.031502190977334976,0.38063669204711914,0.6972002983093262,-0.10510876029729843
77,5,0.9393102526664734,0.3972990810871124,0.03147338330745697,0.38166946172714233,0.7040524482727051,-0.10523370653390884
77,6,0.9364174604415894,0.39105600118637085,0.031203607097268105,0.38261598348617554,0.7107357978820801,-0.1055508628487587
77,7,0.9149987697601318,0.37063807249069214,0.18435138463974,0.39694035053253174,0.7008864283561707,0.027279134839773178
77,8,0.9068350195884705,0.3644491732120514,-0.11807551234960556,0.40036624670028687,0.741520881652832,-0.07837799191474915
77,9,0.9109157919883728,0.4662919044494629,0.12290304154157639,0.41642582416534424,0.694800078868866,-0.057039644569158554
77,10,0.9066721200942993,0.45744311809539795,0.034996405243873596,0.4169270992279053,0.7113032341003418,-0.08786571025848389
77,11,0.7596026659011841,0.4016730487346649,0.22273406386375427,0.46103954315185547,0.7033420205116272,-0.0359446257352829
77,12,0.7996245622634888,0.45611608028411865,-0.21539483964443207,0.5024166703224182,0.8214223980903625,-0.01653529331088066
77,13,0.6735963821411133,0.6286745071411133,0.24709507822990417,0.45723503828048706,0.6366302371025085,-0.1665128916501999
77,14,0.7923554182052612,0.7226594686508179,-0.28175491094589233,0.5777547359466553,0.813044548034668,-0.08039025217294693
77,15,0.6268691420555115,0.7739444971084595,0.21113254129886627,0.3729948401451111,0.7084434032440186,-0.2571154534816742
77,16,0.8428016901016235,1.0160422325134277,-0.22470369935035706,0.4761109948158264,0.7997499704360962,-0.1114443838596344
77,17,0.6244857907295227,0.7833986878395081,0.22787709534168243,0.35574114322662354,0.7181455492973328,-0.2957802414894104
77,18,0.8619067668914795,1.0758576393127441,-0.26813971996307373,0.4635356068611145,0.7781721949577332,-0.10005129128694534
77,19,0.6371747851371765,0.7858997583389282,0.18935468792915344,0.3364172577857971,0.7336356043815613,-0.26231467723846436
77,20,0.8805975317955017,1.0600700378417969,-0.21447433531284332,0.43732768297195435,0.8067792654037476,-0.11536387354135513
77,21,0.6362594366073608,0.7891021966934204,0.1936253309249878,0.343794047832489,0.7285983562469482,-0.25116637349128723
77,22,0.8647490739822388,1.0376415252685547,-0.20262861251831055,0.4464353322982788,0.8185714483261108,-0.1139012798666954
77,23,0.425675630569458,0.6224144101142883,0.0013962620869278908,0.8213392496109009,0.6552364230155945,-0.08015096932649612
77,24,0.456739604473114,0.6054505705833435,-0.001938488450832665,0.8323185443878174,0.7304037809371948,0.08079758286476135
77,25,0.31876078248023987,0.491921603679657,-0.11521193385124207,0.7611662149429321,0.7627633810043335,-0.23232442140579224
77,26,0.4015381634235382,0.3166113793849945,-0.1615503579378128,0.7721781730651855,0.8561851978302002,0.11656796932220459
77,27,0.24544405937194824,0.6990953683853149,0.05999498441815376,0.9567442536354065,0.8165234923362732,-0.1343516856431961
77,28,0.28679847717285156,0.5696256756782532,0.025613952428102493,0.9052895307540894,0.841645359992981,0.0948149636387825
77,29,0.2573395371437073,0.7284025549888611,0.09320569783449173,0.975868821144104,0.8091728687286377,-0.12762372195720673
77,30,0.28856703639030457,0.5979059934616089,0.05493329092860222,0.9250556230545044,0.8246406316757202,0.09259485453367233
77,31,0.19160351157188416,0.7749321460723877,0.18998049199581146,1.0276458263397217,0.8503125905990601,-0.15179751813411713
77,32,0.23920568823814392,0.6693944931030273,0.13135552406311035,0.955124020576477,0.889388918876648,0.08101028203964233
78,0,0.9142769575119019,0.42107653617858887,0.5061002373695374,0.640095055103302,0.5636385679244995,-0.4815993905067444
78,1,0.9167218208312988,0.3842000365257263,0.48465701937675476,0.6602197885513306,0.5566550493240356,-0.4953886866569519
78,2,0.9135851860046387,0.3773847818374634,0.4845859110355377,0.6627681255340576,0.5603467226028442,-0.4954352080821991
78,3,0.9106274843215942,0.3703824579715729,0.4842323362827301,0.6652781963348389,0.5641993284225464,-0.4956763982772827
78,4,0.9232053756713867,0.39622601866722107,0.4509948492050171,0.6542032957077026,0.5485659837722778,-0.4945180118083954
78,5,0.9236136674880981,0.3956225514411926,0.4510318338871002,0.6519383192062378,0.5449109077453613,-0.4946534037590027
78,6,0.9240622520446777,0.39478492736816406,0.45053213834762573,0.649659276008606,0.5411103367805481,-0.49491938948631287
78,7,0.8940635919570923,0.3512369394302368,0.3563992977142334,0.6629420518875122,0.570408821105957,-0.45139074325561523
78,8,0.9096130132675171,0.38565412163734436,0.20116612315177917,0.6413047313690186,0.5378339290618896,-0.4475735127925873
78,9,0.8831632137298584,0.41642245650291443,0.46380800008773804,0.628609299659729,0.5783334374427795,-0.4526045322418213
78,10,0.8925715684890747,0.43255534768104553,0.41876497864723206,0.62104332447052,0.5659143924713135,-0.45148947834968567
78,11,0.7374020218849182,0.308023065328598,0.23624461889266968,0.607844352722168,0.6465030312538147,-0.314922571182251
78,12,0.8576139211654663,0.487646222114563,0.05264148861169815,0.5274704098701477,0.5257741212844849,-0.3550214469432831
78,13,0.6835259199142456,0.5449384450912476,0.23161853849887848,0.6089498996734619,0.7169373631477356,-0.1690271645784378
78,14,0.7954840064048767,0.7778393030166626,-0.00833987258374691,0.3688890337944031,0.5390695333480835,-0.2694609761238098
78,15,0.693885087966919,0.7010964751243591,0.26897141337394714,0.6714543104171753,0.6927576065063477,0.03325476124882698
78,16,0.8219259977340698,1.0349900722503662,0.02126879058778286,0.31870657205581665,0.7076765894889832,-0.26245564222335815
78,17,0.6979279518127441,0.7264620661735535,0.2839311361312866,0.692068338394165,0.6733828186988831,0.046533528715372086
78,18,0.8269433379173279,1.106854796409607,0.027106840163469315,0.3059336543083191,0.7422389388084412,-0.2785126566886902
78,19,0.7222506999969482,0.7399699687957764,0.27511247992515564,0.6967023015022278,0.6834840774536133,0.047249097377061844
78,20,0.8456956148147583,1.0996901988983154,0.05304105207324028,0.3397577702999115,0.7298876047134399,-0.2897990047931671
78,21,0.7190529108047485,0.7398584485054016,0.26595339179039,0.6853163838386536,0.6881676316261292,0.037441086024045944
78,22,0.8376716375350952,1.071319818496704,0.03527650982141495,0.3380052149295807,0.7197446823120117,-0.2629930377006531
78,23,0.3806884288787842,0.5694127082824707,-0.06062192842364311,0.3273646831512451,0.7165346741676331,-0.02156423218548298
78,24,0.4847206473350525,0.7073115706443787,0.05884880572557449,0.31451499462127686,0.6626440286636353,0.021456636488437653
78,25,0.1797451376914978,0.1980385184288025,0.20598319172859192,0.1484328657388687,0.6823081970214844,0.21305127441883087
78,26,0.496707558631897,0.5176645517349243,0.39544060826301575,0.1936284601688385,0.7084908485412598,0.3030625283718109
78,27,0.18959984183311462,0.6374928951263428,0.015830500051379204,0.1277296394109726,0.7956535816192627,0.5954875349998474
78,28,0.40582552552223206,0.6544301509857178,0.1524948626756668,0.12084592878818512,0.7956814169883728,0.6628236770629883
78,29,0.22388683259487152,0.7070141434669495,0.014689594507217407,0.12299895286560059,0.8142940998077393,0.6346630454063416
78,30,0.4021274745464325,0.6683833003044128,0.13885587453842163,0.11727772653102875,0.8163228631019592,0.7028474807739258
78,31,0.09126496315002441,0.7088528275489807,0.24591805040836334,0.09570354223251343,0.7930577397346497,0.5903691649436951
78,32,0.35262590646743774,0.7004991769790649,0.30708062648773193,0.07079745829105377,0.8100177049636841,0.6737114787101746
79,0,0.9232752919197083,0.3986116051673889,0.39081305265426636,0.5347471833229065,0.6318758130073547,-0.6983054280281067
79,1,0.9267623424530029,0.3621551990509033,0.39071282744407654,0.5307545065879822,0.629490315914154,-0.7233973741531372
79,2,0.9267444610595703,0.3620530664920807,0.3905213475227356,0.531984269618988,0.6246509552001953,-0.723304033279419
79,3,0.9266996383666992,0.3622232973575592,0.3900904059410095,0.5331341028213501,0.6198399066925049,-0.723362922668457
79,4,0.9225562810897827,0.3537431061267853,0.3366330564022064,0.5277219414710999,0.6429157257080078,-0.723974883556366
79,5,0.9197089672088623,0.34785646200180054,0.33669641613960266,0.5268853306770325,0.6479802131652832,-0.724156379699707
79,6,0.9167976379394531,0.34270167350769043,0.33624204993247986,0.5260094404220581,0.6530996561050415,-0.7242926359176636
79,7,0.9073292016983032,0.3429955840110779,0.39548787474632263,0.5359606146812439,0.6088985800743103,-0.6926525235176086
79,8,0.8952493667602539,0.32517483830451965,0.14373071491718292,0.5258398652076721,0.6576038599014282,-0.697464108467102
79,9,0.9078017473220825,0.4187466502189636,0.3985222280025482,0.5374111533164978,0.617727518081665,-0.6685936450958252
79,10,0.9033845663070679,0.4084310829639435,0.3258104622364044,0.5348452925682068,0.6350585222244263,-0.6704102754592896
79,11,0.7606284618377686,0.4146897792816162,0.38502174615859985,0.5390685200691223,0.5308612585067749,-0.5397083163261414
79,12,0.8316823244094849,0.43384259939193726,-0.08840127289295197,0.5019432902336121,0.6560855507850647,-0.5493645071983337
79,13,0.6453777551651001,0.6217095255851746,0.3712824881076813,0.46230095624923706,0.4616951048374176,-0.367506742477417
79,14,0.7989771962165833,0.6923654079437256,-0.192902609705925,0.4002268314361572,0.6399022936820984,-0.4699958562850952
79,15,0.5955573320388794,0.8241353631019592,0.23719149827957153,0.3873511254787445,0.47036153078079224,-0.25059065222740173
79,16,0.8566542267799377,0.9763687252998352,-0.15945903956890106,0.3158259689807892,0.6743581295013428,-0.4381119906902313
79,17,0.5886031985282898,0.8721907734870911,0.2266242802143097,0.3738294839859009,0.46444547176361084,-0.25597497820854187
79,18,0.8670368194580078,1.0531469583511353,-0.19510899484157562,0.29083025455474854,0.6894351243972778,-0.461990088224411
79,19,0.5914371013641357,0.8735371828079224,0.18550904095172882,0.36430561542510986,0.4733032286167145,-0.2692013382911682
79,20,0.8891960382461548,1.0480754375457764,-0.17241619527339935,0.2950498163700104,0.690941572189331,-0.476992130279541
79,21,0.5912594795227051,0.856717586517334,0.2128305286169052,0.3674497604370117,0.48050373792648315,-0.2504637837409973
79,22,0.8746164441108704,1.0188714265823364,-0.14889486134052277,0.304519921541214,0.6810466647148132,-0.4419088661670685
79,23,0.47435426712036133,0.6555933952331543,0.0589512400329113,0.44092148542404175,0.5538927316665649,0.007630822714418173
79,24,0.49056124687194824,0.5912805199623108,-0.059654150158166885,0.4184401035308838,0.5957021713256836,-0.0076311067678034306
79,25,0.4224143922328949,0.7467536330223083,-0.21492257714271545,0.35082152485847473,0.5719542503356934,0.29001161456108093
79,26,0.3175106644630432,0.26829734444618225,-0.3456394076347351,0.32680559158325195,0.5815497636795044,0.297456830739975
79,27,0.28281348943710327,0.7752469778060913,-0.09786717593669891,0.31533175706863403,0.5362153649330139,0.7519212365150452
79,28,0.2978169322013855,0.5350261926651001,-0.06757590919733047,0.24969244003295898,0.5674567818641663,0.7231094241142273
79,29,0.2742324769496918,0.7633579969406128,-0.07634105533361435,0.3111729025840759,0.5300858020782471,0.8011462688446045
79,30,0.31777825951576233,0.5591914057731628,-0.025463465601205826,0.23828357458114624,0.5643354058265686,0.7706157565116882
79,31,0.23441532254219055,0.8222485780715942,-0.10244996845722198,0.30927813053131104,0.5216034650802612,0.7890260815620422
79,32,0.26822811365127563,0.6550179719924927,-0.027192682027816772,0.23715896904468536,0.567501962184906,0.7468992471694946
80,0,0.918351411819458,0.40666842460632324,0.2816930115222931,0.5797856450080872,0.646988570690155,-0.4534880220890045
80,1,0.9232242107391357,0.3703911304473877,0.2793726623058319,0.5810292959213257,0.6428676843643188,-0.4928029775619507
80,2,0.9233042001724243,0.3701891005039215,0.27922409772872925,0.5827319622039795,0.637420654296875,-0.4927218556404114
80,3,0.923037052154541,0.3704885244369507,0.2788272500038147,0.5843671560287476,0.6320324540138245,-0.49279701709747314
80,4,0.9182493686676025,0.3623833954334259,0.22530187666416168,0.5761257410049438,0.6564209461212158,-0.4961215555667877
80,5,0.9149775505065918,0.35690370202064514,0.22539599239826202,0.5745494365692139,0.6610740423202515,-0.4963282644748688
80,6,0.9117136001586914,0.35218316316604614,0.22494138777256012,0.5729627013206482,0.6657306551933289,-0.49654337763786316
80,7,0.9024655818939209,0.3477283716201782,0.2920984923839569,0.5849193334579468,0.618647575378418,-0.5507725477218628
80,8,0.8881511092185974,0.3338142931461334,0.040667567402124405,0.5686207413673401,0.6660944223403931,-0.5643860697746277
80,9,0.8997355103492737,0.42474254965782166,0.2948194444179535,0.5792689323425293,0.6330586671829224,-0.4576210379600525
80,10,0.892351508140564,0.41644349694252014,0.22176037728786469,0.575061559677124,0.6492586731910706,-0.4622691869735718
80,11,0.7662158012390137,0.40606075525283813,0.25570762157440186,0.579429566860199,0.5545470714569092,-0.46026870608329773
80,12,0.8064838647842407,0.44717836380004883,-0.1118946298956871,0.5265528559684753,0.6573065519332886,-0.48321524262428284
80,13,0.6721345782279968,0.6201039552688599,0.24118250608444214,0.5291770100593567,0.49936145544052124,-0.26537302136421204
80,14,0.7877086400985718,0.7112624049186707,-0.22060804069042206,0.4414274990558624,0.6314436197280884,-0.39331141114234924
80,15,0.6386775374412537,0.7983713150024414,0.12731769680976868,0.5139718055725098,0.5013166666030884,-0.12770898640155792
80,16,0.8342097997665405,1.015343427658081,-0.26419752836227417,0.3801286220550537,0.6666316986083984,-0.328667551279068
80,17,0.6391376852989197,0.830449104309082,0.11922305822372437,0.5133079290390015,0.48874175548553467,-0.12611816823482513
80,18,0.8445335626602173,1.0884997844696045,-0.32107505202293396,0.371237188577652,0.6827153563499451,-0.3444172739982605
80,19,0.647589921951294,0.8352128863334656,0.06666792929172516,0.5101621150970459,0.5008982419967651,-0.14013564586639404
80,20,0.8702392578125,1.0840669870376587,-0.2952946722507477,0.3634556233882904,0.6786162853240967,-0.3606289029121399
80,21,0.642534613609314,0.8268389105796814,0.10107879340648651,0.5082942843437195,0.5099259614944458,-0.126689612865448
80,22,0.8571927547454834,1.0584285259246826,-0.25463470816612244,0.37207865715026855,0.6733703017234802,-0.3312084376811981
80,23,0.4544547200202942,0.6487765312194824,-0.027882162481546402,0.44778701663017273,0.5711830854415894,0.01054393034428358
80,24,0.472415566444397,0.6111093759536743,0.0271527711302042,0.4239470362663269,0.6099140644073486,-0.010582130402326584
80,25,0.32839807868003845,0.5659529566764832,-0.28470614552497864,0.3574495315551758,0.5812399983406067,0.18313853442668915
80,26,0.35334545373916626,0.296761691570282,-0.16788989305496216,0.3264114558696747,0.5817615389823914,0.21082285046577454
80,27,0.2340461015701294,0.7216135263442993,-0.14588110148906708,0.33513307571411133,0.5320119857788086,0.6097442507743835
80,28,0.33254092931747437,0.5912480354309082,-0.011791369877755642,0.2509762942790985,0.5593476295471191,0.5570039749145508
80,29,0.2394658476114273,0.7434931993484497,-0.11666698753833771,0.3354925811290741,0.5259333252906799,0.6555741429328918
80,30,0.35231834650039673,0.6279109716415405,0.01545833982527256,0.23924624919891357,0.5553691387176514,0.5957639217376709
80,31,0.1769876778125763,0.7667691111564636,-0.057929813861846924,0.32635828852653503,0.5069959759712219,0.6471707224845886
80,32,0.29854920506477356,0.6840468049049377,0.053726959973573685,0.23870432376861572,0.5559574961662292,0.5659825205802917
81,0,0.9221662878990173,0.39798659086227417,0.4988512098789215,0.5733622312545776,0.6260958909988403,-0.35387593507766724
81,1,0.9236406087875366,0.3640746474266052,0.5044146776199341,0.5720774531364441,0.6170977354049683,-0.40231719613075256
81,2,0.9230836033821106,0.3644064962863922,0.504253089427948,0.5743759274482727,0.6104829907417297,-0.402279257774353
81,3,0.9219703078269958,0.3655641973018646,0.5039932131767273,0.5765672326087952,0.6038758158683777,-0.4023507237434387
81,4,0.9203970432281494,0.35531696677207947,0.45635801553726196,0.5660305023193359,0.6356908679008484,-0.3994652330875397
81,5,0.9177519679069519,0.34979674220085144,0.456522136926651,0.5641303658485413,0.6424050331115723,-0.3995867073535919
81,6,0.9150752425193787,0.34514325857162476,0.4561893045902252,0.5621579885482788,0.6491652727127075,-0.3997728228569031
81,7,0.9017652869224548,0.346737265586853,0.5246671438217163,0.5803396701812744,0.5909978747367859,-0.5020226240158081
81,8,0.8916205167770386,0.3275849521160126,0.30073297023773193,0.5589701533317566,0.6544995307922363,-0.4882962107658386
81,9,0.903731107711792,0.41797497868537903,0.5082678198814392,0.5777259469032288,0.6132190227508545,-0.3742358684539795
81,10,0.8991677165031433,0.40848031640052795,0.4438123404979706,0.5718411207199097,0.6345466375350952,-0.3710738718509674
81,11,0.7631157040596008,0.42583346366882324,0.46752631664276123,0.5952087044715881,0.521148681640625,-0.4483370780944824
81,12,0.827447772026062,0.4242347776889801,0.08952613919973373,0.5318946838378906,0.6673374176025391,-0.4325569272041321
81,13,0.6852920055389404,0.6525288224220276,0.4163748323917389,0.5856150388717651,0.473433256149292,-0.3088137209415436
81,14,0.8059731721878052,0.7105460166931152,-0.011914598755538464,0.47023552656173706,0.6642146110534668,-0.36749809980392456
81,15,0.6589319705963135,0.843048095703125,0.2690207362174988,0.5401394963264465,0.48047375679016113,-0.20163893699645996
81,16,0.84248948097229,1.0246161222457886,-0.012140563689172268,0.3951287269592285,0.6750447750091553,-0.3311672806739807
81,17,0.6605644822120667,0.8734211325645447,0.25076085329055786,0.5344432592391968,0.46680641174316406,-0.20909559726715088
81,18,0.8521132469177246,1.098966360092163,-0.03965546935796738,0.3847651183605194,0.6895314455032349,-0.35288622975349426
81,19,0.6668303608894348,0.8801288604736328,0.21400538086891174,0.5267722010612488,0.4761407971382141,-0.22317491471767426
81,20,0.8705992698669434,1.096158742904663,-0.03131794556975365,0.3949999213218689,0.6861997842788696,-0.36791640520095825
81,21,0.6624628901481628,0.8715488314628601,0.24699845910072327,0.5251414775848389,0.4808519184589386,-0.20143519341945648
81,22,0.8579877614974976,1.07102632522583,-0.0067360857501626015,0.3989669382572174,0.6800705194473267,-0.3344745337963104
81,23,0.4625759422779083,0.6649016737937927,0.02871811017394066,0.49027881026268005,0.5293335914611816,0.008715865202248096
81,24,0.4899916648864746,0.5902809500694275,-0.029542380943894386,0.4479585587978363,0.6030057668685913,-0.008794949389994144
81,25,0.35986658930778503,0.6897221207618713,-0.1586536318063736,0.48992910981178284,0.5364031791687012,0.25285112857818604
81,26,0.30518847703933716,0.2107413411140442,-0.2488737404346466,0.35814839601516724,0.6149604916572571,0.22779841721057892
81,27,0.28680577874183655,0.7680029273033142,-0.10759987682104111,0.4252590835094452,0.5400567650794983,0.5899270176887512
81,28,0.32605689764022827,0.46088749170303345,-0.09776954352855682,0.2599068880081177,0.5943017601966858,0.5137346386909485
81,29,0.2797137200832367,0.7751272916793823,-0.09220167994499207,0.4140121042728424,0.5420693755149841,0.6275643706321716
81,30,0.3351282477378845,0.4990173578262329,-0.06723601371049881,0.24527063965797424,0.5890712141990662,0.546696126461029
81,31,0.27903062105178833,0.8148683905601501,-0.07358305156230927,0.4194149971008301,0.5358362197875977,0.6527747511863708
81,32,0.33603137731552124,0.5458897352218628,-0.02343093231320381,0.24545231461524963,0.5910704135894775,0.5505462884902954
82,0,0.8977326154708862,0.3728317618370056,0.5652328133583069,0.5833709836006165,0.6289742588996887,-0.4147665500640869
82,1,0.8993304967880249,0.33120980858802795,0.5596749186515808,0.58376145362854,0.628759503364563,-0.4544115364551544
82,2,0.8959048986434937,0.32534921169281006,0.5597389340400696,0.5852092504501343,0.6259878277778625,-0.4542691707611084
82,3,0.8922749757766724,0.31958359479904175,0.5594708323478699,0.5866294503211975,0.6231359839439392,-0.4542543292045593
82,4,0.9058175086975098,0.3416139483451843,0.5228462219238281,0.5812345147132874,0.6368662118911743,-0.4595578610897064
82,5,0.9064375758171082,0.3416067957878113,0.5228772163391113,0.5809850096702576,0.6402197480201721,-0.4597776234149933
82,6,0.9071146845817566,0.3416970670223236,0.5223595499992371,0.5807278156280518,0.6435824632644653,-0.45998337864875793
82,7,0.8705098628997803,0.3071756958961487,0.4634237587451935,0.5943381786346436,0.6196538209915161,-0.5029600858688354
82,8,0.8907896280288696,0.33467212319374084,0.29651275277137756,0.5865349769592285,0.6453095078468323,-0.5309790372848511
82,9,0.8706650137901306,0.37917426228523254,0.5301846265792847,0.5868284106254578,0.6208721399307251,-0.4153020977973938
82,10,0.8800339698791504,0.3944641053676605,0.4817892611026764,0.5848278403282166,0.6313439607620239,-0.4240644872188568
82,11,0.708591639995575,0.2964920699596405,0.32893890142440796,0.6057531237602234,0.5703639984130859,-0.4106104373931885
82,12,0.8467546701431274,0.5065755248069763,0.07041504979133606,0.5760640501976013,0.6255898475646973,-0.45613813400268555
82,13,0.6059882044792175,0.5303283929824829,0.2460884153842926,0.5632473230361938,0.5071790218353271,-0.2184176743030548
82,14,0.8277325630187988,0.7819084525108337,-0.10280880331993103,0.5200644731521606,0.5396407246589661,-0.3560214340686798
82,15,0.567261278629303,0.7729716300964355,0.2931012213230133,0.5295236706733704,0.5446988940238953,-0.10131008177995682
82,16,0.8466247320175171,1.0664887428283691,-0.16244332492351532,0.4533717930316925,0.5621684789657593,-0.29734113812446594
82,17,0.5708059072494507,0.8140672445297241,0.3108581006526947,0.5246621370315552,0.538804829120636,-0.10248757153749466
82,18,0.8612775802612305,1.1341557502746582,-0.16928361356258392,0.42997246980667114,0.5690509080886841,-0.31091174483299255
82,19,0.5749789476394653,0.8348250389099121,0.2922978103160858,0.5228424072265625,0.5469674468040466,-0.12019863724708557
82,20,0.8715490698814392,1.1287859678268433,-0.1206572875380516,0.4322470426559448,0.5751010179519653,-0.3331272304058075
82,21,0.5716036558151245,0.8226510882377625,0.2850138247013092,0.5228044390678406,0.5506923794746399,-0.10249976068735123
82,22,0.8595020771026611,1.105963110923767,-0.14279316365718842,0.4412936568260193,0.571980893611908,-0.3023402988910675
82,23,0.3729232847690582,0.578550398349762,-0.01261551771312952,0.4554571211338043,0.5638429522514343,0.03855728730559349
82,24,0.48743295669555664,0.7169632911682129,0.010236404836177826,0.43188607692718506,0.5885893702507019,-0.03861047700047493
82,25,0.1687261313199997,0.1936851441860199,0.2842608094215393,0.3825829327106476,0.5839059352874756,0.31820565462112427
82,26,0.4889136552810669,0.5918970704078674,0.33825451135635376,0.32758426666259766,0.579166054725647,0.17158140242099762
82,27,0.14002907276153564,0.6108337640762329,0.0771040990948677,0.3560403883457184,0.5528853535652161,0.7422126531600952
82,28,0.4443691074848175,0.6617551445960999,0.15505552291870117,0.22720591723918915,0.5378931760787964,0.4795946776866913
82,29,0.18404005467891693,0.6402427554130554,0.07219821214675903,0.3541845977306366,0.5468860268592834,0.7860743403434753
82,30,0.4522044360637665,0.6541666388511658,0.1456335186958313,0.21325993537902832,0.5292811393737793,0.5119091272354126
82,31,0.08446821570396423,0.6912156939506531,0.2891736328601837,0.34374508261680603,0.5437061190605164,0.7733290791511536
82,32,0.40302640199661255,0.713577389717102,0.30929848551750183,0.20436376333236694,0.5391916036605835,0.45547908544540405
83,0,0.8920255899429321,0.3488616347312927,0.532688558101654,0.5,0.5,0.0
83,1,0.893655002117157,0.32295745611190796,0.5306090712547302,0.5,0.5,0.0
83,2,0.8903337717056274,0.3197435736656189,0.5304545164108276,0.5,0.5,0.0
83,3,0.885746419429779,0.31262415647506714,0.530106782913208,0.5,0.5,0.0
83,4,0.8995604515075684,0.32918763160705566,0.5001124739646912,0.5,0.5,0.0
83,5,0.9002705812454224,0.3303254246711731,0.5001669526100159,0.5,0.5,0.0
83,6,0.9006943702697754,0.33129289746284485,0.49965012073516846,0.5,0.5,0.0
83,7,0.8688992857933044,0.3132142424583435,0.45309633016586304,0.5,0.5,0.0
83,8,0.8848020434379578,0.3360948860645294,0.31273922324180603,0.5,0.5,0.0
83,9,0.8676204681396484,0.3633928894996643,0.5032103061676025,0.5,0.5,0.0
83,10,0.8793998956680298,0.367831289768219,0.4625748097896576,0.5,0.5,0.0
83,11,0.7121922969818115,0.32757529616355896,0.3534250855445862,0.5,0.5,0.0
83,12,0.8427650332450867,0.4621080756187439,0.08611175417900085,0.5,0.5,0.0
83,13,0.6457902193069458,0.5908347368240356,0.29003095626831055,0.5,0.5,0.0
83,14,0.8238032460212708,0.7489856481552124,-0.014083902351558208,0.5,0.5,0.0
83,15,0.6129093170166016,0.7962154150009155,0.3036113679409027,0.5,0.5,0.0
83,16,0.7914469242095947,1.0193909406661987,0.02007761225104332,0.5,0.5,0.0
83,17,0.6078883409500122,0.8293889164924622,0.3234567642211914,0.5,0.5,0.0
83,18,0.7830488085746765,1.0817158222198486,0.023405442014336586,0.5,0.5,0.0
83,19,0.6200039386749268,0.8475959300994873,0.303886353969574,0.5,0.5,0.0
83,20,0.7928382754325867,1.084467887878418,0.04729389771819115,0.5,0.5,0.0
83,21,0.6190979480743408,0.8394829034805298,0.29491984844207764,0.5,0.5,0.0
83,22,0.7881824970245361,1.0613822937011719,0.030398119240999222,0.5,0.5,0.0
83,23,0.3606935441493988,0.5799688100814819,-0.009815933182835579,0.5,0.5,0.0
83,24,0.4657944440841675,0.6681405901908875,0.007625318132340908,0.5,0.5,0.0
83,25,0.23406824469566345,0.3992280960083008,0.31450214982032776,0.5,0.5,0.0
83,26,0.5273751616477966,0.5608000755310059,0.28489014506340027,0.5,0.5,0.0
83,27,0.2380807101726532,0.6771039366722107,0.04718773812055588,0.5,0.5,0.0
83,28,0.4213164448738098,0.6549120545387268,0.04518968239426613,0.5,0.5,0.0
83,29,0.252560555934906,0.7241026759147644,0.033894509077072144,0.5,0.5,0.0
83,30,0.40983846783638,0.6621232032775879,0.035869065672159195,0.5,0.5,0.0
83,31,0.2040868103504181,0.7733948826789856,0.23023314774036407,0.5,0.5,0.0
83,32,0.3742857277393341,0.7014651298522949,0.23312197625637054,0.5,0.5,0.0
84,0,0.5,0.5,0.0,0.6121609210968018,0.616400957107544,-0.38345280289649963
84,1,0.5,0.5,0.0,0.6157737970352173,0.6188390851020813,-0.42250657081604004
84,2,0.5,0.5,0.0,0.6230211853981018,0.6187546253204346,-0.4223974347114563
84,3,0.5,0.5,0.0,0.6247492432594299,0.6129231452941895,-0.4223755896091461
84,4,0.5,0.5,0.0,0.6148195266723633,0.6249159574508667,-0.42784610390663147
84,5,0.5,0.5,0.0,0.6149352788925171,0.6258279085159302,-0.4280164837837219
84,6,0.5,0.5,0.0,0.6149910092353821,0.6267192363739014,-0.4281211197376251
84,7,0.5,0.5,0.0,0.6277386546134949,0.6079729199409485,-0.4710233807563782
84,8,0.5,0.5,0.0,0.6155176162719727,0.6333411931991577,-0.4984270930290222
84,9,0.5,0.5,0.0,0.6134602427482605,0.606266438961029,-0.38362962007522583
84,10,0.5,0.5,0.0,0.611241340637207,0.6127884387969971,-0.39210236072540283
84,11,0.5,0.5,0.0,0.6224616765975952,0.5520395636558533,-0.40459468960762024
84,12,0.5,0.5,0.0,0.5963218808174133,0.62345951795578,-0.43006759881973267
84,13,0.5,0.5,0.0,0.5939153432846069,0.4821412265300751,-0.2559121251106262
84,14,0.5,0.5,0.0,0.5427699089050293,0.5477104783058167,-0.367624431848526
84,15,0.5,0.5,0.0,0.5386686325073242,0.4815981984138489,-0.19178245961666107
84,16,0.5,0.5,0.0,0.4825434684753418,0.5607154369354248,-0.37367451190948486
84,17,0.5,0.5,0.0,0.5245206952095032,0.47256237268447876,-0.21346314251422882
84,18,0.5,0.5,0.0,0.46261122822761536,0.5679255127906799,-0.40513572096824646
84,19,0.5,0.5,0.0,0.5235331654548645,0.47674790024757385,-0.2317935973405838
84,20,0.5,0.5,0.0,0.4649257957935333,0.5698970556259155,-0.42785221338272095
84,21,0.5,0.5,0.0,0.5270529389381409,0.4862896800041199,-0.19621141254901886
84,22,0.5,0.5,0.0,0.4718092381954193,0.5661698579788208,-0.38175180554389954
84,23,0.5,0.5,0.0,0.48224809765815735,0.5534253120422363,0.027892211452126503
84,24,0.5,0.5,0.0,0.4617563784122467,0.5840085744857788,-0.028029337525367737
84,25,0.5,0.5,0.0,0.41937682032585144,0.5849531292915344,0.3095836043357849
84,26,0.5,0.5,0.0,0.37934404611587524,0.5808771848678589,0.23116469383239746
84,27,0.5,0.5,0.0,0.40171992778778076,0.5596072673797607,0.7106951475143433
84,28,0.5,0.5,0.0,0.3045903742313385,0.5420025587081909,0.5690832138061523
84,29,0.5,0.5,0.0,0.3998786509037018,0.5565769672393799,0.7537637948989868
84,30,0.5,0.5,0.0,0.293279767036438,0.5328609943389893,0.6060192584991455
84,31,0.5,0.5,0.0,0.4012121260166168,0.5530357360839844,0.7551355957984924
84,32,0.5,0.5,0.0,0.2935560941696167,0.5435938239097595,0.5785180926322937
85,0,0.5,0.5,0.0,0.6335923671722412,0.6127630472183228,0.02342192456126213
85,1,0.5,0.5,0.0,0.6392560005187988,0.6100925207138062,-0.011728480458259583
85,2,0.5,0.5,0.0,0.6345572471618652,0.6040387749671936,-0.011757384985685349
85,3,0.5,0.5,0.0,0.6359749436378479,0.599614679813385,-0.011823305860161781
85,4,0.5,0.5,0.0,0.6347074508666992,0.6206948161125183,-0.018763000145554543
85,5,0.5,0.5,0.0,0.6339300870895386,0.6226473450660706,-0.018747158348560333
85,6,0.5,0.5,0.0,0.6322179436683655,0.6276868581771851,-0.018853209912776947
85,7,0.5,0.5,0.0,0.6477604508399963,0.595721423625946,-0.11511731892824173
85,8,0.5,0.5,0.0,0.6305392384529114,0.6276564598083496,-0.14479269087314606
85,9,0.5,0.5,0.0,0.6328415870666504,0.599625825881958,-0.0027436804957687855
85,10,0.5,0.5,0.0,0.6279991865158081,0.6110799908638,-0.011533278040587902
85,11,0.5,0.5,0.0,0.6352038979530334,0.5280728340148926,-0.12871582806110382
85,12,0.5,0.5,0.0,0.5965698957443237,0.6363269686698914,-0.17661213874816895
85,13,0.5,0.5,0.0,0.5980805158615112,0.474234938621521,-0.12288220971822739
85,14,0.5,0.5,0.0,0.5168267488479614,0.6126830577850342,-0.1975345015525818
85,15,0.5,0.5,0.0,0.5378952026367188,0.472395658493042,-0.16972199082374573
85,16,0.5,0.5,0.0,0.4115273058414459,0.6363430023193359,-0.22123783826828003
85,17,0.5,0.5,0.0,0.5196947455406189,0.4657171070575714,-0.19200445711612701
85,18,0.5,0.5,0.0,0.3878626823425293,0.6514716744422913,-0.24721689522266388
85,19,0.5,0.5,0.0,0.5175999999046326,0.47492384910583496,-0.2023696005344391
85,20,0.5,0.5,0.0,0.39227569103240967,0.6514886617660522,-0.24729813635349274
85,21,0.5,0.5,0.0,0.5218788385391235,0.47974666953086853,-0.17465977370738983
85,22,0.5,0.5,0.0,0.40015849471092224,0.6490178108215332,-0.22097903490066528
85,23,0.5,0.5,0.0,0.4849289357662201,0.531972348690033,0.02506580390036106
85,24,0.5,0.5,0.0,0.4556390047073364,0.5936936736106873,-0.0252689216285944
85,25,0.5,0.5,0.0,0.4755731523036957,0.5725100040435791,0.2822146415710449
85,26,0.5,0.5,0.0,0.3939099609851837,0.5794520974159241,0.22980357706546783
85,27,0.5,0.5,0.0,0.44672203063964844,0.5588460564613342,0.5290539264678955
85,28,0.5,0.5,0.0,0.34187960624694824,0.5320960879325867,0.4318554401397705
85,29,0.5,0.5,0.0,0.44199979305267334,0.5562757849693298,0.5558915138244629
85,30,0.5,0.5,0.0,0.33343935012817383,0.5187681913375854,0.45629075169563293
85,31,0.5,0.5,0.0,0.4457609951496124,0.5531163215637207,0.5650736689567566
85,32,0.5,0.5,0.0,0.33663415908813477,0.5272980332374573,0.44228416681289673
86,0,0.5,0.5,0.0,0.5656852126121521,0.6105837821960449,-0.36595430970191956
86,1,0.5,0.5,0.0,0.5759619474411011,0.6176596879959106,-0.38454920053482056
86,2,0.5,0.5,0.0,0.5773864984512329,0.619278609752655,-0.3845054507255554
86,3,0.5,0.5,0.0,0.5787603855133057,0.6208199858665466,-0.3845033049583435
86,4,0.5,0.5,0.0,0.5748348236083984,0.6107332706451416,-0.40113991498947144
86,5,0.5,0.5,0.0,0.5756656527519226,0.6079081296920776,-0.40131112933158875
86,6,0.5,0.5,0.0,0.5764563083648682,0.605177640914917,-0.4014822840690613
86,7,0.5,0.5,0.0,0.5944908261299133,0.6026813387870789,-0.36379849910736084
86,8,0.5,0.5,0.0,0.5913764834403992,0.588409960269928,-0.4426169991493225
86,9,0.5,0.5,0.0,0.5658032298088074,0.606246829032898,-0.34341445565223694
86,10,0.5,0.5,0.0,0.5651092529296875,0.6002822518348694,-0.36669889092445374
86,11,0.5,0.5,0.0,0.5863052606582642,0.5895865559577942,-0.2854425311088562
86,12,0.5,0.5,0.0,0.5712081789970398,0.5595462322235107,-0.3606531620025635
86,13,0.5,0.5,0.0,0.5165550112724304,0.530770480632782,-0.25534069538116455
86,14,0.5,0.5,0.0,0.49841058254241943,0.5363154411315918,-0.31624117493629456
86,15,0.5,0.5,0.0,0.4594171941280365,0.519564688205719,-0.3330409526824951
86,16,0.5,0.5,0.0,0.438127338886261,0.5730112791061401,-0.2840172052383423
86,17,0.5,0.5,0.0,0.44361788034439087,0.5180501341819763,-0.35410186648368835
86,18,0.5,0.5,0.0,0.41797584295272827,0.5817400813102722,-0.290652871131897
86,19,0.5,0.5,0.0,0.44705691933631897,0.5174871683120728,-0.37021687626838684
86,20,0.5,0.5,0.0,0.42422839999198914,0.5829967260360718,-0.30450692772865295
86,21,0.5,0.5,0.0,0.45234525203704834,0.516823410987854,-0.33965355157852173
86,22,0.5,0.5,0.0,0.4311835467815399,0.5811823606491089,-0.2852531969547272
86,23,0.5,0.5,0.0,0.4228859543800354,0.5650599002838135,0.036656007170677185
86,24,0.5,0.5,0.0,0.41850972175598145,0.5292631387710571,-0.03691425547003746
86,25,0.5,0.5,0.0,0.3010139763355255,0.5792074203491211,-0.08386865258216858
86,26,0.5,0.5,0.0,0.3222019076347351,0.5407856702804565,-0.317533940076828
86,27,0.5,0.5,0.0,0.2340126633644104,0.5101184248924255,0.0368407778441906
86,28,0.5,0.5,0.0,0.25246647000312805,0.5163906216621399,-0.2816601097583771
86,29,0.5,0.5,0.0,0.23248997330665588,0.49170616269111633,0.04673854634165764
86,30,0.5,0.5,0.0,0.24931520223617554,0.509318470954895,-0.2761174440383911
86,31,0.5,0.5,0.0,0.1924281269311905,0.5114849805831909,-0.02334887906908989
86,32,0.5,0.5,0.0,0.21168313920497894,0.5226670503616333,-0.3420568108558655
87,0,0.5,0.5,0.0,0.6378117799758911,0.6076337695121765,-0.4559398889541626
87,1,0.5,0.5,0.0,0.6406143307685852,0.6027045845985413,-0.4932158887386322
87,2,0.5,0.5,0.0,0.6426682472229004,0.5970984697341919,-0.4931712746620178
87,3,0.5,0.5,0.0,0.6446784138679504,0.5915495157241821,-0.49317267537117004
87,4,0.5,0.5,0.0,0.6338692903518677,0.6197353601455688,-0.4873691201210022
87,5,0.5,0.5,0.0,0.6312021613121033,0.6261777877807617,-0.487556517124176
87,6,0.5,0.5,0.0,0.6285252571105957,0.632613480091095,-0.4877184331417084
87,7,0.5,0.5,0.0,0.6566629409790039,0.5848294496536255,-0.5567284822463989
87,8,0.5,0.5,0.0,0.6167475581169128,0.6400439739227295,-0.5304020047187805
87,9,0.5,0.5,0.0,0.6340329051017761,0.5953845381736755,-0.46516352891921997
87,10,0.5,0.5,0.0,0.6275011301040649,0.6147381067276001,-0.45759013295173645
87,11,0.5,0.5,0.0,0.6286013722419739,0.5126495361328125,-0.4561656415462494
87,12,0.5,0.5,0.0,0.5513274073600769,0.6517438888549805,-0.4723673462867737
87,13,0.5,0.5,0.0,0.5962894558906555,0.46590355038642883,-0.27603769302368164
87,14,0.5,0.5,0.0,0.47073158621788025,0.6236706376075745,-0.43875789642333984
87,15,0.5,0.5,0.0,0.5663689374923706,0.4722762107849121,-0.122603639960289
87,16,0.5,0.5,0.0,0.40667659044265747,0.6373742818832397,-0.4081149697303772
87,17,0.5,0.5,0.0,0.5576962232589722,0.47147971391677856,-0.10812664031982422
87,18,0.5,0.5,0.0,0.39142462611198425,0.6407866477966309,-0.4247576594352722
87,19,0.5,0.5,0.0,0.5569536089897156,0.48459550738334656,-0.1278495341539383
87,20,0.5,0.5,0.0,0.3969288766384125,0.6387022733688354,-0.43513497710227966
87,21,0.5,0.5,0.0,0.5563066005706787,0.49285241961479187,-0.12256322056055069
87,22,0.5,0.5,0.0,0.4004424214363098,0.6356677412986755,-0.41148245334625244
87,23,0.5,0.5,0.0,0.4876255393028259,0.5139846801757812,0.0282882172614336
87,24,0.5,0.5,0.0,0.45316070318222046,0.5717933773994446,-0.0284233707934618
87,25,0.5,0.5,0.0,0.3915471136569977,0.5275569558143616,0.27807292342185974
87,26,0.5,0.5,0.0,0.36323028802871704,0.5641372203826904,0.1038050651550293
87,27,0.5,0.5,0.0,0.32125169038772583,0.49421292543411255,0.4291692078113556
87,28,0.5,0.5,0.0,0.28908419609069824,0.501570463180542,0.21412092447280884
87,29,0.5,0.5,0.0,0.3143395781517029,0.4878440201282501,0.44365882873535156
87,30,0.5,0.5,0.0,0.2804076075553894,0.49452540278434753,0.2266272008419037
87,31,0.5,0.5,0.0,0.2892841398715973,0.4975004196166992,0.3892468810081482
87,32,0.5,0.5,0.0,0.2620071768760681,0.47745567560195923,0.16668789088726044
88,0,0.5,0.5,0.0,0.6421138644218445,0.6028150916099548,-0.3642159104347229
88,1,0.5,0.5,0.0,0.6498889923095703,0.6109239459037781,-0.3835340738296509
88,2,0.5,0.5,0.0,0.6505977511405945,0.6106603145599365,-0.3834305703639984
88,3,0.5,0.5,0.0,0.6513420343399048,0.6103477478027344,-0.38344764709472656
88,4,0.5,0.5,0.0,0.6506141424179077,0.6075623035430908,-0.3870529234409332
88,5,0.5,0.5,0.0,0.6509796977043152,0.6072945594787598,-0.3872118294239044
88,6,0.5,0.5,0.0,0.6515257358551025,0.6065736413002014,-0.38735249638557434
88,7,0.5,0.5,0.0,0.6561124324798584,0.6071624159812927,-0.3767174184322357
88,8,0.5,0.5,0.0,0.6618564128875732,0.6038113832473755,-0.39718911051750183
88,9,0.5,0.5,0.0,0.6423569917678833,0.6007009148597717,-0.3502558469772339
88,10,0.5,0.5,0.0,0.6411818265914917,0.6001737117767334,-0.35663244128227234
88,11,0.5,0.5,0.0,0.6326287388801575,0.6139379143714905,-0.31507688760757446
88,12,0.5,0.5,0.0,0.652604341506958,0.5422792434692383,-0.31738388538360596
88,13,0.5,0.5,0.0,0.5660029053688049,0.5935162901878357,-0.2698119282722473
88,14,0.5,0.5,0.0,0.6262916922569275,0.4720782935619354,-0.289644718170166
88,15,0.5,0.5,0.0,0.5184082984924316,0.5752226710319519,-0.29739949107170105
88,16,0.5,0.5,0.0,0.5571503043174744,0.4659664034843445,-0.30117061734199524
88,17,0.5,0.5,0.0,0.5034372210502625,0.5724309086799622,-0.31880101561546326
88,18,0.5,0.5,0.0,0.5319112539291382,0.458002507686615,-0.3144921362400055
88,19,0.5,0.5,0.0,0.5069411993026733,0.5692657828330994,-0.335881769657135
88,20,0.5,0.5,0.0,0.5128118991851807,0.4800071716308594,-0.33770349621772766
88,21,0.5,0.5,0.0,0.5124019384384155,0.5690259337425232,-0.3039211928844452
88,22,0.5,0.5,0.0,0.5176795721054077,0.4833458960056305,-0.3092954456806183
88,23,0.5,0.5,0.0,0.5175978541374207,0.5706541538238525,0.008049296215176582
88,24,0.5,0.5,0.0,0.5234876871109009,0.5386613011360168,-0.008130132220685482
88,25,0.5,0.5,0.0,0.41898274421691895,0.5813737511634827,0.012337769381701946
88,26,0.5,0.5,0.0,0.4360513389110565,0.5432175993919373,0.016827749088406563
88,27,0.5,0.5,0.0,0.3459247946739197,0.5433513522148132,0.16546860337257385
88,28,0.5,0.5,0.0,0.34058505296707153,0.49840736389160156,0.16289547085762024
88,29,0.5,0.5,0.0,0.3386709690093994,0.5334601402282715,0.17794866859912872
88,30,0.5,0.5,0.0,0.3266392946243286,0.4918392300605774,0.1766553372144699
88,31,0.5,0.5,0.0,0.3163754940032959,0.542884886264801,0.12626531720161438
88,32,0.5,0.5,0.0,0.3122057318687439,0.48287707567214966,0.1270073503255844
89,0,0.5,0.5,0.0,0.6490169167518616,0.6078135371208191,-0.3351847529411316
89,1,0.5,0.5,0.0,0.6595178842544556,0.6093453168869019,-0.365231454372406
89,2,0.5,0.5,0.0,0.6607232093811035,0.6073009967803955,-0.36519378423690796
89,3,0.5,0.5,0.0,0.6632325053215027,0.6014713644981384,-0.3652218282222748
89,4,0.5,0.5,0.0,0.6518375873565674,0.6159307956695557,-0.37226149439811707
89,5,0.5,0.5,0.0,0.6516516804695129,0.6168006658554077,-0.37237611413002014
89,6,0.5,0.5,0.0,0.6513171792030334,0.6176258325576782,-0.37251073122024536
89,7,0.5,0.5,0.0,0.6666979193687439,0.5964860916137695,-0.4116673767566681
89,8,0.5,0.5,0.0,0.6606376767158508,0.614490270614624,-0.44775816798210144
89,9,0.5,0.5,0.0,0.6489478349685669,0.5980937480926514,-0.33941736817359924
89,10,0.5,0.5,0.0,0.6441649198532104,0.6103717088699341,-0.35056498646736145
89,11,0.5,0.5,0.0,0.6605364084243774,0.5488584637641907,-0.34177953004837036
89,12,0.5,0.5,0.0,0.6173653602600098,0.6084448099136353,-0.4011872112751007
89,13,0.5,0.5,0.0,0.61082923412323,0.48532834649086,-0.23864644765853882
89,14,0.5,0.5,0.0,0.5477913022041321,0.5777909159660339,-0.39818432927131653
89,15,0.5,0.5,0.0,0.5547239780426025,0.48504525423049927,-0.18760095536708832
89,16,0.5,0.5,0.0,0.4485567808151245,0.6025238633155823,-0.40064600110054016
89,17,0.5,0.5,0.0,0.5373837947845459,0.47833800315856934,-0.19442681968212128
89,18,0.5,0.5,0.0,0.42217186093330383,0.6113319396972656,-0.4283108115196228
89,19,0.5,0.5,0.0,0.5376260280609131,0.47854381799697876,-0.21450145542621613
89,20,0.5,0.5,0.0,0.4188784956932068,0.6143863201141357,-0.43595191836357117
89,21,0.5,0.5,0.0,0.5414824485778809,0.4821785092353821,-0.19262942671775818
89,22,0.5,0.5,0.0,0.4282447099685669,0.6097239255905151,-0.4040625989437103
89,23,0.5,0.5,0.0,0.5255095958709717,0.5501348972320557,0.02485126443207264
89,24,0.5,0.5,0.0,0.5074339509010315,0.5562586188316345,-0.02497083880007267
89,25,0.5,0.5,0.0,0.42873209714889526,0.590142548084259,0.08342605829238892
89,26,0.5,0.5,0.0,0.4273550510406494,0.5515316724777222,0.018267402425408363
89,27,0.5,0.5,0.0,0.34811925888061523,0.5408720374107361,0.3815036714076996
89,28,0.5,0.5,0.0,0.3251901865005493,0.48879581689834595,0.2778056859970093
89,29,0.5,0.5,0.0,0.343103289604187,0.5280002355575562,0.4089304506778717
89,30,0.5,0.5,0.0,0.3082466721534729,0.4786991775035858,0.30174142122268677
89,31,0.5,0.5,0.0,0.30912142992019653,0.5463257431983948,0.35533228516578674
89,32,0.5,0.5,0.0,0.29778623580932617,0.47458553314208984,0.22894728183746338
90,0,0.5,0.5,0.0,0.6664579510688782,0.6075396537780762,-0.1473025381565094
90,1,0.5,0.5,0.0,0.6735606789588928,0.605250358581543,-0.17086276412010193
90,2,0.5,0.5,0.0,0.6739239692687988,0.604308009147644,-0.1708296239376068
90,3,0.5,0.5,0.0,0.6743917465209961,0.6032089591026306,-0.17081867158412933
90,4,0.5,0.5,0.0,0.6717159152030945,0.6137050986289978,-0.17781738936901093
90,5,0.5,0.5,0.0,0.6718226671218872,0.6157472729682922,-0.17791111767292023
90,6,0.5,0.5,0.0,0.6719122529029846,0.6177948713302612,-0.17803741991519928
90,7,0.5,0.5,0.0,0.6772921085357666,0.5978769659996033,-0.21529586613178253
90,8,0.5,0.5,0.0,0.6822614073753357,0.6102019548416138,-0.24955445528030396
90,9,0.5,0.5,0.0,0.6643068790435791,0.5996705889701843,-0.15434668958187103
90,10,0.5,0.5,0.0,0.6629259586334229,0.6011794805526733,-0.16451187431812286
90,11,0.5,0.5,0.0,0.6481993198394775,0.5738359093666077,-0.1889350265264511
90,12,0.5,0.5,0.0,0.6484127640724182,0.601050853729248,-0.22836622595787048
90,13,0.5,0.5,0.0,0.5811319351196289,0.5410690903663635,-0.1453639268875122
90,14,0.5,0.5,0.0,0.5959237217903137,0.5563618540763855,-0.2011738121509552
90,15,0.5,0.5,0.0,0.5392641425132751,0.5281261801719666,-0.14616593718528748
90,16,0.5,0.5,0.0,0.5410147309303284,0.5429919362068176,-0.19534733891487122
90,17,0.5,0.5,0.0,0.5271649956703186,0.5235873460769653,-0.16061723232269287
90,18,0.5,0.5,0.0,0.5257570147514343,0.5405985713005066,-0.20996949076652527
90,19,0.5,0.5,0.0,0.5306624174118042,0.5282377600669861,-0.17754660546779633
90,20,0.5,0.5,0.0,0.5253998637199402,0.5420805811882019,-0.22450558841228485
90,21,0.5,0.5,0.0,0.5352557301521301,0.5316898822784424,-0.15330278873443604
90,22,0.5,0.5,0.0,0.5306554436683655,0.5425834655761719,-0.20158375799655914
90,23,0.5,0.5,0.0,0.5205903649330139,0.559598445892334,0.02211669087409973
90,24,0.5,0.5,0.0,0.520576536655426,0.5605990290641785,-0.022341443225741386
90,25,0.5,0.5,0.0,0.4378930330276489,0.5908989310264587,0.04485279321670532
90,26,0.5,0.5,0.0,0.44524136185646057,0.5736505389213562,-0.018713252618908882
90,27,0.5,0.5,0.0,0.3616116940975189,0.5525081753730774,0.1931181252002716
90,28,0.5,0.5,0.0,0.3524641990661621,0.503406286239624,0.14192244410514832
90,29,0.5,0.5,0.0,0.35486719012260437,0.5437460541725159,0.20412294566631317
90,30,0.5,0.5,0.0,0.3395715057849884,0.49351242184638977,0.1555168777704239
90,31,0.5,0.5,0.0,0.3295159339904785,0.550630509853363,0.14672046899795532
90,32,0.5,0.5,0.0,0.3230558931827545,0.4776107370853424,0.0924253836274147
91,0,0.7380542755126953,0.3747887909412384,-0.3979290723800659,0.6287344098091125,0.6035058498382568,-0.2304185926914215
91,1,0.750942587852478,0.357992559671402,-0.4193146228790283,0.6336420774459839,0.601962149143219,-0.27230459451675415
91,2,0.7520354986190796,0.3622671663761139,-0.4193192422389984,0.6348450183868408,0.5972480177879333,-0.2722850441932678
91,3,0.7530618906021118,0.36661872267723083,-0.4197353720664978,0.636017918586731,0.5925262570381165,-0.2723674774169922
91,4,0.7503635883331299,0.3542357087135315,-0.400057315826416,0.6303173899650574,0.6148197054862976,-0.2704440653324127
91,5,0.7502986192703247,0.3543650805950165,-0.3998055160045624,0.6293658018112183,0.619346022605896,-0.2705558240413666
91,6,0.7504070997238159,0.3545444905757904,-0.399873286485672,0.6284129619598389,0.6238780617713928,-0.27072227001190186
91,7,0.7531113624572754,0.4063841700553894,-0.42247650027275085,0.6351064443588257,0.5817891955375671,-0.3667256534099579
91,8,0.7501267790794373,0.39125922322273254,-0.3358863294124603,0.6241539716720581,0.626979410648346,-0.3590766191482544
91,9,0.7313722968101501,0.42375293374061584,-0.38946422934532166,0.6264529824256897,0.5909512639045715,-0.25081855058670044
91,10,0.7282810211181641,0.4143691062927246,-0.3651715815067291,0.6235744953155518,0.6054611802101135,-0.2490319460630417
91,11,0.7122561931610107,0.5538410544395447,-0.447309672832489,0.6183878183364868,0.5234092473983765,-0.35531267523765564
91,12,0.7213312387466431,0.5784006714820862,-0.2744938135147095,0.5804225206375122,0.6290873289108276,-0.31220486760139465
91,13,0.707375168800354,0.7431783080101013,-0.44747787714004517,0.5557574033737183,0.48508256673812866,-0.2819078266620636
91,14,0.6806356906890869,0.8276233077049255,-0.3053484261035919,0.5078412890434265,0.6310080885887146,-0.3083326518535614
91,15,0.7210522294044495,0.8108235597610474,-0.36155250668525696,0.5477789640426636,0.48382213711738586,-0.22961094975471497
91,16,0.6642847061157227,0.9137430191040039,-0.3827931582927704,0.42853066325187683,0.6461150050163269,-0.35091057419776917
91,17,0.7297903299331665,0.8126168251037598,-0.37649983167648315,0.5500648021697998,0.4772714078426361,-0.24166196584701538
91,18,0.6639137268066406,0.933250367641449,-0.43394210934638977,0.40987786650657654,0.6620084643363953,-0.37043702602386475
91,19,0.7332273125648499,0.8103322982788086,-0.4112595319747925,0.5493818521499634,0.49028706550598145,-0.24226555228233337
91,20,0.6669324636459351,0.9215109348297119,-0.41271811723709106,0.4162634313106537,0.6613383889198303,-0.3825596570968628
91,21,0.7263758182525635,0.8171956539154053,-0.3706004321575165,0.545973002910614,0.4954330623149872,-0.22629594802856445
91,22,0.659993052482605,0.9194395542144775,-0.38003823161125183,0.4231772720813751,0.6563913822174072,-0.35515499114990234
91,23,0.3456704020500183,0.5575022101402283,-0.15753105282783508,0.4723075032234192,0.5329867601394653,-0.01565379463136196
91,24,0.38474011421203613,0.5329188108444214,0.15670724213123322,0.45139238238334656,0.5747055411338806,0.015447115525603294
91,25,0.14356811344623566,0.21089977025985718,-0.23307561874389648,0.4296679198741913,0.5578752160072327,0.10847676545381546
91,26,0.27217942476272583,0.19524544477462769,0.11505511403083801,0.3803859055042267,0.5673947930335999,0.1757945716381073
91,27,0.07193823158740997,0.6129787564277649,0.015546276234090328,0.39281997084617615,0.515344500541687,0.3489222526550293
91,28,0.2275647670030594,0.5364170074462891,0.33242952823638916,0.31982848048210144,0.5198914408683777,0.32842668890953064
91,29,0.0897151529788971,0.6818506717681885,0.0561404787003994,0.39458927512168884,0.5156794786453247,0.376783549785614
91,30,0.2502371072769165,0.6022680997848511,0.3650815486907959,0.31225329637527466,0.5124920010566711,0.346636563539505
91,31,-0.010129094123840332,0.6566023230552673,0.29122623801231384,0.36748942732810974,0.49127450585365295,0.3907328248023987
91,32,0.16449104249477386,0.5528551340103149,0.6022464632987976,0.2990684509277344,0.5000966191291809,0.33834147453308105
92,0,0.7548902034759521,0.31961333751678467,-0.66440749168396,0.5,0.5,0.0
92,1,0.7816070318222046,0.31005340814590454,-0.7013919949531555,0.5,0.5,0.0
92,2,0.7847388982772827,0.31622305512428284,-0.7014818787574768,0.5,0.5,0.0
92,3,0.7877698540687561,0.32249915599823,-0.7020436525344849,0.5,0.5,0.0
92,4,0.7796656489372253,0.30205249786376953,-0.6647432446479797,0.5,0.5,0.0
92,5,0.7798950672149658,0.30151626467704773,-0.6645436882972717,0.5,0.5,0.0
92,6,0.8023691773414612,0.20996057987213135,-0.6644749641418457,0.5,0.5,0.0
92,7,0.7963104844093323,0.3725730776786804,-0.7478064894676208,0.5,0.5,0.0
92,8,0.7861310243606567,0.34324464201927185,-0.5811055302619934,0.5,0.5,0.0
92,9,0.7461347579956055,0.37259864807128906,-0.6706764101982117,0.5,0.5,0.0
92,10,0.753517746925354,0.3008846640586853,-0.6225448846817017,0.5,0.5,0.0
92,11,0.718002200126648,0.5377508997917175,-0.7264476418495178,0.5,0.5,0.0
92,12,0.7386965751647949,0.522835373878479,-0.4940328896045685,0.5,0.5,0.0
92,13,0.7157078981399536,0.8122366070747375,-0.7751301527023315,0.5,0.5,0.0
92,14,0.6864852905273438,0.7923689484596252,-0.40362921357154846,0.5,0.5,0.0
92,15,0.7340835332870483,0.948310375213623,-0.7770133018493652,0.5,0.5,0.0
92,16,0.6442398428916931,0.886432945728302,-0.37819263339042664,0.5,0.5,0.0
92,17,0.7568217515945435,0.9734034538269043,-0.8314038515090942,0.5,0.5,0.0
92,18,0.6444975137710571,0.9093311429023743,-0.41782474517822266,0.5,0.5,0.0
92,19,0.7557845115661621,0.9707136750221252,-0.8691633939743042,0.5,0.5,0.0
92,20,0.6456395387649536,0.8947163224220276,-0.42191508412361145,0.5,0.5,0.0
92,21,0.7396084070205688,0.9661592245101929,-0.7944338917732239,0.5,0.5,0.0
92,22,0.634697675704956,0.8919315934181213,-0.3832518458366394,0.5,0.5,0.0
92,23,0.35399720072746277,0.5296084880828857,-0.18025831878185272,0.5,0.5,0.0
92,24,0.39442992210388184,0.48845797777175903,0.18022097647190094,0.5,0.5,0.0
92,25,0.13921169936656952,0.20083200931549072,-0.25600287318229675,0.5,0.5,0.0
92,26,0.24744336307048798,0.1650177240371704,0.17195482552051544,0.5,0.5,0.0
92,27,0.07353697717189789,0.5938465595245361,0.05907342955470085,0.5,0.5,0.0
92,28,0.20584112405776978,0.5484555959701538,0.4504101276397705,0.5,0.5,0.0
92,29,0.0942259281873703,0.660576343536377,0.10210120677947998,0.5,0.5,0.0
92,30,0.23263418674468994,0.6157870292663574,0.4891638457775116,0.5,0.5,0.0
92,31,-0.0013141632080078125,0.6605217456817627,0.32312294840812683,0.5,0.5,0.0
92,32,0.13856378197669983,0.593192994594574,0.724582314491272,0.5,0.5,0.0
93,0,0.5,0.5,0.0,0.6705302596092224,0.5997703671455383,-0.20322880148887634
93,1,0.5,0.5,0.0,0.681703507900238,0.6003864407539368,-0.23254865407943726
93,2,0.5,0.5,0.0,0.682668924331665,0.5981701016426086,-0.2325318157672882
93,3,0.5,0.5,0.0,0.6841228008270264,0.5924498438835144,-0.23259705305099487
93,4,0.5,0.5,0.0,0.6799156665802002,0.6072410345077515,-0.23805250227451324
93,5,0.5,0.5,0.0,0.6797836422920227,0.6086243987083435,-0.2381170243024826
93,6,0.5,0.5,0.0,0.6705570220947266,0.6164131164550781,-0.2382536381483078
93,7,0.5,0.5,0.0,0.6856890916824341,0.5871794819831848,-0.2978073060512543
93,8,0.5,0.5,0.0,0.6821373701095581,0.6075583696365356,-0.3257930874824524
93,9,0.5,0.5,0.0,0.6709601283073425,0.5907083749771118,-0.2176627814769745
93,10,0.5,0.5,0.0,0.6682958006858826,0.5982623100280762,-0.2260957509279251
93,11,0.5,0.5,0.0,0.6405982971191406,0.5472428798675537,-0.2936113774776459
93,12,0.5,0.5,0.0,0.6287225484848022,0.5942369103431702,-0.29920050501823425
93,13,0.5,0.5,0.0,0.5717574954032898,0.5239654183387756,-0.26141616702079773
93,14,0.5,0.5,0.0,0.5647825002670288,0.5824707746505737,-0.2981897294521332
93,15,0.5,0.5,0.0,0.5416281223297119,0.5168817639350891,-0.27155396342277527
93,16,0.5,0.5,0.0,0.48963141441345215,0.6112638115882874,-0.3266853988170624
93,17,0.5,0.5,0.0,0.5358338952064514,0.5147155523300171,-0.29544615745544434
93,18,0.5,0.5,0.0,0.4696725606918335,0.6191112995147705,-0.3522607684135437
93,19,0.5,0.5,0.0,0.5367318987846375,0.5203118324279785,-0.3074350655078888
93,20,0.5,0.5,0.0,0.4672284424304962,0.6222471594810486,-0.36183488368988037
93,21,0.5,0.5,0.0,0.5375061631202698,0.5230936408042908,-0.27712973952293396
93,22,0.5,0.5,0.0,0.4736717641353607,0.6181089878082275,-0.3310509920120239
93,23,0.5,0.5,0.0,0.5050109624862671,0.558116614818573,-0.0042167301289737225
93,24,0.5,0.5,0.0,0.5019826292991638,0.5577688813209534,0.0041613345965743065
93,25,0.5,0.5,0.0,0.41085338592529297,0.5965415835380554,0.023445969447493553
93,26,0.5,0.5,0.0,0.4318963587284088,0.5433878302574158,0.05212055891752243
93,27,0.5,0.5,0.0,0.3989143967628479,0.5533250570297241,0.38661932945251465
93,28,0.5,0.5,0.0,0.38256603479385376,0.5098341107368469,0.2978041172027588
93,29,0.5,0.5,0.0,0.4082843065261841,0.5472496151924133,0.42469683289527893
93,30,0.5,0.5,0.0,0.3767417073249817,0.5045692920684814,0.32334059476852417
93,31,0.5,0.5,0.0,0.37118005752563477,0.5333670973777771,0.40700557827949524
93,32,0.5,0.5,0.0,0.3631938099861145,0.5019205808639526,0.2791353762149811
94,0,0.5,0.5,0.0,0.667376697063446,0.598434567451477,-0.15203426778316498
94,1,0.5,0.5,0.0,0.6796799898147583,0.5990673303604126,-0.1838095486164093
94,2,0.5,0.5,0.0,0.6804824471473694,0.5964787006378174,-0.1837991178035736
94,3,0.5,0.5,0.0,0.6820316314697266,0.589885413646698,-0.1838652789592743
94,4,0.5,0.5,0.0,0.6783384084701538,0.6071754097938538,-0.1919660121202469
94,5,0.5,0.5,0.0,0.6783062815666199,0.6089138388633728,-0.1920313537120819
94,6,0.5,0.5,0.0,0.665340006351471,0.6192038655281067,-0.19213609397411346
94,7,0.5,0.5,0.0,0.6838823556900024,0.5829540491104126,-0.26470157504081726
94,8,0.5,0.5,0.0,0.6810414791107178,0.6082402467727661,-0.30229002237319946
94,9,0.5,0.5,0.0,0.6679242849349976,0.5876727104187012,-0.17018084228038788
94,10,0.5,0.5,0.0,0.6656601428985596,0.5963376760482788,-0.18137405812740326
94,11,0.5,0.5,0.0,0.6503815054893494,0.527126669883728,-0.2617180347442627
94,12,0.5,0.5,0.0,0.6207872629165649,0.6122520565986633,-0.29827627539634705
94,13,0.5,0.5,0.0,0.5761542320251465,0.5059639811515808,-0.2662833631038666
94,14,0.5,0.5,0.0,0.5508679151535034,0.6027841567993164,-0.3202430307865143
94,15,0.5,0.5,0.0,0.5188466906547546,0.5217822790145874,-0.32267260551452637
94,16,0.5,0.5,0.0,0.44881778955459595,0.6428120732307434,-0.34659790992736816
94,17,0.5,0.5,0.0,0.5081651210784912,0.5241864919662476,-0.3447909653186798
94,18,0.5,0.5,0.0,0.42458575963974,0.6606525182723999,-0.3685380816459656
94,19,0.5,0.5,0.0,0.5058183670043945,0.5314177870750427,-0.3592468500137329
94,20,0.5,0.5,0.0,0.4295427203178406,0.66044682264328,-0.3719240725040436
94,21,0.5,0.5,0.0,0.5073251724243164,0.5325894951820374,-0.32912251353263855
94,22,0.5,0.5,0.0,0.4325643479824066,0.6526320576667786,-0.34763428568840027
94,23,0.5,0.5,0.0,0.501548171043396,0.5292180776596069,0.0010739584686234593
94,24,0.5,0.5,0.0,0.48548826575279236,0.5637752413749695,-0.0013264482840895653
94,25,0.5,0.5,0.0,0.4228655993938446,0.5709152221679688,0.045657798647880554
94,26,0.5,0.5,0.0,0.41289860010147095,0.5727891325950623,0.09810532629489899
94,27,0.5,0.5,0.0,0.408957302570343,0.5176808834075928,0.283066987991333
94,28,0.5,0.5,0.0,0.3578738868236542,0.5205541849136353,0.2640668749809265
94,29,0.5,0.5,0.0,0.41480958461761475,0.5125443339347839,0.3092624247074127
94,30,0.5,0.5,0.0,0.3525334894657135,0.5108597278594971,0.28283655643463135
94,31,0.5,0.5,0.0,0.3902300298213959,0.49569666385650635,0.30864760279655457
94,32,0.5,0.5,0.0,0.33597713708877563,0.5080950856208801,0.26252713799476624
95,0,0.7514703273773193,0.17898252606391907,-0.43405500054359436,0.6530261039733887,0.5959295630455017,-0.22754012048244476
95,1,0.7760176658630371,0.15632492303848267,-0.46768492460250854,0.6552845239639282,0.5892181992530823,-0.2738109827041626
95,2,0.7790447473526001,0.15665078163146973,-0.4679741859436035,0.6559974551200867,0.5824778079986572,-0.27378034591674805
95,3,0.7824594974517822,0.15823793411254883,-0.4684678614139557,0.6566764712333679,0.5757481455802917,-0.27382510900497437
95,4,0.7746589183807373,0.15793836116790771,-0.42718932032585144,0.6519776582717896,0.6073261499404907,-0.27214792370796204
95,5,0.7764499187469482,0.15923869609832764,-0.42702826857566833,0.6504313945770264,0.613736629486084,-0.2722315490245819
95,6,0.7787691354751587,0.1618402600288391,-0.4269932210445404,0.6488704681396484,0.6201639771461487,-0.2723880112171173
95,7,0.810084342956543,0.20453310012817383,-0.5464159250259399,0.6588993072509766,0.565262496471405,-0.37282249331474304
95,8,0.7966047525405884,0.1913660168647766,-0.3577098548412323,0.6390110850334167,0.6251174211502075,-0.3652650713920593
95,9,0.7544912099838257,0.22794947028160095,-0.45527398586273193,0.6478714942932129,0.5811576843261719,-0.24854852259159088
95,10,0.7534617185592651,0.21363893151283264,-0.40045031905174255,0.645032525062561,0.6016716361045837,-0.24645037949085236
95,11,0.7450689077377319,0.40242400765419006,-0.5472626090049744,0.6288443207740784,0.4859871566295624,-0.33085232973098755
95,12,0.7438579797744751,0.42444005608558655,-0.2642006278038025,0.5790737271308899,0.6354631185531616,-0.3471081554889679
95,13,0.7524054050445557,0.6143455505371094,-0.6310656666755676,0.5972711443901062,0.4545953869819641,-0.16735075414180756
95,14,0.723804235458374,0.6763703227043152,-0.19399245083332062,0.49183690547943115,0.6459953188896179,-0.2775922417640686
95,15,0.7542206048965454,0.870445191860199,-0.6794211864471436,0.585088312625885,0.4559396207332611,-0.03931267559528351
95,16,0.7225663661956787,0.8144174218177795,-0.21628046035766602,0.4327276349067688,0.6519522666931152,-0.24767763912677765
95,17,0.7792915105819702,0.9207981824874878,-0.7311061024665833,0.5861324667930603,0.4604002833366394,-0.04347621649503708
95,18,0.7434859275817871,0.8292746543884277,-0.24565477669239044,0.41516542434692383,0.6694040298461914,-0.26966726779937744
95,19,0.7691639065742493,0.926198422908783,-0.7622701525688171,0.5808373689651489,0.4717654287815094,-0.05796780437231064
95,20,0.7327967882156372,0.8334366083145142,-0.2554985582828522,0.42201340198516846,0.6652290225028992,-0.2895021438598633
95,21,0.7517063617706299,0.9108833074569702,-0.6953386068344116,0.5760858058929443,0.4797538220882416,-0.039723534137010574
95,22,0.7222690582275391,0.8239653706550598,-0.22440668940544128,0.42922863364219666,0.6575826406478882,-0.2540189325809479
95,23,0.39375191926956177,0.46106988191604614,-0.16306397318840027,0.49267876148223877,0.5138283967971802,0.015614286065101624
95,24,0.4214480519294739,0.4622620940208435,0.16268903017044067,0.46065106987953186,0.5825688242912292,-0.015547349117696285
95,25,0.23656442761421204,0.32970064878463745,-0.04552515596151352,0.44941219687461853,0.5355777740478516,0.33060625195503235
95,26,0.3288702368736267,0.2972801625728607,0.35860952734947205,0.401730477809906,0.5683377981185913,0.26006025075912476
95,27,0.197734534740448,0.5301946401596069,0.15687678754329681,0.4169427454471588,0.529578685760498,0.6621544361114502
95,28,0.27425163984298706,0.4034464359283447,0.48297256231307983,0.375034362077713,0.5293149352073669,0.6027636528015137
95,29,0.20021659135818481,0.5784624218940735,0.18197718262672424,0.4056917428970337,0.5262658596038818,0.7005939483642578
95,30,0.2716953158378601,0.43715035915374756,0.5018630027770996,0.3658486008644104,0.5202606916427612,0.6435843110084534
95,31,0.1644534170627594,0.5344897508621216,0.29130828380584717,0.43537795543670654,0.5306358933448792,0.7257838249206543
95,32,0.23577995598316193,0.35796457529067993,0.634070873260498,0.39584773778915405,0.5247000455856323,0.6676519513130188
96,0,0.5,0.5,0.0,0.6757774353027344,0.5988373756408691,-0.10581976920366287
96,1,0.5,0.5,0.0,0.6790630221366882,0.5950635671615601,-0.14578330516815186
96,2,0.5,0.5,0.0,0.6796802878379822,0.5928444266319275,-0.1457594633102417
96,3,0.5,0.5,0.0,0.6803407073020935,0.590095579624176,-0.14579623937606812
96,4,0.5,0.5,0.0,0.6771926283836365,0.603272557258606,-0.1452501267194748
96,5,0.5,0.5,0.0,0.6766228079795837,0.6067279577255249,-0.14529260993003845
96,6,0.5,0.5,0.0,0.6764686107635498,0.6082339882850647,-0.145368292927742
96,7,0.5,0.5,0.0,0.6820223331451416,0.5790722966194153,-0.24617372453212738
96,8,0.5,0.5,0.0,0.6769648790359497,0.6086344122886658,-0.24260538816452026
96,9,0.5,0.5,0.0,0.6685271263122559,0.5869636535644531,-0.13042165338993073
96,10,0.5,0.5,0.0,0.6659555435180664,0.6016863584518433,-0.12946005165576935
96,11,0.5,0.5,0.0,0.6687195301055908,0.5164673924446106,-0.21338140964508057
96,12,0.5,0.5,0.0,0.6222645044326782,0.6363508105278015,-0.24528169631958008
96,13,0.5,0.5,0.0,0.6217519044876099,0.4616868495941162,-0.0642101988196373
96,14,0.5,0.5,0.0,0.5508825182914734,0.6344926357269287,-0.189585343003273
96,15,0.5,0.5,0.0,0.5931838750839233,0.46157681941986084,0.0782710611820221
96,16,0.5,0.5,0.0,0.497187077999115,0.63331538438797,-0.1497020423412323
96,17,0.5,0.5,0.0,0.5853359699249268,0.46461114287376404,0.08483824878931046
96,18,0.5,0.5,0.0,0.48264074325561523,0.6347174644470215,-0.16090328991413116
96,19,0.5,0.5,0.0,0.5848928689956665,0.47541314363479614,0.07227600365877151
96,20,0.5,0.5,0.0,0.4843716025352478,0.6321774125099182,-0.1732865273952484
96,21,0.5,0.5,0.0,0.5839117765426636,0.48242539167404175,0.0787845104932785
96,22,0.5,0.5,0.0,0.4898785650730133,0.6299130320549011,-0.15231384336948395
96,23,0.5,0.5,0.0,0.5116772651672363,0.5196544528007507,0.027335969731211662
96,24,0.5,0.5,0.0,0.49206066131591797,0.5911446809768677,-0.027632543817162514
96,25,0.5,0.5,0.0,0.44022542238235474,0.5336107015609741,0.2531600892543793
96,26,0.5,0.5,0.0,0.42672914266586304,0.6071733236312866,0.17419175803661346
96,27,0.5,0.5,0.0,0.36672666668891907,0.49954161047935486,0.44678831100463867
96,28,0.5,0.5,0.0,0.35813355445861816,0.5370668172836304,0.37283480167388916
96,29,0.5,0.5,0.0,0.35632485151290894,0.49357840418815613,0.46893954277038574
96,30,0.5,0.5,0.0,0.34667813777923584,0.5214579701423645,0.3965061604976654
96,31,0.5,0.5,0.0,0.3542712330818176,0.4971781373023987,0.4862534701824188
96,32,0.5,0.5,0.0,0.35134750604629517,0.5246924161911011,0.4167160987854004
97,0,0.7315906286239624,0.3146139979362488,-0.5759562253952026,0.6356337666511536,0.5796727538108826,-0.5127518773078918
97,1,0.7531139254570007,0.3115752637386322,-0.5971384048461914,0.6485788822174072,0.5846807956695557,-0.5408037304878235
97,2,0.7570593357086182,0.3175349831581116,-0.5973250865936279,0.6492927074432373,0.5850457549095154,-0.5407862663269043
97,3,0.7609201669692993,0.3235364556312561,-0.597861111164093,0.6500370502471924,0.585139274597168,-0.5409272313117981
97,4,0.7476363182067871,0.2992455065250397,-0.5745909214019775,0.6498371362686157,0.5896878242492676,-0.5381182432174683
97,5,0.7467801570892334,0.2959306240081787,-0.5744284987449646,0.6506571173667908,0.5894407033920288,-0.5383079051971436
97,6,0.7459812164306641,0.29268351197242737,-0.574393630027771,0.6513429880142212,0.5891168713569641,-0.53848797082901
97,7,0.7732328176498413,0.35601645708084106,-0.605651319026947,0.6554803252220154,0.5836834907531738,-0.5549252033233643
97,8,0.7531564831733704,0.3128008246421814,-0.4969632923603058,0.654807984828949,0.5872684121131897,-0.5440601110458374
97,9,0.7289023399353027,0.34962478280067444,-0.5693770051002502,0.6346722841262817,0.5809957981109619,-0.5032063722610474
97,10,0.7202928066253662,0.3330860137939453,-0.5384345054626465,0.6352386474609375,0.5802962183952332,-0.5006164312362671
97,11,0.7335587739944458,0.4653070569038391,-0.584868848323822,0.6177784204483032,0.5599393844604492,-0.44787415862083435
97,12,0.7232930660247803,0.42129164934158325,-0.39238429069519043,0.6026870608329773,0.5762693881988525,-0.43999549746513367
97,13,0.7510083913803101,0.6706440448760986,-0.6474354863166809,0.5289110541343689,0.5510743260383606,-0.3101058304309845
97,14,0.6901403665542603,0.6389776468276978,-0.35295337438583374,0.5203984379768372,0.5796018838882446,-0.40392425656318665
97,15,0.7925745248794556,0.854393720626831,-0.6729875206947327,0.4827176332473755,0.5768083930015564,-0.24502116441726685
97,16,0.7140083312988281,0.7932764291763306,-0.4249240756034851,0.44172731041908264,0.630995512008667,-0.441977322101593
97,17,0.8248000741004944,0.9003884792327881,-0.7208302617073059,0.47481268644332886,0.5805652141571045,-0.25401169061660767
97,18,0.7233331203460693,0.832283616065979,-0.4696196913719177,0.4145808815956116,0.6616647243499756,-0.4664593040943146
97,19,0.813544511795044,0.9052304625511169,-0.7588422298431396,0.4740327000617981,0.5892772078514099,-0.27793973684310913
97,20,0.7277690172195435,0.8183392882347107,-0.46989738941192627,0.41966092586517334,0.6590121984481812,-0.4847754240036011
97,21,0.7950659990310669,0.8901710510253906,-0.6924077868461609,0.4767923653125763,0.5867932438850403,-0.2508868873119354
97,22,0.719069242477417,0.8114569187164307,-0.43092256784439087,0.4297444522380829,0.6541028618812561,-0.448870986700058
97,23,0.4301448166370392,0.4651940166950226,-0.12604665756225586,0.4811420440673828,0.5525845289230347,-0.008906076662242413
97,24,0.4475933015346527,0.4276863932609558,0.12609033286571503,0.4753727316856384,0.5454314947128296,0.009075154550373554
97,25,0.2767343521118164,0.3788661062717438,-0.23301714658737183,0.39477241039276123,0.5754624605178833,-0.13543526828289032
97,26,0.31349506974220276,0.3080657124519348,0.08892666548490524,0.3904381990432739,0.5544412732124329,-0.01664016768336296
97,27,0.30400797724723816,0.4575812816619873,0.20585675537586212,0.36735305190086365,0.5351707339286804,0.23054079711437225
97,28,0.2888285517692566,0.40550655126571655,0.4309104382991791,0.34572190046310425,0.4989212453365326,0.22880110144615173
97,29,0.31705719232559204,0.47713983058929443,0.26271289587020874,0.37092214822769165,0.5317809581756592,0.2678433656692505
97,30,0.29657119512557983,0.4310683012008667,0.4783790707588196,0.3400285542011261,0.4909694790840149,0.2544414699077606
97,31,0.29888468980789185,0.4404253363609314,0.42294973134994507,0.34566032886505127,0.5166163444519043,0.23142293095588684
97,32,0.2603849470615387,0.38116681575775146,0.6370529532432556,0.3290039300918579,0.4787052273750305,0.20061393082141876
98,0,0.8252663612365723,0.2128334641456604,0.0020426292903721333,0.6706123948097229,0.5953415632247925,-0.08780812472105026
98,1,0.8218356370925903,0.17835307121276855,0.008327609859406948,0.6760990619659424,0.5945725440979004,-0.13539919257164001
98,2,0.8212880492210388,0.17872175574302673,0.008220852352678776,0.6775561571121216,0.5876876711845398,-0.13536648452281952
98,3,0.8204301595687866,0.17952123284339905,0.008074557408690453,0.678627610206604,0.5834989547729492,-0.13547250628471375
98,4,0.8190219402313232,0.17511072754859924,-0.05732102692127228,0.6733546257019043,0.6060524582862854,-0.135701984167099
98,5,0.8167834281921387,0.17319482564926147,-0.05745885148644447,0.6725661754608154,0.6090044379234314,-0.1357133388519287
98,6,0.8142834901809692,0.17186784744262695,-0.057743147015571594,0.671882152557373,0.6131778359413147,-0.1358167976140976
98,7,0.797524094581604,0.17159304022789001,0.08179470151662827,0.6794456243515015,0.5700368285179138,-0.2546776533126831
98,8,0.793304979801178,0.16685715317726135,-0.21276922523975372,0.6659913659095764,0.6101263165473938,-0.25651705265045166
98,9,0.806530237197876,0.23561835289001465,0.039402950555086136,0.6616772413253784,0.5806906223297119,-0.11590450257062912
98,10,0.8029218912124634,0.23059463500976562,-0.04529137909412384,0.6553857326507568,0.5977380871772766,-0.11646486818790436
98,11,0.7013976573944092,0.3388478457927704,0.19923405349254608,0.6432708501815796,0.47835248708724976,-0.22698025405406952
98,12,0.7163024544715881,0.32736197113990784,-0.3749378025531769,0.600266695022583,0.6406497359275818,-0.2665129005908966
98,13,0.6299551725387573,0.6039494872093201,0.2188250571489334,0.5877927541732788,0.4479460120201111,-0.0613635778427124
98,14,0.7127450704574585,0.6419535875320435,-0.42856815457344055,0.511813759803772,0.6493180394172668,-0.21386316418647766
98,15,0.64176344871521,0.7851375341415405,0.0850808322429657,0.5807821750640869,0.4816504418849945,0.100608691573143
98,16,0.8263719081878662,0.8889138102531433,-0.3847813904285431,0.4445241391658783,0.6481003165245056,-0.1868792474269867
98,17,0.662999153137207,0.7897301912307739,0.08924001455307007,0.5842450261116028,0.4836551249027252,0.10151680558919907
98,18,0.8593645095825195,0.9528416395187378,-0.4399236738681793,0.4178299605846405,0.6651690006256104,-0.2093118280172348
98,19,0.6744163632392883,0.7997385859489441,0.03025110810995102,0.5835013389587402,0.5008518099784851,0.08825826644897461
98,20,0.8752481937408447,0.9120241403579712,-0.40866050124168396,0.42383015155792236,0.6613238453865051,-0.22495673596858978
98,21,0.6642154455184937,0.8005538582801819,0.055772967636585236,0.5793925523757935,0.5043202042579651,0.10035586357116699
98,22,0.857752799987793,0.9068924188613892,-0.37208279967308044,0.43586021661758423,0.6514282822608948,-0.19174553453922272
98,23,0.44568750262260437,0.6342635750770569,0.11655225604772568,0.4730963408946991,0.49496543407440186,0.024974221363663673
98,24,0.4120385944843292,0.5684528946876526,-0.117039754986763,0.44462692737579346,0.5849121809005737,-0.024929795414209366
98,25,0.44822070002555847,0.7962618470191956,0.008832227438688278,0.41722336411476135,0.4952051639556885,0.36466673016548157
98,26,0.1475961059331894,0.2074558138847351,-0.43873339891433716,0.3509318232536316,0.5735211968421936,0.2821139693260193
98,27,0.36350297927856445,0.5900375843048096,0.09230077266693115,0.32743337750434875,0.4929901957511902,0.6875149011611938
98,28,0.2336554229259491,0.418462872505188,-0.13994693756103516,0.2695022523403168,0.5340656638145447,0.5598509311676025
98,29,0.3649899363517761,0.5632290840148926,0.11845596134662628,0.3113476037979126,0.4909871518611908,0.7245821356773376
98,30,0.2544153332710266,0.4228978753089905,-0.08916792273521423,0.2554064095020294,0.5223411917686462,0.5927405953407288
98,31,0.36420294642448425,0.4969179034233093,0.18030042946338654,0.3196462094783783,0.49900129437446594,0.7475161552429199
98,32,0.28839701414108276,0.49257612228393555,0.016702722758054733,0.26442909240722656,0.535628616809845,0.5925942659378052
99,0,0.7084575891494751,0.3210074305534363,-0.6911265850067139,0.6732397079467773,0.5945608019828796,-0.09707740694284439
99,1,0.7293393015861511,0.32491350173950195,-0.7275854349136353,0.6790528297424316,0.5918051600456238,-0.1414463371038437
99,2,0.7321373224258423,0.331499308347702,-0.7277327179908752,0.6800550222396851,0.5884514451026917,-0.1414354294538498
99,3,0.7348647117614746,0.338083416223526,-0.7283862233161926,0.6816096901893616,0.581787109375,-0.14150357246398926
99,4,0.7276507616043091,0.30955779552459717,-0.7036303281784058,0.6761622428894043,0.6016979813575745,-0.14286543428897858
99,5,0.7282290458679199,0.30472081899642944,-0.7034988403320312,0.6750835180282593,0.6053735017776489,-0.14297284185886383
99,6,0.7288601994514465,0.29998108744621277,-0.7034639120101929,0.6743436455726624,0.6076995134353638,-0.14312291145324707
99,7,0.7490568161010742,0.3650338649749756,-0.7520052194595337,0.6825196146965027,0.5714243650436401,-0.2563078999519348
99,8,0.7392301559448242,0.310373991727829,-0.634526252746582,0.6736603379249573,0.6066856980323792,-0.265548974275589
99,9,0.7043118476867676,0.3474232852458954,-0.682466447353363,0.6659649610519409,0.5825894474983215,-0.12641018629074097
99,10,0.7002514600753784,0.3284377157688141,-0.6497744917869568,0.6606842875480652,0.5930590629577637,-0.12942726910114288
99,11,0.7250325083732605,0.4388918876647949,-0.7145304679870605,0.6456435918807983,0.4876030385494232,-0.25396615266799927
99,12,0.7248767018318176,0.4025804102420807,-0.45396775007247925,0.6222401261329651,0.6367231607437134,-0.2663675844669342
99,13,0.7475494146347046,0.6756879091262817,-0.7914408445358276,0.6002373695373535,0.4525122344493866,-0.13252072036266327
99,14,0.6777125597000122,0.6225045919418335,-0.38562825322151184,0.5752353072166443,0.6519302129745483,-0.2641921937465668
99,15,0.8190426230430603,0.8254486918449402,-0.8459615111351013,0.5846378207206726,0.4577767550945282,0.007845940068364143
99,16,0.6795012950897217,0.7879192233085632,-0.4560180902481079,0.5810261964797974,0.6331419944763184,-0.2899620532989502
99,17,0.856254518032074,0.8629427552223206,-0.9053048491477966,0.5784215331077576,0.4543224275112152,0.012106282636523247
99,18,0.6807031035423279,0.8258205652236938,-0.4857921302318573,0.5804286599159241,0.6328805088996887,-0.3020645081996918
99,19,0.8509564995765686,0.8641137480735779,-0.9255266189575195,0.5813959836959839,0.46830955147743225,7.710188947385177e-05
99,20,0.6858417987823486,0.8147076368331909,-0.49938514828681946,0.5862903594970703,0.6248045563697815,-0.3091929852962494
99,21,0.8309841156005859,0.8527628779411316,-0.8588634133338928,0.5806925296783447,0.4743557274341583,0.008233926258981228
99,22,0.6797680258750916,0.8090941905975342,-0.465299516916275,0.5857090353965759,0.6215555667877197,-0.29289716482162476
99,23,0.43981680274009705,0.4290182590484619,-0.16934563219547272,0.5008722543716431,0.4975178837776184,0.008343950845301151
99,24,0.4601488411426544,0.4106314182281494,0.16945458948612213,0.4794318675994873,0.5713873505592346,-0.00857570581138134
99,25,0.29306384921073914,0.3932728171348572,-0.2306859940290451,0.39706408977508545,0.5537781715393066,0.1502034068107605
99,26,0.33640211820602417,0.38998761773109436,0.25955697894096375,0.38206055760383606,0.5676898956298828,0.15650570392608643
99,27,0.3914978802204132,0.6143020987510681,0.06248032674193382,0.3746430277824402,0.5344773530960083,0.37986740469932556
99,28,0.33502617478370667,0.5585811734199524,0.45813632011413574,0.35043948888778687,0.5197892785072327,0.355510413646698
99,29,0.42062655091285706,0.6386070847511292,0.10704239457845688,0.3721122443675995,0.5329890847206116,0.4085840880870819
99,30,0.3506525158882141,0.5877299904823303,0.4902803897857666,0.3463781476020813,0.5099997520446777,0.38218221068382263
99,31,0.3859831690788269,0.6769055128097534,0.28900301456451416,0.37731924653053284,0.5291756987571716,0.4491344690322876
99,32,0.2953733205795288,0.5846917629241943,0.6400192379951477,0.3476641774177551,0.5125728845596313,0.41580814123153687
100,0,0.825579047203064,0.22944670915603638,0.219304159283638,0.6533238887786865,0.5819576978683472,-0.33525940775871277
100,1,0.8225568532943726,0.18813270330429077,0.23142117261886597,0.6655476093292236,0.5831359624862671,-0.37834739685058594
100,2,0.8211104869842529,0.18670088052749634,0.23125417530536652,0.6673719882965088,0.5734424591064453,-0.37831225991249084
100,3,0.8198047280311584,0.18543300032615662,0.23098637163639069,0.6687777638435364,0.5705217719078064,-0.3783666789531708
100,4,0.8226333856582642,0.1877266764640808,0.172488734126091,0.6575998663902283,0.5935059785842896,-0.3805331587791443
100,5,0.8213815093040466,0.1862734854221344,0.17235271632671356,0.6570580005645752,0.5950086116790771,-0.38069677352905273
100,6,0.820206880569458,0.18495076894760132,0.17205753922462463,0.6561509966850281,0.6000905632972717,-0.3808572292327881
100,7,0.7903679609298706,0.16509899497032166,0.26716798543930054,0.6649206876754761,0.5574396252632141,-0.45492249727249146
100,8,0.7965720891952515,0.17683136463165283,0.00685837073251605,0.6495665311813354,0.5979624390602112,-0.46677327156066895
100,9,0.8038316965103149,0.25081518292427063,0.24087972939014435,0.6502018570899963,0.5719931125640869,-0.34652987122535706
100,10,0.8032485246658325,0.24967223405838013,0.16650673747062683,0.6477828621864319,0.5886768698692322,-0.3500462472438812
100,11,0.6693888902664185,0.253497838973999,0.36862310767173767,0.6361706256866455,0.47692203521728516,-0.3560533821582794
100,12,0.7562596797943115,0.3329322338104248,-0.22106292843818665,0.5765610933303833,0.6245911121368408,-0.44302695989608765
100,13,0.5723764300346375,0.5215679407119751,0.3516243100166321,0.5902048945426941,0.45460909605026245,-0.17140787839889526
100,14,0.7167582511901855,0.6369073390960693,-0.29042354226112366,0.4996086061000824,0.6344021558761597,-0.3517273962497711
100,15,0.5751038789749146,0.7114000916481018,0.2287290096282959,0.6117018461227417,0.5125776529312134,-0.04733777791261673
100,16,0.827052652835846,0.862570583820343,-0.1859208047389984,0.4766874611377716,0.6622666120529175,-0.2773127257823944
100,17,0.5843479633331299,0.7407465577125549,0.23776112496852875,0.622002363204956,0.5119107365608215,-0.049795154482126236
100,18,0.8650215864181519,0.9223548173904419,-0.2135753184556961,0.4656655788421631,0.6751140356063843,-0.29917800426483154
100,19,0.5994881391525269,0.7504913806915283,0.20349813997745514,0.6216064095497131,0.5321611166000366,-0.07327788323163986
100,20,0.8812606334686279,0.9080210328102112,-0.18423612415790558,0.4741138219833374,0.6694077253341675,-0.3139241635799408
100,21,0.5925405025482178,0.7421227693557739,0.21032007038593292,0.6149558424949646,0.5369852185249329,-0.05202793702483177
100,22,0.862216591835022,0.8868213891983032,-0.1722472459077835,0.47832679748535156,0.6607069969177246,-0.28126537799835205
100,23,0.4060094654560089,0.5857622623443604,0.17590327560901642,0.4890425205230713,0.5064384341239929,0.05116228014230728
100,24,0.4394455552101135,0.6061100959777832,-0.17726106941699982,0.46478456258773804,0.5604298114776611,-0.051239628344774246
100,25,0.46609067916870117,0.7024186849594116,0.44028735160827637,0.3901398777961731,0.5350242257118225,0.3196841776371002
100,26,0.4398815333843231,0.5340904593467712,-0.23707732558250427,0.37513354420661926,0.584373950958252,0.07079749554395676
100,27,0.3854442834854126,0.6281317472457886,0.14526835083961487,0.32546061277389526,0.5003624558448792,0.5945844054222107
100,28,0.31560617685317993,0.5475454330444336,-0.335201621055603,0.3099154233932495,0.49888667464256287,0.3225466310977936
100,29,0.36988645792007446,0.6176491975784302,0.12239348888397217,0.32082730531692505,0.49326735734939575,0.6249157786369324
100,30,0.2888312339782715,0.5320510864257812,-0.32868102192878723,0.3054794669151306,0.48386454582214355,0.3526022136211395
100,31,0.4057449698448181,0.6173956990242004,0.1943063586950302,0.29976868629455566,0.5046238899230957,0.6139813661575317
100,32,0.331432044506073,0.6033428311347961,-0.23670946061611176,0.28604429960250854,0.4817048907279968,0.33383119106292725
101,0,0.8099087476730347,0.20802456140518188,0.5728384852409363,0.6535426378250122,0.5947789549827576,-0.2930239140987396
101,1,0.8170905113220215,0.18263041973114014,0.5861057639122009,0.6611862778663635,0.5901561379432678,-0.33725765347480774
101,2,0.8116755485534668,0.17441225051879883,0.5861804485321045,0.6627138257026672,0.586212158203125,-0.3372412323951721
101,3,0.8108004331588745,0.1745557188987732,0.5860651135444641,0.6644659042358398,0.5773312449455261,-0.33733895421028137
101,4,0.8170313239097595,0.18037456274032593,0.5486311912536621,0.6571660041809082,0.602519154548645,-0.34238752722740173
101,5,0.8165284395217896,0.17906981706619263,0.5486190915107727,0.6559402346611023,0.6069304943084717,-0.34250393509864807
101,6,0.8162695169448853,0.17855650186538696,0.5482746362686157,0.6473837494850159,0.6081514954566956,-0.34265339374542236
101,7,0.7960953712463379,0.17494463920593262,0.5947611331939697,0.6584266424179077,0.559211254119873,-0.41534653306007385
101,8,0.7965468168258667,0.17375922203063965,0.42405766248703003,0.6379169225692749,0.603879988193512,-0.43856725096702576
101,9,0.7904856204986572,0.22813165187835693,0.5765596628189087,0.6459337472915649,0.5803929567337036,-0.30327755212783813
101,10,0.789435088634491,0.22565647959709167,0.5275784730911255,0.6410061717033386,0.592298150062561,-0.310027539730072
101,11,0.639828085899353,0.2576872408390045,0.559738278388977,0.6203076839447021,0.476121187210083,-0.33432716131210327
101,12,0.7590482234954834,0.36346977949142456,0.241681769490242,0.542282223701477,0.6232267618179321,-0.41033127903938293
101,13,0.5892598032951355,0.5729069113731384,0.5045942664146423,0.5799732804298401,0.44144532084465027,-0.10839050263166428
101,14,0.7442143559455872,0.6539615988731384,0.15364468097686768,0.43757593631744385,0.6329880952835083,-0.2999855875968933
101,15,0.6524401903152466,0.7102540135383606,0.4076088070869446,0.609011709690094,0.5079416036605835,0.025960303843021393
101,16,0.8236976861953735,0.8363483548164368,0.15504565834999084,0.41299498081207275,0.6589672565460205,-0.2594851851463318
101,17,0.6691408753395081,0.717765212059021,0.4168584644794464,0.6176742315292358,0.5062254071235657,0.015857163816690445
101,18,0.8577461838722229,0.8648462891578674,0.14280928671360016,0.4110398590564728,0.6782532930374146,-0.29593950510025024
101,19,0.6932297348976135,0.7321614027023315,0.40272536873817444,0.6160711050033569,0.5243120193481445,-0.017247946932911873
101,20,0.8509429693222046,0.8425505757331848,0.16543927788734436,0.4323860704898834,0.6717842221260071,-0.32621249556541443
101,21,0.684870719909668,0.7311588525772095,0.3987331986427307,0.608485221862793,0.5310461521148682,0.017580166459083557
101,22,0.8429268002510071,0.8423789739608765,0.16527815163135529,0.4356469511985779,0.664056658744812,-0.2705818712711334
101,23,0.3914504647254944,0.5881890058517456,0.013994702138006687,0.4546625018119812,0.4919431507587433,0.04238983988761902
101,24,0.476036936044693,0.6367499828338623,-0.016185777261853218,0.4190099537372589,0.5633558034896851,-0.04234803467988968
101,25,0.35684770345687866,0.3316712975502014,0.18335823714733124,0.3788682520389557,0.4928010106086731,0.41522037982940674
101,26,0.471126914024353,0.4031318724155426,0.10950417071580887,0.328832745552063,0.5411120653152466,0.2769606411457062
101,27,0.3212123513221741,0.5619603395462036,-0.3071218729019165,0.2956847548484802,0.46326619386672974,0.8396350741386414
101,28,0.46297687292099,0.6646471619606018,-0.3697317838668823,0.24275922775268555,0.5073656439781189,0.6289898157119751
101,29,0.32041922211647034,0.6103706955909729,-0.3479093313217163,0.27619773149490356,0.45127373933792114,0.8873054385185242
101,30,0.4594116806983948,0.7024529576301575,-0.4114610254764557,0.22364552319049835,0.49391913414001465,0.6689746379852295
101,31,0.307395875453949,0.6052755117416382,-0.2645413279533386,0.2960461378097534,0.48093393445014954,0.877728283405304
101,32,0.47553378343582153,0.7450991868972778,-0.3627018332481384,0.24510031938552856,0.525435745716095,0.6363643407821655
102,0,0.8145209550857544,0.2013244926929474,0.5303682088851929,0.5,0.5,0.0
102,1,0.8171992301940918,0.17615878582000732,0.5482649803161621,0.5,0.5,0.0
102,2,0.8123018145561218,0.17974209785461426,0.5482978820800781,0.5,0.5,0.0
102,3,0.810745894908905,0.17957299947738647,0.5482643842697144,0.5,0.5,0.0
102,4,0.8183984756469727,0.17711269855499268,0.5027945637702942,0.5,0.5,0.0
102,5,0.8175851702690125,0.1771022081375122,0.5027632713317871,0.5,0.5,0.0
102,6,0.8134536743164062,0.18187767267227173,0.5025339126586914,0.5,0.5,0.0
102,7,0.7861779928207397,0.1693629026412964,0.5838288068771362,0.5,0.5,0.0
102,8,0.7989393472671509,0.197934091091156,0.3783744275569916,0.5,0.5,0.0
102,9,0.7943771481513977,0.22077038884162903,0.5443921685218811,0.5,0.5,0.0
102,10,0.803156852722168,0.24098432064056396,0.4857914447784424,0.5,0.5,0.0
102,11,0.6374961137771606,0.23205655813217163,0.5589072108268738,0.5,0.5,0.0
102,12,0.7528114318847656,0.360799103975296,0.22147099673748016,0.5,0.5,0.0
102,13,0.5759036540985107,0.5525703430175781,0.49628305435180664,0.5,0.5,0.0
102,14,0.740311861038208,0.6646560430526733,0.13738518953323364,0.5,0.5,0.0
102,15,0.6515097618103027,0.6871969699859619,0.39813241362571716,0.5,0.5,0.0
102,16,0.8262660503387451,0.8026587963104248,0.14354391396045685,0.5,0.5,0.0
102,17,0.6756179928779602,0.6835359930992126,0.41122952103614807,0.5,0.5,0.0
102,18,0.8747369050979614,0.830913245677948,0.12537364661693573,0.5,0.5,0.0
102,19,0.699836015701294,0.7040593028068542,0.3913869559764862,0.5,0.5,0.0
102,20,0.8670964241027832,0.7996485233306885,0.15300840139389038,0.5,0.5,0.0
102,21,0.6891814470291138,0.7088978290557861,0.3872807025909424,0.5,0.5,0.0
102,22,0.8498483896255493,0.7807949781417847,0.1543450504541397,0.5,0.5,0.0
102,23,0.39174792170524597,0.563681960105896,0.027751103043556213,0.5,0.5,0.0
102,24,0.46127015352249146,0.6186854243278503,-0.029540695250034332,0.5,0.5,0.0
102,25,0.3957999050617218,0.34546494483947754,0.10420230776071548,0.5,0.5,0.0
102,26,0.43823671340942383,0.3511626422405243,-0.0025280003901571035,0.5,0.5,0.0
102,27,0.3572704493999481,0.47995641827583313,-0.46107667684555054,0.5,0.5,0.0
102,28,0.3736553490161896,0.5354592800140381,-0.5355398058891296,0.5,0.5,0.0
102,29,0.3493870198726654,0.5283872485160828,-0.5149269104003906,0.5,0.5,0.0
102,30,0.3594559133052826,0.5744765996932983,-0.5867516398429871,0.5,0.5,0.0
102,31,0.3714408874511719,0.4577638506889343,-0.4777669608592987,0.5,0.5,0.0
102,32,0.37736836075782776,0.5681329965591431,-0.5535380840301514,0.5,0.5,0.0
103,0,0.7188059091567993,0.5934786200523376,-0.7982226014137268,0.6278895139694214,0.6051128506660461,-0.21734870970249176
103,1,0.7501133680343628,0.6205917000770569,-0.8292399644851685,0.6447634100914001,0.5905460715293884,-0.2467132955789566
103,2,0.7489707469940186,0.6343729496002197,-0.8289916515350342,0.646023154258728,0.5891391038894653,-0.2468491941690445
103,3,0.7476882934570312,0.6480332612991333,-0.8290440440177917,0.646926760673523,0.587908923625946,-0.24702362716197968
103,4,0.755786657333374,0.5846319794654846,-0.8387646079063416,0.6429470777511597,0.596859872341156,-0.2559426724910736
103,5,0.7586601972579956,0.5708165764808655,-0.8391203880310059,0.6433071494102478,0.5972341299057007,-0.2560006082057953
103,6,0.761580228805542,0.5571962594985962,-0.839455783367157,0.643359899520874,0.597792387008667,-0.25615394115448
103,7,0.7446821928024292,0.6660493612289429,-0.7172095775604248,0.6497349739074707,0.5751857757568359,-0.30115512013435364
103,8,0.7641287446022034,0.5427888035774231,-0.7649901509284973,0.6447795629501343,0.5870151519775391,-0.34591835737228394
103,9,0.6964435577392578,0.6147621273994446,-0.7278463840484619,0.6207520961761475,0.5919525027275085,-0.22526466846466064
103,10,0.7032213807106018,0.5677351355552673,-0.7425075173377991,0.6184821724891663,0.5995144844055176,-0.23853176832199097
103,11,0.6264482736587524,0.7334434986114502,-0.5257359147071838,0.5854185223579407,0.5543829202651978,-0.2886461317539215
103,12,0.7206599712371826,0.48213934898376465,-0.5791365504264832,0.5676401853561401,0.5601035952568054,-0.28482335805892944
103,13,0.5241284370422363,0.9081004858016968,-0.45843401551246643,0.4705337882041931,0.5600558519363403,-0.30492544174194336
103,14,0.7067168951034546,0.5491023063659668,-0.5342419743537903,0.46307700872421265,0.5968570113182068,-0.23902544379234314
103,15,0.6231439113616943,0.7109768390655518,-0.3711239993572235,0.44475075602531433,0.600346028804779,-0.4586576819419861
103,16,0.778685450553894,0.6274008750915527,-0.3672357499599457,0.41662049293518066,0.658915102481842,-0.293633371591568
103,17,0.6402542591094971,0.6529573202133179,-0.3267262279987335,0.44003722071647644,0.6092309951782227,-0.5075748562812805
103,18,0.7975418567657471,0.6408674716949463,-0.3418452739715576,0.41277843713760376,0.6816368699073792,-0.3313435912132263
103,19,0.6607400178909302,0.6481030583381653,-0.28797024488449097,0.4487537741661072,0.6186314225196838,-0.5308352112770081
103,20,0.7878332734107971,0.636982798576355,-0.30939969420433044,0.42903247475624084,0.6747781038284302,-0.34951356053352356
103,21,0.6529754996299744,0.6665306091308594,-0.3443850576877594,0.4501592814922333,0.615246593952179,-0.4721076786518097
103,22,0.7767699956893921,0.644538938999176,-0.347023606300354,0.43717843294143677,0.6678627729415894,-0.3020496368408203
103,23,0.3302159011363983,0.6349706053733826,-0.05262613669037819,0.40475547313690186,0.5359076857566833,-0.014207599684596062
103,24,0.3316434919834137,0.4828943908214569,0.051897596567869186,0.4102882444858551,0.5244176387786865,0.014255636371672153
103,25,0.514251708984375,0.5661457777023315,-0.002076740376651287,0.2532774806022644,0.5333925485610962,-0.00660302210599184
103,26,0.18004915118217468,0.1479814648628235,-0.21815545856952667,0.3526335060596466,0.5529065132141113,-0.0454411543905735
103,27,0.6904463171958923,0.38288140296936035,0.06433972716331482,0.1344272494316101,0.49394306540489197,0.2553418278694153
103,28,0.14638499915599823,0.6136387586593628,0.01176863256841898,0.2466701716184616,0.5331441760063171,0.1268651932477951
103,29,0.7028700709342957,0.3792112171649933,0.09541884064674377,0.12324979901313782,0.4818394184112549,0.27904078364372253
103,30,0.19371724128723145,0.6791242361068726,0.06947458535432816,0.23458296060562134,0.5321423411369324,0.1416758894920349
103,31,0.8103761672973633,0.2647489309310913,0.1952204555273056,0.08393353223800659,0.48748573660850525,0.19858461618423462
103,32,0.04984384775161743,0.7668222784996033,0.24598415195941925,0.20338448882102966,0.5252045392990112,0.060052577406167984
104,0,0.7200210094451904,0.5948821306228638,-0.5475988388061523,0.6481648683547974,0.588506817817688,-0.29674041271209717
104,1,0.7435204982757568,0.6185879707336426,-0.5747048258781433,0.6586747169494629,0.5802352428436279,-0.3342795670032501
104,2,0.7425572276115417,0.6273430585861206,-0.5745407938957214,0.6597725749015808,0.5771295428276062,-0.33430394530296326
104,3,0.7414737343788147,0.6361512541770935,-0.5746696591377258,0.6642270684242249,0.5743674039840698,-0.3344257175922394
104,4,0.7474113702774048,0.5974422097206116,-0.574682891368866,0.6568547487258911,0.5910786390304565,-0.3420265018939972
104,5,0.7495321035385132,0.5900928378105164,-0.5747332572937012,0.6568775177001953,0.5924184322357178,-0.3421236574649811
104,6,0.7517157793045044,0.5826988220214844,-0.5748779773712158,0.6566941142082214,0.5964453816413879,-0.34227150678634644
104,7,0.7389664649963379,0.6493925452232361,-0.5165174007415771,0.6594887971878052,0.5528963208198547,-0.4166489541530609
104,8,0.7534821033477783,0.5749340653419495,-0.5169461965560913,0.6507412195205688,0.589237630367279,-0.4550606906414032
104,9,0.7010793685913086,0.6017466187477112,-0.5063382983207703,0.6330969929695129,0.5832629203796387,-0.3135080635547638
104,10,0.7063910365104675,0.5765054821968079,-0.5069810748100281,0.6354288458824158,0.5866152048110962,-0.32504016160964966
104,11,0.665651798248291,0.6900007724761963,-0.408899188041687,0.5804729461669922,0.49973928928375244,-0.3707921802997589
104,12,0.7082003355026245,0.4822300672531128,-0.3767067492008209,0.5466228723526001,0.5926705598831177,-0.41199085116386414
104,13,0.713824987411499,0.777639627456665,-0.4865470230579376,0.451066255569458,0.4982156455516815,-0.23376329243183136
104,14,0.7095685005187988,0.4167059361934662,-0.47447913885116577,0.4363482594490051,0.6268765330314636,-0.329910010099411
104,15,0.804158091545105,0.6703535318374634,-0.4796168804168701,0.40449684858322144,0.5563044548034668,-0.18629106879234314
104,16,0.7744168043136597,0.4611055254936218,-0.5908792614936829,0.4129056930541992,0.6646583080291748,-0.2825440764427185
104,17,0.8399683237075806,0.6391712427139282,-0.4906667172908783,0.39552929997444153,0.565948486328125,-0.205588236451149
104,18,0.795036792755127,0.46943360567092896,-0.6161832213401794,0.40823087096214294,0.6863546967506409,-0.30674076080322266
104,19,0.838308572769165,0.6307191848754883,-0.4465784728527069,0.4001845419406891,0.5789898633956909,-0.23609626293182373
104,20,0.79356849193573,0.4745963513851166,-0.6060301661491394,0.42512670159339905,0.6804322004318237,-0.3249351382255554
104,21,0.8201651573181152,0.6353022456169128,-0.46032583713531494,0.40322399139404297,0.5772974491119385,-0.19752904772758484
104,22,0.7793310880661011,0.4801598787307739,-0.5897166728973389,0.432930588722229,0.6695603132247925,-0.2892718017101288
104,23,0.3861326575279236,0.5564014315605164,-0.029258359223604202,0.3963882029056549,0.5110748410224915,-0.007437532301992178
104,24,0.3834758698940277,0.433432400226593,0.028977012261748314,0.390798419713974,0.5305364727973938,0.007576778996735811
104,25,0.498041570186615,0.5521281957626343,0.2458028793334961,0.2388879954814911,0.5387729406356812,0.04904056712985039
104,26,0.31210964918136597,0.22771450877189636,0.08550580590963364,0.26469460129737854,0.5275259613990784,0.13000541925430298
104,27,0.6512123346328735,0.5012950897216797,0.48079273104667664,0.18782301247119904,0.4878292679786682,0.4932083487510681
104,28,0.337025910615921,0.2415773570537567,0.5077023506164551,0.12340614199638367,0.4993760883808136,0.4388327896595001
104,29,0.651304304599762,0.48735249042510986,0.5165249109268188,0.19086213409900665,0.47629886865615845,0.5393171906471252
104,30,0.33352571725845337,0.25418248772621155,0.5689404010772705,0.1282206028699875,0.5027081370353699,0.4687250852584839
104,31,0.7381647825241089,0.47953617572784424,0.6206443905830383,0.14620426297187805,0.49311697483062744,0.5072241425514221
104,32,0.34461912512779236,0.20195791125297546,0.7002991437911987,0.09600862860679626,0.5029704570770264,0.3874278962612152
105,0,0.6945842504501343,0.5338331460952759,-0.6469283103942871,0.5,0.5,0.0
105,1,0.7190178036689758,0.558523416519165,-0.6657497882843018,0.5,0.5,0.0
105,2,0.7186539173126221,0.5709884166717529,-0.6655800342559814,0.5,0.5,0.0
105,3,0.718163251876831,0.5834046006202698,-0.6656802892684937,0.5,0.5,0.0
105,4,0.7210820913314819,0.5288262367248535,-0.6611813306808472,0.5,0.5,0.0
105,5,0.7223875522613525,0.518781840801239,-0.661294162273407,0.5,0.5,0.0
105,6,0.7237306237220764,0.5087763667106628,-0.661479651927948,0.5,0.5,0.0
105,7,0.7115784287452698,0.6117499470710754,-0.557249903678894,0.5,0.5,0.0
105,8,0.7196807861328125,0.5118683576583862,-0.5328867435455322,0.5,0.5,0.0
105,9,0.6747326850891113,0.561083197593689,-0.58552485704422,0.5,0.5,0.0
105,10,0.6773068904876709,0.5230463743209839,-0.5794833898544312,0.5,0.5,0.0
105,11,0.6277850270271301,0.6851763129234314,-0.41000112891197205,0.5,0.5,0.0
105,12,0.6722525358200073,0.49007660150527954,-0.3909134268760681,0.5,0.5,0.0
105,13,0.6411679983139038,0.8236881494522095,-0.5880978107452393,0.5,0.5,0.0
105,14,0.6871330738067627,0.49801552295684814,-0.5005293488502502,0.5,0.5,0.0
105,15,0.7602672576904297,0.6368885040283203,-0.644075334072113,0.5,0.5,0.0
105,16,0.779159665107727,0.6046020984649658,-0.5709027051925659,0.5,0.5,0.0
105,17,0.7928614616394043,0.5838539004325867,-0.6505243182182312,0.5,0.5,0.0
105,18,0.8087975978851318,0.6320814490318298,-0.5970371961593628,0.5,0.5,0.0
105,19,0.7913588881492615,0.5817945599555969,-0.5937343835830688,0.5,0.5,0.0
105,20,0.7973505258560181,0.6245445609092712,-0.556421160697937,0.5,0.5,0.0
105,21,0.7729914784431458,0.598907470703125,-0.6211231350898743,0.5,0.5,0.0
105,22,0.7795025706291199,0.623487651348114,-0.5555683374404907,0.5,0.5,0.0
105,23,0.3332959711551666,0.5863810181617737,-0.07668452709913254,0.5,0.5,0.0
105,24,0.35431182384490967,0.47097039222717285,0.07592550665140152,0.5,0.5,0.0
105,25,0.40070897340774536,0.43051648139953613,0.03837805613875389,0.5,0.5,0.0
105,26,0.2753317952156067,0.16121509671211243,-0.02222030609846115,0.5,0.5,0.0
105,27,0.5822000503540039,0.47266191244125366,0.2729381024837494,0.5,0.5,0.0
105,28,0.28524667024612427,0.3605062961578369,0.32332727313041687,0.5,0.5,0.0
105,29,0.5777440667152405,0.4889359772205353,0.3116817772388458,0.5,0.5,0.0
105,30,0.28513163328170776,0.3984852433204651,0.3823348581790924,0.5,0.5,0.0
105,31,0.6997238397598267,0.4432450830936432,0.4345640540122986,0.5,0.5,0.0
105,32,0.271309494972229,0.38352149724960327,0.5773183107376099,0.5,0.5,0.0
106,0,0.7489241361618042,0.5556656122207642,-0.7473885416984558,0.6185394525527954,0.5823841691017151,-0.2884000539779663
106,1,0.759177029132843,0.5226068496704102,-0.7762216925621033,0.6474692821502686,0.5683068633079529,-0.3167382478713989
106,2,0.7636294960975647,0.5279833674430847,-0.7761398553848267,0.6480682492256165,0.5629910826683044,-0.31684812903404236
106,3,0.7678154706954956,0.5331375598907471,-0.7761576771736145,0.6488561630249023,0.5627260208129883,-0.31704095005989075
106,4,0.7437888383865356,0.5153225660324097,-0.7719675898551941,0.6257257461547852,0.5793602466583252,-0.327084481716156
106,5,0.7366312742233276,0.5130563378334045,-0.771978497505188,0.6236118078231812,0.5796234607696533,-0.3271213173866272
106,6,0.7296122908592224,0.5111401677131653,-0.7720280885696411,0.6215137839317322,0.579880952835083,-0.32727503776550293
106,7,0.7484728097915649,0.5595134496688843,-0.7666585445404053,0.646673858165741,0.5506783127784729,-0.34914350509643555
106,8,0.6948714256286621,0.5332415699958801,-0.7550534605979919,0.6120040416717529,0.5653849840164185,-0.39613470435142517
106,9,0.7359691858291626,0.6059770584106445,-0.7356277704238892,0.6105208396911621,0.5718967914581299,-0.2870476245880127
106,10,0.7156994342803955,0.5947573184967041,-0.7316206693649292,0.6039261221885681,0.5766857266426086,-0.3011308014392853
106,11,0.6610404253005981,0.6888601183891296,-0.6230619549751282,0.5916821956634521,0.5344936847686768,-0.2923283874988556
106,12,0.6082295179367065,0.7143021821975708,-0.6228613257408142,0.5262616872787476,0.5300920009613037,-0.331032395362854
106,13,0.6658810377120972,0.6366515159606934,-0.48055562376976013,0.5412330031394958,0.5464244484901428,-0.2630470097064972
106,14,0.5468533635139465,0.7005956172943115,-0.48739883303642273,0.42613252997398376,0.5857104063034058,-0.23558664321899414
106,15,0.8015561103820801,0.6126648187637329,-0.26020705699920654,0.6064544916152954,0.5988281965255737,-0.34698933362960815
106,16,0.6137538552284241,0.7342301607131958,-0.2995257079601288,0.4151661992073059,0.6608930826187134,-0.1963583081960678
106,17,0.8495200872421265,0.5874610543251038,-0.2522939443588257,0.6329156756401062,0.6070762276649475,-0.38124239444732666
106,18,0.6230080723762512,0.740130603313446,-0.30500319600105286,0.4241069257259369,0.6856642961502075,-0.22304709255695343
106,19,0.8429543972015381,0.6040447950363159,-0.25295722484588623,0.6373159885406494,0.6197198629379272,-0.3973318636417389
106,20,0.6367504596710205,0.7399505376815796,-0.28331348299980164,0.439772367477417,0.6755864024162292,-0.22841443121433258
106,21,0.8199812173843384,0.6148492693901062,-0.2538392245769501,0.6262866258621216,0.6164615750312805,-0.3556361198425293
106,22,0.6321328282356262,0.7460085153579712,-0.28796160221099854,0.439354807138443,0.6646995544433594,-0.1978033035993576
106,23,0.28729912638664246,0.5608313679695129,0.029028449207544327,0.38425755500793457,0.5271562337875366,0.004578892607241869
106,24,0.30530714988708496,0.5691077709197998,-0.02868136763572693,0.3729749023914337,0.5036748051643372,-0.004504453856498003
106,25,0.2995833456516266,0.2896188497543335,0.23630644381046295,0.21633082628250122,0.5439972281455994,-0.01859375089406967
106,26,0.45388299226760864,0.2639833688735962,0.114471934735775,0.25518491864204407,0.5375633239746094,-0.04624190926551819
106,27,0.4268859922885895,0.4332711398601532,0.5679530501365662,0.12226568162441254,0.489807665348053,0.37540403008461
106,28,0.735580325126648,0.22252541780471802,0.19858169555664062,0.18093477189540863,0.5426280498504639,0.2026854306459427
106,29,0.4229634404182434,0.48558175563812256,0.6153343319892883,0.15371264517307281,0.46587228775024414,0.41740691661834717
106,30,0.7370996475219727,0.2538144290447235,0.21819543838500977,0.17782382667064667,0.5404298901557922,0.22976091504096985
106,31,0.5245826244354248,0.3829069435596466,0.7001383304595947,0.08828723430633545,0.4840031564235687,0.3773752748966217
106,32,0.895281195640564,0.11464446783065796,0.2966768741607666,0.13408523797988892,0.5553309321403503,0.17172923684120178
107,0,0.7295618653297424,0.49959394335746765,-0.7795894742012024,0.6082300543785095,0.5705891251564026,-0.17288829386234283
107,1,0.7529628276824951,0.49598097801208496,-0.8241260051727295,0.6406826972961426,0.5723127126693726,-0.18540267646312714
107,2,0.7517608404159546,0.5046168565750122,-0.8240281343460083,0.6412521004676819,0.5730093717575073,-0.18556556105613708
107,3,0.7503284215927124,0.5130231976509094,-0.8244600892066956,0.6414230465888977,0.5741293430328369,-0.1857466995716095
107,4,0.7560967206954956,0.4858994781970978,-0.7959042191505432,0.6283631920814514,0.560207188129425,-0.18943817913532257
107,5,0.7567967176437378,0.4837498068809509,-0.7960540056228638,0.6287494897842407,0.5587536096572876,-0.18944929540157318
107,6,0.7576620578765869,0.48179176449775696,-0.7964029312133789,0.6285415291786194,0.5573551654815674,-0.18968015909194946
107,7,0.7273635864257812,0.5588528513908386,-0.8742142915725708,0.6303980946540833,0.570959210395813,-0.17731241881847382
107,8,0.735791802406311,0.5212551951408386,-0.7382975816726685,0.6286159753799438,0.5529595613479614,-0.19497880339622498
107,9,0.6982444524765015,0.5486491918563843,-0.784652829170227,0.5977485179901123,0.5698075294494629,-0.1605633944272995
107,10,0.6985608339309692,0.5305994749069214,-0.7451650500297546,0.5978002548217773,0.5634772181510925,-0.16597947478294373
107,11,0.569280743598938,0.685105562210083,-0.7957773804664612,0.5651913285255432,0.5922226905822754,-0.1642284095287323
107,12,0.6690032482147217,0.6919334530830383,-0.5937104821205139,0.5522392988204956,0.5123805999755859,-0.13796448707580566
107,13,0.5322176218032837,0.5059306621551514,-0.7088692784309387,0.4382191002368927,0.6171960830688477,-0.24108633399009705
107,14,0.6349794864654541,0.5989171862602234,-0.6406852602958679,0.425481915473938,0.5476402640342712,-0.1251779943704605
107,15,0.7449210286140442,0.5053587555885315,-0.4191987216472626,0.4455857276916504,0.6561186909675598,-0.44680264592170715
107,16,0.7793930768966675,0.6846842765808105,-0.7855528593063354,0.402323842048645,0.5941190719604492,-0.19035139679908752
107,17,0.7843121290206909,0.4835846722126007,-0.42144277691841125,0.461010217666626,0.6777786016464233,-0.4853397011756897
107,18,0.8146618604660034,0.7055317163467407,-0.832942545413971,0.3910270035266876,0.6028706431388855,-0.20836055278778076
107,19,0.7964824438095093,0.5252649784088135,-0.4292309880256653,0.48387935757637024,0.6584432721138,-0.486198365688324
107,20,0.8143121004104614,0.6992329359054565,-0.8112583756446838,0.40333250164985657,0.5983952879905701,-0.22892577946186066
107,21,0.7800706028938293,0.5374209880828857,-0.41352924704551697,0.48045846819877625,0.6512449979782104,-0.4505726099014282
107,22,0.7920777201652527,0.7050294876098633,-0.7830160856246948,0.4080865681171417,0.5981397032737732,-0.19902437925338745
107,23,0.2377939224243164,0.5309450030326843,-0.09884889423847198,0.36928364634513855,0.5520214438438416,-0.021141503006219864
107,24,0.34611982107162476,0.5351513028144836,0.09919562190771103,0.3750247061252594,0.5035607814788818,0.02121146395802498
107,25,0.12475250661373138,0.1936616599559784,-0.01757202111184597,0.21348914504051208,0.5866658091545105,-0.10275597125291824
107,26,0.4914327561855316,0.24371246993541718,0.3219977021217346,0.2819010615348816,0.5091301202774048,-0.01917843334376812
107,27,0.13377809524536133,0.48719167709350586,0.4601331055164337,0.24718189239501953,0.5156592130661011,0.14265066385269165
107,28,0.5840907692909241,0.2519457936286926,0.6044849753379822,0.2460772842168808,0.4988895058631897,0.10755474865436554
107,29,0.15039680898189545,0.5372205972671509,0.5326858758926392,0.26271766424179077,0.5025789141654968,0.1717534363269806
107,30,0.577603280544281,0.2791633605957031,0.6496157050132751,0.24410668015480042,0.5006721019744873,0.12442532926797867
107,31,0.1002350002527237,0.488870233297348,0.7749537825584412,0.23203983902931213,0.4945172369480133,0.1895967572927475
107,32,0.640762209892273,0.15950757265090942,0.8789167404174805,0.2221103459596634,0.49232763051986694,0.11906126141548157
108,0,0.7257691025733948,0.6483285427093506,-0.8153964281082153,0.6245816349983215,0.5888104438781738,-0.21957729756832123
108,1,0.7423070669174194,0.6454159021377563,-0.8700668811798096,0.6429558992385864,0.5911729335784912,-0.2416297346353531
108,2,0.7409411668777466,0.6524889469146729,-0.8697605133056641,0.6438601016998291,0.5916619300842285,-0.24171137809753418
108,3,0.7394761443138123,0.6593663096427917,-0.8699161410331726,0.6361521482467651,0.6030938029289246,-0.24178186058998108
108,4,0.7427321076393127,0.6344307661056519,-0.862438440322876,0.6319149136543274,0.604673445224762,-0.25630661845207214
108,5,0.7413811683654785,0.632291316986084,-0.8627231121063232,0.6316315531730652,0.6028095483779907,-0.2563827335834503
108,6,0.7400754690170288,0.6303967237472534,-0.8631801605224609,0.6313346028327942,0.6009690165519714,-0.25649911165237427
108,7,0.7200125455856323,0.6919718980789185,-0.9352216124534607,0.6360187530517578,0.586173415184021,-0.2624611556529999
108,8,0.7211795449256897,0.6496318578720093,-0.8984026312828064,0.6377742290496826,0.5742999911308289,-0.3328131437301636
108,9,0.7013081312179565,0.6821029186248779,-0.8156691193580627,0.6127848625183105,0.5972664952278137,-0.21474681794643402
108,10,0.6998736262321472,0.6662638187408447,-0.8061297535896301,0.6113840341567993,0.595299243927002,-0.23518197238445282
108,11,0.5806929469108582,0.7850549221038818,-0.7513883709907532,0.5892152786254883,0.5662120580673218,-0.2210245579481125
108,12,0.6450381278991699,0.7010511159896851,-0.7291990518569946,0.5589186549186707,0.5349050164222717,-0.29420363903045654
108,13,0.5879948139190674,0.6131298542022705,-0.4725131690502167,0.4792254567146301,0.5731096863746643,-0.16291192173957825
108,14,0.6276119947433472,0.4980889558792114,-0.3897807002067566,0.44937968254089355,0.5924243330955505,-0.21277199685573578
108,15,0.7247143983840942,0.6049095392227173,-0.07423744350671768,0.4441376030445099,0.6359879374504089,-0.2615341544151306
108,16,0.6439260840415955,0.48720329999923706,-0.03235134482383728,0.437416136264801,0.6667674779891968,-0.19281725585460663
108,17,0.7588993310928345,0.5905131101608276,-0.03857456147670746,0.44864147901535034,0.675667941570282,-0.29178836941719055
108,18,0.6390920281410217,0.4744369387626648,0.013534046709537506,0.44022005796432495,0.6929279565811157,-0.22037461400032043
108,19,0.7619026899337769,0.6115778684616089,-0.031922660768032074,0.4458537995815277,0.6595086455345154,-0.3257530927658081
108,20,0.6462358236312866,0.4902457892894745,0.012319652363657951,0.46497973799705505,0.6815068125724792,-0.23090960085391998
108,21,0.7518796920776367,0.6184216141700745,-0.06074383854866028,0.4492400586605072,0.6518735289573669,-0.2763187885284424
108,22,0.6473827362060547,0.49995148181915283,-0.0202763844281435,0.46328020095825195,0.6695977449417114,-0.196234792470932
108,23,0.30777058005332947,0.4843023121356964,-0.00726266298443079,0.3987427055835724,0.5516877174377441,0.025914086028933525
108,24,0.3653446435928345,0.4680284857749939,0.007437003776431084,0.39261531829833984,0.5173210501670837,-0.02587199956178665
108,25,0.4672980010509491,0.36724746227264404,0.2950934171676636,0.24159090220928192,0.557292103767395,0.03195653855800629
108,26,0.5768545866012573,0.48993152379989624,0.36879682540893555,0.2822670042514801,0.5589578747749329,-0.00697071710601449
108,27,0.6292216777801514,0.507824718952179,0.7895838618278503,0.13324198126792908,0.4968300461769104,0.33927205204963684
108,28,0.8023329377174377,0.6131298542022705,0.7393491268157959,0.21531951427459717,0.5239219665527344,0.3211042284965515
108,29,0.6455878019332886,0.5396034121513367,0.8475545644760132,0.15099148452281952,0.4758903682231903,0.36955127120018005
108,30,0.8123822808265686,0.6415189504623413,0.7859463095664978,0.21389678120613098,0.5176540613174438,0.35517293214797974
108,31,0.7134582996368408,0.5134743452072144,0.8459484577178955,0.10451635718345642,0.49457496404647827,0.32054683566093445
108,32,0.922627329826355,0.6116801500320435,0.787122905254364,0.1647845357656479,0.5245932936668396,0.31664663553237915
109,0,0.7391314506530762,0.7346408367156982,-0.7932354211807251,0.6021633148193359,0.5867573618888855,-0.40570053458213806
109,1,0.7653763294219971,0.7656258940696716,-0.8390944600105286,0.6118891835212708,0.5864387154579163,-0.4298056960105896
109,2,0.7611405849456787,0.7754042148590088,-0.8390932679176331,0.6126581430435181,0.5851388573646545,-0.4299073815345764
109,3,0.7568289637565613,0.7851489782333374,-0.8395237922668457,0.6134065389633179,0.5838932991027832,-0.430092453956604
109,4,0.7758160829544067,0.7508080005645752,-0.8021661043167114,0.6103880405426025,0.5874185562133789,-0.4397093951702118
109,5,0.7798453569412231,0.7472946643829346,-0.8023064136505127,0.610360324382782,0.5867552757263184,-0.43980562686920166
109,6,0.7839755415916443,0.7438390851020813,-0.8027079701423645,0.6103106737136841,0.5861191749572754,-0.4399412274360657
109,7,0.7391043901443481,0.8135080337524414,-0.8716162443161011,0.6138815879821777,0.5711452960968018,-0.4265384376049042
109,8,0.7729904651641846,0.757575273513794,-0.6959391832351685,0.6087877154350281,0.5746809840202332,-0.47403421998023987
109,9,0.701133131980896,0.7481162548065186,-0.7862091660499573,0.5937548875808716,0.566249668598175,-0.3900875151157379
109,10,0.7148005962371826,0.7242801785469055,-0.7361325621604919,0.5925048589706421,0.5641385316848755,-0.40416058897972107
109,11,0.5581182241439819,0.8282743692398071,-0.8073837757110596,0.5782120227813721,0.5597579479217529,-0.3525572121143341
109,12,0.6972540616989136,0.7110624313354492,-0.4814201295375824,0.5553534030914307,0.5311073064804077,-0.3688683807849884
109,13,0.5330204963684082,0.5522022843360901,-0.6705899238586426,0.4715699851512909,0.5625933408737183,-0.33623388409614563
109,14,0.6776628494262695,0.4648725986480713,-0.4380851984024048,0.4629508852958679,0.5902239680290222,-0.28269171714782715
109,15,0.6890292167663574,0.5309348702430725,-0.392071396112442,0.44088029861450195,0.6168229579925537,-0.51431804895401
109,16,0.7101151943206787,0.41102609038352966,-0.5856301784515381,0.4427109658718109,0.6640640497207642,-0.31068652868270874
109,17,0.72148597240448,0.5140700936317444,-0.39546698331832886,0.43589112162590027,0.6327416896820068,-0.5660169720649719
109,18,0.7187045812606812,0.38401299715042114,-0.5916247367858887,0.44385507702827454,0.6945178508758545,-0.34574583172798157
109,19,0.7370091676712036,0.5446505546569824,-0.3921905755996704,0.4439932107925415,0.6391770839691162,-0.5994328260421753
109,20,0.7297545671463013,0.4009609818458557,-0.6164624094963074,0.465331494808197,0.6791232824325562,-0.3651197552680969
109,21,0.7257959246635437,0.5511189103126526,-0.3783639967441559,0.4457695484161377,0.6318144202232361,-0.5315334796905518
109,22,0.7168818712234497,0.41496938467025757,-0.5971044301986694,0.4630592167377472,0.6706331372261047,-0.3184666633605957
109,23,0.2800392806529999,0.5282273888587952,-0.11288551241159439,0.41403335332870483,0.5520154237747192,0.013031670823693275
109,24,0.4062594473361969,0.4761073589324951,0.11279626190662384,0.40602582693099976,0.5141938328742981,-0.012970018200576305
109,25,0.16541312634944916,0.21847350895404816,-0.16207419335842133,0.25297582149505615,0.5778084993362427,-0.04834587872028351
109,26,0.5109144449234009,0.2787061929702759,0.2816035747528076,0.2873169481754303,0.5535281896591187,-0.06301058828830719
109,27,0.169585719704628,0.4608876407146454,0.4456988275051117,0.18558162450790405,0.49144884943962097,0.34138569235801697
109,28,0.49426984786987305,0.34475550055503845,0.7418206930160522,0.21662108600139618,0.530194103717804,0.23486456274986267
109,29,0.18294471502304077,0.5143712759017944,0.5263358354568481,0.18953675031661987,0.47300782799720764,0.38131245970726013
109,30,0.47881853580474854,0.3809181749820709,0.8066538572311401,0.21684178709983826,0.5250912308692932,0.26574352383613586
109,31,0.09028232097625732,0.44654950499534607,0.7406885623931885,0.12857979536056519,0.4936527907848358,0.3302214741706848
109,32,0.490434855222702,0.24904948472976685,1.0208778381347656,0.1621606945991516,0.537416398525238,0.20494085550308228
110,0,0.7874787449836731,0.6093076467514038,-0.7072752714157104,0.6210993528366089,0.5751641392707825,-0.3431303799152374
110,1,0.8156470656394958,0.6318176984786987,-0.7509706616401672,0.636935830116272,0.5799287557601929,-0.34550485014915466
110,2,0.813105583190918,0.6439402103424072,-0.750786304473877,0.637209415435791,0.5858941674232483,-0.34568750858306885
110,3,0.8104433417320251,0.656043529510498,-0.7512146830558777,0.6377713680267334,0.5879282355308533,-0.3458758592605591
110,4,0.8191161155700684,0.6119619607925415,-0.708286464214325,0.636044979095459,0.5743284821510315,-0.354291170835495
110,5,0.8199759721755981,0.6069172620773315,-0.7083274722099304,0.6364890336990356,0.5719048976898193,-0.3542630672454834
110,6,0.8208891749382019,0.6018543243408203,-0.708690881729126,0.6289447546005249,0.5703874230384827,-0.3543897569179535
110,7,0.7869386076927185,0.7001726627349854,-0.7824283838272095,0.638946533203125,0.5790386199951172,-0.2678386867046356
110,8,0.8001379370689392,0.6263788938522339,-0.5814734101295471,0.6395865678787231,0.5546896457672119,-0.3093789517879486
110,9,0.7491891384124756,0.6445530652999878,-0.7030455470085144,0.6100990772247314,0.5841696858406067,-0.30377188324928284
110,10,0.7539972066879272,0.614995002746582,-0.6458569765090942,0.6093587875366211,0.5732406377792358,-0.3159228563308716
110,11,0.6168967485427856,0.8097226023674011,-0.6859744787216187,0.595334529876709,0.6021673679351807,-0.22008194029331207
110,12,0.7213362455368042,0.6329083442687988,-0.44368162751197815,0.5746169090270996,0.49653005599975586,-0.231570765376091
110,13,0.7070263028144836,0.7250576019287109,-0.6109580397605896,0.5052281022071838,0.6219916939735413,-0.3736690282821655
110,14,0.7561718225479126,0.41949066519737244,-0.6317921876907349,0.4879457950592041,0.5483047962188721,-0.3072715997695923
110,15,0.8350530862808228,0.7688968181610107,-0.20721836388111115,0.5434573292732239,0.6496561169624329,-0.6453070044517517
110,16,0.7413626909255981,0.5487099289894104,-0.9336246252059937,0.5364787578582764,0.6054153442382812,-0.44786790013313293
110,17,0.8669714331626892,0.7694921493530273,-0.17630015313625336,0.5525216460227966,0.661675751209259,-0.7096627354621887
110,18,0.7287784814834595,0.5643794536590576,-0.9596232175827026,0.5439470410346985,0.6204004287719727,-0.49495255947113037
110,19,0.8888710141181946,0.7781921029090881,-0.16435985267162323,0.5623435974121094,0.6612865328788757,-0.7127343416213989
110,20,0.7263044118881226,0.6134297251701355,-0.9102660417556763,0.5582229495048523,0.611216127872467,-0.5030087828636169
110,21,0.851215660572052,0.7734792232513428,-0.18933118879795074,0.5573212504386902,0.6532064080238342,-0.6531414985656738
110,22,0.7200398445129395,0.6147176027297974,-0.9167121052742004,0.554912269115448,0.6074646711349487,-0.456061989068985
110,23,0.2555564343929291,0.497631311416626,-0.10881116986274719,0.39750906825065613,0.5780619382858276,0.00974622555077076
110,24,0.38243311643600464,0.4218898117542267,0.1085548996925354,0.3932195007801056,0.4970144033432007,-0.009555809199810028
110,25,0.14705196022987366,0.19961269199848175,-0.05210607871413231,0.2532200217247009,0.598739743232727,-0.05721183493733406
110,26,0.5371271371841431,0.29558509588241577,0.44801756739616394,0.2556767463684082,0.534031093120575,-0.01698627509176731
110,27,0.13921649754047394,0.44042205810546875,0.42282649874687195,0.1970851868391037,0.5530545711517334,0.3446967899799347
110,28,0.5508368611335754,0.3909795880317688,0.7058889865875244,0.1514875739812851,0.5227301120758057,0.24031099677085876
110,29,0.15586955845355988,0.4966169595718384,0.4874659776687622,0.19783954322338104,0.5410325527191162,0.38490059971809387
110,30,0.5350914597511292,0.4351269006729126,0.7460650205612183,0.14429406821727753,0.5220556259155273,0.26572293043136597
110,31,0.05813220143318176,0.430179238319397,0.68250572681427,0.15009351074695587,0.5554701685905457,0.33964803814888
110,32,0.5657163858413696,0.2943386733531952,0.9296987652778625,0.09451326727867126,0.5323590636253357,0.17844811081886292
111,0,0.7219730615615845,0.5962213277816772,-0.799268364906311,0.6117622256278992,0.5677149891853333,-0.3459177315235138
111,1,0.7494566440582275,0.6028608083724976,-0.8420809507369995,0.6247625350952148,0.5678397417068481,-0.3535989224910736
111,2,0.7491937279701233,0.6145673394203186,-0.8418317437171936,0.6249186992645264,0.568777322769165,-0.3537501096725464
111,3,0.7487779855728149,0.6262273788452148,-0.8421586155891418,0.6250258088111877,0.5698044300079346,-0.3538970947265625
111,4,0.7497865557670593,0.5802525281906128,-0.8121646046638489,0.624876081943512,0.5632685422897339,-0.363128662109375
111,5,0.7497175931930542,0.5744332671165466,-0.812218427658081,0.6251375675201416,0.5604739785194397,-0.36314988136291504
111,6,0.7497323751449585,0.5687429904937744,-0.8125275373458862,0.6253930330276489,0.5576583743095398,-0.36329832673072815
111,7,0.7372498512268066,0.6710886359214783,-0.8571683168411255,0.6222519874572754,0.5593627095222473,-0.30671507120132446
111,8,0.7378662824630737,0.589688241481781,-0.7125876545906067,0.6220136284828186,0.5429437160491943,-0.35351791977882385
111,9,0.6959365606307983,0.6411962509155273,-0.786338210105896,0.5999447107315063,0.5638253688812256,-0.31863242387771606
111,10,0.6947920322418213,0.6107766628265381,-0.7457839846611023,0.6030384302139282,0.5465177893638611,-0.3323056101799011
111,11,0.5966348648071289,0.8522824048995972,-0.7129069566726685,0.5652285814285278,0.5832343101501465,-0.2581438720226288
111,12,0.6784265041351318,0.6252898573875427,-0.5759220719337463,0.5531437397003174,0.47566336393356323,-0.25493717193603516
111,13,0.6035362482070923,0.6820331811904907,-0.6179463267326355,0.45572859048843384,0.6126737594604492,-0.31396573781967163
111,14,0.7212109565734863,0.44909244775772095,-0.683274507522583,0.447979599237442,0.5253979563713074,-0.19000910222530365
111,15,0.7574872970581055,0.6721413135528564,-0.3007359504699707,0.4548436999320984,0.6722828149795532,-0.562165379524231
111,16,0.7560925483703613,0.5545780062675476,-0.8488708734512329,0.4412253499031067,0.5794734954833984,-0.26486578583717346
111,17,0.7915701866149902,0.6599547266960144,-0.2664446234703064,0.45846816897392273,0.6908388733863831,-0.6219443082809448
111,18,0.757466197013855,0.5652921795845032,-0.8572859764099121,0.43085792660713196,0.5931950211524963,-0.3009813129901886
111,19,0.7981940507888794,0.679033637046814,-0.25226303935050964,0.46546652913093567,0.6820825338363647,-0.6464146375656128
111,20,0.7585904002189636,0.5964683294296265,-0.8204482793807983,0.44765883684158325,0.5901281833648682,-0.3251136839389801
111,21,0.7883455753326416,0.6814042925834656,-0.2828314006328583,0.46615201234817505,0.6720322966575623,-0.577044665813446
111,22,0.753925085067749,0.5987083911895752,-0.8336957693099976,0.4528023302555084,0.5881109833717346,-0.27563121914863586
111,23,0.2447441965341568,0.5493837594985962,-0.047883257269859314,0.38563939929008484,0.5655561089515686,0.0004910316201858222
111,24,0.360510915517807,0.44974279403686523,0.0479792095720768,0.38009655475616455,0.49234747886657715,-0.0003420980356168002
111,25,0.13754817843437195,0.3530469834804535,-0.008840130642056465,0.24864400923252106,0.5833443403244019,-0.042931489646434784
111,26,0.5211381912231445,0.3356541097164154,0.37186095118522644,0.2565288543701172,0.499873548746109,-0.05477422475814819
111,27,0.22019004821777344,0.5695257782936096,0.4514116942882538,0.1763952672481537,0.5576068162918091,0.3330821096897125
111,28,0.6949080228805542,0.49926114082336426,0.5757267475128174,0.13294222950935364,0.5023678541183472,0.19147889316082
111,29,0.24263587594032288,0.6119086742401123,0.5199370980262756,0.17371715605258942,0.5459110736846924,0.3694380223751068
111,30,0.6924152970314026,0.5353193283081055,0.6168239712715149,0.12680798768997192,0.5267220139503479,0.21217095851898193
111,31,0.2093936949968338,0.5816184282302856,0.7163880467414856,0.12310275435447693,0.5823113918304443,0.2953106760978699
111,32,0.7767708897590637,0.49120602011680603,0.7879297137260437,0.07107970118522644,0.5056830048561096,0.08662033826112747
112,0,0.655410885810852,0.7213243246078491,-0.5014650225639343,0.5,0.5,0.0
112,1,0.6573969125747681,0.7443399429321289,-0.5562472939491272,0.5,0.5,0.0
112,2,0.6508023738861084,0.7527734637260437,-0.5560801029205322,0.5,0.5,0.0
112,3,0.6442187428474426,0.7609984278678894,-0.5562311410903931,0.5,0.5,0.0
112,4,0.6736145615577698,0.730241060256958,-0.5336251854896545,0.5,0.5,0.0
112,5,0.6788054704666138,0.7278075218200684,-0.5338068008422852,0.5,0.5,0.0
112,6,0.6840343475341797,0.7254489064216614,-0.534111499786377,0.5,0.5,0.0
112,7,0.6216716766357422,0.7937743067741394,-0.6244909167289734,0.5,0.5,0.0
112,8,0.6806650161743164,0.7390693426132202,-0.5127339959144592,0.5,0.5,0.0
112,9,0.6270046830177307,0.7304871082305908,-0.5061769485473633,0.5,0.5,0.0
112,10,0.6432356834411621,0.7148866653442383,-0.4737671911716461,0.5,0.5,0.0
112,11,0.5043656826019287,0.8264715075492859,-0.5486748814582825,0.5,0.5,0.0
112,12,0.6569312810897827,0.7339044213294983,-0.3423250913619995,0.5,0.5,0.0
112,13,0.5182039737701416,0.6319198608398438,-0.370343416929245,0.5,0.5,0.0
112,14,0.6969255208969116,0.5377246141433716,-0.24354860186576843,0.5,0.5,0.0
112,15,0.6022245287895203,0.6320285201072693,-0.15063132345676422,0.5,0.5,0.0
112,16,0.7293198704719543,0.5698103904724121,-0.27515164017677307,0.5,0.5,0.0
112,17,0.6128563284873962,0.6250542402267456,-0.13931481540203094,0.5,0.5,0.0
112,18,0.7427598834037781,0.5626910328865051,-0.26224714517593384,0.5,0.5,0.0
112,19,0.62227863073349,0.6394073963165283,-0.16192126274108887,0.5,0.5,0.0
112,20,0.7368699908256531,0.5799311399459839,-0.28744015097618103,0.5,0.5,0.0
112,21,0.6213446855545044,0.639750599861145,-0.15195368230342865,0.5,0.5,0.0
112,22,0.7241038084030151,0.5884866118431091,-0.28184545040130615,0.5,0.5,0.0
112,23,0.3028527796268463,0.5138751268386841,-0.07740221917629242,0.5,0.5,0.0
112,24,0.39950570464134216,0.4871166944503784,0.07701551169157028,0.5,0.5,0.0
112,25,0.36669883131980896,0.34555378556251526,-0.20014968514442444,0.5,0.5,0.0
112,26,0.5312811136245728,0.4372970461845398,0.173799529671669,0.5,0.5,0.0
112,27,0.47574958205223083,0.58223956823349,-0.011430938728153706,0.5,0.5,0.0
112,28,0.6869384050369263,0.5361717343330383,0.269010066986084,0.5,0.5,0.0
112,29,0.4828893542289734,0.6103090643882751,0.028498487547039986,0.5,0.5,0.0
112,30,0.6733533143997192,0.547539472579956,0.29560303688049316,0.5,0.5,0.0
112,31,0.5329523682594299,0.6535075902938843,0.24311396479606628,0.5,0.5,0.0
112,32,0.7944019436836243,0.5522509217262268,0.49565041065216064,0.5,0.5,0.0
113,0,0.6993635892868042,0.6603578329086304,-0.7308821678161621,0.606879472732544,0.5979640483856201,-0.5324132442474365
113,1,0.7121906280517578,0.6686139106750488,-0.7817796468734741,0.6272759437561035,0.5884097218513489,-0.5350380539894104
113,2,0.708193302154541,0.6768973469734192,-0.7815488576889038,0.6246829628944397,0.598617434501648,-0.5350742340087891
113,3,0.7041176557540894,0.6848819255828857,-0.7817739248275757,0.6257631778717041,0.602446436882019,-0.5352584719657898
113,4,0.7209347486495972,0.6541309356689453,-0.7624788284301758,0.6276532411575317,0.57937091588974,-0.556402325630188
113,5,0.7231283783912659,0.6504079103469849,-0.762783944606781,0.6205322742462158,0.5732887387275696,-0.556502640247345
113,6,0.7253527641296387,0.6469557881355286,-0.7630235552787781,0.6200238466262817,0.5658408403396606,-0.5565717816352844
113,7,0.6817299127578735,0.7150298357009888,-0.8373637795448303,0.6306942701339722,0.5891112089157104,-0.4477563798427582
113,8,0.7127878665924072,0.659315824508667,-0.7458387017250061,0.6278176307678223,0.5353211164474487,-0.5466380715370178
113,9,0.6698407530784607,0.6826368570327759,-0.7309068441390991,0.5952212810516357,0.5970472097396851,-0.48875829577445984
113,10,0.6777529716491699,0.663337230682373,-0.7048134803771973,0.5931541919708252,0.5769929885864258,-0.5179169178009033
113,11,0.5431177616119385,0.7631376385688782,-0.740751326084137,0.5669107437133789,0.6102970242500305,-0.3406054377555847
113,12,0.6489728689193726,0.6985563039779663,-0.5554052591323853,0.5276222229003906,0.4580845534801483,-0.41864290833473206
113,13,0.6113995313644409,0.565854549407959,-0.5809261798858643,0.4532928466796875,0.6644821166992188,-0.34221336245536804
113,14,0.6871627569198608,0.4948582649230957,-0.42322736978530884,0.40127435326576233,0.4854671359062195,-0.18945221602916718
113,15,0.7429786920547485,0.5982140898704529,-0.31611281633377075,0.47731107473373413,0.6930599808692932,-0.5291439890861511
113,16,0.7090008854866028,0.535525918006897,-0.38897714018821716,0.40090835094451904,0.509127676486969,0.002009563148021698
113,17,0.7706375122070312,0.5957378149032593,-0.3255635201931,0.49771249294281006,0.7071579694747925,-0.5607506632804871
113,18,0.7099372744560242,0.5349867343902588,-0.38534224033355713,0.39211350679397583,0.5120419263839722,0.018947791308164597
113,19,0.7755455374717712,0.619451642036438,-0.3379811942577362,0.5057823657989502,0.7060971856117249,-0.5701397061347961
113,20,0.7091708183288574,0.5587658286094666,-0.3878483176231384,0.40616288781166077,0.5035065412521362,-0.007961979135870934
113,21,0.7652318477630615,0.6217929124832153,-0.31506893038749695,0.4989791214466095,0.6916066408157349,-0.5345953702926636
113,22,0.704209566116333,0.5662416815757751,-0.3860040605068207,0.4124176502227783,0.5061230063438416,-0.000627829460427165
113,23,0.3233414590358734,0.4561466574668884,-0.06818839907646179,0.3838227689266205,0.5817281007766724,0.023164235055446625
113,24,0.39887139201164246,0.4661165475845337,0.06824095547199249,0.37230193614959717,0.48300445079803467,-0.02319767139852047
113,25,0.44771966338157654,0.34205543994903564,-0.06988032907247543,0.22404320538043976,0.6044027209281921,0.07014954090118408
113,26,0.5422452688217163,0.48116111755371094,0.30743780732154846,0.22541435062885284,0.5120247602462769,0.08718331903219223
113,27,0.588176429271698,0.5744725465774536,0.18844088912010193,0.23633185029029846,0.5791831016540527,0.5820393562316895
113,28,0.7024801969528198,0.5874730348587036,0.47926878929138184,0.2366296797990799,0.5225739479064941,0.5469487905502319
113,29,0.594353437423706,0.6073741316795349,0.2329111546278,0.25169023871421814,0.5607280731201172,0.6432716846466064
113,30,0.6979100704193115,0.601594090461731,0.5097981095314026,0.2493278682231903,0.5191231966018677,0.601218044757843
113,31,0.6816015243530273,0.6432937383651733,0.35516491532325745,0.18887481093406677,0.5991250872612,0.6730934381484985
113,32,0.8034131526947021,0.621508002281189,0.6198803782463074,0.1876770555973053,0.5608554482460022,0.605624794960022
114,0,0.5793344974517822,0.7128258347511292,-0.5767994523048401,0.5,0.5,0.0
114,1,0.5844733119010925,0.7323231101036072,-0.6143063902854919,0.5,0.5,0.0
114,2,0.5799393653869629,0.7360842823982239,-0.614412248134613,0.5,0.5,0.0
114,3,0.5754066705703735,0.7397339344024658,-0.6147460341453552,0.5,0.5,0.0
114,4,0.5916399955749512,0.723781168460846,-0.6004138588905334,0.5,0.5,0.0
114,5,0.5936785936355591,0.7208081483840942,-0.600504994392395,0.5,0.5,0.0
114,6,0.5955089330673218,0.7180218696594238,-0.6009576916694641,0.5,0.5,0.0
114,7,0.5531739592552185,0.7385570406913757,-0.6381201148033142,0.5,0.5,0.0
114,8,0.580716073513031,0.7083916664123535,-0.5703303217887878,0.5,0.5,0.0
114,9,0.5532265901565552,0.7038860321044922,-0.5681195855140686,0.5,0.5,0.0
114,10,0.5642657279968262,0.6928951144218445,-0.5488290190696716,0.5,0.5,0.0
114,11,0.49638819694519043,0.7028861045837402,-0.587875247001648,0.5,0.5,0.0
114,12,0.5037562251091003,0.6520833969116211,-0.40114718675613403,0.5,0.5,0.0
114,13,0.5961273908615112,0.5764214992523193,-0.4947756826877594,0.5,0.5,0.0
114,14,0.4238234758377075,0.5054484009742737,-0.35664692521095276,0.5,0.5,0.0
114,15,0.7000617980957031,0.65079665184021,-0.5138944387435913,0.5,0.5,0.0
114,16,0.3314303159713745,0.5884474515914917,-0.5118309855461121,0.5,0.5,0.0
114,17,0.7317894697189331,0.6575487852096558,-0.5775906443595886,0.5,0.5,0.0
114,18,0.29972609877586365,0.5911424160003662,-0.5766075849533081,0.5,0.5,0.0
114,19,0.7289599776268005,0.6851930022239685,-0.6041295528411865,0.5,0.5,0.0
114,20,0.3081246018409729,0.6313323974609375,-0.5932103395462036,0.5,0.5,0.0
114,21,0.7163065075874329,0.6788685917854309,-0.52129727602005,0.5,0.5,0.0
114,22,0.3136926293373108,0.630151629447937,-0.5215633511543274,0.5,0.5,0.0
114,23,0.4032355546951294,0.36071908473968506,-0.07310903817415237,0.5,0.5,0.0
114,24,0.44863060116767883,0.35765573382377625,0.07281768321990967,0.5,0.5,0.0
114,25,0.4301221966743469,0.2465779036283493,0.14062581956386566,0.5,0.5,0.0
114,26,0.5356526374816895,0.3712656497955322,0.337210088968277,0.5,0.5,0.0
114,27,0.46897244453430176,0.2856818735599518,0.6026679277420044,0.5,0.5,0.0
114,28,0.48789411783218384,0.37409764528274536,0.7422076463699341,0.5,0.5,0.0
114,29,0.46430230140686035,0.2912023067474365,0.6663293838500977,0.5,0.5,0.0
114,30,0.4623259902000427,0.3863871693611145,0.7953532934188843,0.5,0.5,0.0
114,31,0.5117320418357849,0.2978120446205139,0.7831973433494568,0.5,0.5,0.0
114,32,0.5174669623374939,0.33860528469085693,0.912632167339325,0.5,0.5,0.0
115,0,0.7776201367378235,0.6844164133071899,-0.22273331880569458,0.5,0.5,0.0
115,1,0.7856109142303467,0.712051272392273,-0.23357443511486053,0.5,0.5,0.0
115,2,0.7820700407028198,0.7143366932868958,-0.23378266394138336,0.5,0.5,0.0
115,3,0.7785220146179199,0.7165728807449341,-0.23406469821929932,0.5,0.5,0.0
115,4,0.7937279939651489,0.7078303098678589,-0.233425110578537,0.5,0.5,0.0
115,5,0.7972737550735474,0.7062165141105652,-0.2335176169872284,0.5,0.5,0.0
115,6,0.8007863163948059,0.7046370506286621,-0.23373256623744965,0.5,0.5,0.0
115,7,0.769863486289978,0.7120004296302795,-0.18599160015583038,0.5,0.5,0.0
115,8,0.7986471652984619,0.6971104741096497,-0.18852363526821136,0.5,0.5,0.0
115,9,0.7603647708892822,0.6686612367630005,-0.19232496619224548,0.5,0.5,0.0
115,10,0.7724481821060181,0.6614959239959717,-0.1936175674200058,0.5,0.5,0.0
115,11,0.7152457237243652,0.626378059387207,-0.12681132555007935,0.5,0.5,0.0
115,12,0.7783926725387573,0.6015579700469971,-0.11335720866918564,0.5,0.5,0.0
115,13,0.6528757810592651,0.532486081123352,-0.06769616901874542,0.5,0.5,0.0
115,14,0.696479082107544,0.51558518409729,-0.15533295273780823,0.5,0.5,0.0
115,15,0.7100727558135986,0.5925769209861755,-0.0003309731837362051,0.5,0.5,0.0
115,16,0.7231007814407349,0.5823396444320679,-0.20350567996501923,0.5,0.5,0.0
115,17,0.727569580078125,0.6054268479347229,-0.0013045062078163028,0.5,0.5,0.0
115,18,0.7251250147819519,0.5983999371528625,-0.2316901832818985,0.5,0.5,0.0
115,19,0.7285439968109131,0.6247523427009583,-0.0008842854877002537,0.5,0.5,0.0
115,20,0.7371042370796204,0.6088796854019165,-0.22907079756259918,0.5,0.5,0.0
115,21,0.7226532697677612,0.6148413419723511,0.003847709856927395,0.5,0.5,0.0
115,22,0.7336980104446411,0.6011958122253418,-0.20487070083618164,0.5,0.5,0.0
115,23,0.5605570077896118,0.2911326587200165,-0.00798807293176651,0.5,0.5,0.0
115,24,0.5783548355102539,0.29392650723457336,0.007621921133249998,0.5,0.5,0.0
115,25,0.538131594657898,0.25420206785202026,0.2931944727897644,0.5,0.5,0.0
115,26,0.5535531640052795,0.308971107006073,0.2917933464050293,0.5,0.5,0.0
115,27,0.4791437089443207,0.21126814186573029,0.6320118308067322,0.5,0.5,0.0
115,28,0.48230889439582825,0.20377251505851746,0.587317168712616,0.5,0.5,0.0
115,29,0.4608701169490814,0.19647756218910217,0.6722359657287598,0.5,0.5,0.0
115,30,0.4707740247249603,0.17928922176361084,0.6258326172828674,0.5,0.5,0.0
115,31,0.49352508783340454,0.21396730840206146,0.7275923490524292,0.5,0.5,0.0
115,32,0.46562469005584717,0.19457659125328064,0.6823524236679077,0.5,0.5,0.0
116,0,0.5183266997337341,0.7560577392578125,-0.860628604888916,0.6421871185302734,0.5817709565162659,-0.19032350182533264
116,1,0.5066651701927185,0.7981873154640198,-0.8996241688728333,0.6537463665008545,0.5822509527206421,-0.1818462610244751
116,2,0.4954651892185211,0.8007115721702576,-0.8997644782066345,0.6535137295722961,0.584656834602356,-0.18195515871047974
116,3,0.48430731892585754,0.8031314611434937,-0.900223433971405,0.6532465219497681,0.5871228575706482,-0.1820574551820755
116,4,0.5314977765083313,0.7924607992172241,-0.8996540904045105,0.654322624206543,0.5725616812705994,-0.19346851110458374
116,5,0.5403154492378235,0.7906867861747742,-0.9000152349472046,0.654564380645752,0.5682387351989746,-0.19355006515979767
116,6,0.549074649810791,0.788965106010437,-0.9005403518676758,0.6547889113426208,0.5638854503631592,-0.19376373291015625
116,7,0.4576566219329834,0.7973348498344421,-0.8638401627540588,0.6473970413208008,0.5797091722488403,-0.10513440519571304
116,8,0.5480044484138489,0.7770261168479919,-0.8631598949432373,0.648451566696167,0.5470041632652283,-0.1626807153224945
116,9,0.4889885187149048,0.7286638617515564,-0.8207201957702637,0.62776118516922,0.5822910070419312,-0.15716436505317688
116,10,0.5225668549537659,0.722504198551178,-0.8201254606246948,0.6285985708236694,0.5708075761795044,-0.17350652813911438
116,11,0.3572659492492676,0.6608290076255798,-0.6538556218147278,0.5759367942810059,0.6120616793632507,-0.04563666135072708
116,12,0.5667490363121033,0.6321261525154114,-0.6536343097686768,0.5743982791900635,0.4840804934501648,-0.1331394612789154
116,13,0.3001132309436798,0.3548057973384857,-0.6227344870567322,0.47428011894226074,0.628961980342865,-0.03085034340620041
116,14,0.5530587434768677,0.33744198083877563,-0.45203137397766113,0.4674636423587799,0.47213903069496155,-0.06739846616983414
116,15,0.43703120946884155,0.5330014824867249,-0.8097910284996033,0.4248245060443878,0.6787837743759155,-0.13531629741191864
116,16,0.5454006195068359,0.5078821182250977,-0.3794533908367157,0.38963720202445984,0.4946165084838867,-0.04178036004304886
116,17,0.4806983768939972,0.5723938941955566,-0.8739884495735168,0.41235029697418213,0.6952207088470459,-0.14007532596588135
116,18,0.5411745309829712,0.5487079620361328,-0.4092426896095276,0.3654400706291199,0.4922622740268707,-0.03922880068421364
116,19,0.47671079635620117,0.6286859512329102,-0.866258442401886,0.4132484495639801,0.6958533525466919,-0.17781198024749756
116,20,0.5579753518104553,0.5813730955123901,-0.4135141372680664,0.3691519796848297,0.4997114837169647,-0.06813239306211472
116,21,0.47291597723960876,0.614277720451355,-0.809503972530365,0.4173184931278229,0.6856570243835449,-0.14967994391918182
116,22,0.5458088517189026,0.5693870186805725,-0.37839534878730774,0.37842461466789246,0.5054488778114319,-0.0491279661655426
116,23,0.38544929027557373,0.29078152775764465,-0.030963733792304993,0.394307404756546,0.5884534120559692,0.06982541084289551
116,24,0.4856410622596741,0.31110909581184387,0.03203101456165314,0.4023098647594452,0.5102100372314453,-0.06979260593652725
116,25,0.5157346725463867,0.2577311396598816,0.41235506534576416,0.28464293479919434,0.6288642883300781,0.17504507303237915
116,26,0.6003391146659851,0.3536648452281952,0.32207995653152466,0.4450669586658478,0.48030054569244385,-0.43849977850914
116,27,0.5970537066459656,0.1768382489681244,1.0418089628219604,0.24972936511039734,0.5640001893043518,0.41972389817237854
116,28,0.557217001914978,0.2054738849401474,0.9160828590393066,0.5038416981697083,0.5536338686943054,-0.4592664837837219
116,29,0.5917771458625793,0.1574697345495224,1.1138651371002197,0.24657458066940308,0.5336124897003174,0.44619664549827576
116,30,0.5275704860687256,0.19564229249954224,0.9887861013412476,0.5010568499565125,0.5626021027565002,-0.45561912655830383
116,31,0.6816309094429016,0.17206567525863647,1.1334868669509888,0.21998409926891327,0.5563103556632996,0.44387462735176086
116,32,0.6036531329154968,0.13337171077728271,1.0215165615081787,0.5460092425346375,0.5806320309638977,-0.5238531231880188
117,0,0.5408000349998474,0.7502405643463135,-1.047895908355713,0.6544722318649292,0.5764651894569397,-0.02396680787205696
117,1,0.514747679233551,0.7963964343070984,-1.1085108518600464,0.6644260883331299,0.5691391229629517,-0.03647433966398239
117,2,0.5003310441970825,0.7972162961959839,-1.1083180904388428,0.6640626192092896,0.5654100775718689,-0.036567527800798416
117,3,0.48597753047943115,0.7979195713996887,-1.1086028814315796,0.6637078523635864,0.5617223978042603,-0.03669566661119461
117,4,0.5461080074310303,0.8015838265419006,-1.097669243812561,0.6646665334701538,0.5760936737060547,-0.056839652359485626
117,5,0.5546431541442871,0.8057401776313782,-1.0977543592453003,0.664616584777832,0.5773841738700867,-0.05691393464803696
117,6,0.5631923079490662,0.8099598288536072,-1.0981082916259766,0.6645276546478271,0.578720211982727,-0.057103533297777176
117,7,0.44508007168769836,0.8125808835029602,-1.0893019437789917,0.6554982662200928,0.5447144508361816,-0.0605340451002121
117,8,0.5617721676826477,0.830554723739624,-1.037917971611023,0.655491828918457,0.5700528621673584,-0.1544278860092163
117,9,0.5139028429985046,0.7225345373153687,-1.0041604042053223,0.6403381824493408,0.5668123364448547,-0.025760207325220108
117,10,0.5481858849525452,0.7278670072555542,-0.9902969598770142,0.6410312652587891,0.5740165710449219,-0.05302989110350609
117,11,0.2945951521396637,0.6571232080459595,-0.7660069465637207,0.5771346688270569,0.5295380353927612,-0.02466389536857605
117,12,0.6733012199401855,0.7437834739685059,-0.7953289151191711,0.5838664770126343,0.5573583841323853,-0.21719934046268463
117,13,0.14258742332458496,0.21976198256015778,-0.9687243700027466,0.463222861289978,0.5268846154212952,0.0069222827441990376
117,14,0.7608633041381836,0.4949458837509155,-0.5302583575248718,0.49914371967315674,0.6113361716270447,-0.3071904182434082
117,15,0.13992387056350708,0.549579381942749,-1.4061264991760254,0.42711567878723145,0.5981584787368774,-0.040674109011888504
117,16,0.8235931992530823,0.6860463619232178,-0.38550257682800293,0.519764244556427,0.7016395330429077,-0.41023993492126465
117,17,0.13332903385162354,0.5952891111373901,-1.4478627443313599,0.42016851902008057,0.6140109300613403,-0.05474592745304108
117,18,0.8050509691238403,0.6710358262062073,-0.35374245047569275,0.5110025405883789,0.7260395288467407,-0.4515441954135895
117,19,0.13832491636276245,0.6565070152282715,-1.4178072214126587,0.42575162649154663,0.6235233545303345,-0.08708200603723526
117,20,0.8411516547203064,0.7469792366027832,-0.3663003146648407,0.5254153609275818,0.7253783941268921,-0.446210652589798
117,21,0.14508789777755737,0.6444814801216125,-1.4009594917297363,0.4291535019874573,0.6196076273918152,-0.05624432489275932
117,22,0.8098563551902771,0.7325342893600464,-0.3841402530670166,0.5241614580154419,0.7153908014297485,-0.4113044738769531
117,23,0.4494031071662903,0.22866486012935638,-0.011784638278186321,0.39269527792930603,0.5450009703636169,0.06661545485258102
117,24,0.6417819261550903,0.24963827431201935,0.012971039861440659,0.40970543026924133,0.5319622755050659,-0.06681647896766663
117,25,0.38776472210884094,0.2941042184829712,0.04823564365506172,0.24116641283035278,0.6006377935409546,0.05261600390076637
117,26,0.690365731716156,0.24836935102939606,0.13723407685756683,0.45758453011512756,0.5488700270652771,-0.34886959195137024
117,27,0.5290990471839905,0.4041954278945923,0.6824799180030823,0.2704387307167053,0.5463290214538574,0.43852686882019043
117,28,0.6514431238174438,0.4059320092201233,0.6658770442008972,0.395526647567749,0.5425860285758972,-0.1566137820482254
117,29,0.5436385273933411,0.4307224154472351,0.7540958523750305,0.28192877769470215,0.5264737606048584,0.4799824059009552
117,30,0.6450484395027161,0.43105071783065796,0.7315765023231506,0.38248327374458313,0.5376926064491272,-0.1336337774991989
117,31,0.5968555808067322,0.4243118166923523,0.7296895384788513,0.24785740673542023,0.5558955669403076,0.4901537597179413
117,32,0.6511716246604919,0.45665109157562256,0.7305771112442017,0.3886346220970154,0.5528274178504944,-0.15573564171791077
118,0,0.5840665698051453,0.8178254961967468,-1.2813133001327515,0.6542729139328003,0.5967339873313904,-0.29977738857269287
118,1,0.5556223392486572,0.8800310492515564,-1.3321268558502197,0.6679503917694092,0.5956568717956543,-0.29157280921936035
118,2,0.540812611579895,0.8813222050666809,-1.3319852352142334,0.6678239107131958,0.5983794331550598,-0.2917132079601288
118,3,0.5260739326477051,0.882591187953949,-1.332377314567566,0.6676679849624634,0.6011927127838135,-0.2918844521045685
118,4,0.5874993205070496,0.8822523951530457,-1.3196423053741455,0.6679430603981018,0.5852829217910767,-0.31117311120033264
118,5,0.5966159105300903,0.8848864436149597,-1.319764256477356,0.6679787635803223,0.5798346996307373,-0.31126514077186584
118,6,0.6057713627815247,0.8875567317008972,-1.3201090097427368,0.668006956577301,0.5743759870529175,-0.3114466369152069
118,7,0.4860190749168396,0.8868014216423035,-1.2612305879592896,0.6682901978492737,0.5842881798744202,-0.21116894483566284
118,8,0.6000094413757324,0.8940299153327942,-1.1998693943023682,0.6709619760513306,0.54996258020401,-0.3010670840740204
118,9,0.5542355179786682,0.7790992856025696,-1.219959020614624,0.6379492282867432,0.5969467163085938,-0.2640349268913269
118,10,0.5929486751556396,0.7815611958503723,-1.2028084993362427,0.6383332014083862,0.5826349258422852,-0.29000502824783325
118,11,0.3371627926826477,0.6786073446273804,-0.9059762358665466,0.5791680216789246,0.6168737411499023,-0.13651511073112488
118,12,0.715302586555481,0.7413478493690491,-0.9359775185585022,0.5780657529830933,0.49357351660728455,-0.2889648973941803
118,13,0.22741135954856873,0.28756338357925415,-1.0889495611190796,0.45584556460380554,0.6108909249305725,-0.09870687127113342
118,14,0.7630385160446167,0.4164046049118042,-0.6767035722732544,0.4671817123889923,0.5172039270401001,-0.263017475605011
118,15,0.14584630727767944,0.5600813031196594,-1.5345127582550049,0.4036421775817871,0.6422520875930786,-0.1930738389492035
118,16,0.7859123349189758,0.6338541507720947,-0.5487028360366821,0.4400385320186615,0.5998967885971069,-0.26939457654953003
118,17,0.14044374227523804,0.6692203283309937,-1.59298574924469,0.38508448004722595,0.6494991779327393,-0.21462777256965637
118,18,0.7905361652374268,0.7001457810401917,-0.5406341552734375,0.42439305782318115,0.6170420050621033,-0.2942584156990051
118,19,0.14781665802001953,0.7092093229293823,-1.5788873434066772,0.3973558247089386,0.6447027921676636,-0.24561941623687744
118,20,0.8141449093818665,0.7458541393280029,-0.5383558869361877,0.4399455487728119,0.6220043301582336,-0.3055309057235718
118,21,0.15823844075202942,0.666681706905365,-1.5372613668441772,0.4030160903930664,0.6450490951538086,-0.20683304965496063
118,22,0.7927446365356445,0.7203987836837769,-0.5448417663574219,0.44522082805633545,0.616563081741333,-0.27296555042266846
118,23,0.4810628890991211,0.23051334917545319,0.0007300101569853723,0.38961294293403625,0.5803127884864807,0.057469442486763
118,24,0.6678377985954285,0.2392726093530655,0.00023913545010145754,0.3926134407520294,0.49805012345314026,-0.057583220303058624
118,25,0.4036714434623718,0.24228323996067047,0.13485172390937805,0.2820318341255188,0.6407794952392578,-0.03145189210772514
118,26,0.6665023565292358,0.20438311994075775,0.31305110454559326,0.3602606952190399,0.5365510582923889,-0.3214495778083801
118,27,0.52177894115448,0.32455962896347046,0.9603501558303833,0.28863364458084106,0.5505359172821045,0.33285775780677795
118,28,0.6752815246582031,0.31960004568099976,1.1123663187026978,0.3283146321773529,0.5082270503044128,-0.026254544034600258
118,29,0.5352557301521301,0.35670310258865356,1.0493595600128174,0.3026977479457855,0.5307794809341431,0.37322068214416504
118,30,0.6706750392913818,0.3462986350059509,1.205174207687378,0.32956838607788086,0.4946785569190979,0.00971274171024561
118,31,0.5689582824707031,0.285037636756897,0.9899761080741882,0.2532923221588135,0.5507097244262695,0.3880324363708496
118,32,0.7058529257774353,0.30389994382858276,1.2009845972061157,0.3003446161746979,0.5314431190490723,0.011114788241684437
119,0,0.5863128900527954,0.778369665145874,-0.8323246836662292,0.5,0.5,0.0
119,1,0.5597969889640808,0.8308641910552979,-0.866780161857605,0.5,0.5,0.0
119,2,0.5463701486587524,0.8306475877761841,-0.8668081164360046,0.5,0.5,0.0
119,3,0.5330145359039307,0.8303967714309692,-0.8672826886177063,0.5,0.5,0.0
119,4,0.5882527232170105,0.8362782001495361,-0.8554745316505432,0.5,0.5,0.0
119,5,0.5959864854812622,0.8397880792617798,-0.8554129600524902,0.5,0.5,0.0
119,6,0.6037214398384094,0.843315601348877,-0.8557406663894653,0.5,0.5,0.0
119,7,0.49269813299179077,0.8310613632202148,-0.791135311126709,0.5,0.5,0.0
119,8,0.5944941639900208,0.8482986688613892,-0.733567476272583,0.5,0.5,0.0
119,9,0.5570655465126038,0.740626335144043,-0.7742919325828552,0.5,0.5,0.0
119,10,0.5914209485054016,0.7467650771141052,-0.7585768103599548,0.5,0.5,0.0
119,11,0.3447404205799103,0.6314233541488647,-0.477232962846756,0.5,0.5,0.0
119,12,0.6763131618499756,0.7153843641281128,-0.5639768838882446,0.5,0.5,0.0
119,13,0.15720927715301514,0.242232546210289,-0.6899244785308838,0.5,0.5,0.0
119,14,0.7492931485176086,0.4531877040863037,-0.4819510579109192,0.5,0.5,0.0
119,15,0.1291048526763916,0.5734058022499084,-1.1192684173583984,0.5,0.5,0.0
119,16,0.7588674426078796,0.61328125,-0.5294960737228394,0.5,0.5,0.0
119,17,0.07747429609298706,0.6604054570198059,-1.1785008907318115,0.5,0.5,0.0
119,18,0.8281154632568359,0.7189779877662659,-0.5457819700241089,0.5,0.5,0.0
119,19,0.08228152990341187,0.7037443518638611,-1.1627908945083618,0.5,0.5,0.0
119,20,0.813295841217041,0.731457531452179,-0.539343535900116,0.5,0.5,0.0
119,21,0.1257140040397644,0.667081892490387,-1.1263397932052612,0.5,0.5,0.0
119,22,0.757817804813385,0.6768209338188171,-0.5289338231086731,0.5,0.5,0.0
119,23,0.48171284794807434,0.1705077439546585,-0.004530415404587984,0.5,0.5,0.0
119,24,0.6337637305259705,0.21240012347698212,0.005362215451896191,0.5,0.5,0.0
119,25,0.45060503482818604,0.21961890161037445,0.3528953194618225,0.5,0.5,0.0
119,26,0.680386483669281,0.32144099473953247,0.5148723125457764,0.5,0.5,0.0
119,27,0.5596963167190552,0.34044086933135986,1.1449432373046875,0.5,0.5,0.0
119,28,0.6708071827888489,0.3311561942100525,1.0727895498275757,0.5,0.5,0.0
119,29,0.5682033896446228,0.3736748695373535,1.2291984558105469,0.5,0.5,0.0
119,30,0.6603196859359741,0.32673752307891846,1.1378988027572632,0.5,0.5,0.0
119,31,0.6245695948600769,0.347328782081604,1.1852514743804932,0.5,0.5,0.0
119,32,0.6974665522575378,0.3390478491783142,1.0703495740890503,0.5,0.5,0.0
120,0,0.6065683364868164,0.7773743867874146,-1.2718771696090698,0.6462260484695435,0.5818781852722168,-0.2636922299861908
120,1,0.5845375061035156,0.8280912637710571,-1.3296325206756592,0.6609269380569458,0.5806712508201599,-0.26327744126319885
120,2,0.5716382265090942,0.828434944152832,-1.3294801712036133,0.6609830856323242,0.583270788192749,-0.26338645815849304
120,3,0.5587880611419678,0.8287527561187744,-1.3299864530563354,0.6610020399093628,0.5859305262565613,-0.26357582211494446
120,4,0.6082159280776978,0.8326467275619507,-1.305202603340149,0.6606953144073486,0.5713851451873779,-0.27642080187797546
120,5,0.6129248142242432,0.8358956575393677,-1.3052982091903687,0.6607022881507874,0.5665335059165955,-0.27647894620895386
120,6,0.6177997589111328,0.8391300439834595,-1.3055896759033203,0.6607118844985962,0.5616796016693115,-0.27664607763290405
120,7,0.5060985684394836,0.8332736492156982,-1.3011131286621094,0.6546874046325684,0.5769492387771606,-0.21440228819847107
120,8,0.5942485928535461,0.8476296663284302,-1.1876906156539917,0.6675173044204712,0.5479863882064819,-0.2764453887939453
120,9,0.5682052373886108,0.7442944049835205,-1.2278485298156738,0.6310186386108398,0.5830612182617188,-0.23955991864204407
120,10,0.5961878299713135,0.7476885318756104,-1.1951453685760498,0.6310232877731323,0.5696027278900146,-0.25746768712997437
120,11,0.31653741002082825,0.6395014524459839,-0.9294458031654358,0.5836162567138672,0.6157528758049011,-0.17675404250621796
120,12,0.6510043144226074,0.7352513074874878,-0.9570658206939697,0.5742374658584595,0.48417729139328003,-0.25064966082572937
120,13,0.15099385380744934,0.25631487369537354,-1.0773011445999146,0.44400185346603394,0.5866186022758484,-0.14561539888381958
120,14,0.759068489074707,0.5088620185852051,-0.676320493221283,0.46586817502975464,0.49457845091819763,-0.25151488184928894
120,15,0.1361795961856842,0.5735940933227539,-1.3901336193084717,0.38571813702583313,0.5868138074874878,-0.19783760607242584
120,16,0.7836211919784546,0.6257840394973755,-0.5755892992019653,0.4577176868915558,0.5703279376029968,-0.29801928997039795
120,17,0.12172532081604004,0.6718102693557739,-1.4495127201080322,0.36591657996177673,0.5924321413040161,-0.22192323207855225
120,18,0.8444043397903442,0.702285647392273,-0.5936508178710938,0.44746583700180054,0.5869713425636292,-0.31945931911468506
120,19,0.13453447818756104,0.6804676055908203,-1.4250166416168213,0.3748752474784851,0.5847311615943909,-0.24471697211265564
120,20,0.8212563991546631,0.7098089456558228,-0.605837345123291,0.46271800994873047,0.5905821323394775,-0.33459776639938354
120,21,0.17101755738258362,0.6765987873077393,-1.388661503791809,0.38324159383773804,0.5782129764556885,-0.2072727084159851
120,22,0.8114065527915955,0.7122472524642944,-0.5799524188041687,0.46565747261047363,0.5863531827926636,-0.3038704991340637
120,23,0.4640693962574005,0.2129293978214264,-0.036713600158691406,0.394496887922287,0.5822969079017639,0.027157606557011604
120,24,0.6192162036895752,0.2662615478038788,0.03745545074343681,0.39877229928970337,0.5033155083656311,-0.027115685865283012
120,25,0.46945720911026,0.25111961364746094,0.6236976385116577,0.24298597872257233,0.6075799465179443,-0.001786744105629623
120,26,0.6692208051681519,0.3302745521068573,0.7393375039100647,0.34267550706863403,0.5346411466598511,-0.15861859917640686
120,27,0.6197237372398376,0.33993157744407654,1.4891927242279053,0.28859585523605347,0.5590905547142029,0.34178316593170166
120,28,0.7398111820220947,0.43498244881629944,1.4932246208190918,0.34796249866485596,0.5131152868270874,0.06828462332487106
120,29,0.6281187534332275,0.37081441283226013,1.5800879001617432,0.30626776814460754,0.543222188949585,0.3815876841545105
120,30,0.7389669418334961,0.4408261477947235,1.576158881187439,0.35308194160461426,0.5069574117660522,0.0991520807147026
120,31,0.6956111192703247,0.33918145298957825,1.5274543762207031,0.25856512784957886,0.569780170917511,0.4252556264400482
120,32,0.7994852066040039,0.4824052155017853,1.5158231258392334,0.3250950574874878,0.525329053401947,0.1382720172405243
121,0,0.6136184930801392,0.93743896484375,-1.0417591333389282,0.6335291862487793,0.574130117893219,-0.37556007504463196
121,1,0.600587785243988,0.9918034076690674,-1.0775701999664307,0.64778071641922,0.5784611105918884,-0.36728087067604065
121,2,0.5886725187301636,0.9935342073440552,-1.077589511871338,0.6476626396179199,0.5830557346343994,-0.36738935112953186
121,3,0.5768813490867615,0.9952448606491089,-1.0780549049377441,0.6474783420562744,0.5877129435539246,-0.36755838990211487
121,4,0.6228895783424377,0.986640453338623,-1.065258264541626,0.6486245393753052,0.564392626285553,-0.3779727518558502
121,5,0.6288878917694092,0.9844769239425659,-1.0652953386306763,0.6491490006446838,0.5586199164390564,-0.3780781924724579
121,6,0.6349483728408813,0.9824236631393433,-1.0656856298446655,0.6496806144714355,0.5528290867805481,-0.3782934248447418
121,7,0.5336506366729736,0.9759972095489502,-0.9960647225379944,0.6439834833145142,0.5868550539016724,-0.2673347294330597
121,8,0.6112481355667114,0.9592645168304443,-0.9338951706886292,0.6466918587684631,0.5387477278709412,-0.3147006332874298
121,9,0.6127576231956482,0.9656124114990234,-0.9818893671035767,0.6200878620147705,0.5791522860527039,-0.3314876854419708
121,10,0.6561957001686096,0.9282392263412476,-0.9640624523162842,0.621103823184967,0.5617449283599854,-0.3450901508331299
121,11,0.3722482919692993,0.7236858010292053,-0.6390422582626343,0.5765756964683533,0.6269392371177673,-0.17992998659610748
121,12,0.6137155294418335,0.7560715675354004,-0.764409601688385,0.5809881687164307,0.4752226769924164,-0.2569035291671753
121,13,0.2362174093723297,0.22740568220615387,-0.7119954824447632,0.475272536277771,0.6363778710365295,-0.13632966578006744
121,14,0.622078537940979,0.42848581075668335,-0.4959554076194763,0.4733497202396393,0.45647215843200684,-0.2144222855567932
121,15,0.14979895949363708,0.5379470586776733,-1.0258978605270386,0.40489935874938965,0.6385325789451599,-0.22641900181770325
121,16,0.5807912349700928,0.7007805705070496,-0.33829280734062195,0.3781393766403198,0.4632110595703125,-0.2516234517097473
121,17,0.13554677367210388,0.6351013779640198,-1.0616717338562012,0.3902255594730377,0.643097460269928,-0.24319009482860565
121,18,0.5622430443763733,0.7808647155761719,-0.35912156105041504,0.3491300940513611,0.45473799109458923,-0.26829928159713745
121,19,0.11791527271270752,0.6462544202804565,-1.078329086303711,0.39061859250068665,0.6324335336685181,-0.2759817838668823
121,20,0.5929139852523804,0.8372503519058228,-0.3553791344165802,0.3488803505897522,0.4658357501029968,-0.2959849238395691
121,21,0.15281790494918823,0.6398488283157349,-1.0372586250305176,0.40383386611938477,0.6330360174179077,-0.2393411099910736
121,22,0.588401734828949,0.802586555480957,-0.3358114957809448,0.3590419888496399,0.4745405912399292,-0.26145607233047485
121,23,0.5132009387016296,0.1545345038175583,-0.009059526957571507,0.3947519361972809,0.5907337665557861,0.0432569682598114
121,24,0.6192420125007629,0.1968560367822647,0.010094914585351944,0.4019795358181,0.49484848976135254,-0.04343126341700554
121,25,0.5256111025810242,0.10127981007099152,0.5408169627189636,0.30811455845832825,0.6524685621261597,-0.09802336990833282
121,26,0.6909765005111694,0.2338152974843979,0.5457174777984619,0.3553284704685211,0.5289773941040039,-0.3130300045013428
121,27,0.5922555327415466,0.23516540229320526,1.35792875289917,0.334428995847702,0.5630354285240173,0.22626034915447235
121,28,0.7274506688117981,0.3693113923072815,1.2279431819915771,0.33497485518455505,0.49704447388648987,-0.0015930015360936522
121,29,0.5870739221572876,0.2714537978172302,1.451636791229248,0.3489599823951721,0.5466963648796082,0.26267290115356445
121,30,0.7220386862754822,0.379233181476593,1.3169101476669312,0.3356677293777466,0.48681730031967163,0.03499538451433182
121,31,0.6630082726478577,0.25759029388427734,1.513365387916565,0.31143972277641296,0.5519644618034363,0.27771320939064026
121,32,0.7857935428619385,0.43473362922668457,1.3739824295043945,0.31672805547714233,0.49998170137405396,0.03613026812672615
122,0,0.594272255897522,0.6022705435752869,-0.6257791519165039,0.6278679370880127,0.5733787417411804,-0.26567888259887695
122,1,0.585046112537384,0.6421441435813904,-0.6465471982955933,0.6403721570968628,0.5793935060501099,-0.2511197328567505
122,2,0.5743061304092407,0.6480326056480408,-0.646506130695343,0.6399980783462524,0.5842286944389343,-0.2512410581111908
122,3,0.5635426640510559,0.6538172960281372,-0.6468563079833984,0.6395606994628906,0.5890733003616333,-0.2513819634914398
122,4,0.6103869676589966,0.6307244300842285,-0.6337515711784363,0.6419585943222046,0.5641660094261169,-0.2615892291069031
122,5,0.6192405223846436,0.6279233694076538,-0.6337713003158569,0.6426599025726318,0.5580302476882935,-0.2616308629512787
122,6,0.6280227303504944,0.6251004338264465,-0.6341469883918762,0.6433706879615784,0.551934003829956,-0.2618131935596466
122,7,0.5372843742370605,0.6687825322151184,-0.5793722867965698,0.6352319121360779,0.5881587266921997,-0.1442810595035553
122,8,0.629181444644928,0.6282619833946228,-0.5214849710464478,0.6399886608123779,0.5360302329063416,-0.19532866775989532
122,9,0.5652061700820923,0.5918568968772888,-0.5818678736686707,0.6144323945045471,0.5779324769973755,-0.22251248359680176
122,10,0.5968111157417297,0.5781301259994507,-0.5656180381774902,0.6162221431732178,0.558859646320343,-0.23702546954154968
122,11,0.42081934213638306,0.6314305067062378,-0.46366086602211,0.5706762075424194,0.6230528950691223,-0.09070555865764618
122,12,0.6602880358695984,0.5583822131156921,-0.3678833842277527,0.5770288705825806,0.4726850390434265,-0.14561522006988525
122,13,0.3105124831199646,0.5146166682243347,-0.6741135716438293,0.4639667570590973,0.6442509889602661,-0.1401207596063614
122,14,0.7568989992141724,0.38674038648605347,-0.5920127630233765,0.4794037938117981,0.4526650905609131,-0.1530056744813919
122,15,0.35281699895858765,0.6318279504776001,-0.9998579621315002,0.4421023726463318,0.662440836429596,-0.30668023228645325
122,16,0.7718899250030518,0.4990558624267578,-0.9440197944641113,0.40444785356521606,0.4705338776111603,-0.2167961448431015
122,17,0.355469286441803,0.6571388244628906,-1.0519044399261475,0.4343198537826538,0.6726274490356445,-0.32628363370895386
122,18,0.7814934253692627,0.5229129195213318,-0.9827150106430054,0.38115420937538147,0.4658289849758148,-0.22760134935379028
122,19,0.3731735348701477,0.6843538880348206,-1.046496868133545,0.4434615671634674,0.6701926589012146,-0.3439907133579254
122,20,0.7612173557281494,0.5459432005882263,-0.9549305438995361,0.38515254855155945,0.4779222905635834,-0.2517429292201996
122,21,0.3807106018066406,0.6665882468223572,-1.000283122062683,0.4446188807487488,0.6606721878051758,-0.3151198625564575
122,22,0.743716299533844,0.5376888513565063,-0.9384487867355347,0.3922359347343445,0.48450854420661926,-0.22481463849544525
122,23,0.38272345066070557,0.3020373582839966,-0.024858245626091957,0.40332332253456116,0.5968993306159973,0.03215857595205307
122,24,0.5317289233207703,0.26884377002716064,0.02475688047707081,0.405325323343277,0.5041935443878174,-0.03208540007472038
122,25,0.3302474915981293,0.15289439260959625,-0.05554543808102608,0.34594422578811646,0.6345881223678589,-0.1576504111289978
122,26,0.6819044947624207,0.15996988117694855,0.036803729832172394,0.4104522168636322,0.4791112244129181,-0.35451823472976685
122,27,0.4396709203720093,0.3443590998649597,0.48722684383392334,0.3480771481990814,0.5862640738487244,-0.07089295238256454
122,28,0.6143776774406433,0.19373083114624023,0.38810133934020996,0.4053880572319031,0.5083732008934021,-0.36278045177459717
122,29,0.4567754566669464,0.38240402936935425,0.5596942901611328,0.3481944501399994,0.5726295113563538,-0.05733761563897133
122,30,0.5967495441436768,0.22158002853393555,0.4401973485946655,0.395496129989624,0.5106239318847656,-0.3567552864551544
122,31,0.4697192311286926,0.3557949662208557,0.6656723022460938,0.3454364538192749,0.6005205512046814,-0.0713258609175682
122,32,0.5927822589874268,0.1366552710533142,0.5318759679794312,0.4238367974758148,0.5128225088119507,-0.4063197672367096
123,0,0.5973120927810669,0.6994295120239258,-1.1281495094299316,0.6363017559051514,0.5835717916488647,-0.3679116368293762
123,1,0.5925555229187012,0.7510367631912231,-1.1509422063827515,0.6524525880813599,0.5850130915641785,-0.3632776737213135
123,2,0.5809592008590698,0.7596908807754517,-1.1508021354675293,0.6529618501663208,0.5896614789962769,-0.36338910460472107
123,3,0.5692840218544006,0.7682052850723267,-1.1511763334274292,0.6534053087234497,0.5943804979324341,-0.3635542094707489
123,4,0.6201454997062683,0.7323876619338989,-1.1403192281723022,0.6517410278320312,0.5703008770942688,-0.37374261021614075
123,5,0.6300365328788757,0.726616382598877,-1.1405267715454102,0.6518598794937134,0.5636195540428162,-0.37379083037376404
123,6,0.6399072408676147,0.7207638025283813,-1.1408239603042603,0.65199214220047,0.5569355487823486,-0.37397825717926025
123,7,0.5386830568313599,0.7819432020187378,-1.0216524600982666,0.6580052971839905,0.5856837630271912,-0.27353736758232117
123,8,0.6369518637657166,0.7170119285583496,-0.9735341668128967,0.6573898792266846,0.5393766164779663,-0.32367223501205444
123,9,0.5590069890022278,0.6889170408248901,-1.0555665493011475,0.6239011883735657,0.5895341038703918,-0.3269074261188507
123,10,0.5946268439292908,0.6642920970916748,-1.042289137840271,0.623126745223999,0.569993793964386,-0.34147921204566956
123,11,0.3865315914154053,0.7209709882736206,-0.8056690692901611,0.584966778755188,0.6310806274414062,-0.20447757840156555
123,12,0.6542725563049316,0.617679238319397,-0.7449923157691956,0.5791975855827332,0.47723275423049927,-0.2733888328075409
123,13,0.26316148042678833,0.5289211869239807,-0.9791358113288879,0.4572453796863556,0.6323304772377014,-0.19942554831504822
123,14,0.7046058773994446,0.4005810618400574,-0.9352163672447205,0.4608290493488312,0.4770853519439697,-0.2690753638744354
123,15,0.3575746417045593,0.5762304663658142,-1.352077841758728,0.4119889438152313,0.615432620048523,-0.3091207444667816
123,16,0.7464063763618469,0.4871768653392792,-1.301666498184204,0.41323697566986084,0.5206477046012878,-0.33132365345954895
123,17,0.36806225776672363,0.576219379901886,-1.4054261445999146,0.3929227292537689,0.6166582107543945,-0.33678191900253296
123,18,0.7541203498840332,0.5067495107650757,-1.3484008312225342,0.3932879865169525,0.5259873270988464,-0.35893628001213074
123,19,0.3961276412010193,0.6183977127075195,-1.4049904346466064,0.4036981165409088,0.6095032095909119,-0.35560277104377747
123,20,0.7457883358001709,0.5390822887420654,-1.3169093132019043,0.40384453535079956,0.532124400138855,-0.3765982389450073
123,21,0.3989082872867584,0.6130337119102478,-1.351839542388916,0.4109286069869995,0.603732168674469,-0.316995769739151
123,22,0.7241928577423096,0.5381687879562378,-1.2914315462112427,0.4109107255935669,0.5333147644996643,-0.33880940079689026
123,23,0.32530373334884644,0.4225182831287384,-0.01608499325811863,0.39494553208351135,0.5995222330093384,0.03142519295215607
123,24,0.4930286407470703,0.3801337480545044,0.015637805685400963,0.39209604263305664,0.5079547762870789,-0.031533580273389816
123,25,0.22973622381687164,0.21829885244369507,-0.24517881870269775,0.268304705619812,0.6285344362258911,0.04387166351079941
123,26,0.6453094482421875,0.20321114361286163,-0.08906500786542892,0.28595197200775146,0.5192399024963379,-0.18393830955028534
123,27,0.3147750794887543,0.32220953702926636,0.44529181718826294,0.24342884123325348,0.5853899121284485,0.42467203736305237
123,28,0.5506200194358826,0.32117587327957153,0.48995310068130493,0.27816519141197205,0.5387210845947266,0.1326161026954651
123,29,0.33384281396865845,0.34955766797065735,0.5345799922943115,0.24814918637275696,0.5694766044616699,0.4662511348724365
123,30,0.530381441116333,0.36137813329696655,0.5732187032699585,0.2852712571620941,0.5396513342857361,0.17143835127353668
123,31,0.3302229642868042,0.29699215292930603,0.6406914591789246,0.19599656760692596,0.6113571524620056,0.47580721974372864
123,32,0.539489209651947,0.27021539211273193,0.7225916981697083,0.23941534757614136,0.5613368153572083,0.17880508303642273
124,0,0.5605490207672119,0.6235798001289368,-1.0061471462249756,0.6288052797317505,0.5853568911552429,-0.21850675344467163
124,1,0.5348897576332092,0.6720659732818604,-1.0554401874542236,0.645117998123169,0.5808312892913818,-0.23023675382137299
124,2,0.5187024474143982,0.6756269931793213,-1.0555074214935303,0.6463231444358826,0.5827251076698303,-0.23029477894306183
124,3,0.5025025606155396,0.6790587902069092,-1.0561734437942505,0.647477388381958,0.5846111178398132,-0.2304173856973648
124,4,0.5734014511108398,0.6721071004867554,-1.0340321063995361,0.642701268196106,0.5726386308670044,-0.24677836894989014
124,5,0.5842339992523193,0.6741257309913635,-1.0340960025787354,0.6424163579940796,0.5679122805595398,-0.24688458442687988
124,6,0.5950400233268738,0.6760467290878296,-1.0341424942016602,0.642132580280304,0.563241720199585,-0.247054785490036
124,7,0.4513404965400696,0.6973860263824463,-1.043624758720398,0.6590584516525269,0.5713151097297668,-0.2039618343114853
124,8,0.5913785099983215,0.6907454133033752,-0.939497709274292,0.6420601606369019,0.5457898378372192,-0.2792210280895233
124,9,0.5209690928459167,0.5995711088180542,-0.974066436290741,0.6210533976554871,0.5863838195800781,-0.1978326439857483
124,10,0.5625540018081665,0.5958420038223267,-0.9435271620750427,0.618566632270813,0.575505256652832,-0.2194962501525879
124,11,0.2774532735347748,0.5844735503196716,-0.7393282055854797,0.6047329306602478,0.5821548104286194,-0.12768109142780304
124,12,0.655228316783905,0.6157686710357666,-0.7445755004882812,0.5846035480499268,0.5121287703514099,-0.28359606862068176
124,13,0.0998498797416687,0.3564557433128357,-0.6625335812568665,0.48832452297210693,0.5818997025489807,-0.10061594098806381
124,14,0.6759546995162964,0.4527936577796936,-0.3173738420009613,0.46981242299079895,0.5298163890838623,-0.2717795670032501
124,15,0.06425303220748901,0.5470631718635559,-0.8103213310241699,0.4383845031261444,0.5760794281959534,-0.1841868907213211
124,16,0.5592350959777832,0.5654513835906982,-0.04082619026303291,0.43744996190071106,0.5689626932144165,-0.3068028688430786
124,17,0.016075551509857178,0.5964155197143555,-0.8607097268104553,0.41920721530914307,0.5753059387207031,-0.19807188212871552
124,18,0.533498227596283,0.6151481866836548,-0.0380735769867897,0.4215601086616516,0.5758076310157776,-0.3278138339519501
124,19,0.03665423393249512,0.6487252712249756,-0.8698663711547852,0.4286317825317383,0.5728421807289124,-0.2195284366607666
124,20,0.5291785001754761,0.6372990012168884,-0.012879474088549614,0.4338981509208679,0.5764631628990173,-0.34661665558815
124,21,0.06381040811538696,0.6239752173423767,-0.822009801864624,0.43541792035102844,0.5695566534996033,-0.19241315126419067
124,22,0.519723117351532,0.6218039989471436,-0.022489340975880623,0.4391999840736389,0.5743972659111023,-0.3127267062664032
124,23,0.3683568835258484,0.2655729055404663,-0.05022071674466133,0.40324530005455017,0.5851383209228516,0.06676609814167023
124,24,0.561017632484436,0.29268985986709595,0.05158571898937225,0.3928137719631195,0.5364642143249512,-0.06681126356124878
124,25,0.469275563955307,0.34567391872406006,0.5413932800292969,0.3059532642364502,0.6526250243186951,0.13329994678497314
124,26,0.7023667097091675,0.4288027882575989,0.6354485750198364,0.32109400629997253,0.5527617335319519,-0.3415025770664215
124,27,0.6674627661705017,0.4291888475418091,1.3355482816696167,0.31460851430892944,0.5730165243148804,0.3881427049636841
124,28,0.9148590564727783,0.5070406198501587,1.2693663835525513,0.365928053855896,0.564845860004425,-0.18692290782928467
124,29,0.6977575421333313,0.4561941623687744,1.417407512664795,0.3239317536354065,0.5551123023033142,0.41870322823524475
124,30,0.9274088144302368,0.5105803608894348,1.3317821025848389,0.3757694661617279,0.5554051399230957,-0.16050347685813904
124,31,0.7124707698822021,0.42466413974761963,1.3845975399017334,0.2905982732772827,0.5833836197853088,0.49286606907844543
124,32,0.9976416826248169,0.5288917422294617,1.263770341873169,0.3669756054878235,0.6087725162506104,-0.09204532206058502
125,0,0.5672670602798462,0.7546179890632629,-0.9590968489646912,0.6383950114250183,0.5840820074081421,-0.20720480382442474
125,1,0.5790807008743286,0.7830734848976135,-1.0576279163360596,0.6547559499740601,0.5796418190002441,-0.22265508770942688
125,2,0.5771639943122864,0.7867249846458435,-1.0578417778015137,0.6559839248657227,0.5811958909034729,-0.22271683812141418
125,3,0.5752405524253845,0.7903069853782654,-1.058414101600647,0.6571517586708069,0.5827723741531372,-0.22283901274204254
125,4,0.5797513723373413,0.7784809470176697,-1.0574414730072021,0.6522049903869629,0.5725857615470886,-0.23642723262310028
125,5,0.5788994431495667,0.7776555418968201,-1.057339072227478,0.6518537402153015,0.5684354305267334,-0.2365051656961441
125,6,0.5779687762260437,0.7770465016365051,-1.0575226545333862,0.6514973640441895,0.5643005967140198,-0.23671698570251465
125,7,0.560745120048523,0.8026769757270813,-1.1882866621017456,0.6665216088294983,0.5759249329566956,-0.21230696141719818
125,8,0.5715831518173218,0.7810544371604919,-1.1858270168304443,0.66005539894104,0.554122269153595,-0.2753120958805084
125,9,0.5445939302444458,0.7454950213432312,-0.9648748636245728,0.6307189464569092,0.5852512121200562,-0.19202043116092682
125,10,0.5451658964157104,0.7390978932380676,-0.9646915793418884,0.6281681060791016,0.5760946273803711,-0.21013861894607544
125,11,0.4524717926979065,0.7372587323188782,-0.9217370748519897,0.6112974286079407,0.5950336456298828,-0.15200719237327576
125,12,0.5219318270683289,0.6887613534927368,-1.02749502658844,0.5907785892486572,0.4991634488105774,-0.27162331342697144
125,13,0.365041047334671,0.41183435916900635,-0.7090253829956055,0.49223464727401733,0.6130361557006836,-0.1843223124742508
125,14,0.2764788568019867,0.4452531337738037,-0.6068229079246521,0.46633297204971313,0.5065646171569824,-0.25881466269493103
125,15,0.32904884219169617,0.535489022731781,-0.8374694585800171,0.45952108502388,0.6098241209983826,-0.33444488048553467
125,16,0.19745701551437378,0.6406077742576599,-0.30022016167640686,0.3953958749771118,0.5351718068122864,-0.278952956199646
125,17,0.3287460207939148,0.5881375074386597,-0.8934323191642761,0.446461945772171,0.6093525290489197,-0.3557221293449402
125,18,0.17546314001083374,0.6878432035446167,-0.35884708166122437,0.36893439292907715,0.5353808999061584,-0.2947661876678467
125,19,0.2962973117828369,0.6240377426147461,-0.9540131688117981,0.4549296498298645,0.6096121668815613,-0.3654443323612213
125,20,0.2094751000404358,0.7463858723640442,-0.3754463493824005,0.37661877274513245,0.5435499548912048,-0.31565171480178833
125,21,0.30154097080230713,0.6102545261383057,-0.8621469736099243,0.45891880989074707,0.6042601466178894,-0.33945804834365845
125,22,0.20931217074394226,0.7290412187576294,-0.30698975920677185,0.3866913914680481,0.5453482270240784,-0.28554683923721313
125,23,0.5437062382698059,0.2181754857301712,-0.018438519909977913,0.4020718038082123,0.5832140445709229,0.054551515728235245
125,24,0.5999854207038879,0.21678225696086884,0.019345834851264954,0.39640894532203674,0.5269672274589539,-0.054571397602558136
125,25,0.49895718693733215,0.20226208865642548,0.7158061265945435,0.28919386863708496,0.6380820870399475,0.19193986058235168
125,26,0.6493194103240967,0.3390668034553528,0.843434751033783,0.30775827169418335,0.5519628524780273,-0.317131906747818
125,27,0.562269389629364,0.34683895111083984,1.6998863220214844,0.30673155188560486,0.5675820112228394,0.47799623012542725
125,28,0.7159711718559265,0.41649967432022095,1.5946701765060425,0.350387841463089,0.5313780307769775,-0.19867850840091705
125,29,0.5516664385795593,0.39706939458847046,1.8147883415222168,0.3152768015861511,0.5532716512680054,0.5109837651252747
125,30,0.7116270661354065,0.42653948068618774,1.677402377128601,0.3613138794898987,0.5189775824546814,-0.17856328189373016
125,31,0.6257214546203613,0.3543682098388672,1.861016869544983,0.28932830691337585,0.5731766223907471,0.5668662190437317
125,32,0.7691969871520996,0.4629935622215271,1.6459447145462036,0.3465067148208618,0.5550870895385742,-0.14397890865802765
126,0,0.6656776070594788,0.7387349605560303,-1.2231101989746094,0.6442711353302002,0.5618910789489746,-0.20747065544128418
126,1,0.6433145999908447,0.7844167947769165,-1.3095580339431763,0.6688192486763,0.5553162097930908,-0.22519028186798096
126,2,0.6300485134124756,0.7842000722885132,-1.3094476461410522,0.6694603562355042,0.5555943846702576,-0.22523091733455658
126,3,0.6168622374534607,0.784015417098999,-1.3102697134017944,0.6611733436584473,0.569388210773468,-0.2253774106502533
126,4,0.6667612195014954,0.7953416109085083,-1.2705769538879395,0.6605343222618103,0.5563927292823792,-0.2266654521226883
126,5,0.6701719164848328,0.8021013736724854,-1.2704730033874512,0.661052942276001,0.5533005595207214,-0.22672930359840393
126,6,0.6737331748008728,0.8088241815567017,-1.2705687284469604,0.6615436673164368,0.5502650737762451,-0.22691312432289124
126,7,0.5507189035415649,0.804547905921936,-1.3730813264846802,0.6654129028320312,0.5586708188056946,-0.22795915603637695
126,8,0.6379634737968445,0.8567037582397461,-1.185136318206787,0.6602932810783386,0.5521037578582764,-0.2363530993461609
126,9,0.6451154351234436,0.7378743886947632,-1.2025235891342163,0.6332937479019165,0.5674189925193787,-0.19859690964221954
126,10,0.6436251401901245,0.7223061323165894,-1.1503729820251465,0.6336624026298523,0.5566022992134094,-0.20116695761680603
126,11,0.34944406151771545,0.6569969654083252,-0.9514127373695374,0.6025105714797974,0.5768117308616638,-0.16998176276683807
126,12,0.6083412170410156,0.7738785743713379,-0.9867764711380005,0.5931717753410339,0.506009578704834,-0.2368677854537964
126,13,0.1917361617088318,0.24834755063056946,-0.8466776609420776,0.4747985899448395,0.5910789370536804,-0.1534675806760788
126,14,0.6123219132423401,0.5440242290496826,-0.5122753977775574,0.4713425636291504,0.5180285573005676,-0.2025965005159378
126,15,0.18054506182670593,0.46664807200431824,-0.9474273324012756,0.4016285240650177,0.5781618356704712,-0.19001318514347076
126,16,0.5908620357513428,0.7032055854797363,-0.19254302978515625,0.38745149970054626,0.5211396813392639,-0.22171226143836975
126,17,0.16814815998077393,0.5423272848129272,-0.9661691188812256,0.3784728944301605,0.5776486992835999,-0.1874556690454483
126,18,0.5842503905296326,0.7634512186050415,-0.2051272988319397,0.361828476190567,0.5139378309249878,-0.23483026027679443
126,19,0.147386372089386,0.5736379623413086,-0.9950293898582458,0.3829648196697235,0.573958158493042,-0.21355360746383667
126,20,0.6000850796699524,0.8026372194290161,-0.21433457732200623,0.36408212780952454,0.5195286870002747,-0.24811139702796936
126,21,0.1340256929397583,0.6148864030838013,-0.9562199711799622,0.391353577375412,0.5711880326271057,-0.19738760590553284
126,22,0.5909265875816345,0.768913745880127,-0.1916271150112152,0.37326738238334656,0.5228174328804016,-0.22685134410858154
126,23,0.508161723613739,0.18527385592460632,-0.04611242935061455,0.41223639249801636,0.5756577253341675,0.05972287058830261
126,24,0.6170275807380676,0.26015833020210266,0.04682046175003052,0.3923664391040802,0.5183607339859009,-0.05981936305761337
126,25,0.47386911511421204,0.2368539273738861,0.45414867997169495,0.2957034111022949,0.6439377665519714,0.028823841363191605
126,26,0.6201924681663513,0.38787445425987244,0.8835021257400513,0.23211868107318878,0.55629563331604,-0.19780129194259644
126,27,0.5675892233848572,0.3246156871318817,1.3305017948150635,0.3507731258869171,0.5735284090042114,0.24978047609329224
126,28,0.5924383997917175,0.35001370310783386,1.4947737455368042,0.3336603045463562,0.5213515162467957,0.0606580451130867
126,29,0.5619975328445435,0.34901610016822815,1.4287867546081543,0.36538293957710266,0.5657656788825989,0.27914315462112427
126,30,0.5733134150505066,0.34091702103614807,1.5677788257598877,0.3530639111995697,0.5119411945343018,0.09700782597064972
126,31,0.6402785778045654,0.3694728910923004,1.4652652740478516,0.3400266170501709,0.5637580156326294,0.37354761362075806
126,32,0.6271364688873291,0.3684285581111908,1.5900710821151733,0.3407852053642273,0.535506010055542,0.18906597793102264
127,0,0.5975786447525024,0.6418020725250244,-0.9517321586608887,0.6461194157600403,0.5547322630882263,-0.34193411469459534
127,1,0.5764209628105164,0.6761220693588257,-1.0321701765060425,0.6684951782226562,0.5600766539573669,-0.34915855526924133
127,2,0.5622613430023193,0.6779801249504089,-1.0321907997131348,0.662429690361023,0.5698633193969727,-0.34921666979789734
127,3,0.5481143593788147,0.6796292066574097,-1.0329828262329102,0.6627868413925171,0.57606041431427,-0.34936779737472534
127,4,0.6068734526634216,0.682318389415741,-1.008705735206604,0.6692291498184204,0.5479711294174194,-0.3460584878921509
127,5,0.6133514642715454,0.6864899396896362,-1.0086902379989624,0.6686756610870361,0.5468214750289917,-0.3460976779460907
127,6,0.6199141144752502,0.6907444596290588,-1.0089963674545288,0.662868857383728,0.5360870957374573,-0.3463004231452942
127,7,0.4891487956047058,0.7055401802062988,-1.1202292442321777,0.6623861789703369,0.5751464366912842,-0.2925974428653717
127,8,0.6025331020355225,0.7227239608764648,-0.9979750514030457,0.6633219718933105,0.5381752848625183,-0.27972695231437683
127,9,0.5553319454193115,0.6264840960502625,-0.9497666954994202,0.6351902484893799,0.5661014318466187,-0.3112736642360687
127,10,0.585686206817627,0.6291621327400208,-0.9154680371284485,0.6469888687133789,0.5452879667282104,-0.3077307939529419
127,11,0.2713024914264679,0.6036550998687744,-0.8068466782569885,0.6066473126411438,0.6229309439659119,-0.2258797287940979
127,12,0.6335957646369934,0.7038289308547974,-0.8067059516906738,0.5965414643287659,0.48725903034210205,-0.22245219349861145
127,13,0.14034408330917358,0.2968514561653137,-0.597427487373352,0.48198312520980835,0.6151319146156311,-0.2198091745376587
127,14,0.6209213733673096,0.4636422395706177,-0.2093740701675415,0.47762176394462585,0.48659273982048035,-0.1679362654685974
127,15,0.18794018030166626,0.5200090408325195,-0.5045017600059509,0.42283666133880615,0.5756086111068726,-0.31215900182724
127,16,0.6430274844169617,0.4393051266670227,0.21112553775310516,0.39402586221694946,0.5052414536476135,-0.19874346256256104
127,17,0.18637728691101074,0.5798516273498535,-0.5026450753211975,0.3999907076358795,0.5713456273078918,-0.32529276609420776
127,18,0.6652565002441406,0.4378330707550049,0.26280733942985535,0.36693519353866577,0.5016636252403259,-0.20691169798374176
127,19,0.18339309096336365,0.6121240258216858,-0.5010630488395691,0.4085368514060974,0.5653432607650757,-0.3462997376918793
127,20,0.6585417985916138,0.4578237533569336,0.2209467738866806,0.369768887758255,0.5049729943275452,-0.2312723696231842
127,21,0.16741728782653809,0.6048832535743713,-0.4982321858406067,0.41685760021209717,0.5618653297424316,-0.3176692724227905
127,22,0.6326057314872742,0.45319437980651855,0.21021582186222076,0.3804794251918793,0.51078861951828,-0.20727954804897308
127,23,0.456359326839447,0.21143735945224762,-0.05783059075474739,0.4120658040046692,0.596859872341156,0.051128286868333817
127,24,0.6459920406341553,0.3201848268508911,0.058130018413066864,0.40419596433639526,0.5040215849876404,-0.05142141506075859
127,25,0.4662961959838867,0.2393820732831955,0.10227806121110916,0.2816895544528961,0.6610090732574463,-0.0117575628682971
127,26,0.7181708812713623,0.5545876026153564,0.6779720783233643,0.2341703325510025,0.5484483242034912,-0.1663968563079834
127,27,0.6535233855247498,0.4610300064086914,0.719627857208252,0.3310566246509552,0.580494225025177,0.3074219524860382
127,28,0.8485466241836548,0.6183035969734192,1.0265685319900513,0.3183000087738037,0.5177916288375854,0.1774432361125946
127,29,0.6571353673934937,0.5207003355026245,0.7952657341957092,0.3473891317844391,0.5672179460525513,0.34830135107040405
127,30,0.8438050150871277,0.6134831309318542,1.0642774105072021,0.3400188684463501,0.5067727565765381,0.22266773879528046
127,31,0.7579187750816345,0.49109500646591187,0.8605803847312927,0.3062962293624878,0.5812453627586365,0.4338715076446533
127,32,0.8990816473960876,0.7314391136169434,1.0878831148147583,0.30406272411346436,0.5377211570739746,0.31385713815689087
128,0,0.41504451632499695,0.7242615818977356,-0.17740653455257416,0.6468635201454163,0.5519830584526062,-0.263893187046051
128,1,0.3972039222717285,0.7610305547714233,-0.22778759896755219,0.662830114364624,0.5577855110168457,-0.2747358977794647
128,2,0.39462774991989136,0.7618585228919983,-0.2280680239200592,0.6632778644561768,0.5628204941749573,-0.27480438351631165
128,3,0.39212799072265625,0.7625644207000732,-0.22852955758571625,0.6636511087417603,0.567838728427887,-0.2749370038509369
128,4,0.4003249704837799,0.7618507742881775,-0.21426667273044586,0.662559986114502,0.5448869466781616,-0.27126026153564453
128,5,0.39997586607933044,0.7632342576980591,-0.21448782086372375,0.6630078554153442,0.5398621559143066,-0.2713027596473694
128,6,0.39952316880226135,0.7644476890563965,-0.21489250659942627,0.6634374260902405,0.5348882079124451,-0.2715068459510803
128,7,0.3790528178215027,0.7637135982513428,-0.3003349006175995,0.6673204302787781,0.5686535835266113,-0.24494600296020508
128,8,0.3864246606826782,0.7660618424415588,-0.24096432328224182,0.6632436513900757,0.5306283831596375,-0.23011654615402222
128,9,0.4143846035003662,0.7013992071151733,-0.1859753578901291,0.6370949149131775,0.5620236396789551,-0.2437898814678192
128,10,0.4169289469718933,0.7023996710777283,-0.16882890462875366,0.6367788910865784,0.5450522899627686,-0.23971544206142426
128,11,0.3632100224494934,0.6185476183891296,-0.30377426743507385,0.6072523593902588,0.6059716939926147,-0.20832201838493347
128,12,0.4461815357208252,0.6669460535049438,-0.13921253383159637,0.6006070971488953,0.4934620261192322,-0.1836434006690979
128,13,0.3016478717327118,0.36935752630233765,-0.3306306302547455,0.47591009736061096,0.6100374460220337,-0.2225629687309265
128,14,0.5007854104042053,0.5167875289916992,-0.29038894176483154,0.48276323080062866,0.5126447677612305,-0.1273363083600998
128,15,0.23469579219818115,0.22795146703720093,-0.4208502471446991,0.40373796224594116,0.5718454122543335,-0.2991274297237396
128,16,0.488247811794281,0.5144423246383667,-0.5595079660415649,0.4170529544353485,0.5267899036407471,-0.14838184416294098
128,17,0.21394479274749756,0.20564721524715424,-0.4622982144355774,0.37515923380851746,0.5684608817100525,-0.31055954098701477
128,18,0.49308082461357117,0.5199071764945984,-0.6093869805335999,0.3928641974925995,0.5265856981277466,-0.15401796996593475
128,19,0.21389639377593994,0.21087966859340668,-0.4967803955078125,0.38337793946266174,0.5577992796897888,-0.32783564925193787
128,20,0.4872918725013733,0.5298810601234436,-0.6111400127410889,0.39817020297050476,0.5274289846420288,-0.17628049850463867
128,21,0.22879290580749512,0.21306055784225464,-0.437823623418808,0.39446404576301575,0.554660975933075,-0.30264490842819214
128,22,0.48342394828796387,0.5194326639175415,-0.5708633661270142,0.40678533911705017,0.5299992561340332,-0.15573500096797943
128,23,0.56971275806427,0.1578158289194107,-0.08887370675802231,0.4114006757736206,0.5849676728248596,0.025418469682335854
128,24,0.5989707708358765,0.19511303305625916,0.08927296847105026,0.40282580256462097,0.5120865106582642,-0.025488073006272316
128,25,0.6594692468643188,0.33866339921951294,0.36308836936950684,0.31073909997940063,0.6380410194396973,-0.02690688520669937
128,26,0.6261630654335022,0.4244871139526367,-0.016179334372282028,0.25930869579315186,0.5347851514816284,-0.29858309030532837
128,27,0.7647590637207031,0.5517945885658264,0.8160086870193481,0.3335554301738739,0.5648207068443298,0.189763605594635
128,28,0.7682746648788452,0.5300343632698059,-0.22833062708377838,0.32064253091812134,0.5389875173568726,-0.16477440297603607
128,29,0.782725989818573,0.5590530037879944,0.8665876984596252,0.3435571789741516,0.5524235367774963,0.21715623140335083
128,30,0.7966246604919434,0.5191855430603027,-0.24991409480571747,0.3329213857650757,0.529883861541748,-0.14197978377342224
128,31,0.817058801651001,0.7049733996391296,0.8303252458572388,0.3190547525882721,0.5540974140167236,0.2678163945674896
128,32,0.7962614297866821,0.6481581926345825,-0.3950713276863098,0.32701054215431213,0.5669448971748352,-0.10388573259115219
129,0,0.5105895400047302,0.6513915657997131,-0.9757727980613708,0.6495611667633057,0.5540485382080078,-0.3488065004348755
129,1,0.50322425365448,0.7059046030044556,-1.0190619230270386,0.6657480001449585,0.5614007115364075,-0.3583059310913086
129,2,0.4910048842430115,0.7149728536605835,-1.0190269947052002,0.6662849187850952,0.5671140551567078,-0.3583741784095764
129,3,0.4787813127040863,0.7239829897880554,-1.0194103717803955,0.6667635440826416,0.5728093385696411,-0.3585115075111389
129,4,0.5295405387878418,0.688732385635376,-0.9955617785453796,0.6654137372970581,0.5466283559799194,-0.35530754923820496
129,5,0.5383840203285217,0.6844858527183533,-0.9957683682441711,0.6659331321716309,0.5409272909164429,-0.35537123680114746
129,6,0.5472147464752197,0.6801824569702148,-0.9961779713630676,0.666441798210144,0.5353080034255981,-0.35555341839790344
129,7,0.4427606761455536,0.744845449924469,-0.9773799180984497,0.6645099520683289,0.5724117159843445,-0.3110450506210327
129,8,0.5392458438873291,0.6846481561660767,-0.8718936443328857,0.6666322946548462,0.5290704369544983,-0.2985081672668457
129,9,0.47094693779945374,0.641958475112915,-0.9330025911331177,0.6393736600875854,0.5639776587486267,-0.3209860622882843
129,10,0.5046762228012085,0.6207517981529236,-0.9021786451339722,0.6391988396644592,0.5446886420249939,-0.317696213722229
129,11,0.3314257264137268,0.6566533446311951,-0.7880513072013855,0.6139700412750244,0.5987604260444641,-0.25705745816230774
129,12,0.5352989435195923,0.581030011177063,-0.6467516422271729,0.6028798818588257,0.49388739466667175,-0.23408226668834686
129,13,0.27928102016448975,0.38945892453193665,-0.7830570340156555,0.48513686656951904,0.5865690112113953,-0.25691044330596924
129,14,0.6139456033706665,0.3221517503261566,-0.7195270657539368,0.48380348086357117,0.5180003046989441,-0.1860833615064621
129,15,0.35805565118789673,0.5494616031646729,-0.9234829545021057,0.4144378900527954,0.5184701085090637,-0.30486801266670227
129,16,0.7029064893722534,0.4822345972061157,-0.975688099861145,0.41715335845947266,0.533629298210144,-0.22083936631679535
129,17,0.3826863467693329,0.5914668440818787,-0.9825103878974915,0.3821495473384857,0.5157551765441895,-0.31608811020851135
129,18,0.7184962630271912,0.5323364734649658,-1.0381971597671509,0.39241868257522583,0.5331677198410034,-0.23019437491893768
129,19,0.3868488371372223,0.6445925235748291,-0.977433979511261,0.40217265486717224,0.49946916103363037,-0.3306846022605896
129,20,0.7126045227050781,0.557226836681366,-1.0035412311553955,0.3981786370277405,0.5317861437797546,-0.2536865770816803
129,21,0.3858771026134491,0.6216596364974976,-0.9216334223747253,0.4120151400566101,0.5033571124076843,-0.3062935471534729
129,22,0.6527217626571655,0.5518348217010498,-0.9697322249412537,0.40704238414764404,0.5335177779197693,-0.22902646660804749
129,23,0.3013945519924164,0.26890185475349426,0.0007076841429807246,0.41441085934638977,0.5817076563835144,0.03558482974767685
129,24,0.3993656039237976,0.25433334708213806,-0.00019234075443819165,0.4028256833553314,0.5042172074317932,-0.03576858714222908
129,25,0.33668798208236694,0.1778089702129364,0.6192154884338379,0.28192436695098877,0.6451886892318726,-0.06405351310968399
129,26,0.4015487730503082,0.25750231742858887,0.6535618901252747,0.2439795732498169,0.5274319648742676,-0.2428874373435974
129,27,0.374252587556839,0.2264326810836792,1.2919365167617798,0.3115253448486328,0.5634682178497314,0.23462125658988953
129,28,0.3411625921726227,0.12410024553537369,1.1866427659988403,0.30625802278518677,0.5403463244438171,0.02605949342250824
129,29,0.37156784534454346,0.2276509702205658,1.3649449348449707,0.32515913248062134,0.5495116710662842,0.27173882722854614
129,30,0.32446277141571045,0.11242900043725967,1.2433139085769653,0.321943998336792,0.5325817465782166,0.06293851882219315
129,31,0.40110915899276733,0.24004171788692474,1.3813115358352661,0.2857104539871216,0.5592489242553711,0.34281572699546814
129,32,0.3117724657058716,0.05470198392868042,1.2052496671676636,0.29722660779953003,0.5778679847717285,0.13466881215572357
130,0,0.5402264595031738,0.5624353885650635,-0.7346659898757935,0.6610578298568726,0.5497982501983643,-0.38359126448631287
130,1,0.5279670357704163,0.5979511737823486,-0.8038897514343262,0.665389895439148,0.5655783414840698,-0.37564799189567566
130,2,0.5153474807739258,0.6019085645675659,-0.8039737939834595,0.6655682325363159,0.5711420774459839,-0.37574559450149536
130,3,0.5027492046356201,0.6056389808654785,-0.8046261668205261,0.6656667590141296,0.5767552852630615,-0.3758707344532013
130,4,0.5588653087615967,0.5975852012634277,-0.779513418674469,0.6742024421691895,0.543577253818512,-0.3843885660171509
130,5,0.567548394203186,0.5998987555503845,-0.7797445058822632,0.665336012840271,0.5427166819572449,-0.38450849056243896
130,6,0.576196551322937,0.6023045182228088,-0.7801563143730164,0.665496289730072,0.5360103249549866,-0.38469961285591125
130,7,0.46010756492614746,0.639336109161377,-0.864220380783081,0.6631888747215271,0.5771729946136475,-0.2763060927391052
130,8,0.5742786526679993,0.6342397928237915,-0.7422827482223511,0.660770058631897,0.5225321650505066,-0.315584659576416
130,9,0.5050223469734192,0.5569275617599487,-0.7236981987953186,0.6444082856178284,0.564981997013092,-0.3399753272533417
130,10,0.5357222557067871,0.5528298020362854,-0.6887611746788025,0.6364741921424866,0.5500640869140625,-0.35155293345451355
130,11,0.26744017004966736,0.5813037753105164,-0.699988842010498,0.5941215753555298,0.6162035465240479,-0.21317428350448608
130,12,0.6159380078315735,0.6063165664672852,-0.5544025301933289,0.5960097908973694,0.48313087224960327,-0.2740214765071869
130,13,0.1503259539604187,0.21538403630256653,-0.8350426554679871,0.48400527238845825,0.5961804986000061,-0.2146991789340973
130,14,0.6913174390792847,0.40248608589172363,-0.5061490535736084,0.4829031825065613,0.4727851450443268,-0.2788950502872467
130,15,0.38155412673950195,0.363292932510376,-1.1490414142608643,0.4106542468070984,0.5267322063446045,-0.29622188210487366
130,16,0.7216111421585083,0.5085501670837402,-0.6936938762664795,0.3958061635494232,0.48580676317214966,-0.3277551233768463
130,17,0.42723751068115234,0.369802325963974,-1.2155802249908447,0.3794783353805542,0.5125645995140076,-0.3152565062046051
130,18,0.7342420816421509,0.5381669998168945,-0.7190746665000916,0.37494751811027527,0.47834670543670654,-0.34983202815055847
130,19,0.4439809322357178,0.4392028748989105,-1.1977183818817139,0.38868555426597595,0.500430703163147,-0.3342580199241638
130,20,0.7441703081130981,0.5720332860946655,-0.744029700756073,0.36919930577278137,0.4889226257801056,-0.36760109663009644
130,21,0.4386451840400696,0.43781542778015137,-1.1426324844360352,0.4084848165512085,0.5038607716560364,-0.3016589879989624
130,22,0.7247549891471863,0.5597094297409058,-0.7062163352966309,0.37880128622055054,0.4941340982913971,-0.3333899676799774
130,23,0.3438258767127991,0.3103863000869751,-0.0632718950510025,0.3993590176105499,0.581472635269165,0.04145650193095207
130,24,0.5277962684631348,0.3192543387413025,0.06483189761638641,0.39320024847984314,0.49018341302871704,-0.04160796478390694
130,25,0.4469274878501892,0.5679318308830261,-0.2629920542240143,0.30423063039779663,0.6469238996505737,-0.08512549102306366
130,26,0.6705136299133301,0.4525547921657562,0.09583286195993423,0.31185203790664673,0.5079609155654907,-0.40847569704055786
130,27,0.5917967557907104,0.5860226154327393,-0.02251816727221012,0.31386318802833557,0.5670628547668457,0.20253761112689972
130,28,0.7851961255073547,0.5712026953697205,0.17430926859378815,0.3095623552799225,0.5413964986801147,-0.16670511662960052
130,29,0.6029462218284607,0.5541200041770935,0.019130421802401543,0.3244572877883911,0.5501890182495117,0.2365974485874176
130,30,0.7869871258735657,0.5526261329650879,0.2008013278245926,0.3147403299808502,0.5336689949035645,-0.13365262746810913
130,31,0.675409197807312,0.7009181976318359,0.06757715344429016,0.28376275300979614,0.5650577545166016,0.2699764668941498
130,32,0.854852557182312,0.7523654699325562,0.26683467626571655,0.2902529239654541,0.5781432390213013,-0.1165103167295456
131,0,0.47347959876060486,0.5674527883529663,-1.1077568531036377,0.6702887415885925,0.5488699078559875,-0.34054404497146606
131,1,0.45557472109794617,0.6164770722389221,-1.154470443725586,0.6830235719680786,0.5552844405174255,-0.34230032563209534
131,2,0.4404413104057312,0.6225945353507996,-1.154613733291626,0.6814485788345337,0.566062331199646,-0.342418909072876
131,3,0.42530888319015503,0.628472089767456,-1.1551170349121094,0.6797749996185303,0.5796517729759216,-0.3425752818584442
131,4,0.49633392691612244,0.6063127517700195,-1.1466333866119385,0.6835927367210388,0.5434714555740356,-0.33501046895980835
131,5,0.5097475051879883,0.6045575737953186,-1.147009253501892,0.6830086708068848,0.5428891181945801,-0.3350243866443634
131,6,0.523069441318512,0.6028865575790405,-1.1475493907928467,0.6822680234909058,0.5425099730491638,-0.335205078125
131,7,0.38759833574295044,0.6527662873268127,-1.0928229093551636,0.6724838018417358,0.5828349590301514,-0.27377957105636597
131,8,0.5305269360542297,0.616418719291687,-1.0537865161895752,0.674518883228302,0.5341817140579224,-0.242338165640831
131,9,0.4371519982814789,0.5542511343955994,-1.0537383556365967,0.6544653177261353,0.5541519522666931,-0.30796584486961365
131,10,0.48052430152893066,0.540477991104126,-1.0420674085617065,0.6548826694488525,0.5422472357749939,-0.2991146743297577
131,11,0.22908106446266174,0.5625138282775879,-0.8564562797546387,0.6142355799674988,0.6200807094573975,-0.23404107987880707
131,12,0.5880876779556274,0.5686735510826111,-0.8100112080574036,0.6017742156982422,0.4890899658203125,-0.1637117713689804
131,13,0.08700650930404663,0.21996638178825378,-1.0744787454605103,0.4829864799976349,0.6048468351364136,-0.24840353429317474
131,14,0.674938440322876,0.3489614725112915,-0.8655599355697632,0.4868791103363037,0.4942310154438019,-0.10856429487466812
131,15,0.2852698564529419,0.4385189414024353,-1.5192772150039673,0.4210083484649658,0.5217383503913879,-0.31819483637809753
131,16,0.657423198223114,0.48089757561683655,-1.1560685634613037,0.41431522369384766,0.5030864477157593,-0.15452373027801514
131,17,0.32510900497436523,0.4755364954471588,-1.6080535650253296,0.385067880153656,0.5229105353355408,-0.33642253279685974
131,18,0.6597978472709656,0.5162941813468933,-1.2014410495758057,0.3878968060016632,0.49998772144317627,-0.16028369963169098
131,19,0.34131598472595215,0.5490109920501709,-1.5665291547775269,0.3951740860939026,0.5110762119293213,-0.3479538857936859
131,20,0.6575480103492737,0.5517634749412537,-1.1835955381393433,0.3929089903831482,0.49907219409942627,-0.19239884614944458
131,21,0.3410998582839966,0.534645676612854,-1.5081616640090942,0.41698721051216125,0.5011489391326904,-0.31842246651649475
131,22,0.6381279826164246,0.5371314287185669,-1.150295615196228,0.4024844467639923,0.5035479068756104,-0.16646242141723633
131,23,0.29010772705078125,0.26707953214645386,-0.03409789130091667,0.4119696617126465,0.5837512016296387,0.0382063090801239
131,24,0.47834324836730957,0.294106125831604,0.03515445441007614,0.398151695728302,0.4983215034008026,-0.038338277488946915
131,25,0.399576336145401,0.2795430123806,0.21907401084899902,0.2927703857421875,0.6710315346717834,-0.052397698163986206
131,26,0.623396635055542,0.41673845052719116,0.22279393672943115,0.24349355697631836,0.5366494655609131,-0.2551482617855072
131,27,0.435773640871048,0.3737485706806183,0.7731091976165771,0.3103291690349579,0.569584310054779,0.20376096665859222
131,28,0.5962804555892944,0.3771034777164459,0.7563550472259521,0.2981139123439789,0.5484068393707275,-0.017452113330364227
131,29,0.435138463973999,0.37906405329704285,0.839035153388977,0.3217483162879944,0.5506396889686584,0.23568855226039886
131,30,0.5684616565704346,0.384128600358963,0.8223469257354736,0.313859224319458,0.5382017493247986,0.01523494627326727
131,31,0.47685644030570984,0.4116930663585663,0.8868836760520935,0.2836402356624603,0.5678332448005676,0.29105132818222046
131,32,0.6340346336364746,0.32883766293525696,0.8923254609107971,0.2859278917312622,0.5916560292243958,0.07067658007144928
132,0,0.5833250284194946,0.65943443775177,-0.7978038191795349,0.6739544868469238,0.5671043992042542,-0.2681705951690674
132,1,0.5846286416053772,0.7017322778701782,-0.8418794274330139,0.683030366897583,0.5773509740829468,-0.2699742615222931
132,2,0.5743041634559631,0.7122081518173218,-0.841718852519989,0.683281421661377,0.5815985798835754,-0.27008336782455444
132,3,0.5639544725418091,0.7225873470306396,-0.8418757915496826,0.6839535236358643,0.5737241506576538,-0.270231157541275
132,4,0.6107100248336792,0.6817430257797241,-0.8246891498565674,0.6828018426895142,0.5652684569358826,-0.2725546956062317
132,5,0.6204455494880676,0.6765717267990112,-0.8248960971832275,0.6830216646194458,0.5603851675987244,-0.2726358473300934
132,6,0.630193829536438,0.6714365482330322,-0.8252068161964417,0.6840505599975586,0.5612322092056274,-0.27283862233161926
132,7,0.5387799143791199,0.7520052790641785,-0.8339029550552368,0.6718065142631531,0.5757976770401001,-0.20955590903759003
132,8,0.6322927474975586,0.6761692762374878,-0.7569990754127502,0.6730765700340271,0.5542881488800049,-0.2209751307964325
132,9,0.5457407832145691,0.6596506237983704,-0.7706980109214783,0.658267080783844,0.5697866678237915,-0.23787185549736023
132,10,0.575991690158844,0.6356388926506042,-0.7483200430870056,0.6584956645965576,0.55891352891922,-0.2413824051618576
132,11,0.4366004467010498,0.7218363285064697,-0.7265095114707947,0.6136953234672546,0.5963677167892456,-0.153562530875206
132,12,0.6146289110183716,0.6655279397964478,-0.5638167262077332,0.606309175491333,0.50443434715271,-0.18225276470184326
132,13,0.502303421497345,0.5294102430343628,-0.6345899105072021,0.4874457120895386,0.5899506211280823,-0.1601286232471466
132,14,0.6677790880203247,0.5063092708587646,-0.511748194694519,0.48563647270202637,0.5096858739852905,-0.15547510981559753
132,15,0.6677873134613037,0.5317931175231934,-0.45164650678634644,0.4236087203025818,0.5276109576225281,-0.2477232962846756
132,16,0.6945396661758423,0.49816030263900757,-0.5873515009880066,0.40544986724853516,0.5176998376846313,-0.19349521398544312
132,17,0.7060446739196777,0.5252576470375061,-0.4712028503417969,0.39918774366378784,0.528444766998291,-0.26351386308670044
132,18,0.7132982015609741,0.4923880696296692,-0.6071133017539978,0.3849841356277466,0.5016716718673706,-0.20829805731773376
132,19,0.7149745225906372,0.5552138090133667,-0.4421696066856384,0.4088817238807678,0.5204072594642639,-0.27988654375076294
132,20,0.6990728378295898,0.5000914931297302,-0.6037154197692871,0.38297972083091736,0.517026960849762,-0.23132532835006714
132,21,0.703429639339447,0.5511487126350403,-0.43503841757774353,0.41756126284599304,0.5220705270767212,-0.25163471698760986
132,22,0.6828017234802246,0.5060257911682129,-0.5875698328018188,0.3924429416656494,0.5193682312965393,-0.20165897905826569
132,23,0.2806043326854706,0.4486534297466278,-0.05581104755401611,0.41300103068351746,0.5726358294487,0.05288393422961235
132,24,0.39852237701416016,0.41640952229499817,0.05586656555533409,0.4017229676246643,0.5036806464195251,-0.05289572849869728
132,25,0.2404153048992157,0.3066367208957672,0.3204720616340637,0.3109239935874939,0.6591723561286926,-0.0597698912024498
132,26,0.47328388690948486,0.3206430673599243,0.35871830582618713,0.2516794800758362,0.5372127294540405,-0.32628726959228516
132,27,0.2818261981010437,0.42365899682044983,0.8678869605064392,0.343034029006958,0.566138744354248,0.1720285415649414
132,28,0.3965798318386078,0.313790500164032,0.8349481821060181,0.2863617241382599,0.5731512308120728,-0.12137888371944427
132,29,0.28104472160339355,0.445669949054718,0.9343134164810181,0.35711267590522766,0.5519307255744934,0.19996482133865356
132,30,0.36812785267829895,0.33329081535339355,0.8921013474464417,0.29688552021980286,0.5677511096000671,-0.09425558894872665
132,31,0.31451648473739624,0.3937680423259735,1.0511786937713623,0.3274308741092682,0.5498266816139221,0.23370806872844696
132,32,0.39290228486061096,0.23176467418670654,0.9823265671730042,0.2823551893234253,0.6167370676994324,-0.08300209045410156
133,0,0.7019761204719543,0.5585324764251709,-0.5635104179382324,0.6539133787155151,0.5618304014205933,-0.27225998044013977
133,1,0.7415176033973694,0.577008843421936,-0.5983246564865112,0.6690629720687866,0.5670204758644104,-0.26858341693878174
133,2,0.7436666488647461,0.59259432554245,-0.5982707142829895,0.669180691242218,0.5722326040267944,-0.26869019865989685
133,3,0.7456070780754089,0.6082388162612915,-0.598740816116333,0.6692209243774414,0.5774280428886414,-0.26882967352867126
133,4,0.7372413873672485,0.548357367515564,-0.5549145340919495,0.6692628264427185,0.5523014664649963,-0.272849977016449
133,5,0.7368398904800415,0.5396314859390259,-0.5548725128173828,0.6696587800979614,0.5464509725570679,-0.2729335427284241
133,6,0.7365367412567139,0.5308291912078857,-0.5550194382667542,0.6700446605682373,0.5406776666641235,-0.27313339710235596
133,7,0.7393596172332764,0.6597517728805542,-0.6218405961990356,0.664389967918396,0.5767666101455688,-0.18904997408390045
133,8,0.7263182997703552,0.5550966262817383,-0.4107294976711273,0.6685758829116821,0.54667067527771,-0.20733709633350372
133,9,0.6732687950134277,0.6056188344955444,-0.5614317655563354,0.6406849026679993,0.5709007978439331,-0.23538751900196075
133,10,0.6677465438842773,0.5656089186668396,-0.5002237558364868,0.6408592462539673,0.5521563291549683,-0.24088403582572937
133,11,0.605009913444519,0.8181027173995972,-0.5208098292350769,0.598000705242157,0.6067975163459778,-0.1310136467218399
133,12,0.6390044689178467,0.5789986848831177,-0.29190924763679504,0.5988565683364868,0.49434375762939453,-0.19148534536361694
133,13,0.6356304883956909,0.9247109889984131,-0.5730406045913696,0.4888908267021179,0.6083963513374329,-0.1494060605764389
133,14,0.6557996273040771,0.4557836353778839,-0.3343525826931,0.47817468643188477,0.5003238916397095,-0.1992838978767395
133,15,0.7557927370071411,0.8514142036437988,-0.31399625539779663,0.42407670617103577,0.5221390724182129,-0.23415067791938782
133,16,0.7296473979949951,0.529517650604248,-0.4420926868915558,0.39244145154953003,0.5109543204307556,-0.2501913011074066
133,17,0.7784332036972046,0.8258024454116821,-0.30114802718162537,0.3985673785209656,0.5036799907684326,-0.24873006343841553
133,18,0.7462937831878662,0.5381105542182922,-0.47437483072280884,0.3626493513584137,0.5043390989303589,-0.2740190625190735
133,19,0.7878758907318115,0.8126845359802246,-0.277517706155777,0.40881913900375366,0.49288758635520935,-0.26317253708839417
133,20,0.7412187457084656,0.564826250076294,-0.4358104169368744,0.36609628796577454,0.5125475525856018,-0.28645095229148865
133,21,0.7739483118057251,0.8145843744277954,-0.2964265048503876,0.41826215386390686,0.5016477704048157,-0.23725830018520355
133,22,0.7249534130096436,0.5732548236846924,-0.43455931544303894,0.37623369693756104,0.516781747341156,-0.2544506788253784
133,23,0.21766549348831177,0.6139916181564331,-0.1292511373758316,0.3849695920944214,0.5700708031654358,0.04388570040464401
133,24,0.30117344856262207,0.49053001403808594,0.1297425478696823,0.38496652245521545,0.4959039092063904,-0.044007036834955215
133,25,0.08031521737575531,0.22154097259044647,-0.12450747191905975,0.2667374312877655,0.6361581087112427,-0.10623244941234589
133,26,0.29698827862739563,0.15725305676460266,0.3763078451156616,0.26429283618927,0.5069921016693115,-0.35900670289993286
133,27,0.03778335452079773,0.6337475776672363,0.12246543169021606,0.30694490671157837,0.5615905523300171,0.20657750964164734
133,28,0.23349922895431519,0.2835039496421814,0.6081308722496033,0.3016818165779114,0.5544793009757996,-0.06417091190814972
133,29,0.04101817309856415,0.6974165439605713,0.1619870364665985,0.32253149151802063,0.5508438348770142,0.24482813477516174
133,30,0.21874698996543884,0.3337288498878479,0.6438961625099182,0.31193721294403076,0.5488311052322388,-0.024937298148870468
133,31,-0.04479578137397766,0.6987596750259399,0.3621242940425873,0.28801271319389343,0.5435941815376282,0.2996112108230591
133,32,0.24256300926208496,0.16909992694854736,0.8522695302963257,0.2960512638092041,0.598915159702301,0.022257855162024498
134,0,0.8045342564582825,0.7030242085456848,0.34520167112350464,0.6479552984237671,0.5577633380889893,-0.15917395055294037
134,1,0.8095250725746155,0.7116187810897827,0.3428848087787628,0.663896918296814,0.5580164790153503,-0.16976439952850342
134,2,0.8084534406661987,0.7137632966041565,0.3426896631717682,0.6645384430885315,0.561225175857544,-0.1698933094739914
134,3,0.8212555646896362,0.756247878074646,0.3423166871070862,0.6651063561439514,0.5643907189369202,-0.17006273567676544
134,4,0.8066898584365845,0.7027204036712646,0.3987169563770294,0.662644624710083,0.54924476146698,-0.17059700191020966
134,5,0.8100916147232056,0.6620258092880249,0.39884352684020996,0.6626338958740234,0.5456239581108093,-0.17060889303684235
134,6,0.8104915022850037,0.6586383581161499,0.39809346199035645,0.6625988483428955,0.542036235332489,-0.1707688719034195
134,7,0.7751156091690063,0.7654707431793213,0.3258088529109955,0.6636669635772705,0.5660293698310852,-0.14778277277946472
134,8,0.7971289157867432,0.6926432847976685,0.582814633846283,0.6658459901809692,0.552449107170105,-0.15029609203338623
134,9,0.7641274929046631,0.7139007449150085,0.32805874943733215,0.6371646523475647,0.5663822889328003,-0.1427057534456253
134,10,0.7535998821258545,0.6637696623802185,0.40267133712768555,0.6358808279037476,0.5545432567596436,-0.14315259456634521
134,11,0.6683877110481262,0.9001172184944153,0.1064797192811966,0.5992257595062256,0.6071524620056152,-0.10095324367284775
134,12,0.6897178292274475,0.6499089598655701,0.5689309239387512,0.5920606255531311,0.4975307583808899,-0.15136338770389557
134,13,0.6976189613342285,0.7400756478309631,0.058389823883771896,0.4852711260318756,0.5852807760238647,-0.09476350992918015
134,14,0.6261091232299805,0.41145822405815125,0.30358150601387024,0.4652518033981323,0.5103433132171631,-0.14755170047283173
134,15,0.7894670963287354,0.6668350100517273,0.42605915665626526,0.44213294982910156,0.5462609529495239,-0.16750648617744446
134,16,0.6743597388267517,0.47459688782691956,-0.1457640379667282,0.40100982785224915,0.5168769955635071,-0.20586621761322021
134,17,0.8047857284545898,0.6393054127693176,0.447147935628891,0.41043731570243835,0.5133562088012695,-0.1804560273885727
134,18,0.6754332780838013,0.49071285128593445,-0.17373497784137726,0.3790687918663025,0.5099233984947205,-0.22877536714076996
134,19,0.7987057566642761,0.6565966606140137,0.4684554636478424,0.425872802734375,0.5107513070106506,-0.20032057166099548
134,20,0.6853501796722412,0.5170639753341675,-0.14709354937076569,0.3838106393814087,0.5124514102935791,-0.24038167297840118
134,21,0.798859179019928,0.647449254989624,0.4500640034675598,0.43785881996154785,0.5153473615646362,-0.1741509735584259
134,22,0.674497127532959,0.5345829725265503,-0.14447933435440063,0.39272916316986084,0.5180327296257019,-0.21125100553035736
134,23,0.2460482120513916,0.6471371054649353,-0.1487208902835846,0.38584885001182556,0.5657340884208679,0.03305123746395111
134,24,0.2981622815132141,0.4816270172595978,0.14792636036872864,0.38459518551826477,0.4877305328845978,-0.03301301971077919
134,25,0.15958493947982788,0.21121154725551605,-0.17392192780971527,0.23393374681472778,0.6056368350982666,-0.010511120781302452
134,26,0.46251678466796875,0.16681504249572754,0.41428041458129883,0.27614152431488037,0.505631148815155,-0.18201139569282532
134,27,0.051668234169483185,0.6582471132278442,0.02691935934126377,0.26414549350738525,0.5646497011184692,0.2521461844444275
134,28,0.2651215195655823,0.26608365774154663,0.40410444140434265,0.3378499150276184,0.5475894808769226,0.08884961903095245
134,29,0.03521646559238434,0.7379429340362549,0.05949031934142113,0.28027430176734924,0.55776047706604,0.2848156690597534
134,30,0.22346878051757812,0.32725703716278076,0.40822282433509827,0.35494041442871094,0.5517627596855164,0.12678255140781403
134,31,-0.08250898122787476,0.6556620001792908,0.23649509251117706,0.23668785393238068,0.5497275590896606,0.35206979513168335
134,32,0.22020353376865387,0.12205034494400024,0.5685057044029236,0.32498225569725037,0.5673941969871521,0.21255046129226685
135,0,0.6777563095092773,0.5772305727005005,-0.5967972278594971,0.6705857515335083,0.5480770468711853,-0.25080329179763794
135,1,0.7022186517715454,0.5963212251663208,-0.6271418333053589,0.6829823851585388,0.5604763031005859,-0.2613448202610016
135,2,0.7010930776596069,0.6072027087211609,-0.6270273327827454,0.6824222803115845,0.5631043910980225,-0.26147666573524475
135,3,0.6998006105422974,0.6180193424224854,-0.6273635029792786,0.6817161440849304,0.5658259391784668,-0.2616277039051056
135,4,0.7037319540977478,0.5771075487136841,-0.6011978983879089,0.6834790706634521,0.549684464931488,-0.245745450258255
135,5,0.7046829462051392,0.5720380544662476,-0.6011930704116821,0.6826597452163696,0.5491086840629578,-0.2457793951034546
135,6,0.7057039737701416,0.567038893699646,-0.6016369462013245,0.6789678335189819,0.5380184650421143,-0.24597975611686707
135,7,0.6881633996963501,0.6582762002944946,-0.6348363757133484,0.6727706789970398,0.5767603516578674,-0.23183666169643402
135,8,0.6966507434844971,0.5891526937484741,-0.5094566941261292,0.6750894784927368,0.5498158931732178,-0.1622474193572998
135,9,0.6513431072235107,0.6095834970474243,-0.5881448984146118,0.6539269685745239,0.5605248212814331,-0.23218579590320587
135,10,0.6540154218673706,0.582073450088501,-0.551986813545227,0.6535070538520813,0.5466805696487427,-0.21199867129325867
135,11,0.5598455667495728,0.7544827461242676,-0.5391422510147095,0.6121413707733154,0.634845495223999,-0.21320439875125885
135,12,0.6509318947792053,0.6173666715621948,-0.40091076493263245,0.5988770127296448,0.49425750970840454,-0.1000194326043129
135,13,0.6249659657478333,0.7418273687362671,-0.5123764872550964,0.4952307939529419,0.6262490749359131,-0.23499685525894165
135,14,0.6736780405044556,0.4990091621875763,-0.24140498042106628,0.48120439052581787,0.505361020565033,-0.06491372734308243
135,15,0.7370737791061401,0.715809166431427,-0.23731817305088043,0.42574673891067505,0.5299971699714661,-0.28624916076660156
135,16,0.6639524698257446,0.49428892135620117,-0.15868622064590454,0.39597684144973755,0.4921506643295288,-0.13256315886974335
135,17,0.7651076316833496,0.701200008392334,-0.23037177324295044,0.3964988589286804,0.509766697883606,-0.30477282404899597
135,18,0.6587671637535095,0.48122090101242065,-0.14866498112678528,0.3769686222076416,0.47899356484413147,-0.14400023221969604
135,19,0.7632097005844116,0.7040998935699463,-0.2008855789899826,0.4121412932872772,0.4979769289493561,-0.30830973386764526
135,20,0.6542022824287415,0.5044015645980835,-0.1536044031381607,0.3708122968673706,0.48236799240112305,-0.17018619179725647
135,21,0.7523777484893799,0.704562246799469,-0.2200363725423813,0.42319855093955994,0.5032622814178467,-0.2827495038509369
135,22,0.6492454409599304,0.5125876665115356,-0.15761224925518036,0.38141945004463196,0.4908854067325592,-0.14329935610294342
135,23,0.3205002546310425,0.4894101321697235,-0.06802023202180862,0.3962806463241577,0.5929473042488098,0.011020984500646591
135,24,0.4104694426059723,0.4209110140800476,0.06757748126983643,0.39374756813049316,0.4995221793651581,-0.011168619617819786
135,25,0.20310908555984497,0.27469465136528015,0.04611094295978546,0.24442411959171295,0.6457785367965698,-0.12396986037492752
135,26,0.3781880736351013,0.249349445104599,0.2378389835357666,0.24882274866104126,0.5000020265579224,-0.2373296171426773
135,27,0.25601810216903687,0.4645955562591553,0.5756875276565552,0.28990086913108826,0.5721706748008728,0.20992624759674072
135,28,0.3297179341316223,0.3235224485397339,0.6950116753578186,0.28665727376937866,0.552703857421875,0.05081569775938988
135,29,0.271435022354126,0.5167753100395203,0.6452812552452087,0.30696365237236023,0.5636934041976929,0.24979965388774872
135,30,0.32206976413726807,0.3598814904689789,0.7556324601173401,0.2995886504650116,0.5570572018623352,0.08751939237117767
135,31,0.23651328682899475,0.4290394186973572,0.7922731041908264,0.2669762372970581,0.5495713353157043,0.28931954503059387
135,32,0.2898893356323242,0.25654664635658264,0.8690512180328369,0.2713663578033447,0.5829218626022339,0.12378502637147903
136,0,0.632422924041748,0.508075475692749,-0.9590114951133728,0.6611698269844055,0.5561450719833374,-0.3106694221496582
136,1,0.6517490148544312,0.5245472192764282,-0.9838451743125916,0.6713420748710632,0.5649814605712891,-0.3140239417552948
136,2,0.6512497663497925,0.5371805429458618,-0.9835718274116516,0.6718801856040955,0.571325421333313,-0.3141252398490906
136,3,0.6506274938583374,0.5496445298194885,-0.9838438034057617,0.6723403930664062,0.5776465535163879,-0.31425750255584717
136,4,0.6548250913619995,0.4913494884967804,-0.9843676090240479,0.6793843507766724,0.5508713126182556,-0.3079899251461029
136,5,0.6560698747634888,0.48037901520729065,-0.984606146812439,0.6708505153656006,0.543161153793335,-0.30805426836013794
136,6,0.6573551893234253,0.46952781081199646,-0.9846339225769043,0.6710436940193176,0.5374552607536316,-0.308257520198822
136,7,0.6430878639221191,0.5784882307052612,-0.9046620726585388,0.6676792502403259,0.5787426233291626,-0.2513866126537323
136,8,0.6539961099624634,0.4649507999420166,-0.9045618176460266,0.6725426912307739,0.5429109334945679,-0.22426050901412964
136,9,0.6122915148735046,0.5363032817840576,-0.9063088893890381,0.6442247033119202,0.5690594911575317,-0.27933669090270996
136,10,0.613988995552063,0.4982753396034241,-0.9071746468544006,0.6435271501541138,0.5489013195037842,-0.2716996669769287
136,11,0.5834393501281738,0.6629090905189514,-0.7239707708358765,0.609037458896637,0.6288962364196777,-0.21151794493198395
136,12,0.6287901401519775,0.48420450091362,-0.725047767162323,0.601253867149353,0.49400120973587036,-0.16415336728096008
136,13,0.6218478679656982,0.719019889831543,-0.709276556968689,0.4991901218891144,0.6247408986091614,-0.23266157507896423
136,14,0.6766128540039062,0.4259510040283203,-0.6720359325408936,0.48780351877212524,0.49667999148368835,-0.1407415121793747
136,15,0.7382917404174805,0.708797812461853,-0.6392136216163635,0.4307383596897125,0.527154266834259,-0.30361226201057434
136,16,0.700019121170044,0.5137357711791992,-0.651340663433075,0.405244916677475,0.49270400404930115,-0.19119131565093994
136,17,0.7728966474533081,0.7166060209274292,-0.6618527173995972,0.40700146555900574,0.5078859329223633,-0.3181616961956024
136,18,0.7152002453804016,0.5217583179473877,-0.6899104118347168,0.3774181604385376,0.4835858941078186,-0.20231764018535614
136,19,0.7786781787872314,0.7008882761001587,-0.6539250016212463,0.4205516278743744,0.4959322512149811,-0.3233635425567627
136,20,0.7007482051849365,0.546212911605835,-0.6478673219680786,0.3807413876056671,0.4861212968826294,-0.22265687584877014
136,21,0.7617698907852173,0.6928107738494873,-0.6342558264732361,0.4273954927921295,0.5054590106010437,-0.3016466200351715
136,22,0.6888476610183716,0.5513189435005188,-0.6342504024505615,0.3902822434902191,0.4930018186569214,-0.1987610012292862
136,23,0.3476012051105499,0.4992276430130005,-0.028959549963474274,0.39946088194847107,0.5858545303344727,0.018891826272010803
136,24,0.39243653416633606,0.42082270979881287,0.028921572491526604,0.3991312086582184,0.5003780126571655,-0.019086213782429695
136,25,0.53773432970047,0.4295024275779724,0.4033452868461609,0.2692631781101227,0.6397867202758789,-0.12052183598279953
136,26,0.5947074294090271,0.47593873739242554,0.5152087211608887,0.2706683278083801,0.5005943179130554,-0.29959797859191895
136,27,0.6416562795639038,0.549756646156311,0.8892740607261658,0.30880630016326904,0.570236086845398,0.1769208461046219
136,28,0.6713684797286987,0.49575960636138916,0.9279449582099915,0.30249375104904175,0.5474629998207092,-0.04515514150261879
136,29,0.6374633312225342,0.563156247138977,0.9486278891563416,0.3236698806285858,0.5605967044830322,0.21372562646865845
136,30,0.6628347039222717,0.511538028717041,0.9775248765945435,0.3120421767234802,0.5450311303138733,-0.010791088454425335
136,31,0.7254946231842041,0.5548239946365356,0.9886444807052612,0.28918150067329407,0.5534954071044922,0.2566262185573578
136,32,0.7312034368515015,0.4688815474510193,1.0089519023895264,0.2930326461791992,0.5853423476219177,0.026767494156956673
137,0,0.8029211759567261,0.7481813430786133,0.2801336646080017,0.6630663871765137,0.5634602904319763,-0.26435616612434387
137,1,0.8229070901870728,0.7742666006088257,0.28765153884887695,0.6785575151443481,0.5699698328971863,-0.2636677622795105
137,2,0.821601152420044,0.7779580354690552,0.28754153847694397,0.6833401322364807,0.5726260542869568,-0.2638237178325653
137,3,0.8285547494888306,0.8081324696540833,0.2871822714805603,0.6832976341247559,0.5748992562294006,-0.2639906704425812
137,4,0.8224204778671265,0.7662941217422485,0.3360970914363861,0.6778563857078552,0.5541883707046509,-0.261611670255661
137,5,0.8253223896026611,0.7471293807029724,0.3360719084739685,0.6779599189758301,0.5481154322624207,-0.2616417407989502
137,6,0.8234039545059204,0.743738055229187,0.33517786860466003,0.6780638694763184,0.5420898795127869,-0.2618713080883026
137,7,0.7919013500213623,0.8255033493041992,0.3357921242713928,0.6731268167495728,0.5764942169189453,-0.19295918941497803
137,8,0.8019859790802002,0.7637194395065308,0.556969940662384,0.6731750965118408,0.5528502464294434,-0.18325944244861603
137,9,0.7817249298095703,0.773444652557373,0.28727200627326965,0.6511794924736023,0.574246346950531,-0.2308417111635208
137,10,0.7876946926116943,0.7479302883148193,0.35233232378959656,0.654442548751831,0.5577606558799744,-0.2282763123512268
137,11,0.700946569442749,0.9255602955818176,0.1555102914571762,0.6167334318161011,0.6250887513160706,-0.1510016918182373
137,12,0.6900309324264526,0.6662247180938721,0.5773903727531433,0.6034984588623047,0.4957354664802551,-0.13264115154743195
137,13,0.7749155759811401,0.8947387933731079,0.012947438284754753,0.4907372295856476,0.618427038192749,-0.18095073103904724
137,14,0.650048017501831,0.40037375688552856,0.33922094106674194,0.48898518085479736,0.5069831609725952,-0.08950334787368774
137,15,0.8339890241622925,0.789994478225708,0.24225091934204102,0.44925954937934875,0.5719028115272522,-0.30019626021385193
137,16,0.6748093366622925,0.45047518610954285,-0.10485327243804932,0.43177521228790283,0.5273312926292419,-0.13201788067817688
137,17,0.8519605398178101,0.7554413080215454,0.24544914066791534,0.42916733026504517,0.5648269057273865,-0.3198740482330322
137,18,0.6802300214767456,0.4527822434902191,-0.15712398290634155,0.40938419103622437,0.527186393737793,-0.14221155643463135
137,19,0.8471229076385498,0.7563692927360535,0.2717479467391968,0.44048774242401123,0.5591683387756348,-0.33060067892074585
137,20,0.6862970590591431,0.5064507722854614,-0.1311246156692505,0.41617444157600403,0.5263893604278564,-0.16961419582366943
137,21,0.8134331703186035,0.7318044900894165,0.2624826729297638,0.44160088896751404,0.5267760157585144,-0.30197852849960327
137,22,0.6869215965270996,0.5112537145614624,-0.10356257855892181,0.42420947551727295,0.5293741822242737,-0.14203765988349915
137,23,0.2810262441635132,0.6717120409011841,-0.1437637358903885,0.41178974509239197,0.5846942067146301,0.03816565126180649
137,24,0.3153904676437378,0.4829708933830261,0.14281916618347168,0.4062034487724304,0.49972328543663025,-0.03832388296723366
137,25,0.2908856272697449,0.23749612271785736,-0.08191417157649994,0.29549136757850647,0.6522785425186157,-0.039040401577949524
137,26,0.4968971014022827,0.0823087990283966,0.36059337854385376,0.28661131858825684,0.5207376480102539,-0.34533315896987915
137,27,0.13570111989974976,0.4986948072910309,0.17704305052757263,0.3241243362426758,0.5750205516815186,0.25326743721961975
137,28,0.27559182047843933,0.2711203694343567,0.46002742648124695,0.30796244740486145,0.5571545362472534,-0.09785760194063187
137,29,0.11321604996919632,0.5704178810119629,0.2161474972963333,0.33595550060272217,0.5608055591583252,0.2906987965106964
137,30,0.23607340455055237,0.3456016480922699,0.47468307614326477,0.3169194459915161,0.5476874113082886,-0.06240726262331009
137,31,0.014657460153102875,0.4416317641735077,0.36806586384773254,0.30400827527046204,0.5749418139457703,0.3579697906970978
137,32,0.20858517289161682,0.1318506896495819,0.6113396286964417,0.2947189211845398,0.6133731603622437,-0.008777138777077198
138,0,0.5,0.5,0.0,0.6627660989761353,0.5390082597732544,-0.26320162415504456
138,1,0.5,0.5,0.0,0.6703332662582397,0.5457972884178162,-0.2707673907279968
138,2,0.5,0.5,0.0,0.6710951924324036,0.552959680557251,-0.27087774872779846
138,3,0.5,0.5,0.0,0.6717891693115234,0.5600864291191101,-0.27101778984069824
138,4,0.5,0.5,0.0,0.6773998141288757,0.5423478484153748,-0.25556620955467224
138,5,0.5,0.5,0.0,0.6787291765213013,0.5350006818771362,-0.2555718719959259
138,6,0.5,0.5,0.0,0.677954375743866,0.5344021916389465,-0.25575098395347595
138,7,0.5,0.5,0.0,0.6693355441093445,0.5714979767799377,-0.22139625251293182
138,8,0.5,0.5,0.0,0.6734291315078735,0.5376367568969727,-0.15421457588672638
138,9,0.5,0.5,0.0,0.6459336280822754,0.5521343350410461,-0.23706814646720886
138,10,0.5,0.5,0.0,0.6458929777145386,0.5388273596763611,-0.21778197586536407
138,11,0.5,0.5,0.0,0.6136541962623596,0.6311942338943481,-0.1919897496700287
138,12,0.5,0.5,0.0,0.604412317276001,0.48938366770744324,-0.08964976668357849
138,13,0.5,0.5,0.0,0.5010765194892883,0.6383486390113831,-0.2151927947998047
138,14,0.5,0.5,0.0,0.5005731582641602,0.48684218525886536,-0.05566532164812088
138,15,0.5,0.5,0.0,0.43874552845954895,0.5356433987617493,-0.2997203469276428
138,16,0.5,0.5,0.0,0.4231397211551666,0.4945416748523712,-0.13017024099826813
138,17,0.5,0.5,0.0,0.4116717278957367,0.5169323682785034,-0.3188810348510742
138,18,0.5,0.5,0.0,0.39685699343681335,0.490479439496994,-0.14241057634353638
138,19,0.5,0.5,0.0,0.4235093891620636,0.5015963315963745,-0.3231019377708435
138,20,0.5,0.5,0.0,0.4018053412437439,0.4914362132549286,-0.1643189936876297
138,21,0.5,0.5,0.0,0.4302661120891571,0.5128811001777649,-0.297137975692749
138,22,0.5,0.5,0.0,0.41123801469802856,0.4971122741699219,-0.1395030915737152
138,23,0.5,0.5,0.0,0.4079144597053528,0.5905839204788208,0.011908532120287418
138,24,0.5,0.5,0.0,0.4094109833240509,0.4899517297744751,-0.012180028483271599
138,25,0.5,0.5,0.0,0.2696841359138489,0.6506503820419312,-0.11901010572910309
138,26,0.5,0.5,0.0,0.2608872652053833,0.483378529548645,-0.2310294508934021
138,27,0.5,0.5,0.0,0.28536418080329895,0.580679714679718,0.17216286063194275
138,28,0.5,0.5,0.0,0.29161161184310913,0.5611929297447205,0.043794699013233185
138,29,0.5,0.5,0.0,0.2971527874469757,0.5683804750442505,0.2085430771112442
138,30,0.5,0.5,0.0,0.3049294650554657,0.5664806962013245,0.0803026556968689
138,31,0.5,0.5,0.0,0.25234919786453247,0.5747538805007935,0.24633966386318207
138,32,0.5,0.5,0.0,0.266767680644989,0.6079344153404236,0.12622933089733124
139,0,0.5,0.5,0.0,0.6582466959953308,0.5442079305648804,-0.3051980137825012
139,1,0.5,0.5,0.0,0.674575686454773,0.5568552017211914,-0.3136386275291443
139,2,0.5,0.5,0.0,0.6752563714981079,0.5637738704681396,-0.31375399231910706
139,3,0.5,0.5,0.0,0.6758580207824707,0.5706576704978943,-0.31392523646354675
139,4,0.5,0.5,0.0,0.6739649772644043,0.5414029955863953,-0.2994942367076874
139,5,0.5,0.5,0.0,0.6742861270904541,0.5366252064704895,-0.2995089888572693
139,6,0.5,0.5,0.0,0.6745938062667847,0.5318889617919922,-0.299702525138855
139,7,0.5,0.5,0.0,0.6736707091331482,0.5746460556983948,-0.2619767487049103
139,8,0.5,0.5,0.0,0.6763511896133423,0.5447478890419006,-0.19948138296604156
139,9,0.5,0.5,0.0,0.6471024751663208,0.5584068894386292,-0.2771141529083252
139,10,0.5,0.5,0.0,0.6534198522567749,0.5440504550933838,-0.25916844606399536
139,11,0.5,0.5,0.0,0.6182197332382202,0.626388430595398,-0.22804340720176697
139,12,0.5,0.5,0.0,0.6104395985603333,0.4923422932624817,-0.10964994132518768
139,13,0.5,0.5,0.0,0.49128010869026184,0.6217473745346069,-0.25530683994293213
139,14,0.5,0.5,0.0,0.49658364057540894,0.5002893805503845,-0.049690376967191696
139,15,0.5,0.5,0.0,0.43600115180015564,0.5288633704185486,-0.3174744248390198
139,16,0.5,0.5,0.0,0.4307681918144226,0.4898901581764221,-0.10131322592496872
139,17,0.5,0.5,0.0,0.4134921431541443,0.5112244486808777,-0.331557959318161
139,18,0.5,0.5,0.0,0.4087386429309845,0.4827098250389099,-0.10256218910217285
139,19,0.5,0.5,0.0,0.42355117201805115,0.49882495403289795,-0.3338814675807953
139,20,0.5,0.5,0.0,0.4129371643066406,0.4767773449420929,-0.13342760503292084
139,21,0.5,0.5,0.0,0.4323321282863617,0.5035144686698914,-0.3130130171775818
139,22,0.5,0.5,0.0,0.42051273584365845,0.4831993877887726,-0.11327720433473587
139,23,0.5,0.5,0.0,0.4022740423679352,0.5929450988769531,0.030623555183410645
139,24,0.5,0.5,0.0,0.39648088812828064,0.504362165927887,-0.030815815553069115
139,25,0.5,0.5,0.0,0.2593092918395996,0.6621353626251221,-0.13514231145381927
139,26,0.5,0.5,0.0,0.2531471252441406,0.5139321088790894,-0.2648501992225647
139,27,0.5,0.5,0.0,0.2989038825035095,0.5735102295875549,0.2023329883813858
139,28,0.5,0.5,0.0,0.3140711188316345,0.5530718564987183,0.05755672603845596
139,29,0.5,0.5,0.0,0.3147992789745331,0.5595579147338867,0.24410486221313477
139,30,0.5,0.5,0.0,0.3289845287799835,0.5479701161384583,0.10003078728914261
139,31,0.5,0.5,0.0,0.2747951149940491,0.5631721019744873,0.3071027100086212
139,32,0.5,0.5,0.0,0.3073134124279022,0.597896158695221,0.16972123086452484
140,0,0.43670639395713806,0.7068592309951782,-0.6630998849868774,0.6496366262435913,0.5568721294403076,-0.35656431317329407
140,1,0.42127305269241333,0.7478010058403015,-0.6585062146186829,0.6654636263847351,0.5682055950164795,-0.35594066977500916
140,2,0.4127521514892578,0.7481067776679993,-0.6587424874305725,0.6656655073165894,0.5747326016426086,-0.3559788763523102
140,3,0.4042515158653259,0.74834144115448,-0.6592680215835571,0.6658157706260681,0.5812622904777527,-0.356138676404953
140,4,0.4442976713180542,0.7478095293045044,-0.6575078368186951,0.6657801866531372,0.5518878102302551,-0.3482515513896942
140,5,0.4520748257637024,0.7481825351715088,-0.6578155159950256,0.6663564443588257,0.5461146831512451,-0.348324179649353
140,6,0.4598758816719055,0.7485421299934387,-0.6580958366394043,0.6669144034385681,0.5404009819030762,-0.3484276533126831
140,7,0.39083972573280334,0.7348060607910156,-0.5466466546058655,0.6639203429222107,0.5876602530479431,-0.27116918563842773
140,8,0.46770039200782776,0.7363457679748535,-0.5371965169906616,0.6722833514213562,0.5439227223396301,-0.2388577163219452
140,9,0.42370474338531494,0.6706944108009338,-0.6140266060829163,0.6439334154129028,0.5637496709823608,-0.3180251121520996
140,10,0.45109641551971436,0.6712579727172852,-0.6107504963874817,0.6454463005065918,0.5469842553138733,-0.30932673811912537
140,11,0.29966437816619873,0.5622467994689941,-0.44326624274253845,0.6030097007751465,0.6255503296852112,-0.24821388721466064
140,12,0.5628848671913147,0.5955256819725037,-0.38712212443351746,0.6160230040550232,0.48844075202941895,-0.14848452806472778
140,13,0.18033868074417114,0.38392579555511475,-0.3904060125350952,0.49667879939079285,0.628680944442749,-0.26361361145973206
140,14,0.7284295558929443,0.4865623116493225,-0.36974233388900757,0.6371010541915894,0.5204192399978638,-0.10406497865915298
140,15,0.08656764030456543,0.3482532501220703,-0.3285825550556183,0.42996224761009216,0.5183836817741394,-0.2800273597240448
140,16,0.7673614025115967,0.5331570506095886,-0.48200860619544983,0.6685727834701538,0.5892826318740845,0.021509533748030663
140,17,0.05414244532585144,0.36434900760650635,-0.3203584551811218,0.4118393063545227,0.49938690662384033,-0.2949548363685608
140,18,0.7761454582214355,0.5794618725776672,-0.48812001943588257,0.6785894632339478,0.6111505031585693,0.02223759889602661
140,19,0.04983857274055481,0.3727615177631378,-0.36814144253730774,0.4199706017971039,0.49105364084243774,-0.2917095124721527
140,20,0.7730814814567566,0.5994730591773987,-0.5117889642715454,0.6766332387924194,0.6021300554275513,0.028518114238977432
140,21,0.07136714458465576,0.36544308066368103,-0.3464398980140686,0.42531031370162964,0.49778515100479126,-0.27375784516334534
140,22,0.762488842010498,0.5610755085945129,-0.49358686804771423,0.6703805923461914,0.5943344831466675,0.023618603125214577
140,23,0.42038193345069885,0.19922344386577606,-0.04822484403848648,0.4182649552822113,0.5882729291915894,0.022061606869101524
140,24,0.5381793975830078,0.2546418011188507,0.04765523597598076,0.38842594623565674,0.5086970925331116,-0.02231788821518421
140,25,0.5417670011520386,0.26610320806503296,0.2617461681365967,0.32957255840301514,0.6820633411407471,-0.059852052479982376
140,26,0.5897072553634644,0.48853278160095215,0.423922598361969,0.2465502917766571,0.5385006070137024,-0.28833770751953125
140,27,0.5801103711128235,0.42169123888015747,0.8069877028465271,0.31798994541168213,0.5851384401321411,0.2705898582935333
140,28,0.6951130628585815,0.5555638670921326,0.7997305989265442,0.27899590134620667,0.5769362449645996,0.07901081442832947
140,29,0.5855660438537598,0.43595296144485474,0.8675445914268494,0.3263493478298187,0.5658894777297974,0.3139701783657074
140,30,0.6960654854774475,0.5500895380973816,0.8405857682228088,0.29353177547454834,0.5678386688232422,0.12841558456420898
140,31,0.5990181565284729,0.4908357858657837,0.9021130204200745,0.282914936542511,0.5795472860336304,0.3539113998413086
140,32,0.7596953511238098,0.6032965779304504,0.8407498598098755,0.25838321447372437,0.6323654651641846,0.17614082992076874
141,0,0.3854639530181885,0.60086989402771,-0.6705648303031921,0.6561063528060913,0.5466921329498291,-0.23037521541118622
141,1,0.3723587393760681,0.6296613216400146,-0.6758586168289185,0.6716023683547974,0.5585963726043701,-0.23322992026805878
141,2,0.3655363917350769,0.6280150413513184,-0.6758142709732056,0.6720730066299438,0.5648258924484253,-0.2333195060491562
141,3,0.35863953828811646,0.6262109875679016,-0.6760445237159729,0.6724676489830017,0.5710674524307251,-0.23349477350711823
141,4,0.39115971326828003,0.636462926864624,-0.6918256282806396,0.6713582873344421,0.5444779396057129,-0.22191160917282104
141,5,0.39897584915161133,0.6401948928833008,-0.6921014785766602,0.6716700792312622,0.5402190089225769,-0.22195182740688324
141,6,0.4068059027194977,0.6439601182937622,-0.6924920082092285,0.6719750165939331,0.5359960794448853,-0.2220977246761322
141,7,0.3559953570365906,0.6242241263389587,-0.5636089444160461,0.6684397459030151,0.5845167636871338,-0.17434324324131012
141,8,0.4241316616535187,0.6482919454574585,-0.6415306925773621,0.674294650554657,0.5399528741836548,-0.12439315021038055
141,9,0.38160598278045654,0.5756286382675171,-0.613950252532959,0.6496753096580505,0.5553058385848999,-0.201837956905365
141,10,0.4056885242462158,0.5846327543258667,-0.6365051865577698,0.6501376032829285,0.5407282114028931,-0.18786108493804932
141,11,0.3190605044364929,0.5018149614334106,-0.4372575283050537,0.6069926023483276,0.6305120587348938,-0.15827025473117828
141,12,0.5135949850082397,0.5805935859680176,-0.484677255153656,0.6084114909172058,0.48792749643325806,-0.06637939065694809
141,13,0.269656777381897,0.3654395341873169,-0.44265806674957275,0.4887687861919403,0.639549970626831,-0.1805863231420517
141,14,0.6488054990768433,0.4951179027557373,-0.4106813669204712,0.5227233171463013,0.46719393134117126,-0.054034169763326645
141,15,0.3280843198299408,0.5164247155189514,-0.5114147663116455,0.4290969669818878,0.5198050737380981,-0.22291715443134308
141,16,0.6529464721679688,0.45334523916244507,-0.40559253096580505,0.4806310534477234,0.461700439453125,-0.13414636254310608
141,17,0.3469724655151367,0.5537718534469604,-0.5380076169967651,0.412311315536499,0.49159348011016846,-0.24255073070526123
141,18,0.6505192518234253,0.4392208456993103,-0.4133520722389221,0.4649701416492462,0.45810195803642273,-0.14929582178592682
141,19,0.35218971967697144,0.5836187601089478,-0.5081638693809509,0.422855943441391,0.4825040102005005,-0.24376192688941956
141,20,0.6396105289459229,0.45326775312423706,-0.423092782497406,0.4722430109977722,0.4553087651729584,-0.1758440136909485
141,21,0.35102149844169617,0.5697418451309204,-0.4992029666900635,0.4282752275466919,0.49333715438842773,-0.21884717047214508
141,22,0.6394820809364319,0.45467257499694824,-0.4065619707107544,0.4757402241230011,0.45806244015693665,-0.1460658460855484
141,23,0.42663416266441345,0.1878005564212799,-0.007426097057759762,0.42357394099235535,0.594322919845581,0.025885846465826035
141,24,0.5302216410636902,0.23716618120670319,0.007554170209914446,0.39261186122894287,0.5133625268936157,-0.026121385395526886
141,25,0.4805002510547638,0.1374293565750122,0.20855960249900818,0.36490514874458313,0.6759084463119507,-0.03663546219468117
141,26,0.6161195039749146,0.2532866299152374,0.2004604935646057,0.2542341649532318,0.5296149849891663,-0.2695472836494446
141,27,0.4868924915790558,0.1817319095134735,0.6573523879051208,0.3826054036617279,0.5673671364784241,0.2767316699028015
141,28,0.5915119647979736,0.18438899517059326,0.6009294390678406,0.2871464490890503,0.5752362608909607,-0.00968046486377716
141,29,0.48383644223213196,0.19094955921173096,0.7080267071723938,0.39536619186401367,0.550697922706604,0.3172163963317871
141,30,0.5763483643531799,0.18100032210350037,0.6477823853492737,0.2994410991668701,0.5715448260307312,0.027453450486063957
141,31,0.5066057443618774,0.169134259223938,0.7319477200508118,0.3572505712509155,0.5423345565795898,0.3778300881385803
141,32,0.615532398223877,0.13263697922229767,0.6367799639701843,0.27496784925460815,0.6162540316581726,0.06865435093641281
142,0,0.5796757936477661,0.5008144378662109,-0.42028161883354187,0.6454949975013733,0.5515798926353455,-0.3032386302947998
142,1,0.5799452662467957,0.5295284390449524,-0.4245094060897827,0.6604877710342407,0.5633252263069153,-0.30339154601097107
142,2,0.5752460360527039,0.5321844816207886,-0.4247499108314514,0.6612775921821594,0.5702231526374817,-0.30346623063087463
142,3,0.5704964399337769,0.534845232963562,-0.4252450168132782,0.6620026230812073,0.5771325826644897,-0.3036497235298157
142,4,0.5933805704116821,0.5222295522689819,-0.42837420105934143,0.6593942046165466,0.5457783341407776,-0.29562923312187195
142,5,0.5984073281288147,0.5199004411697388,-0.428411066532135,0.659533679485321,0.5399056077003479,-0.2956741154193878
142,6,0.6033943891525269,0.5175514817237854,-0.4284733533859253,0.6596664190292358,0.5341109037399292,-0.29580485820770264
142,7,0.5629953742027283,0.5292109251022339,-0.3605993986129761,0.6653345227241516,0.5841431021690369,-0.22214679419994354
142,8,0.6251225471496582,0.4989623725414276,-0.3723277151584625,0.6600462198257446,0.5313783884048462,-0.18881210684776306
142,9,0.5664056539535522,0.4812423884868622,-0.3877040147781372,0.6355013847351074,0.5646151900291443,-0.2652173638343811
142,10,0.5823202133178711,0.4730652868747711,-0.3907788395881653,0.6342474222183228,0.5440422296524048,-0.25631871819496155
142,11,0.46488648653030396,0.467332124710083,-0.2848590910434723,0.6112037301063538,0.6302688121795654,-0.2057979851961136
142,12,0.6442123651504517,0.38049912452697754,-0.3404826819896698,0.6079748868942261,0.4854782819747925,-0.10976466536521912
142,13,0.3205476403236389,0.4651963412761688,-0.35629451274871826,0.49356094002723694,0.6383355259895325,-0.2513631284236908
142,14,0.6143827438354492,0.34473955631256104,-0.4450851082801819,0.5358445048332214,0.5040456652641296,-0.13763916492462158
142,15,0.20723587274551392,0.5508094429969788,-0.46400296688079834,0.4361664354801178,0.5189282894134521,-0.3080163896083832
142,16,0.5650248527526855,0.47093111276626587,-0.5428283214569092,0.5493002533912659,0.542629063129425,-0.23252184689044952
142,17,0.18059736490249634,0.5850991606712341,-0.4845527112483978,0.418123722076416,0.495216429233551,-0.32741114497184753
142,18,0.5549824237823486,0.505914032459259,-0.5788138508796692,0.5469030141830444,0.5538104176521301,-0.24568688869476318
142,19,0.1790611445903778,0.5952058434486389,-0.534173309803009,0.42925238609313965,0.4865756034851074,-0.3226087987422943
142,20,0.5572775602340698,0.5206201076507568,-0.569941520690918,0.5592382550239563,0.5441928505897522,-0.256043940782547
142,21,0.19200780987739563,0.5749785900115967,-0.48654454946517944,0.4360467791557312,0.49350497126579285,-0.30006706714630127
142,22,0.5549822449684143,0.5091972351074219,-0.5453433990478516,0.5576401948928833,0.5416755676269531,-0.23738424479961395
142,23,0.4200296103954315,0.1519264131784439,0.05309482663869858,0.4194681644439697,0.6106445789337158,0.008912022225558758
142,24,0.5102927088737488,0.08676543831825256,-0.05296936631202698,0.3909543752670288,0.5114386081695557,-0.009060176089406013
142,25,0.359014093875885,0.29456841945648193,0.11947734653949738,0.4103928506374359,0.6862952709197998,-0.25638851523399353
142,26,0.5132116079330444,0.32792648673057556,0.03299299627542496,0.2566188871860504,0.5106737613677979,-0.38996803760528564
142,27,0.39998456835746765,0.4455563724040985,0.3073374330997467,0.3895273208618164,0.5699336528778076,-0.022388111799955368
142,28,0.5593466758728027,0.4606679379940033,0.17768947780132294,0.2730832099914551,0.5910854935646057,-0.19087016582489014
142,29,0.41095054149627686,0.4585078954696655,0.3330293297767639,0.39641550183296204,0.5539412498474121,0.008684519678354263
142,30,0.56182861328125,0.4696491062641144,0.20143112540245056,0.28469449281692505,0.5963289737701416,-0.1625037044286728
142,31,0.4090595841407776,0.4947383403778076,0.343257874250412,0.35916316509246826,0.532245397567749,0.008285061456263065
142,32,0.5891947746276855,0.5127336978912354,0.21372438967227936,0.2558808922767639,0.632102906703949,-0.16669690608978271
143,0,0.5762835741043091,0.5163683295249939,-0.7258264422416687,0.6522822976112366,0.5347656607627869,-0.2250480055809021
143,1,0.5620483160018921,0.5392633676528931,-0.7426616549491882,0.6633756160736084,0.5497979521751404,-0.2335691899061203
143,2,0.5532006621360779,0.5404950380325317,-0.7426294088363647,0.6648412942886353,0.555843710899353,-0.2336791306734085
143,3,0.5443543195724487,0.5415775179862976,-0.7429545521736145,0.6662304997444153,0.5618839263916016,-0.23387353122234344
143,4,0.5862963199615479,0.5329994559288025,-0.7543968558311462,0.6614258885383606,0.5361018776893616,-0.21610651910305023
143,5,0.5955237150192261,0.5292814373970032,-0.7545651197433472,0.6615043878555298,0.5322052240371704,-0.2161136418581009
143,6,0.6047518253326416,0.5255683064460754,-0.7545025944709778,0.6615868806838989,0.5283668041229248,-0.21625393629074097
143,7,0.5298328399658203,0.5179406404495239,-0.6738499999046326,0.6691067218780518,0.5737743377685547,-0.19411185383796692
143,8,0.6146855354309082,0.49344736337661743,-0.723627507686615,0.6692104339599609,0.5414185523986816,-0.1156257838010788
143,9,0.5606486797332764,0.4826103448867798,-0.6826357245445251,0.6457270979881287,0.5498018264770508,-0.2027835100889206
143,10,0.5882554650306702,0.47559696435928345,-0.6963998079299927,0.6446601152420044,0.5367143154144287,-0.1805720180273056
143,11,0.47641873359680176,0.41237005591392517,-0.534440279006958,0.6249961256980896,0.6286949515342712,-0.18230889737606049
143,12,0.6363022327423096,0.38437750935554504,-0.5610727071762085,0.6055434346199036,0.4957162141799927,-0.042039502412080765
143,13,0.36784595251083374,0.33598220348358154,-0.49709877371788025,0.49922263622283936,0.6356337666511536,-0.20796242356300354
143,14,0.6211438775062561,0.3286978304386139,-0.42540258169174194,0.5117191672325134,0.48247459530830383,-0.0054100630804896355
143,15,0.48002877831459045,0.3120657801628113,-0.561555802822113,0.4435070753097534,0.5205297470092773,-0.23907588422298431
143,16,0.6066582202911377,0.38030070066452026,-0.3043307960033417,0.45781540870666504,0.4660453796386719,-0.07781082391738892
143,17,0.4987545609474182,0.2943350374698639,-0.5827262997627258,0.42093053460121155,0.49693164229393005,-0.2535066306591034
143,18,0.6094055771827698,0.3904501497745514,-0.29571592807769775,0.4307658076286316,0.4637511968612671,-0.08351892232894897
143,19,0.5220765471458435,0.31580227613449097,-0.5856001973152161,0.429095983505249,0.48661765456199646,-0.2495347261428833
143,20,0.6037206053733826,0.3901371955871582,-0.3171521723270416,0.44521364569664,0.4542524516582489,-0.11364336311817169
143,21,0.5161958932876587,0.32114309072494507,-0.5595671534538269,0.4358470141887665,0.497376024723053,-0.23153650760650635
143,22,0.5985394716262817,0.3868929147720337,-0.3047201633453369,0.4510723054409027,0.4595707356929779,-0.09047959744930267
143,23,0.4094403088092804,0.2009078413248062,0.022608282044529915,0.42073968052864075,0.6039696335792542,0.009837300516664982
143,24,0.4938644468784332,0.17943020164966583,-0.022074593231081963,0.4009678065776825,0.5140783786773682,-0.01005543489009142
143,25,0.26432299613952637,0.31243443489074707,0.06543426960706711,0.34998422861099243,0.6538506150245667,-0.10611511021852493
143,26,0.5360535979270935,0.34619763493537903,0.13953275978565216,0.2489049881696701,0.5244002342224121,-0.1946648210287094
143,27,0.341948539018631,0.5969618558883667,0.18298745155334473,0.3627924919128418,0.5673297643661499,0.20800736546516418
143,28,0.6067148447036743,0.5624089241027832,0.28140491247177124,0.2807829976081848,0.5823178887367249,0.06767504662275314
143,29,0.3654734194278717,0.6088582873344421,0.21573399007320404,0.37476789951324463,0.5553469061851501,0.24900555610656738
143,30,0.600018322467804,0.5703014731407166,0.3188457489013672,0.2924065589904785,0.5824251174926758,0.10377568751573563
143,31,0.3730708658695221,0.7107804417610168,0.34385454654693604,0.3348669707775116,0.547966718673706,0.3028886914253235
143,32,0.6614562273025513,0.6746537089347839,0.45689657330513,0.26733821630477905,0.6295196413993835,0.14099662005901337
144,0,0.5,0.5,0.0,0.6402914524078369,0.5441508889198303,-0.3447849750518799
144,1,0.5,0.5,0.0,0.6565199494361877,0.5526169538497925,-0.3540340065956116
144,2,0.5,0.5,0.0,0.658186674118042,0.5592767596244812,-0.35414278507232666
144,3,0.5,0.5,0.0,0.6597729325294495,0.5659423470497131,-0.35433489084243774
144,4,0.5,0.5,0.0,0.6540284752845764,0.5366199612617493,-0.338134765625
144,5,0.5,0.5,0.0,0.6540252566337585,0.5316474437713623,-0.33809834718704224
144,6,0.5,0.5,0.0,0.6540260910987854,0.5267195701599121,-0.3382049798965454
144,7,0.5,0.5,0.0,0.6654164791107178,0.5762916207313538,-0.3013749420642853
144,8,0.5,0.5,0.0,0.6612311005592346,0.5417333245277405,-0.2299918532371521
144,9,0.5,0.5,0.0,0.6329764127731323,0.5605678558349609,-0.31593644618988037
144,10,0.5,0.5,0.0,0.6352525353431702,0.5407620072364807,-0.2955109179019928
144,11,0.5,0.5,0.0,0.6153780221939087,0.6457692384719849,-0.2666584551334381
144,12,0.5,0.5,0.0,0.5999623537063599,0.49052828550338745,-0.11483116447925568
144,13,0.5,0.5,0.0,0.4968169331550598,0.6396842002868652,-0.2728271186351776
144,14,0.5,0.5,0.0,0.489522248506546,0.49569034576416016,-0.0302683487534523
144,15,0.5,0.5,0.0,0.4447268545627594,0.5169079303741455,-0.3310457766056061
144,16,0.5,0.5,0.0,0.4855552315711975,0.48802968859672546,-0.10579389333724976
144,17,0.5,0.5,0.0,0.42036253213882446,0.4951813817024231,-0.35505789518356323
144,18,0.5,0.5,0.0,0.4781913459300995,0.4865266680717468,-0.11525532603263855
144,19,0.5,0.5,0.0,0.4315544366836548,0.48179376125335693,-0.359133780002594
144,20,0.5,0.5,0.0,0.49159955978393555,0.47227466106414795,-0.14433979988098145
144,21,0.5,0.5,0.0,0.4390902817249298,0.49246323108673096,-0.3270612359046936
144,22,0.5,0.5,0.0,0.4947662651538849,0.4752662777900696,-0.11868628859519958
144,23,0.5,0.5,0.0,0.4057365655899048,0.6123075485229492,0.00926455669105053
144,24,0.5,0.5,0.0,0.3924863636493683,0.509625256061554,-0.00949180405586958
144,25,0.5,0.5,0.0,0.24683254957199097,0.6638918519020081,-0.08876349776983261
144,26,0.5,0.5,0.0,0.23194631934165955,0.5428194999694824,-0.10907510668039322
144,27,0.5,0.5,0.0,0.26598840951919556,0.5794863104820251,0.29005879163742065
144,28,0.5,0.5,0.0,0.24642840027809143,0.5772687792778015,0.21820257604122162
144,29,0.5,0.5,0.0,0.28223150968551636,0.565180778503418,0.3362651765346527
144,30,0.5,0.5,0.0,0.25999772548675537,0.5803793668746948,0.25979575514793396
144,31,0.5,0.5,0.0,0.2228197455406189,0.5743262767791748,0.37500548362731934
144,32,0.5,0.5,0.0,0.20733803510665894,0.6130723357200623,0.2984205484390259
145,0,0.5541598796844482,0.43980151414871216,-0.015268602408468723,0.6528522372245789,0.546237587928772,-0.28064918518066406
145,1,0.5609792470932007,0.4473709464073181,-0.004323826637119055,0.6685081720352173,0.5576171278953552,-0.28430572152137756
145,2,0.5601204633712769,0.44614529609680176,-0.004264863207936287,0.6692169904708862,0.5640665888786316,-0.2843068242073059
145,3,0.5593035221099854,0.44477492570877075,-0.004238773137331009,0.6698397397994995,0.5704923272132874,-0.2843707799911499
145,4,0.5637668371200562,0.4477429986000061,-0.022714441642165184,0.667304277420044,0.542367696762085,-0.27233031392097473
145,5,0.5656411647796631,0.447022944688797,-0.022748691961169243,0.6671339273452759,0.5377883911132812,-0.2723800241947174
145,6,0.5675026178359985,0.4463652968406677,-0.022859469056129456,0.66698157787323,0.533259391784668,-0.2725011110305786
145,7,0.5578111410140991,0.4319252371788025,0.067985899746418,0.6629238128662109,0.5827313661575317,-0.2297561913728714
145,8,0.5698813796043396,0.43404531478881836,-0.013036624528467655,0.6660016179084778,0.5414919853210449,-0.17619267106056213
145,9,0.5460675954818726,0.4262452721595764,0.016111399978399277,0.6457748413085938,0.5641858577728271,-0.25446340441703796
145,10,0.5496825575828552,0.42658329010009766,-0.007406117860227823,0.6374438405036926,0.5475581288337708,-0.2391616255044937
145,11,0.5069016814231873,0.3528038263320923,0.13906176388263702,0.6005436778068542,0.6392133831977844,-0.2114657312631607
145,12,0.5676884651184082,0.3989371955394745,-0.044140513986349106,0.6033349633216858,0.485409677028656,-0.10553241521120071
145,13,0.43591970205307007,0.25715479254722595,0.15346431732177734,0.5015076994895935,0.6246117949485779,-0.22668279707431793
145,14,0.6095373034477234,0.4112086296081543,-0.13023240864276886,0.5100024938583374,0.4687633514404297,-0.08710525184869766
145,15,0.4472161829471588,0.2582815885543823,0.12569423019886017,0.44289910793304443,0.5193946957588196,-0.2895519733428955
145,16,0.614410400390625,0.4524838924407959,-0.19491153955459595,0.45437729358673096,0.4642571806907654,-0.16058160364627838
145,17,0.4597306251525879,0.26557457447052,0.13856051862239838,0.4205821752548218,0.4977581202983856,-0.3094640374183655
145,18,0.6216471791267395,0.4714300036430359,-0.21699167788028717,0.43331557512283325,0.4624216556549072,-0.17420458793640137
145,19,0.4576869010925293,0.27454307675361633,0.1290200799703598,0.43169650435447693,0.48864680528640747,-0.314552366733551
145,20,0.6227302551269531,0.47083503007888794,-0.22038203477859497,0.4423127770423889,0.46519696712493896,-0.1970396637916565
145,21,0.4530649781227112,0.2714085876941681,0.12133210152387619,0.4390730857849121,0.4954080879688263,-0.2875834107398987
145,22,0.6195319890975952,0.4621068239212036,-0.20007677376270294,0.448824942111969,0.46951422095298767,-0.17089766263961792
145,23,0.5614707469940186,0.13873839378356934,0.060378752648830414,0.42049670219421387,0.6081731915473938,-0.0067199235782027245
145,24,0.5754637122154236,0.15204957127571106,-0.06057785078883171,0.40495041012763977,0.5054720044136047,0.006499963812530041
145,25,0.5509524941444397,0.2736291289329529,0.1560954600572586,0.4181309640407562,0.6681955456733704,-0.28110846877098083
145,26,0.492114782333374,0.31536442041397095,-0.02011193335056305,0.27594122290611267,0.5013195872306824,-0.319848895072937
145,27,0.5020583271980286,0.3498023748397827,0.28979232907295227,0.4834051728248596,0.618908166885376,-0.15996085107326508
145,28,0.5248802900314331,0.3471153974533081,0.14762164652347565,0.30600082874298096,0.593596875667572,-0.13886865973472595
145,29,0.4943166971206665,0.3447987139225006,0.30463671684265137,0.4969676733016968,0.6143625378608704,-0.141254261136055
145,30,0.5353306531906128,0.337067186832428,0.17032814025878906,0.3177899718284607,0.6025943160057068,-0.11239476501941681
145,31,0.48673582077026367,0.417325496673584,0.32773178815841675,0.49231666326522827,0.5880575180053711,-0.12965095043182373
145,32,0.5241629481315613,0.39290904998779297,0.22958487272262573,0.29946255683898926,0.6245223879814148,-0.10156763345003128
146,0,0.46157488226890564,0.8083418607711792,-0.6360134482383728,0.6572748422622681,0.5535880327224731,-0.32045066356658936
146,1,0.4482930898666382,0.8350526094436646,-0.7125827670097351,0.6695058345794678,0.5612072348594666,-0.319583535194397
146,2,0.44107580184936523,0.836017906665802,-0.7128019332885742,0.6700689196586609,0.568333625793457,-0.31966206431388855
146,3,0.4338511526584625,0.8368245959281921,-0.7133959531784058,0.670410692691803,0.5769179463386536,-0.3197866380214691
146,4,0.46490034461021423,0.834566593170166,-0.7066271305084229,0.6686280965805054,0.5431424975395203,-0.3128229081630707
146,5,0.4688027799129486,0.8351148962974548,-0.706994891166687,0.6687057018280029,0.5369927883148193,-0.3128918707370758
146,6,0.47277045249938965,0.8357517719268799,-0.7076169848442078,0.6687606573104858,0.5309081077575684,-0.31304872035980225
146,7,0.4065544307231903,0.8451069593429565,-0.8015904426574707,0.6642530560493469,0.5866219401359558,-0.24229344725608826
146,8,0.47071242332458496,0.844473123550415,-0.7721304893493652,0.6695780158042908,0.5346605181694031,-0.21209798753261566
146,9,0.44506579637527466,0.7909406423568726,-0.635776698589325,0.6479203701019287,0.5697705149650574,-0.2846421003341675
146,10,0.4596250057220459,0.7915711998939514,-0.6272733211517334,0.6418351531028748,0.5453501343727112,-0.2762174606323242
146,11,0.26126328110694885,0.7335296869277954,-0.6463706493377686,0.6020488739013672,0.6392257213592529,-0.20208194851875305
146,12,0.5687239766120911,0.7301328182220459,-0.6227045655250549,0.6063481569290161,0.48631343245506287,-0.15667323768138885
146,13,0.13940200209617615,0.3972706198692322,-0.6981971859931946,0.49794018268585205,0.6101247072219849,-0.20310093462467194
146,14,0.5630955100059509,0.47016003727912903,-0.5756406188011169,0.5176114439964294,0.4715461730957031,-0.14638343453407288
146,15,0.10854145884513855,0.5720192193984985,-0.8274123072624207,0.4295611083507538,0.5204671621322632,-0.2699939012527466
146,16,0.5261293053627014,0.5131406784057617,-0.70420902967453,0.42831704020500183,0.46935155987739563,-0.22690892219543457
146,17,0.07037991285324097,0.6440387964248657,-0.8400630950927734,0.40625572204589844,0.5052189826965332,-0.2901631295681
146,18,0.5235344767570496,0.5187355875968933,-0.714684009552002,0.4084736406803131,0.4678482413291931,-0.25227245688438416
146,19,0.08047014474868774,0.6645530462265015,-0.8530117273330688,0.41499564051628113,0.49214819073677063,-0.30867084860801697
146,20,0.5301069021224976,0.5483827590942383,-0.7536229491233826,0.40319809317588806,0.46975234150886536,-0.2669474184513092
146,21,0.08949747681617737,0.6579521298408508,-0.8323565721511841,0.42457619309425354,0.4975963532924652,-0.27374929189682007
146,22,0.5211118459701538,0.5446688532829285,-0.7220337390899658,0.4126620888710022,0.47641563415527344,-0.2337227612733841
146,23,0.33484065532684326,0.2993602156639099,-0.016242245212197304,0.4104227125644684,0.596985936164856,0.013406206853687763
146,24,0.5321701765060425,0.2982620298862457,0.017771799117326736,0.4101027846336365,0.49459996819496155,-0.013679545372724533
146,25,0.3040701150894165,0.3235586881637573,-0.2799229323863983,0.2813516855239868,0.6379820108413696,-0.08402340859174728
146,26,0.6203188896179199,0.4908919036388397,-0.16820427775382996,0.28228694200515747,0.5014029741287231,-0.2808287739753723
146,27,0.4976164698600769,0.42821845412254333,-0.022735977545380592,0.3077963590621948,0.5702077150344849,0.2665952444076538
146,28,0.6865499019622803,0.5229189395904541,-0.146476611495018,0.27439743280410767,0.5952497720718384,-0.03182927891612053
146,29,0.5175282955169678,0.4411522448062897,0.02222268097102642,0.32410165667533875,0.5588446259498596,0.30859240889549255
146,30,0.6823789477348328,0.48406335711479187,-0.1286795437335968,0.2806224226951599,0.6012048721313477,0.0012630774872377515
146,31,0.5977475643157959,0.5005780458450317,0.04242263734340668,0.27163904905319214,0.5542275905609131,0.3388737440109253
146,32,0.7459930777549744,0.6666878461837769,-0.15331830084323883,0.24676822125911713,0.6414802074432373,0.010165325365960598
147,0,0.4640697240829468,0.8496794104576111,-0.11933842301368713,0.6577242612838745,0.5599731206893921,-0.20809543132781982
147,1,0.46299314498901367,0.873611569404602,-0.18932859599590302,0.6675833463668823,0.5776626467704773,-0.2104605883359909
147,2,0.4644556939601898,0.8745895028114319,-0.1896655261516571,0.6676057577133179,0.5803778767585754,-0.2105875462293625
147,3,0.4659745693206787,0.8754526972770691,-0.18994903564453125,0.6675467491149902,0.5829441547393799,-0.21076719462871552
147,4,0.4554753005504608,0.870820164680481,-0.1699989140033722,0.6716938018798828,0.556512713432312,-0.20177099108695984
147,5,0.45206111669540405,0.8698317408561707,-0.17003066837787628,0.6680845618247986,0.5621502995491028,-0.20176610350608826
147,6,0.4484274089336395,0.8690661787986755,-0.1702655553817749,0.6691560745239258,0.5526023507118225,-0.20195218920707703
147,7,0.4580342471599579,0.862578272819519,-0.33794882893562317,0.6633578538894653,0.5876464247703552,-0.15695072710514069
147,8,0.4339185059070587,0.8513014912605286,-0.24860244989395142,0.666664183139801,0.5495587587356567,-0.11758114397525787
147,9,0.4646593928337097,0.8246610760688782,-0.15287725627422333,0.6465587019920349,0.5752301812171936,-0.18144503235816956
147,10,0.4571017622947693,0.8214698433876038,-0.12625625729560852,0.6481324434280396,0.5579571723937988,-0.17022636532783508
147,11,0.4458509087562561,0.7023942470550537,-0.30610987544059753,0.600894033908844,0.6380402445793152,-0.1336929202079773
147,12,0.40575486421585083,0.7155076861381531,-0.1724618524312973,0.6050127744674683,0.4874587059020996,-0.0748344361782074
147,13,0.3264436721801758,0.35603079199790955,-0.29595571756362915,0.4934084415435791,0.631182074546814,-0.1499137282371521
147,14,0.31957387924194336,0.45461589097976685,-0.19306600093841553,0.5175236463546753,0.4676313102245331,-0.05978171154856682
147,15,0.3582666516304016,0.448189377784729,-0.42890793085098267,0.43267396092414856,0.5391935110092163,-0.2312728315591812
147,16,0.25517138838768005,0.5765057802200317,-0.308839350938797,0.43345198035240173,0.46852031350135803,-0.12429242581129074
147,17,0.38075536489486694,0.49152249097824097,-0.4805878698825836,0.4116578996181488,0.5357974767684937,-0.24353958666324615
147,18,0.2254394292831421,0.6261427402496338,-0.3383724093437195,0.41026708483695984,0.4631756842136383,-0.13419514894485474
147,19,0.3649786710739136,0.528892993927002,-0.47330018877983093,0.42522311210632324,0.5341772437095642,-0.2560763657093048
147,20,0.2550950348377228,0.6474241614341736,-0.3558819591999054,0.4143357574939728,0.4676017165184021,-0.1515173763036728
147,21,0.3598007559776306,0.5076761841773987,-0.428302139043808,0.4307054281234741,0.5349516868591309,-0.23301097750663757
147,22,0.2636018693447113,0.6192771792411804,-0.31914666295051575,0.4224357306957245,0.4735317528247833,-0.131517693400383
147,23,0.45827582478523254,0.1848922073841095,-0.07032120227813721,0.39567089080810547,0.5810925364494324,0.018721774220466614
147,24,0.47465065121650696,0.21672514081001282,0.07113692164421082,0.3953043520450592,0.4849568009376526,-0.018895220011472702
147,25,0.5710946917533875,0.47464418411254883,-0.2192671000957489,0.24569548666477203,0.6177281737327576,-0.15406256914138794
147,26,0.6056488752365112,0.5937846899032593,0.11051449924707413,0.2631761431694031,0.5004218816757202,-0.1724843978881836
147,27,0.7221460938453674,0.5965269207954407,-0.031855519860982895,0.32154831290245056,0.5686364769935608,0.1554550677537918
147,28,0.6413731575012207,0.5798094272613525,-0.20080949366092682,0.33667290210723877,0.5504928231239319,0.11848895251750946
147,29,0.7348617315292358,0.5564805269241333,0.0014536157250404358,0.34436285495758057,0.5636438131332397,0.19639168679714203
147,30,0.6451178193092346,0.49784010648727417,-0.21999061107635498,0.3504733443260193,0.551332950592041,0.15871897339820862
147,31,0.8137093782424927,0.8203421831130981,0.00559456180781126,0.30723845958709717,0.5449866056442261,0.2733789384365082
147,32,0.6520416140556335,0.7945366501808167,-0.2591550350189209,0.3402310609817505,0.5826613306999207,0.23801064491271973
148,0,0.47828418016433716,0.8360130190849304,-0.7446491718292236,0.6311056613922119,0.5579653978347778,-0.3421945869922638
148,1,0.4499380886554718,0.8849219083786011,-0.787733793258667,0.6524468660354614,0.5628591179847717,-0.3481593430042267
148,2,0.43792539834976196,0.8839660286903381,-0.7881346940994263,0.6531440615653992,0.570708692073822,-0.3482246398925781
148,3,0.4259982109069824,0.8828681111335754,-0.7886143922805786,0.653762698173523,0.5784952640533447,-0.3483613133430481
148,4,0.4749855399131775,0.8928192853927612,-0.7774314880371094,0.6518312096595764,0.5435599088668823,-0.338501513004303
148,5,0.48126840591430664,0.8976939916610718,-0.7776886820793152,0.6523369550704956,0.5369670987129211,-0.33854377269744873
148,6,0.4876840114593506,0.9024834036827087,-0.7784868478775024,0.65282142162323,0.530458927154541,-0.3387049734592438
148,7,0.38604092597961426,0.8935248255729675,-0.7595404386520386,0.6563881635665894,0.5877368450164795,-0.2819105088710785
148,8,0.4765709638595581,0.9220229983329773,-0.7115631699562073,0.6543729305267334,0.5284988284111023,-0.2387535125017166
148,9,0.45467111468315125,0.8074402213096619,-0.7090573906898499,0.6255027055740356,0.5634172558784485,-0.3078676164150238
148,10,0.4813510477542877,0.816289484500885,-0.6961266398429871,0.626152753829956,0.5469251275062561,-0.29575732350349426
148,11,0.24659043550491333,0.7447125315666199,-0.5546538233757019,0.6011481285095215,0.6323894262313843,-0.23459291458129883
148,12,0.6380797028541565,0.8669940233230591,-0.5940733551979065,0.6035616993904114,0.4867304861545563,-0.16177776455879211
148,13,0.11353421211242676,0.3308429419994354,-0.7145276069641113,0.4674718379974365,0.6057561635971069,-0.2417972981929779
148,14,0.7390193939208984,0.5222349166870117,-0.54212486743927,0.48274219036102295,0.4915114641189575,-0.12659460306167603
148,15,0.09148275852203369,0.5954533815383911,-1.00594961643219,0.41226810216903687,0.5195793509483337,-0.30070748925209045
148,16,0.6947431564331055,0.4336533546447754,-0.6710644960403442,0.40252479910850525,0.5099259614944458,-0.17914213240146637
148,17,0.07205486297607422,0.61741042137146,-1.0768934488296509,0.3849222660064697,0.507212221622467,-0.3133701980113983
148,18,0.719440221786499,0.4083779752254486,-0.7085363864898682,0.37360548973083496,0.5074803829193115,-0.1885916292667389
148,19,0.061316609382629395,0.6531680822372437,-1.0435218811035156,0.3959910273551941,0.49533018469810486,-0.3225022554397583
148,20,0.6858140230178833,0.4255962371826172,-0.7350508570671082,0.37771308422088623,0.5095987915992737,-0.20827101171016693
148,21,0.08601546287536621,0.6339304447174072,-1.0052417516708374,0.4033834934234619,0.5003921985626221,-0.29924580454826355
148,22,0.684539258480072,0.43263527750968933,-0.6863890290260315,0.38856998085975647,0.5143307447433472,-0.1860664188861847
148,23,0.4489089548587799,0.14271405339241028,-0.009662309661507607,0.3944278955459595,0.5819406509399414,0.018458856269717216
148,24,0.6136720180511475,0.2059977501630783,0.01004395354539156,0.39500629901885986,0.4899827539920807,-0.01869931071996689
148,25,0.39128637313842773,0.040403835475444794,0.615602970123291,0.2407781034708023,0.6237172484397888,-0.11988817900419235
148,26,0.5753452181816101,0.1812600940465927,0.7262008786201477,0.2568073868751526,0.4883609712123871,-0.20698434114456177
148,27,0.45903611183166504,0.05778492987155914,1.3825994729995728,0.28671807050704956,0.5701956152915955,0.19025921821594238
148,28,0.5384546518325806,0.07902839779853821,1.436560869216919,0.3076798915863037,0.5591834187507629,0.04662300646305084
148,29,0.4548184871673584,0.0862928181886673,1.4603400230407715,0.3035200834274292,0.562803328037262,0.2288164347410202
148,30,0.5193228721618652,0.08502635359764099,1.5063090324401855,0.31999677419662476,0.5622225403785706,0.08150645345449448
148,31,0.5258443355560303,0.0355762355029583,1.3935251235961914,0.26187795400619507,0.5574640035629272,0.2807551920413971
148,32,0.5563201904296875,0.020185701549053192,1.4332951307296753,0.2977345585823059,0.6042236089706421,0.13539446890354156
149,0,0.5625332593917847,0.7526792287826538,-1.0593886375427246,0.6433665752410889,0.5520286560058594,-0.30518656969070435
149,1,0.5845480561256409,0.7491550445556641,-1.1088162660598755,0.6599031686782837,0.5637718439102173,-0.3124611973762512
149,2,0.5938931107521057,0.7508978843688965,-1.10896897315979,0.6607629060745239,0.570785403251648,-0.31256961822509766
149,3,0.6030022501945496,0.7524709701538086,-1.1095659732818604,0.6615492105484009,0.5777422785758972,-0.31276002526283264
149,4,0.5572453141212463,0.7438082695007324,-1.1085963249206543,0.6593009233474731,0.5466623902320862,-0.30067920684814453
149,5,0.5486099123954773,0.7416222095489502,-1.1087267398834229,0.6598855257034302,0.541039228439331,-0.30070891976356506
149,6,0.5399718284606934,0.7394212484359741,-1.1090565919876099,0.6604626178741455,0.5355068445205688,-0.3008667826652527
149,7,0.619868814945221,0.7337626218795776,-1.0481715202331543,0.6638518571853638,0.5804131627082825,-0.25971749424934387
149,8,0.521267294883728,0.7145035266876221,-1.0407308340072632,0.6631935834884644,0.5343202352523804,-0.2062528431415558
149,9,0.5680240392684937,0.7412410974502563,-1.0037308931350708,0.6344879865646362,0.5655745267868042,-0.2762295603752136
149,10,0.5391198396682739,0.7360457181930542,-1.0031535625457764,0.6332259178161621,0.5450760722160339,-0.2610337436199188
149,11,0.6273465752601624,0.638790488243103,-0.7342316508293152,0.6136549711227417,0.628812849521637,-0.23834258317947388
149,12,0.4381070137023926,0.5930620431900024,-0.7642702460289001,0.6028943061828613,0.4913536012172699,-0.1304125189781189
149,13,0.6688861846923828,0.5207263231277466,-0.34449586272239685,0.4934585988521576,0.6150112748146057,-0.2593585252761841
149,14,0.22766061127185822,0.45170435309410095,-0.4401916563510895,0.47628623247146606,0.5017008781433105,-0.10811921954154968
149,15,0.6696397662162781,0.7844630479812622,-0.06444453448057175,0.40749603509902954,0.5219589471817017,-0.30704379081726074
149,16,0.07748553156852722,0.6202068328857422,-0.3004276156425476,0.3869531750679016,0.5065135955810547,-0.18119601905345917
149,17,0.7063610553741455,0.8642619848251343,-0.07511549443006516,0.37765800952911377,0.5021559000015259,-0.3248426020145416
149,18,0.027853578329086304,0.6833449602127075,-0.3582218289375305,0.35604578256607056,0.5003410577774048,-0.19451671838760376
149,19,0.6563452482223511,0.889761209487915,-0.1246921718120575,0.38682013750076294,0.4960947036743164,-0.33389517664909363
149,20,0.06952407956123352,0.71968674659729,-0.35255149006843567,0.35889095067977905,0.5026260018348694,-0.22266755998134613
149,21,0.6353713274002075,0.8617491722106934,-0.07413066178560257,0.3946834206581116,0.5011520981788635,-0.30559131503105164
149,22,0.0922989547252655,0.7019052505493164,-0.2957379221916199,0.37073272466659546,0.5090142488479614,-0.19228757917881012
149,23,0.5033060312271118,0.26228025555610657,-0.04346782714128494,0.39991897344589233,0.5827538371086121,0.008518054150044918
149,24,0.4353559613227844,0.258168488740921,0.043714068830013275,0.40579816699028015,0.4959135055541992,-0.008638289757072926
149,25,0.5381669402122498,0.2654532790184021,0.5132817625999451,0.2340068370103836,0.6267668008804321,-0.1558084338903427
149,26,0.46119406819343567,0.3090854287147522,0.6242391467094421,0.26075685024261475,0.4915844798088074,-0.16515973210334778
149,27,0.5697604417800903,0.3644944429397583,1.2438664436340332,0.30359551310539246,0.5552918910980225,0.1499517261981964
149,28,0.5500702857971191,0.3816867768764496,1.3883376121520996,0.31015563011169434,0.5431421995162964,0.07801429182291031
149,29,0.5597858428955078,0.3885359466075897,1.3315836191177368,0.3251311779022217,0.5482821464538574,0.18954923748970032
149,30,0.5631710886955261,0.3837704062461853,1.47678804397583,0.32153838872909546,0.5464228987693787,0.11187779903411865
149,31,0.6014940738677979,0.39993494749069214,1.3635756969451904,0.289602667093277,0.5270928144454956,0.25299856066703796
149,32,0.605171799659729,0.4280948042869568,1.52635657787323,0.306218683719635,0.5785044431686401,0.16584846377372742
150,0,0.491052508354187,0.6034321188926697,-0.977588951587677,0.6327337026596069,0.5572779774665833,-0.28903862833976746
150,1,0.47156697511672974,0.6472529172897339,-1.084298014640808,0.6495119333267212,0.5628665089607239,-0.29667359590530396
150,2,0.4578511118888855,0.653235912322998,-1.0846447944641113,0.6505640745162964,0.5704654455184937,-0.29676303267478943
150,3,0.44422876834869385,0.6589598059654236,-1.0852991342544556,0.6515203714370728,0.5780174732208252,-0.2968962788581848
150,4,0.5045647621154785,0.6480218172073364,-1.0710840225219727,0.6516777873039246,0.5530386567115784,-0.2887367010116577
150,5,0.5128588080406189,0.6537389159202576,-1.0712488889694214,0.6525376439094543,0.5524202585220337,-0.2887836694717407
150,6,0.5212187767028809,0.6593035459518433,-1.0719678401947021,0.6536272764205933,0.5415147542953491,-0.2889452576637268
150,7,0.4027685523033142,0.7316533923149109,-1.2035435438156128,0.655930757522583,0.5799077153205872,-0.23622620105743408
150,8,0.5276971459388733,0.7315062880516052,-1.1406298875808716,0.6524840593338013,0.5261980891227722,-0.19946831464767456
150,9,0.46147871017456055,0.6192150115966797,-0.9761399030685425,0.6161286234855652,0.5616492629051208,-0.25561949610710144
150,10,0.49059760570526123,0.6189925670623779,-0.9601922035217285,0.6159454584121704,0.5472086071968079,-0.2452288717031479
150,11,0.22181034088134766,0.7291842699050903,-0.973639965057373,0.6030775308609009,0.6263439655303955,-0.18262113630771637
150,12,0.6700913310050964,0.8128477931022644,-0.9248175024986267,0.595543622970581,0.48682311177253723,-0.13101285696029663
150,13,0.12216556072235107,0.3615361452102661,-1.0099437236785889,0.46729159355163574,0.5916206240653992,-0.1838880330324173
150,14,0.7742035388946533,0.5925090312957764,-0.6181759834289551,0.4610983431339264,0.4920567274093628,-0.09372567385435104
150,15,0.06827324628829956,0.6214917302131653,-1.2187243700027466,0.4040668308734894,0.5239619612693787,-0.24447773396968842
150,16,0.7937523126602173,0.5367687344551086,-0.5421720147132874,0.3842509686946869,0.5121496915817261,-0.12688890099525452
150,17,0.028946757316589355,0.7025560736656189,-1.2939525842666626,0.3692660927772522,0.5106533169746399,-0.2575596570968628
150,18,0.7727655172348022,0.5394420623779297,-0.556649386882782,0.3569244146347046,0.511339008808136,-0.13439947366714478
150,19,0.051040053367614746,0.7119244933128357,-1.2704416513442993,0.3851052224636078,0.5166444182395935,-0.26662564277648926
150,20,0.8136860728263855,0.5727709531784058,-0.5955598950386047,0.3615424931049347,0.5104653835296631,-0.15471921861171722
150,21,0.08335059881210327,0.692631185054779,-1.220140814781189,0.39492926001548767,0.5149611830711365,-0.24482785165309906
150,22,0.7891069650650024,0.5654995441436768,-0.5590819120407104,0.3723685145378113,0.5140625238418579,-0.1340927630662918
150,23,0.43037039041519165,0.1683950126171112,-0.0103693176060915,0.3789963722229004,0.5775120258331299,0.028318976983428
150,24,0.6016090512275696,0.21197524666786194,0.011571502313017845,0.37259411811828613,0.49490371346473694,-0.02859228290617466
150,25,0.42850038409233093,0.10343917459249496,0.8668921589851379,0.23153162002563477,0.6223302483558655,-0.0871250256896019
150,26,0.5707659721374512,0.1671217530965805,0.8911287188529968,0.26220160722732544,0.5275444984436035,-0.2610050439834595
150,27,0.4420955777168274,0.03831666707992554,1.8562167882919312,0.25964590907096863,0.5511779189109802,0.23017004132270813
150,28,0.5314010381698608,0.05701795220375061,1.8226295709609985,0.2728081941604614,0.5688984394073486,0.02317095920443535
150,29,0.4336159825325012,0.06010013073682785,1.9575036764144897,0.27388229966163635,0.5389431715011597,0.26977577805519104
150,30,0.5148093104362488,0.06425728648900986,1.9142202138900757,0.2810668349266052,0.566320538520813,0.062244962900877
150,31,0.5023306012153625,0.032294631004333496,1.8584635257720947,0.23021994531154633,0.5447668433189392,0.323223352432251
150,32,0.5418059229850769,0.017721939831972122,1.8002249002456665,0.2501171827316284,0.6157509088516235,0.12323450297117233
151,0,0.4974803924560547,0.7813146114349365,-0.9604503512382507,0.6527711749076843,0.5634905695915222,-0.13305921852588654
151,1,0.4783458709716797,0.8306277990341187,-1.0298813581466675,0.6704133152961731,0.5684567093849182,-0.14239732921123505
151,2,0.46791359782218933,0.8333265781402588,-1.0301191806793213,0.6769517064094543,0.5809875726699829,-0.14252778887748718
151,3,0.4575607478618622,0.8359484672546387,-1.030660629272461,0.6773484945297241,0.5814529657363892,-0.14267811179161072
151,4,0.5027737021446228,0.8318086862564087,-1.023310661315918,0.6684101819992065,0.5573179125785828,-0.13638070225715637
151,5,0.5089612007141113,0.8353037238121033,-1.023611307144165,0.6679725646972656,0.5538296699523926,-0.13636332750320435
151,6,0.5152294039726257,0.8387061953544617,-1.0242167711257935,0.6675436496734619,0.5503817796707153,-0.13653700053691864
151,7,0.42918694019317627,0.8644387722015381,-1.0443755388259888,0.6668084263801575,0.5793458223342896,-0.11338547617197037
151,8,0.5179303884506226,0.867786169052124,-1.0114136934280396,0.6659817695617676,0.5632907152175903,-0.08597443997859955
151,9,0.478401780128479,0.763709306716919,-0.9274371266365051,0.6390235424041748,0.572825014591217,-0.11449208110570908
151,10,0.5018752217292786,0.7663646340370178,-0.9190819263458252,0.6280226707458496,0.5610495209693909,-0.10573422163724899
151,11,0.29258689284324646,0.7533809542655945,-0.791562020778656,0.5963166952133179,0.621021568775177,-0.06309231370687485
151,12,0.6627479791641235,0.8361409306526184,-0.8096714615821838,0.5850507616996765,0.5023805499076843,-0.049950648099184036
151,13,0.15147653222084045,0.3454126715660095,-0.8938860297203064,0.4732825756072998,0.5793346166610718,-0.04196634143590927
151,14,0.7483507394790649,0.5335712432861328,-0.5615264177322388,0.45406240224838257,0.49819931387901306,-0.027074456214904785
151,15,0.10179916024208069,0.6131100654602051,-1.2185084819793701,0.4249647259712219,0.5372394323348999,-0.08283384889364243
151,16,0.7894011735916138,0.7456304430961609,-0.43643319606781006,0.3900902569293976,0.5001242160797119,-0.04895555227994919
151,17,0.06274592876434326,0.6884222626686096,-1.2872477769851685,0.4095599353313446,0.5288361310958862,-0.09207163751125336
151,18,0.8355023264884949,0.818516731262207,-0.4614350199699402,0.3744463324546814,0.49069634079933167,-0.04834602400660515
151,19,0.0788888931274414,0.7121341824531555,-1.282985806465149,0.41604429483413696,0.525854229927063,-0.1002427190542221
151,20,0.8208403587341309,0.8204271793365479,-0.4792163372039795,0.3737284243106842,0.49161118268966675,-0.07432098686695099
151,21,0.09979945421218872,0.6841292381286621,-1.2280523777008057,0.4225219488143921,0.5261818170547485,-0.08387960493564606
151,22,0.8070383071899414,0.8159355521202087,-0.4467368721961975,0.3827858865261078,0.4976499080657959,-0.05730143189430237
151,23,0.42880338430404663,0.18169397115707397,-0.020820487290620804,0.3602358400821686,0.5709421038627625,0.03990839049220085
151,24,0.58724445104599,0.20151636004447937,0.021563509479165077,0.3755018711090088,0.5190744996070862,-0.04029832035303116
151,25,0.3721727728843689,0.1797347366809845,0.7353358268737793,0.206697478890419,0.5933992266654968,0.06529544293880463
151,26,0.5362386107444763,0.24910876154899597,0.8327913284301758,0.420779824256897,0.5661059021949768,-0.22018104791641235
151,27,0.4412466287612915,0.19293725490570068,1.6789370775222778,0.2592417597770691,0.5426677465438843,0.36487045884132385
151,28,0.5120556354522705,0.20625722408294678,1.6563725471496582,0.47214174270629883,0.6173109412193298,-0.06536907702684402
151,29,0.438243567943573,0.21601727604866028,1.7773001194000244,0.27607542276382446,0.5346883535385132,0.403020977973938
151,30,0.4936184883117676,0.20956754684448242,1.74138605594635,0.4734324812889099,0.6247923374176025,-0.037537313997745514
151,31,0.5005701780319214,0.14562910795211792,1.7211569547653198,0.25241342186927795,0.5381043553352356,0.47946885228157043
151,32,0.5389549732208252,0.15593257546424866,1.6762501001358032,0.4947381019592285,0.6436581611633301,0.0533771812915802
152,0,0.49916544556617737,0.8566853404045105,-0.8514454960823059,0.6716064214706421,0.5409180521965027,-0.12264843285083771
152,1,0.47252047061920166,0.9147786498069763,-0.8977806568145752,0.6852567195892334,0.5587215423583984,-0.13061536848545074
152,2,0.4602297842502594,0.9162153005599976,-0.8981443047523499,0.691896378993988,0.5603088140487671,-0.13074615597724915
152,3,0.4480026066303253,0.9175630807876587,-0.8986343741416931,0.6915841102600098,0.5658852458000183,-0.13085699081420898
152,4,0.5012288093566895,0.9167538285255432,-0.884983479976654,0.6834900379180908,0.5550016164779663,-0.11721472442150116
152,5,0.5092954039573669,0.9199032187461853,-0.8853341341018677,0.6832078695297241,0.5465400815010071,-0.11724923551082611
152,6,0.5173999071121216,0.9229276180267334,-0.8860843181610107,0.6826465129852295,0.5455312728881836,-0.11744777858257294
152,7,0.41563406586647034,0.9292836785316467,-0.8611146807670593,0.681503176689148,0.5673311948776245,-0.09900317341089249
152,8,0.5154128670692444,0.9380756616592407,-0.8014469146728516,0.6785734295845032,0.5524373650550842,-0.03875429928302765
152,9,0.4773527681827545,0.8254225254058838,-0.8106997609138489,0.6578595638275146,0.5536432266235352,-0.10481911897659302
152,10,0.5076277256011963,0.8285549283027649,-0.7941275238990784,0.6574525833129883,0.5465588569641113,-0.08688704669475555
152,11,0.28854435682296753,0.7602367997169495,-0.669241726398468,0.6162300109863281,0.6234462857246399,-0.06367286294698715
152,12,0.6675993204116821,0.8370010256767273,-0.628858208656311,0.605661153793335,0.4885933995246887,-0.0177500881254673
152,13,0.15933924913406372,0.4104948043823242,-0.8224917054176331,0.49733397364616394,0.6094586253166199,-0.08367057144641876
152,14,0.7782080769538879,0.5443158745765686,-0.7782194018363953,0.46880975365638733,0.4980736970901489,-0.005603513680398464
152,15,0.11739417910575867,0.5791894197463989,-1.169221043586731,0.4461042284965515,0.5518081188201904,-0.14776356518268585
152,16,0.7939274907112122,0.6210888028144836,-1.1883958578109741,0.3836764693260193,0.5044471025466919,-0.051309168338775635
152,17,0.08638697862625122,0.6497559547424316,-1.2458528280258179,0.4269467294216156,0.5415406823158264,-0.15571238100528717
152,18,0.8229387998580933,0.7406289577484131,-1.2773935794830322,0.3566005825996399,0.5000295639038086,-0.06275033950805664
152,19,0.1024605929851532,0.6799796223640442,-1.229636549949646,0.43626898527145386,0.5339959263801575,-0.17215746641159058
152,20,0.8436849117279053,0.7832110524177551,-1.2718983888626099,0.3617836833000183,0.5011035203933716,-0.08551991730928421
152,21,0.12214627861976624,0.6505785584449768,-1.1726937294006348,0.4427630305290222,0.5371921062469482,-0.15111497044563293
152,22,0.8071240186691284,0.7418866157531738,-1.2047656774520874,0.3723350465297699,0.5070040225982666,-0.06048732250928879
152,23,0.4480965733528137,0.14174477756023407,-0.004008338786661625,0.3840614855289459,0.5798016786575317,0.050671547651290894
152,24,0.589884340763092,0.1962486356496811,0.004319241736084223,0.3933803141117096,0.5108547210693359,-0.05069689452648163
152,25,0.3858567476272583,0.07709270715713501,0.7492027282714844,0.26172491908073425,0.6131817102432251,-0.02892391011118889
152,26,0.5417332053184509,0.18373163044452667,0.7610598206520081,0.39435577392578125,0.5099616646766663,-0.23500685393810272
152,27,0.428273469209671,0.08130045980215073,1.5921075344085693,0.30065780878067017,0.5747562646865845,0.07638789713382721
152,28,0.5071312189102173,0.10789527744054794,1.5607781410217285,0.43665242195129395,0.5764206051826477,-0.15780985355377197
152,29,0.42680394649505615,0.10358360409736633,1.6758283376693726,0.31043192744255066,0.5690961480140686,0.09248949587345123
152,30,0.49255484342575073,0.11238148808479309,1.6400312185287476,0.43784523010253906,0.5754327178001404,-0.13861694931983948
152,31,0.4873204231262207,0.047487758100032806,1.594545602798462,0.29805687069892883,0.5634931325912476,0.1344272345304489
152,32,0.5219182968139648,0.011683139950037003,1.5527026653289795,0.460191935300827,0.620872437953949,-0.09799957275390625
153,0,0.5159837603569031,0.8108136057853699,-0.802727997303009,0.6755772829055786,0.5525183081626892,0.025058813393115997
153,1,0.5096235275268555,0.8612212538719177,-0.8813042640686035,0.6893162727355957,0.5584659576416016,0.023106511682271957
153,2,0.5038962960243225,0.8651478886604309,-0.8815510272979736,0.689537525177002,0.5589897036552429,0.022944113239645958
153,3,0.49834543466567993,0.8690492510795593,-0.8819201588630676,0.6897369623184204,0.5595895648002625,0.02279573120176792
153,4,0.5234366655349731,0.859978437423706,-0.8846579790115356,0.6875694990158081,0.5448960661888123,0.025806961581110954
153,5,0.5263332724571228,0.862159252166748,-0.8849804997444153,0.6866455078125,0.5417863130569458,0.025856276974081993
153,6,0.5291333794593811,0.8643317818641663,-0.8855772018432617,0.6865377426147461,0.5522727370262146,0.025674117729067802
153,7,0.4793562591075897,0.8944966197013855,-0.9672852754592896,0.6835094690322876,0.5605804324150085,0.05288068205118179
153,8,0.5301185846328735,0.887775719165802,-0.98105788230896,0.6757599115371704,0.5504398345947266,0.0621844083070755
153,9,0.49742981791496277,0.7938973903656006,-0.7964869737625122,0.6623923778533936,0.5605667233467102,0.03955713286995888
153,10,0.510986864566803,0.7923734188079834,-0.8015533685684204,0.6591184735298157,0.5494295358657837,0.043049801141023636
153,11,0.40068674087524414,0.7705627083778381,-0.7368840575218201,0.621639609336853,0.6011631488800049,0.07200387120246887
153,12,0.5502898693084717,0.7576112747192383,-0.8579401969909668,0.5993011593818665,0.49185997247695923,0.04506351798772812
153,13,0.3160559833049774,0.4096686542034149,-0.6809074282646179,0.543606162071228,0.6115655899047852,-0.02809779904782772
153,14,0.4614238142967224,0.44006046652793884,-0.6390104293823242,0.47603046894073486,0.4922495484352112,0.03269227594137192
153,15,0.34440290927886963,0.6152955293655396,-0.8573237061500549,0.5602017045021057,0.6124987602233887,-0.20951560139656067
153,16,0.43529602885246277,0.6398370265960693,-0.4795798063278198,0.4133607745170593,0.5030192136764526,-0.013881959021091461
153,17,0.36465513706207275,0.6957902908325195,-0.9113163948059082,0.562728226184845,0.6132768392562866,-0.2324589490890503
153,18,0.4190937876701355,0.7116934657096863,-0.5385190844535828,0.38585609197616577,0.48912593722343445,-0.017254861071705818
153,19,0.3414384722709656,0.735409677028656,-0.9126464128494263,0.5694077610969543,0.6125560402870178,-0.2343306690454483
153,20,0.45271751284599304,0.757540762424469,-0.5183601379394531,0.39717602729797363,0.499081552028656,-0.044845256954431534
153,21,0.3429489731788635,0.7109315991401672,-0.8603982925415039,0.5667023658752441,0.6088727116584778,-0.2118493765592575
153,22,0.44603535532951355,0.7258465886116028,-0.4747256636619568,0.4054194390773773,0.5043599605560303,-0.02409244142472744
153,23,0.4987003207206726,0.1729717254638672,0.026919173076748848,0.3824068605899811,0.5683966279029846,0.07055679708719254
153,24,0.5845580101013184,0.18054533004760742,-0.026064177975058556,0.3961789011955261,0.5143783092498779,-0.07076722383499146
153,25,0.45744043588638306,0.1040339544415474,0.825381875038147,0.2255970984697342,0.5906493067741394,0.1404246985912323
153,26,0.5082749724388123,0.15673446655273438,0.7062323689460754,0.4415356516838074,0.5536789298057556,-0.3779021203517914
153,27,0.4532947242259979,0.005396254360675812,1.6830883026123047,0.2609989047050476,0.5382410883903503,0.38394060730934143
153,28,0.49584782123565674,0.05884166806936264,1.5476571321487427,0.5089335441589355,0.6502656936645508,-0.35243362188339233
153,29,0.4473886489868164,0.005777716636657715,1.7718602418899536,0.27143657207489014,0.5238916873931885,0.4157584607601166
153,30,0.48453569412231445,0.0181887149810791,1.6325863599777222,0.5145082473754883,0.6596862077713013,-0.3366128206253052
153,31,0.48648861050605774,0.037285059690475464,1.7368881702423096,0.24363145232200623,0.5432448387145996,0.4731108844280243
153,32,0.5007210373878479,-0.01858147233724594,1.6068599224090576,0.5312074422836304,0.6995105147361755,-0.3040686845779419
154,0,0.5260753035545349,0.8126020431518555,-0.6814104318618774,0.6624025106430054,0.5310946702957153,-0.09498687088489532
154,1,0.540161669254303,0.8187916278839111,-0.7632197141647339,0.673363208770752,0.5325285196304321,-0.11357396841049194
154,2,0.5448803901672363,0.81596440076828,-0.7634135484695435,0.6746048927307129,0.5351846814155579,-0.11372252553701401
154,3,0.549913227558136,0.8129355907440186,-0.7631957530975342,0.6757746338844299,0.5378727912902832,-0.11388162523508072
154,4,0.5190548896789551,0.8209488391876221,-0.7561240196228027,0.6710885763168335,0.5272198915481567,-0.10371871292591095
154,5,0.5110883712768555,0.8190651535987854,-0.756259560585022,0.6708020567893982,0.5254120230674744,-0.10374598950147629
154,6,0.5029920935630798,0.8172606825828552,-0.7561014890670776,0.6705193519592285,0.5236265063285828,-0.103922039270401
154,7,0.5510628819465637,0.7625234723091125,-0.8517152667045593,0.6762388348579407,0.5451750159263611,-0.12168634682893753
154,8,0.4781922996044159,0.7662007808685303,-0.8348646759986877,0.6693455576896667,0.5274789333343506,-0.07593566179275513
154,9,0.5222213268280029,0.774055540561676,-0.6835822463035583,0.6464270949363708,0.5357133746147156,-0.08784538507461548
154,10,0.5017496943473816,0.7769591808319092,-0.6767451763153076,0.6445451974868774,0.5324866771697998,-0.0749664455652237
154,11,0.57211834192276,0.5952088832855225,-0.6402835845947266,0.6175938248634338,0.5653485655784607,-0.09847473353147507
154,12,0.3807096481323242,0.5741535425186157,-0.7033730745315552,0.6008034348487854,0.5239642858505249,-0.05660180002450943
154,13,0.6397125720977783,0.4563220143318176,-0.4642133116722107,0.48559045791625977,0.5328952670097351,-0.09600529074668884
154,14,0.21674391627311707,0.41111916303634644,-0.4559396505355835,0.48802947998046875,0.5404159426689148,-0.05074794590473175
154,15,0.7103106379508972,0.7528801560401917,-0.42233675718307495,0.4311266243457794,0.5091754794120789,-0.14473655819892883
154,16,0.1638004183769226,0.6412984728813171,-0.3131842017173767,0.4922488331794739,0.571172297000885,-0.10689764469861984
154,17,0.7607298493385315,0.8453879952430725,-0.48945745825767517,0.4006965756416321,0.4907178282737732,-0.1631302386522293
154,18,0.12921008467674255,0.7135822772979736,-0.38572409749031067,0.48639848828315735,0.5855507254600525,-0.12180653214454651
154,19,0.7085471153259277,0.8697063326835632,-0.5002849698066711,0.41216444969177246,0.48544201254844666,-0.1763020157814026
154,20,0.14717698097229004,0.7241065502166748,-0.42561256885528564,0.5037477612495422,0.5695078372955322,-0.13830895721912384
154,21,0.6872234344482422,0.8298467993736267,-0.4266887605190277,0.42859116196632385,0.5068398714065552,-0.1482369750738144
154,22,0.15811657905578613,0.7014015913009644,-0.3305181562900543,0.5058810710906982,0.5631388425827026,-0.11528931558132172
154,23,0.5210724472999573,0.10706073045730591,0.09317463636398315,0.4011833369731903,0.5612454414367676,0.043936703354120255
154,24,0.4448923170566559,0.07244201004505157,-0.09216967970132828,0.3933696746826172,0.5178508758544922,-0.044191353023052216
154,25,0.5766686797142029,0.31942856311798096,0.5297476649284363,0.24260413646697998,0.6238342523574829,-0.10387454926967621
154,26,0.48258599638938904,0.47206300497055054,0.030826374888420105,0.2629677951335907,0.5830239653587341,-0.21334168314933777
154,27,0.5259221196174622,0.3574378490447998,1.3843779563903809,0.2416973114013672,0.5597368478775024,0.26868313550949097
154,28,0.4111231565475464,0.3705604672431946,0.7212328314781189,0.2181030958890915,0.5849280953407288,0.0456063412129879
154,29,0.5046645998954773,0.3247946500778198,1.4799818992614746,0.25199371576309204,0.5448175072669983,0.310505747795105
154,30,0.4132741093635559,0.2865459620952606,0.8025411367416382,0.2210569828748703,0.5732129216194153,0.07924292236566544
154,31,0.5014758706092834,0.47313010692596436,1.5035158395767212,0.20638789236545563,0.566334068775177,0.33569395542144775
154,32,0.32055598497390747,0.5016652941703796,0.8555275201797485,0.17398281395435333,0.6308930516242981,0.09393811970949173
155,0,0.5087429881095886,0.802389919757843,-0.5756062269210815,0.6943895816802979,0.5146493911743164,0.08446414023637772
155,1,0.5134997367858887,0.8241758346557617,-0.6645957827568054,0.7110101580619812,0.5217156410217285,0.06999175995588303
155,2,0.5191835761070251,0.8219663500785828,-0.6648789644241333,0.7114472389221191,0.5218812823295593,0.06984260678291321
155,3,0.5250000953674316,0.8197011947631836,-0.6652283072471619,0.7116016149520874,0.5221697688102722,0.06962718069553375
155,4,0.4914049506187439,0.8266410827636719,-0.6520761251449585,0.7108160257339478,0.5173587799072266,0.08380983769893646
155,5,0.4827471971511841,0.8261869549751282,-0.6524181365966797,0.7104587554931641,0.5183579921722412,0.08383344113826752
155,6,0.47395095229148865,0.8257416486740112,-0.6528842449188232,0.7097886204719543,0.5189810395240784,0.08365418761968613
155,7,0.5270282030105591,0.7805108428001404,-0.821448564529419,0.7054369449615479,0.5354470610618591,0.05199536681175232
155,8,0.45043912529945374,0.7859753966331482,-0.7711953520774841,0.7030638456344604,0.5336703062057495,0.11529538035392761
155,9,0.5132089853286743,0.7606872320175171,-0.6032664775848389,0.685283899307251,0.5260012745857239,0.0836847648024559
155,10,0.4912584722042084,0.765007734298706,-0.5882978439331055,0.6775074005126953,0.5177149772644043,0.1022653728723526
155,11,0.5512146949768066,0.6003244519233704,-0.651701807975769,0.6373469829559326,0.5797382593154907,0.0459633432328701
155,12,0.4114430546760559,0.6014457941055298,-0.6885803937911987,0.6184992790222168,0.5004161596298218,0.09297022968530655
155,13,0.5012269616127014,0.42326802015304565,-0.5209015011787415,0.5190821290016174,0.5662420392036438,0.008499223738908768
155,14,0.3054598271846771,0.42014211416244507,-0.5172471404075623,0.49885669350624084,0.5073355436325073,0.0882604792714119
155,15,0.551028847694397,0.7022840976715088,-0.5724920034408569,0.4572846293449402,0.5018634796142578,-0.11397933214902878
155,16,0.30919110774993896,0.6279726624488831,-0.4414491057395935,0.45465439558029175,0.5258175134658813,0.02160642109811306
155,17,0.592912495136261,0.7918038964271545,-0.6479752659797668,0.43797001242637634,0.4975975453853607,-0.1335928738117218
155,18,0.291620135307312,0.6986290812492371,-0.5289658904075623,0.438579797744751,0.5331230759620667,0.011594372801482677
155,19,0.54937344789505,0.8233059048652649,-0.6657077670097351,0.4384348690509796,0.49529948830604553,-0.14246070384979248
155,20,0.3344581723213196,0.7194971442222595,-0.5464975237846375,0.44683295488357544,0.522437572479248,-0.01585923321545124
155,21,0.5343582630157471,0.7859402298927307,-0.5836731195449829,0.44196268916130066,0.4981161952018738,-0.11681849509477615
155,22,0.3378939628601074,0.6860070824623108,-0.4558994174003601,0.4534042477607727,0.5218088030815125,0.00997877400368452
155,23,0.5297480225563049,0.11781851947307587,0.052362047135829926,0.410198837518692,0.5562100410461426,0.06042874976992607
155,24,0.4723602533340454,0.10847904533147812,-0.051677219569683075,0.4170372188091278,0.5284653306007385,-0.06074919179081917
155,25,0.5492919087409973,0.25634828209877014,0.5711655020713806,0.2730920910835266,0.6155915260314941,0.09630583971738815
155,26,0.4319770932197571,0.36432945728302,0.4011272192001343,0.3983226418495178,0.5744333267211914,-0.2375165820121765
155,27,0.5468732714653015,0.19265568256378174,1.3933086395263672,0.35229119658470154,0.5601633191108704,0.32337144017219543
155,28,0.41598543524742126,0.22295168042182922,1.2665201425552368,0.5063313841819763,0.6315241456031799,-0.10549632459878922
155,29,0.5403578877449036,0.1705811321735382,1.482306957244873,0.369189977645874,0.5537353157997131,0.3540358245372772
155,30,0.4216960668563843,0.18303583562374115,1.3607257604599,0.5236103534698486,0.6287086009979248,-0.07871845364570618
155,31,0.5461102724075317,0.22902092337608337,1.4868135452270508,0.3614600896835327,0.553208589553833,0.4298485219478607
155,32,0.3771921396255493,0.24236440658569336,1.4015872478485107,0.5340074300765991,0.6807206273078918,0.010299342684447765
156,0,0.4340366721153259,0.7304945588111877,-0.8619676232337952,0.6722764372825623,0.5126093626022339,-0.0249616801738739
156,1,0.4014959931373596,0.7770276069641113,-0.8834146857261658,0.6883363723754883,0.5182117819786072,-0.04281023144721985
156,2,0.389179527759552,0.775908350944519,-0.8836570382118225,0.6895058155059814,0.5217851400375366,-0.04294086992740631
156,3,0.3769027590751648,0.7746809720993042,-0.8841444253921509,0.6905871629714966,0.5253423452377319,-0.04313794523477554
156,4,0.42902421951293945,0.7827563881874084,-0.8814135789871216,0.6861648559570312,0.5129299163818359,-0.026179641485214233
156,5,0.43741849064826965,0.7863644361495972,-0.8817455768585205,0.6858233213424683,0.5121936798095703,-0.026140747591853142
156,6,0.44585564732551575,0.7898268699645996,-0.8823167681694031,0.6854726076126099,0.5114763975143433,-0.02632966637611389
156,7,0.34670308232307434,0.7759920954704285,-0.7633514404296875,0.6882213354110718,0.5418318510055542,-0.057837724685668945
156,8,0.4444769620895386,0.7983793616294861,-0.749773383140564,0.6820957660675049,0.5243293642997742,0.02028978057205677
156,9,0.41704893112182617,0.6977737545967102,-0.7962706685066223,0.6648872494697571,0.5277836322784424,-0.022361071780323982
156,10,0.4495807886123657,0.7052004337310791,-0.7926510572433472,0.6635786294937134,0.5191906690597534,0.00031393536482937634
156,11,0.24619367718696594,0.5852680802345276,-0.5391110181808472,0.6196778416633606,0.5812078714370728,-0.03374923765659332
156,12,0.5765392780303955,0.702002763748169,-0.5711072683334351,0.6133814454078674,0.4989371597766876,0.018627073615789413
156,13,0.1005856990814209,0.2571091949939728,-0.8157868981361389,0.49574726819992065,0.5478309392929077,-0.042832087725400925
156,14,0.7484066486358643,0.5045920014381409,-0.6569344997406006,0.4961618185043335,0.49288538098335266,0.039470989257097244
156,15,0.08195120096206665,0.6251853704452515,-1.1457979679107666,0.4619938135147095,0.49882858991622925,-0.10533574223518372
156,16,0.7862932682037354,0.6339787244796753,-0.9073807001113892,0.4711899161338806,0.5222735404968262,-0.011081796139478683
156,17,0.06321817636489868,0.7074002027511597,-1.2010750770568848,0.443835973739624,0.4881048798561096,-0.1185668557882309
156,18,0.7967012524604797,0.6905602812767029,-0.944216787815094,0.4580041170120239,0.5327848196029663,-0.01882609724998474
156,19,0.07339352369308472,0.7253417372703552,-1.151753306388855,0.453522652387619,0.4851216673851013,-0.12739814817905426
156,20,0.7967039346694946,0.716069221496582,-0.9347044229507446,0.46981292963027954,0.5256679654121399,-0.04192689433693886
156,21,0.0915176272392273,0.7003294825553894,-1.1348990201950073,0.4569520354270935,0.4888956546783447,-0.10643836855888367
156,22,0.7758250832557678,0.6831062436103821,-0.9100412726402283,0.47506824135780334,0.5216328501701355,-0.0202315840870142
156,23,0.4477617144584656,0.13376933336257935,-0.005831921007484198,0.3960488438606262,0.5410254001617432,0.04188726842403412
156,24,0.6048642992973328,0.19797834753990173,0.0059740375727415085,0.39752712845802307,0.49136844277381897,-0.04200322553515434
156,25,0.46125513315200806,0.05072017014026642,0.5555362105369568,0.2071317583322525,0.600129246711731,-0.10792142897844315
156,26,0.620570957660675,0.17403820157051086,0.49739018082618713,0.22867263853549957,0.5749889612197876,-0.15985752642154694
156,27,0.4565992057323456,0.028067275881767273,1.2205613851547241,0.30646395683288574,0.5435252785682678,0.1923254430294037
156,28,0.6009390354156494,0.12112575769424438,1.1981520652770996,0.3161546587944031,0.5601826906204224,0.1082233339548111
156,29,0.45146530866622925,0.038243070244789124,1.2858717441558838,0.3296511769294739,0.5393566489219666,0.2310008555650711
156,30,0.5786298513412476,0.12166264653205872,1.2692643404006958,0.3345330059528351,0.5569531917572021,0.14728157222270966
156,31,0.4909309148788452,-0.03998591750860214,1.1920571327209473,0.30789124965667725,0.5258588194847107,0.31118640303611755
156,32,0.6520118713378906,0.03651793301105499,1.2001664638519287,0.31875157356262207,0.5836989879608154,0.23710311949253082
157,0,0.46423840522766113,0.7433990836143494,-0.8338415622711182,0.6711404323577881,0.5296940803527832,-0.0213604886084795
157,1,0.432040810585022,0.789486825466156,-0.8586097359657288,0.6850404143333435,0.5297083854675293,-0.02574031427502632
157,2,0.41894403100013733,0.7885746359825134,-0.858886182308197,0.6857826709747314,0.5320414900779724,-0.02588360756635666
157,3,0.4058968424797058,0.7875668406486511,-0.8594346046447754,0.6864668130874634,0.5343925356864929,-0.026110196486115456
157,4,0.4586956202983856,0.7945215106010437,-0.8476415872573853,0.6832628846168518,0.522541344165802,-0.025680864229798317
157,5,0.4665905237197876,0.7979150414466858,-0.847956657409668,0.6828926801681519,0.5194315314292908,-0.02567770518362522
157,6,0.47456908226013184,0.8011753559112549,-0.8484750390052795,0.6825196743011475,0.5164365768432617,-0.025826701894402504
157,7,0.3696792423725128,0.789444088935852,-0.7561185956001282,0.6825846433639526,0.5363072752952576,-0.002319487975910306
157,8,0.4664182662963867,0.8098687529563904,-0.7020058035850525,0.677497148513794,0.5130274295806885,0.0012647269759327173
157,9,0.4422747492790222,0.7130794525146484,-0.7744650840759277,0.6598005294799805,0.5358260869979858,-0.005209979601204395
157,10,0.47538769245147705,0.7195531725883484,-0.758989691734314,0.6575870513916016,0.5266184210777283,-0.004795795772224665
157,11,0.26180821657180786,0.6238983869552612,-0.5384408831596375,0.6180386543273926,0.5467170476913452,-0.0033828592859208584
157,12,0.5832592248916626,0.7135289907455444,-0.5306395888328552,0.6221166849136353,0.4892454743385315,-0.009563685394823551
157,13,0.10778048634529114,0.2661379277706146,-0.8194717168807983,0.49664902687072754,0.5205637216567993,-0.0028638113290071487
157,14,0.7415043711662292,0.5039555430412292,-0.6323133111000061,0.6087700128555298,0.5837371945381165,-0.06166898459196091
157,15,0.09607261419296265,0.5874544382095337,-1.1839978694915771,0.45779165625572205,0.49380946159362793,-0.07090002298355103
157,16,0.8083052039146423,0.6189166903495789,-0.9614115953445435,0.6878533959388733,0.6642417907714844,-0.09180518984794617
157,17,0.08313506841659546,0.6817147731781006,-1.2529499530792236,0.4349626898765564,0.4798511266708374,-0.08008847385644913
157,18,0.8242691159248352,0.6698432564735413,-1.0098142623901367,0.7101939916610718,0.6923011541366577,-0.11424870043992996
157,19,0.08998632431030273,0.7033157348632812,-1.1996370553970337,0.440126895904541,0.4734274744987488,-0.10603664815425873
157,20,0.8288246393203735,0.6978875994682312,-1.0136067867279053,0.7187951803207397,0.6821787357330322,-0.1068982258439064
157,21,0.10485014319419861,0.6875184774398804,-1.172730803489685,0.45011210441589355,0.47919967770576477,-0.07839258760213852
157,22,0.8061733841896057,0.6668497323989868,-0.9723504781723022,0.7096817493438721,0.6711146831512451,-0.09092061221599579
157,23,0.4367121458053589,0.16390691697597504,-0.010067646391689777,0.4120383858680725,0.5474621057510376,0.031197238713502884
157,24,0.5884262919425964,0.21928676962852478,0.010394562967121601,0.3989643156528473,0.4995378851890564,-0.03147395700216293
157,25,0.45650070905685425,0.009905479848384857,0.5506788492202759,0.28890132904052734,0.650554895401001,-0.11802167445421219
157,26,0.5848855972290039,0.11928331851959229,0.5328908562660217,0.24006065726280212,0.5570313930511475,-0.19853849709033966
157,27,0.46674638986587524,-0.07557138800621033,1.2205321788787842,0.3813658058643341,0.5750802159309387,0.22557014226913452
157,28,0.5654609203338623,-0.002117842435836792,1.205078125,0.28724437952041626,0.5593502521514893,0.0727398693561554
157,29,0.46339619159698486,-0.07813610136508942,1.2840170860290527,0.4075475335121155,0.559276819229126,0.27131417393684387
157,30,0.5511086583137512,-0.011052250862121582,1.2710944414138794,0.3028936982154846,0.5450582504272461,0.11114922165870667
157,31,0.4973885715007782,-0.1599365919828415,1.1517137289047241,0.37646281719207764,0.560099720954895,0.3674948811531067
157,32,0.593716025352478,-0.10878321528434753,1.1496011018753052,0.27576756477355957,0.5984442234039307,0.1783595234155655
158,0,0.49431806802749634,0.740170955657959,-0.20750021934509277,0.6715010404586792,0.5708269476890564,-0.03796220198273659
158,1,0.4818178415298462,0.7766590714454651,-0.21345065534114838,0.6871790885925293,0.5661819577217102,-0.033494412899017334
158,2,0.4737895131111145,0.7769370079040527,-0.2136620283126831,0.6890826225280762,0.5674910545349121,-0.03364386782050133
158,3,0.46579769253730774,0.7770615816116333,-0.21415694057941437,0.6909052133560181,0.5688266754150391,-0.0338401235640049
158,4,0.49994006752967834,0.776802659034729,-0.2035042941570282,0.6822268962860107,0.5576356649398804,-0.055750180035829544
158,5,0.5054027438163757,0.7771669030189514,-0.2037276029586792,0.6807289123535156,0.5529343485832214,-0.055735133588314056
158,6,0.5109008550643921,0.7775837182998657,-0.20425745844841003,0.679260790348053,0.5483132004737854,-0.05582055076956749
158,7,0.4407471716403961,0.7681470513343811,-0.13420557975769043,0.6882951259613037,0.5537736415863037,0.03465152904391289
158,8,0.5061297416687012,0.7716798186302185,-0.08206679672002792,0.6714731454849243,0.527642548084259,-0.0636075884103775
158,9,0.4757087528705597,0.7094067931175232,-0.16686570644378662,0.6600082516670227,0.5700669884681702,-0.00401314627379179
158,10,0.49580058455467224,0.7089477777481079,-0.1516866534948349,0.6549057960510254,0.5600956082344055,-0.0328545868396759
158,11,0.286497563123703,0.5921186804771423,-0.05061190202832222,0.6362468600273132,0.5346342921257019,0.12683720886707306
158,12,0.5992936491966248,0.6336575150489807,-0.03645514324307442,0.5997681617736816,0.49175623059272766,-0.09649471193552017
158,13,0.15089616179466248,0.3349360525608063,-0.3067416548728943,0.5808180570602417,0.6063058376312256,0.10607502609491348
158,14,0.7441459894180298,0.4284646809101105,-0.30199089646339417,0.5317035913467407,0.5939750075340271,-0.14705245196819305
158,15,0.10846582055091858,0.5377702713012695,-0.5720717906951904,0.6523434519767761,0.6790568828582764,-0.05221349000930786
158,16,0.777213990688324,0.6558156609535217,-0.7003151774406433,0.5974628925323486,0.6708955764770508,-0.11578971147537231
158,17,0.10049468278884888,0.6056169867515564,-0.6064119935035706,0.6845465302467346,0.6825119853019714,-0.06331826001405716
158,18,0.812958836555481,0.7020463347434998,-0.7419601678848267,0.6161743402481079,0.6932493448257446,-0.12978272140026093
158,19,0.08680427074432373,0.645103394985199,-0.6075270771980286,0.6924275159835815,0.7067660093307495,-0.07425707578659058
158,20,0.8174624443054199,0.7139538526535034,-0.75424724817276,0.6286501884460449,0.6789537668228149,-0.1200157180428505
158,21,0.10363435745239258,0.6194199919700623,-0.581081748008728,0.6573309898376465,0.6825193166732788,-0.05937418341636658
158,22,0.7950196266174316,0.6824037432670593,-0.7183371186256409,0.6202512979507446,0.6706383228302002,-0.11099360138177872
158,23,0.41814741492271423,0.13970939815044403,0.005723683629184961,0.41412970423698425,0.5228055715560913,0.0983608067035675
158,24,0.5795313119888306,0.1412200778722763,-0.005355356261134148,0.3834080100059509,0.49524199962615967,-0.09856479614973068
158,25,0.4125157594680786,0.3213138282299042,0.13529253005981445,0.38619115948677063,0.6537910103797913,-0.006776442751288414
158,26,0.5572366118431091,0.4245281517505646,0.09259755909442902,0.21877558529376984,0.59951251745224,-0.22888962924480438
158,27,0.4904862344264984,0.4604073166847229,0.44865164160728455,0.43135911226272583,0.5723452568054199,0.1238192692399025
158,28,0.6417240500450134,0.49472975730895996,0.33477529883384705,0.23238343000411987,0.5784576535224915,-0.06363106518983841
158,29,0.5038414597511292,0.4610188603401184,0.4885532855987549,0.4443362057209015,0.5589866042137146,0.14539793133735657
158,30,0.6444825530052185,0.4743359088897705,0.3733663856983185,0.24345284700393677,0.561163067817688,-0.03571194410324097
158,31,0.5378998517990112,0.5451231002807617,0.5239356160163879,0.43642204999923706,0.5557725429534912,0.21908977627754211
158,32,0.694969892501831,0.5772677659988403,0.4166010916233063,0.20578941702842712,0.6125110387802124,0.03321608155965805
159,0,0.4833611845970154,0.7593249082565308,-0.7081667184829712,0.6663588285446167,0.5638551115989685,-0.16649438440799713
159,1,0.46771132946014404,0.8004747629165649,-0.729597806930542,0.6810792684555054,0.5657066702842712,-0.16272762417793274
159,2,0.45852649211883545,0.8008551001548767,-0.7297666668891907,0.6822367310523987,0.5699402093887329,-0.16281303763389587
159,3,0.44935715198516846,0.8011250495910645,-0.7302031517028809,0.683285117149353,0.5742262005805969,-0.16303354501724243
159,4,0.4879215359687805,0.8005751967430115,-0.7260119318962097,0.678511381149292,0.5531018376350403,-0.16629663109779358
159,5,0.4943310618400574,0.8011873960494995,-0.7263057231903076,0.6779032945632935,0.548046350479126,-0.16627928614616394
159,6,0.5008137226104736,0.8018122315406799,-0.7267530560493469,0.6773307919502258,0.5430052280426025,-0.16643084585666656
159,7,0.4245762825012207,0.7972877621650696,-0.6311684846878052,0.6806830167770386,0.5756192207336426,-0.08905112743377686
159,8,0.498063862323761,0.80112224817276,-0.6099550127983093,0.6727415323257446,0.5338491797447205,-0.10209054499864578
159,9,0.4650585353374481,0.7293685674667358,-0.6514295339584351,0.6553745269775391,0.5711030960083008,-0.1318034678697586
159,10,0.4878756105899811,0.7294642329216003,-0.64515221118927,0.6522281169891357,0.5555669665336609,-0.13599973917007446
159,11,0.28509432077407837,0.6331464648246765,-0.45194554328918457,0.6147807240486145,0.6054859757423401,-0.02945842407643795
159,12,0.6019895672798157,0.665350079536438,-0.48168817162513733,0.6094495058059692,0.49833589792251587,-0.06758078187704086
159,13,0.15230298042297363,0.35134607553482056,-0.7499015927314758,0.5171225666999817,0.6185164451599121,-0.054228369146585464
159,14,0.7353981733322144,0.4263290762901306,-0.6979433298110962,0.5176073312759399,0.4740474224090576,-0.08048774302005768
159,15,0.1151750385761261,0.5897251963615417,-1.1347943544387817,0.5746230483055115,0.606148898601532,-0.1389828622341156
159,16,0.7967934608459473,0.6383601427078247,-1.0899817943572998,0.5533052682876587,0.5240328907966614,-0.1289857178926468
159,17,0.10200151801109314,0.6151215434074402,-1.1967240571975708,0.5895088315010071,0.6027429699897766,-0.14959144592285156
159,18,0.8140597343444824,0.7196743488311768,-1.1581988334655762,0.5553511381149292,0.5418878197669983,-0.13586081564426422
159,19,0.08446377515792847,0.6761042475700378,-1.1938738822937012,0.5996532440185547,0.6089094877243042,-0.14458774030208588
159,20,0.8226068615913391,0.7428217530250549,-1.1612751483917236,0.5678554773330688,0.5369937419891357,-0.13985170423984528
159,21,0.11233454942703247,0.6493255496025085,-1.144553780555725,0.5936797261238098,0.6059640049934387,-0.13534295558929443
159,22,0.799006998538971,0.7069476246833801,-1.1044756174087524,0.5666347742080688,0.5308550000190735,-0.13031089305877686
159,23,0.4006004333496094,0.18266631662845612,0.009601046331226826,0.3991953730583191,0.5627536773681641,0.040625546127557755
159,24,0.5732900500297546,0.18270927667617798,-0.009017392061650753,0.399361789226532,0.5037161111831665,-0.040873099118471146
159,25,0.4355680048465729,0.3582881689071655,0.34839609265327454,0.20816901326179504,0.6085787415504456,-0.14489108324050903
159,26,0.5411784052848816,0.36340057849884033,0.1261451691389084,0.25289225578308105,0.5547711849212646,-0.1584601104259491
159,27,0.48280656337738037,0.37138116359710693,0.8434950709342957,0.28969448804855347,0.5478054881095886,0.18018247187137604
159,28,0.5855505466461182,0.3684256970882416,0.7471578121185303,0.27967897057533264,0.5626896023750305,0.11398818343877792
159,29,0.4961712658405304,0.35426032543182373,0.8980420827865601,0.3146873712539673,0.5329313278198242,0.2232820987701416
159,30,0.5876837372779846,0.3503287434577942,0.8229274749755859,0.2897539734840393,0.5524061918258667,0.15404850244522095
159,31,0.49686112999916077,0.41039782762527466,0.9135426878929138,0.27847355604171753,0.5257924199104309,0.3089149594306946
159,32,0.5996930003166199,0.4005088806152344,0.88747638463974,0.26959699392318726,0.5999181270599365,0.23628611862659454
160,0,0.6772856712341309,0.7088726758956909,-1.0201022624969482,0.6858669519424438,0.5650786757469177,-0.13610181212425232
160,1,0.6612310409545898,0.7787076234817505,-1.0680984258651733,0.7011429071426392,0.5615682005882263,-0.14117534458637238
160,2,0.6456165313720703,0.7863818407058716,-1.068458080291748,0.7030978798866272,0.5628589391708374,-0.1412513703107834
160,3,0.6300030946731567,0.793953001499176,-1.0691825151443481,0.704974889755249,0.5641628503799438,-0.14146652817726135
160,4,0.6968655586242676,0.7703049778938293,-1.034711241722107,0.6963493227958679,0.5547677278518677,-0.1561896950006485
160,5,0.7072312235832214,0.7719454169273376,-1.034816026687622,0.6951113343238831,0.5509908199310303,-0.15622280538082123
160,6,0.7176608443260193,0.7733328938484192,-1.0354361534118652,0.6938938498497009,0.5472506880760193,-0.15639770030975342
160,7,0.5850666761398315,0.8386338353157043,-1.0072400569915771,0.7055912017822266,0.5558421611785889,-0.09455130994319916
160,8,0.7086951732635498,0.8083096742630005,-0.852594256401062,0.6902787685394287,0.5339716076850891,-0.15737217664718628
160,9,0.6743581295013428,0.7089948654174805,-0.96920245885849,0.6780857443809509,0.5662073493003845,-0.107920803129673
160,10,0.7100135087966919,0.692298948764801,-0.9248840808868408,0.6729143857955933,0.5582560896873474,-0.12656211853027344
160,11,0.380403071641922,0.751151978969574,-0.7224909067153931,0.6577176451683044,0.5506771206855774,-0.016499962657690048
160,12,0.7632135152816772,0.7006832361221313,-0.6530976295471191,0.6297597885131836,0.5176448822021484,-0.15242360532283783
160,13,0.1857180893421173,0.43581533432006836,-0.7782318592071533,0.56629478931427,0.563195526599884,-0.005334538873285055
160,14,0.8175811767578125,0.401215136051178,-0.5034303069114685,0.5512533187866211,0.5448059439659119,-0.20465891063213348
160,15,0.114041268825531,0.626897394657135,-0.983206570148468,0.6200475096702576,0.5944805145263672,-0.09948859363794327
160,16,0.8266216516494751,0.5195155143737793,-0.6045541167259216,0.6288174390792847,0.6358779072761536,-0.2595265805721283
160,17,0.09429004788398743,0.6865811347961426,-1.0216014385223389,0.6402119398117065,0.6008340716362,-0.11472833156585693
160,18,0.8354973793029785,0.5734009742736816,-0.6388853192329407,0.6478506922721863,0.6623806953430176,-0.28859877586364746
160,19,0.08668753504753113,0.719994306564331,-1.0429052114486694,0.6465529799461365,0.6102741956710815,-0.12952367961406708
160,20,0.8419718146324158,0.601545512676239,-0.6247928738594055,0.6633222699165344,0.6509895920753479,-0.2840317487716675
160,21,0.11462721228599548,0.7070856690406799,-0.9974154829978943,0.6380090713500977,0.606962263584137,-0.10610191524028778
160,22,0.8203583359718323,0.5787891149520874,-0.6030827760696411,0.6557742357254028,0.6420930027961731,-0.2585989832878113
160,23,0.369843453168869,0.18648380041122437,-0.0500270277261734,0.4353729486465454,0.5381277799606323,0.06419132649898529
160,24,0.5749341249465942,0.16366825997829437,0.05083930119872093,0.4224430322647095,0.5199857354164124,-0.06425584107637405
160,25,0.39354342222213745,0.042279452085494995,0.7411279082298279,0.26693862676620483,0.6366127729415894,-0.0758059173822403
160,26,0.5818118453025818,0.058437880128622055,0.7927575707435608,0.24518577754497528,0.5877364873886108,-0.17790742218494415
160,27,0.4424440264701843,-0.016415821388363838,1.5406187772750854,0.3579126000404358,0.5815961956977844,0.2215389758348465
160,28,0.5335333347320557,-0.008723564445972443,1.5908186435699463,0.28787338733673096,0.5726104974746704,0.07495646178722382
160,29,0.44033893942832947,0.001986242365092039,1.6243923902511597,0.3801005184650421,0.567936897277832,0.26005759835243225
160,30,0.5154361724853516,0.006862415000796318,1.6742476224899292,0.29981115460395813,0.5570308566093445,0.11171487718820572
160,31,0.4699796736240387,-0.11551376432180405,1.5467520952224731,0.3689097464084625,0.5772365927696228,0.34822967648506165
160,32,0.5246326923370361,-0.12737968564033508,1.6107940673828125,0.283128023147583,0.6039729714393616,0.18740631639957428
161,0,0.6058958768844604,0.6624398827552795,-1.2173200845718384,0.737987220287323,0.5190186500549316,0.22060680389404297
161,1,0.5896017551422119,0.7124627828598022,-1.2992247343063354,0.7714078426361084,0.49447470903396606,0.18757084012031555
161,2,0.5735764503479004,0.7181723713874817,-1.2993930578231812,0.7704107761383057,0.48934635519981384,0.1875278502702713
161,3,0.5575635433197021,0.7237951755523682,-1.300340175628662,0.7690703272819519,0.4845288395881653,0.1872854232788086
161,4,0.6497019529342651,0.7100005149841309,-1.260124921798706,0.7724697589874268,0.5102116465568542,0.17890769243240356
161,5,0.6761223077774048,0.7093183398246765,-1.2602218389511108,0.7722010612487793,0.514904260635376,0.1789044439792633
161,6,0.6892441511154175,0.745134711265564,-1.2607932090759277,0.7711390256881714,0.5221419334411621,0.178709015250206
161,7,0.5082473754882812,0.7843981981277466,-1.3124059438705444,0.7580413818359375,0.4798853397369385,0.08107158541679382
161,8,0.6761863827705383,0.7925471663475037,-1.1339867115020752,0.7576510906219482,0.5256473422050476,0.04063388332724571
161,9,0.5836706161499023,0.6815394759178162,-1.1812474727630615,0.7261193990707397,0.5139414072036743,0.1897333860397339
161,10,0.6254282593727112,0.6687119603157043,-1.1310551166534424,0.7266616225242615,0.528387725353241,0.1778908520936966
161,11,0.2958139479160309,0.6964030861854553,-0.9771110415458679,0.6659303307533264,0.4628821611404419,0.06769333779811859
161,12,0.6999731063842773,0.7680649161338806,-0.9035710096359253,0.7002968788146973,0.5888960361480713,-0.04852236434817314
161,13,0.10415229201316833,0.2346302568912506,-1.123732089996338,0.5734320282936096,0.449535995721817,0.07911387085914612
161,14,0.7322022914886475,0.491449236869812,-0.7071826457977295,0.6601473093032837,0.6525624990463257,-0.13191217184066772
161,15,0.12603893876075745,0.6106499433517456,-1.3946831226348877,0.5466343760490417,0.47205236554145813,0.015258069150149822
161,16,0.7521219253540039,0.628889262676239,-0.7492422461509705,0.7031862735748291,0.7108704447746277,-0.19489507377147675
161,17,0.1402955949306488,0.6973556280136108,-1.441827654838562,0.5407676100730896,0.47476452589035034,0.01022448018193245
161,18,0.7639796733856201,0.6752281785011292,-0.7724738717079163,0.720828652381897,0.7272636890411377,-0.2243623435497284
161,19,0.11767831444740295,0.7285389304161072,-1.4411523342132568,0.5410416126251221,0.4839620292186737,-0.014153894037008286
161,20,0.7703016400337219,0.6975862383842468,-0.7743441462516785,0.7232984304428101,0.7143905162811279,-0.21562284231185913
161,21,0.14627927541732788,0.6900563836097717,-1.3987561464309692,0.5432397723197937,0.4870730936527252,0.004904459230601788
161,22,0.7485576868057251,0.678377628326416,-0.7535703778266907,0.7212200164794922,0.7106115221977234,-0.19490328431129456
161,23,0.32598280906677246,0.1750471591949463,-0.07586424797773361,0.46925896406173706,0.5006008148193359,0.050426095724105835
161,24,0.5726198554039001,0.21569201350212097,0.0771583765745163,0.4812404215335846,0.5605011582374573,-0.05080439895391464
161,25,0.3925752341747284,-0.08934659510850906,0.572760820388794,0.2953570783138275,0.5884371399879456,-0.0576733835041523
161,26,0.6359331607818604,-0.028188586235046387,0.7308464646339417,0.4008939862251282,0.6076732277870178,-0.20608855783939362
161,27,0.5047348141670227,-0.08587118983268738,1.5962074995040894,0.29821330308914185,0.5742006897926331,0.14291271567344666
161,28,0.5825627446174622,-0.049955397844314575,1.680840015411377,0.5115273594856262,0.6500799655914307,-0.02868868224322796
161,29,0.5016598701477051,-0.050003208220005035,1.7089015245437622,0.3072934150695801,0.5653173327445984,0.16608533263206482
161,30,0.5577325224876404,-0.030315399169921875,1.7862592935562134,0.5268887877464294,0.6469427943229675,-0.0027958378195762634
161,31,0.5860822796821594,-0.1909264773130417,1.6981534957885742,0.28333228826522827,0.5849361419677734,0.18820860981941223
161,32,0.5998285412788391,-0.15600240230560303,1.7749444246292114,0.5485380291938782,0.6802037954330444,0.029795832931995392
162,0,0.6624636650085449,0.6235036253929138,-0.8048437833786011,0.7653123140335083,0.5151932239532471,0.31611746549606323
162,1,0.6647550463676453,0.6752272248268127,-0.8821040987968445,0.7757181525230408,0.5026972889900208,0.28682324290275574
162,2,0.6522938013076782,0.6838964223861694,-0.8823029398918152,0.7754261493682861,0.49891039729118347,0.28677886724472046
162,3,0.6397395133972168,0.6923791766166687,-0.8832963109016418,0.7745898365974426,0.4958066940307617,0.286588579416275
162,4,0.691556990146637,0.6692715883255005,-0.8418644666671753,0.7749049663543701,0.5154021382331848,0.281187504529953
162,5,0.6998116970062256,0.671918511390686,-0.8417321443557739,0.7743135094642639,0.519301176071167,0.28118088841438293
162,6,0.7080740928649902,0.6744007468223572,-0.8422746658325195,0.7772705554962158,0.5255131721496582,0.28100043535232544
162,7,0.6336621046066284,0.748684287071228,-0.9602547287940979,0.7653448581695557,0.49164095520973206,0.17667177319526672
162,8,0.7026486992835999,0.7197272181510925,-0.7758343815803528,0.7478278875350952,0.5522217750549316,0.1482303887605667
162,9,0.6399693489074707,0.6421568393707275,-0.7991925477981567,0.7524113655090332,0.5099402666091919,0.28177937865257263
162,10,0.6751160025596619,0.6244269609451294,-0.7464038729667664,0.7365561723709106,0.5347141623497009,0.2733161747455597
162,11,0.37016740441322327,0.7269831299781799,-0.6931564807891846,0.6751695871353149,0.4672953188419342,0.1258358657360077
162,12,0.733074426651001,0.7065808773040771,-0.606761634349823,0.7112338542938232,0.5973977446556091,0.04507443681359291
162,13,0.16491197049617767,0.39308422803878784,-0.8266274333000183,0.5851792097091675,0.44334739446640015,0.11261008679866791
162,14,0.787483811378479,0.47931376099586487,-0.05197727680206299,0.6705081462860107,0.659426748752594,-0.0386982336640358
162,15,0.16567814350128174,0.596892774105072,-1.1275441646575928,0.5471771955490112,0.4599742293357849,0.06247228756546974
162,16,0.7942625284194946,0.4739697277545929,0.37118279933929443,0.7270221710205078,0.7129104137420654,-0.0964050218462944
162,17,0.17366331815719604,0.6667503118515015,-1.1780517101287842,0.539421796798706,0.460328608751297,0.059837326407432556
162,18,0.7993559837341309,0.4714535176753998,0.4280591607093811,0.7466859221458435,0.7314134836196899,-0.12200383096933365
162,19,0.16745086014270782,0.7014068961143494,-1.1889679431915283,0.5416159629821777,0.459703266620636,0.0311606265604496
162,20,0.7977926731109619,0.5003088116645813,0.39374732971191406,0.7535029649734497,0.7216475009918213,-0.1103721335530281
162,21,0.20792841911315918,0.6847940683364868,-1.1406514644622803,0.5409411787986755,0.47428855299949646,0.05131520330905914
162,22,0.7837594747543335,0.49628177285194397,0.3675270676612854,0.7427901029586792,0.7127853035926819,-0.0943344309926033
162,23,0.3314307928085327,0.2620539367198944,-0.08791390061378479,0.4987770915031433,0.5001521706581116,0.03998047858476639
162,24,0.5471927523612976,0.21808117628097534,0.08944705128669739,0.520982563495636,0.559119462966919,-0.04024050757288933
162,25,0.37569594383239746,-0.04005001485347748,0.3131968080997467,0.34995007514953613,0.5771554708480835,0.000566919450648129
162,26,0.5867354869842529,-0.03061194345355034,0.5208254456520081,0.5383868217468262,0.5934167504310608,-0.2786698341369629
162,27,0.42525577545166016,-0.1509537398815155,1.295977234840393,0.2970941960811615,0.5324487090110779,0.08176197856664658
162,28,0.5275400876998901,-0.1672908365726471,1.3583818674087524,0.6268687844276428,0.6257658004760742,-0.3590530455112457
162,29,0.42011016607284546,-0.1336110532283783,1.4016883373260498,0.2979467511177063,0.5227309465408325,0.08773570507764816
162,30,0.4933323264122009,-0.15264949202537537,1.4451884031295776,0.6272889375686646,0.6294794082641602,-0.36344024538993835
162,31,0.447238028049469,-0.28209996223449707,1.3860219717025757,0.26627516746520996,0.5243120193481445,0.0658557191491127
162,32,0.526398777961731,-0.32660600543022156,1.3787897825241089,0.685011625289917,0.6377673745155334,-0.40530091524124146
163,0,0.6237539649009705,0.6826935410499573,-0.5097573399543762,0.7659876346588135,0.5118657350540161,0.3030948340892792
163,1,0.6572411060333252,0.7184114456176758,-0.5542301535606384,0.7766109704971313,0.5044633150100708,0.2692822217941284
163,2,0.6416235566139221,0.7610254287719727,-0.5542992353439331,0.7759685516357422,0.5007054805755615,0.26921719312667847
163,3,0.6382103562355042,0.7670453786849976,-0.5549116134643555,0.7757555246353149,0.4958166778087616,0.2690182626247406
163,4,0.6454163789749146,0.7216571569442749,-0.5234861969947815,0.7775709629058838,0.5156223773956299,0.2691996693611145
163,5,0.6527765989303589,0.7206211686134338,-0.5233125686645508,0.7769172787666321,0.5210606455802917,0.2692273259162903
163,6,0.660129725933075,0.7197337746620178,-0.5238283276557922,0.7764235138893127,0.5250418186187744,0.26909101009368896
163,7,0.5575059056282043,0.7754324078559875,-0.5692836046218872,0.7664110660552979,0.4953104257583618,0.15818612277507782
163,8,0.6492517590522766,0.7344917058944702,-0.4218355417251587,0.7681022882461548,0.5303701162338257,0.15739789605140686
163,9,0.6167562007904053,0.6965276598930359,-0.4914027452468872,0.7454002499580383,0.5090934634208679,0.2708357870578766
163,10,0.6122294664382935,0.6611720323562622,-0.4495302736759186,0.7467765212059021,0.522909939289093,0.2708616852760315
163,11,0.3459397554397583,0.6820680499076843,-0.3985544741153717,0.6897220611572266,0.47144845128059387,0.1138996034860611
163,12,0.6716055870056152,0.6468248963356018,-0.30169177055358887,0.711860179901123,0.592695951461792,0.0766882449388504
163,13,0.16143667697906494,0.34413623809814453,-0.5193058252334595,0.5862723588943481,0.4468795359134674,0.09136447310447693
163,14,0.6954313516616821,0.4325910210609436,-0.2483818680047989,0.654502809047699,0.6587467789649963,-0.030407879501581192
163,15,0.13677477836608887,0.5897546410560608,-0.7877151966094971,0.5785797238349915,0.4756002426147461,0.07298275083303452
163,16,0.6969746351242065,0.6106229424476624,-0.28326860070228577,0.7150939702987671,0.6915045380592346,-0.12240634858608246
163,17,0.12681815028190613,0.6590127944946289,-0.835237443447113,0.5764343738555908,0.47934767603874207,0.06159411743283272
163,18,0.7040611505508423,0.6557062268257141,-0.28495392203330994,0.7325201630592346,0.7149959802627563,-0.13999894261360168
163,19,0.1079428493976593,0.6896397471427917,-0.851502537727356,0.5837623476982117,0.493437260389328,0.059733275324106216
163,20,0.7482190728187561,0.708007276058197,-0.2845626473426819,0.733426570892334,0.694602370262146,-0.13319039344787598
163,21,0.13626495003700256,0.67626953125,-0.8024396300315857,0.5848138332366943,0.4960722327232361,0.07171475142240524
163,22,0.6856600046157837,0.6580725908279419,-0.2871125042438507,0.7317385077476501,0.6928132176399231,-0.12338011711835861
163,23,0.32282447814941406,0.15381598472595215,-0.07726676762104034,0.4985417127609253,0.5104953050613403,0.03135250136256218
163,24,0.5041319131851196,0.15704242885112762,0.07820163667201996,0.5075684189796448,0.5624414682388306,-0.03162407502532005
163,25,0.4087405204772949,0.11402939260005951,0.17546087503433228,0.3178088665008545,0.5788976550102234,-0.0891411229968071
163,26,0.658133327960968,0.30451953411102295,0.42804864048957825,0.3406139314174652,0.555180013179779,-0.1509898602962494
163,27,0.7324786186218262,0.4149724245071411,0.5700730085372925,0.34044259786605835,0.532390832901001,0.07775583118200302
163,28,0.807329535484314,0.5095033645629883,0.6880394816398621,0.35825973749160767,0.566299557685852,-0.02656828612089157
163,29,0.777747631072998,0.4617328643798828,0.6180304884910583,0.3522821366786957,0.5222811102867126,0.09843435883522034
163,30,0.8211991786956787,0.5275737047195435,0.718514621257782,0.361579954624176,0.5614015460014343,-0.006288908421993256
163,31,0.844771146774292,0.496940016746521,0.6064938902854919,0.33501216769218445,0.5247840881347656,0.13494239747524261
163,32,0.8349202871322632,0.6427750587463379,0.682243287563324,0.3646990656852722,0.5846137404441833,0.020344655960798264
164,0,0.7254159450531006,0.6799725890159607,-1.033552646636963,0.72477787733078,0.5203372240066528,0.18545985221862793
164,1,0.7387230396270752,0.730854868888855,-1.0636322498321533,0.7354463934898376,0.515407383441925,0.1600571870803833
164,2,0.7289533615112305,0.7414939999580383,-1.0635461807250977,0.734849214553833,0.5133286118507385,0.1599060744047165
164,3,0.71909499168396,0.7519720792770386,-1.0641038417816162,0.7341904640197754,0.5112884640693665,0.15972565114498138
164,4,0.7578397393226624,0.7108288407325745,-1.0475059747695923,0.7376598119735718,0.5226700901985168,0.16016164422035217
164,5,0.7636623382568359,0.7050356864929199,-1.047553300857544,0.7385746836662292,0.5256332755088806,0.1601015329360962
164,6,0.7694803476333618,0.6993675231933594,-1.0479319095611572,0.7394577264785767,0.5285976529121399,0.1599084883928299
164,7,0.6790990829467773,0.7751136422157288,-1.005590558052063,0.728054404258728,0.5125267505645752,0.09300282597541809
164,8,0.7636574506759644,0.7230541706085205,-0.9238771796226501,0.7356248497962952,0.5398972034454346,0.09407741576433182
164,9,0.7116625905036926,0.704867422580719,-0.9910818338394165,0.7121981382369995,0.5216792821884155,0.1678038239479065
164,10,0.7171450257301331,0.6668322086334229,-0.9674108028411865,0.7142603397369385,0.5295551419258118,0.16830796003341675
164,11,0.42341554164886475,0.7224037647247314,-0.7731838226318359,0.6597892045974731,0.5242267847061157,0.08385591208934784
164,12,0.712725043296814,0.6155527830123901,-0.7547551989555359,0.681470513343811,0.5585846900939941,0.018097124993801117
164,13,0.2586677670478821,0.44121718406677246,-0.8816753029823303,0.5690093040466309,0.4618489444255829,0.03409827873110771
164,14,0.7074233293533325,0.41070204973220825,-0.6911452412605286,0.6050457954406738,0.5636627674102783,-0.1298215687274933
164,15,0.2344408631324768,0.582638680934906,-1.0754594802856445,0.545258641242981,0.45078277587890625,-0.05163055285811424
164,16,0.7405911684036255,0.5738106966018677,-0.6640516519546509,0.6250033378601074,0.6024806499481201,-0.3112393319606781
164,17,0.22356991469860077,0.6360380053520203,-1.1100666522979736,0.5371445417404175,0.44886326789855957,-0.07502799481153488
164,18,0.7558150291442871,0.6177552938461304,-0.6678493618965149,0.6311137676239014,0.6151615381240845,-0.34437477588653564
164,19,0.22301362454891205,0.6778043508529663,-1.1435296535491943,0.546942949295044,0.4588913917541504,-0.08579603582620621
164,20,0.7611662149429321,0.6325289011001587,-0.6590962409973145,0.6392784118652344,0.6052231788635254,-0.3366287350654602
164,21,0.23899486660957336,0.6530295610427856,-1.095360517501831,0.5463876128196716,0.4642001986503601,-0.05829380452632904
164,22,0.7423956394195557,0.623334527015686,-0.6609511375427246,0.6360781192779541,0.6001759767532349,-0.3133430480957031
164,23,0.3563830852508545,0.2740679383277893,-0.0476054921746254,0.46307146549224854,0.5465636849403381,0.06732639670372009
164,24,0.5006911158561707,0.24011585116386414,0.048178404569625854,0.4809407591819763,0.5376274585723877,-0.06761667132377625
164,25,0.41488778591156006,0.2198365330696106,0.2343856692314148,0.28973835706710815,0.6209930777549744,-0.07058966904878616
164,26,0.5909985899925232,0.2692495584487915,0.4372915029525757,0.44594913721084595,0.5235496759414673,-0.38183966279029846
164,27,0.6405378580093384,0.41683751344680786,0.6205768585205078,0.2767859101295471,0.5407298803329468,0.14282266795635223
164,28,0.7180194854736328,0.4532560706138611,0.8965775370597839,0.3329426348209381,0.5354659557342529,-0.2949988543987274
164,29,0.6673239469528198,0.4522222578525543,0.6674142479896545,0.2875083088874817,0.525779128074646,0.16480089724063873
164,30,0.7215120792388916,0.49182945489883423,0.9546195268630981,0.3276079297065735,0.5174901485443115,-0.27864396572113037
164,31,0.7214991450309753,0.45518624782562256,0.6987294554710388,0.24131129682064056,0.5333737730979919,0.16677625477313995
164,32,0.7712846994400024,0.4512769877910614,1.0403006076812744,0.29057997465133667,0.5631662607192993,-0.2922883927822113
165,0,0.5778688192367554,0.6133645176887512,-1.3240492343902588,0.7488232851028442,0.5264632701873779,0.22678214311599731
165,1,0.5694906711578369,0.6675084829330444,-1.3996835947036743,0.7621772289276123,0.5233284831047058,0.20581050217151642
165,2,0.5540753602981567,0.6764086484909058,-1.3998032808303833,0.7621973752975464,0.5221080183982849,0.2057337909936905
165,3,0.5387177467346191,0.685165286064148,-1.4007797241210938,0.7621784210205078,0.5211154818534851,0.20561690628528595
165,4,0.6068410873413086,0.662691593170166,-1.3612592220306396,0.7625012397766113,0.5281866192817688,0.22128410637378693
165,5,0.6187244653701782,0.6669425964355469,-1.361464500427246,0.7626432776451111,0.5299638509750366,0.22128494083881378
165,6,0.6306257843971252,0.6710134744644165,-1.362045407295227,0.7626186609268188,0.5317744016647339,0.22115862369537354
165,7,0.4973261058330536,0.757857620716095,-1.3809212446212769,0.7585293650627136,0.5266785025596619,0.1388268917798996
165,8,0.6369360089302063,0.7304089665412903,-1.208274483680725,0.7564811706542969,0.5411065220832825,0.2080136239528656
165,9,0.5325376987457275,0.6301459670066833,-1.278504729270935,0.7404853105545044,0.5295361280441284,0.20669186115264893
165,10,0.574586808681488,0.620333194732666,-1.2300230264663696,0.7394955158233643,0.5315407514572144,0.22685930132865906
165,11,0.2831507921218872,0.7099979519844055,-1.0430561304092407,0.6950218081474304,0.5409058928489685,0.06992899626493454
165,12,0.6944379806518555,0.736834704875946,-0.9764291644096375,0.6949693560600281,0.5629809498786926,0.18351010978221893
165,13,0.09624132513999939,0.23182862997055054,-1.2210224866867065,0.5820804834365845,0.5131717920303345,-0.007848705165088177
165,14,0.6961154341697693,0.46749407052993774,-0.9412018060684204,0.596208930015564,0.5449867844581604,0.08985353261232376
165,15,0.15630753338336945,0.5956714153289795,-1.4915367364883423,0.5127845406532288,0.48564743995666504,-0.08008422702550888
165,16,0.7391186356544495,0.6474500298500061,-1.1876912117004395,0.59814453125,0.5547907948493958,-0.07408751547336578
165,17,0.146896630525589,0.6739673018455505,-1.5441322326660156,0.4788544774055481,0.4856734573841095,-0.09974820911884308
165,18,0.7795072793960571,0.7291050553321838,-1.2507528066635132,0.5943754315376282,0.5642961263656616,-0.09383858740329742
165,19,0.15136384963989258,0.7144821286201477,-1.5383542776107788,0.4818151295185089,0.4838391840457916,-0.10355886816978455
165,20,0.7645063996315002,0.7110253572463989,-1.2221429347991943,0.6028686761856079,0.550991415977478,-0.09847424179315567
165,21,0.14464174211025238,0.6823551058769226,-1.4941668510437012,0.49384695291519165,0.48620307445526123,-0.08085764944553375
165,22,0.7379910349845886,0.6922622919082642,-1.1862587928771973,0.6045911312103271,0.5476225018501282,-0.08139404654502869
165,23,0.2966957092285156,0.24596035480499268,-0.060971949249506,0.5067719221115112,0.5457077622413635,0.0121076051145792
165,24,0.5227296948432922,0.23270922899246216,0.06226764991879463,0.5096570253372192,0.5510808825492859,-0.012350548058748245
165,25,0.34891682863235474,-0.015107139945030212,0.7496432065963745,0.32894977927207947,0.599928081035614,-0.07690072059631348
165,26,0.5911680459976196,-0.028445877134799957,0.8253761529922485,0.36744558811187744,0.5438734292984009,-0.09715648740530014
165,27,0.43514126539230347,-0.08165402710437775,1.7749443054199219,0.3224340081214905,0.5476774573326111,-0.06624747812747955
165,28,0.5495483875274658,-0.056020211428403854,1.796594500541687,0.3094378709793091,0.5593758225440979,-0.17547187209129333
165,29,0.4311666488647461,-0.05317287519574165,1.8858460187911987,0.3317941725254059,0.532829225063324,-0.0658927783370018
165,30,0.5291393995285034,-0.02967015653848648,1.8990870714187622,0.3073306083679199,0.5597946643829346,-0.1809067726135254
165,31,0.497888445854187,-0.21635225415229797,1.801029086112976,0.286895215511322,0.5537917613983154,-0.11398755759000778
165,32,0.5424314737319946,-0.17325395345687866,1.78866446018219,0.27184295654296875,0.5783528685569763,-0.2508561909198761
166,0,0.702640175819397,0.627206563949585,-0.9529873132705688,0.6893889307975769,0.5484843850135803,-0.35312849283218384
166,1,0.7030575275421143,0.667599081993103,-1.0426567792892456,0.7122182250022888,0.5529781579971313,-0.3568785488605499
166,2,0.6969989538192749,0.6766736507415771,-1.0427788496017456,0.7151073217391968,0.5564450621604919,-0.35694289207458496
166,3,0.6760025024414062,0.6896353960037231,-1.0437359809875488,0.7170789241790771,0.5638045072555542,-0.35711196064949036
166,4,0.7351361513137817,0.6557167768478394,-0.9794310331344604,0.6979721784591675,0.537371814250946,-0.36317166686058044
166,5,0.7400516271591187,0.6587722301483154,-0.9793276190757751,0.6971970796585083,0.5342774391174316,-0.3632150888442993
166,6,0.7451839447021484,0.6626922488212585,-0.9797666668891907,0.6970645189285278,0.5309810638427734,-0.3633376359939575
166,7,0.6576051712036133,0.7551941871643066,-1.1607134342193604,0.7187039852142334,0.5651962757110596,-0.27311643958091736
166,8,0.7295998334884644,0.7330394983291626,-0.8676512241363525,0.6936951875686646,0.5234179496765137,-0.2964800000190735
166,9,0.6630818843841553,0.6528564095497131,-0.9612194895744324,0.6747781038284302,0.5639111995697021,-0.3106285631656647
166,10,0.6789158582687378,0.6416822671890259,-0.8771349787712097,0.6682908535003662,0.5432157516479492,-0.31723055243492126
166,11,0.3191738426685333,0.7222763895988464,-0.8682588338851929,0.660316526889801,0.6059218645095825,-0.15999655425548553
166,12,0.7059726715087891,0.7501656413078308,-0.718238890171051,0.6172447800636292,0.49443334341049194,-0.24732130765914917
166,13,0.14143522083759308,0.3259161710739136,-0.9981635212898254,0.517357349395752,0.5837243795394897,-0.10888539999723434
166,14,0.7411462068557739,0.4713324308395386,-0.1324271261692047,0.48605355620384216,0.5239401459693909,-0.26759809255599976
166,15,0.13076269626617432,0.5559026002883911,-1.3018295764923096,0.49399492144584656,0.5272642970085144,-0.16068267822265625
166,16,0.7263884544372559,0.3915555477142334,0.2800864577293396,0.5829532742500305,0.5537657141685486,-0.353904128074646
166,17,0.10647109150886536,0.6253782510757446,-1.369009256362915,0.4849195182323456,0.5134629011154175,-0.16732677817344666
166,18,0.70540452003479,0.3671448230743408,0.3276662826538086,0.6085628271102905,0.5618051290512085,-0.3814173638820648
166,19,0.11338812112808228,0.654928982257843,-1.3902450799942017,0.47981563210487366,0.5026291608810425,-0.18818014860153198
166,20,0.7018570303916931,0.3715037703514099,0.2781878709793091,0.6272519826889038,0.5371728539466858,-0.38523808121681213
166,21,0.14782235026359558,0.635479748249054,-1.3204607963562012,0.5035520195960999,0.5010865330696106,-0.16493187844753265
166,22,0.7085433006286621,0.39856433868408203,0.271634966135025,0.6183047890663147,0.5399504899978638,-0.3575074374675751
166,23,0.29896730184555054,0.2506934404373169,-0.1302609145641327,0.4308018386363983,0.5616087317466736,0.06561177968978882
166,24,0.5279465913772583,0.254519522190094,0.1318501979112625,0.41912367939949036,0.5119644999504089,-0.06578609347343445
166,25,0.4364626109600067,0.02774912118911743,0.37769144773483276,0.25221315026283264,0.5966593623161316,0.045627325773239136
166,26,0.640476405620575,0.12156142294406891,0.7403101325035095,0.30201393365859985,0.572367250919342,-0.1512845754623413
166,27,0.5591480731964111,0.07119794189929962,1.4117130041122437,0.28777065873146057,0.545821487903595,0.36807602643966675
166,28,0.6294937133789062,0.08276957273483276,1.5461097955703735,0.3811316192150116,0.5540429949760437,0.19735978543758392
166,29,0.5584741234779358,0.1084333211183548,1.5270239114761353,0.3034435510635376,0.536435067653656,0.40944427251815796
166,30,0.6058992743492126,0.09936906397342682,1.6370739936828613,0.39784541726112366,0.5439478158950806,0.24840147793293
166,31,0.6207709312438965,0.002647578716278076,1.5586891174316406,0.2590973377227783,0.5555063486099243,0.5102059245109558
166,32,0.6451541185379028,-0.006462156772613525,1.6137193441390991,0.3748115599155426,0.5763716101646423,0.39751139283180237
167,0,0.6760691404342651,0.6488056778907776,-0.8352795243263245,0.6806971430778503,0.5349196195602417,-0.09221118688583374
167,1,0.6853556632995605,0.699687123298645,-0.9077901244163513,0.7018753886222839,0.5327914357185364,-0.11405924707651138
167,2,0.6617450714111328,0.7190207242965698,-0.90794438123703,0.7030163407325745,0.5356119275093079,-0.11417829990386963
167,3,0.6494073867797852,0.7270475625991821,-0.9089494347572327,0.704075813293457,0.5384700894355774,-0.1143873929977417
167,4,0.6964386701583862,0.691207766532898,-0.844660222530365,0.7005723714828491,0.5286349058151245,-0.09780248254537582
167,5,0.7116391658782959,0.7266841530799866,-0.8442776203155518,0.7007594108581543,0.5280097126960754,-0.09778545796871185
167,6,0.7169898748397827,0.7302034497261047,-0.8447902202606201,0.700951337814331,0.5274273157119751,-0.0979430228471756
167,7,0.5950172543525696,0.7845775485038757,-0.9974021315574646,0.7053512334823608,0.5567898154258728,-0.13775722682476044
167,8,0.7207567691802979,0.7506449222564697,-0.7107316851615906,0.7009356617927551,0.5379864573478699,-0.06416013836860657
167,9,0.6376907825469971,0.6654167771339417,-0.843354344367981,0.6737425327301025,0.5396257042884827,-0.09196733683347702
167,10,0.6475958824157715,0.6567021012306213,-0.7600581049919128,0.660988450050354,0.5333247780799866,-0.0708930492401123
167,11,0.3026747703552246,0.7079174518585205,-0.7296646237373352,0.6372005939483643,0.5969171524047852,-0.1334192305803299
167,12,0.6930172443389893,0.7218869924545288,-0.5822828412055969,0.6315782070159912,0.5120912194252014,-0.031525395810604095
167,13,0.14183327555656433,0.31227657198905945,-0.6992618441581726,0.49588584899902344,0.580788254737854,-0.1538579761981964
167,14,0.7397551536560059,0.4430907368659973,-0.23529191315174103,0.5215106010437012,0.5312659740447998,-0.12178792804479599
167,15,0.08872050046920776,0.5092012286186218,-0.8164792656898499,0.4365212917327881,0.5165753364562988,-0.17489035427570343
167,16,0.7113147974014282,0.3491966128349304,-0.11056090891361237,0.5596662759780884,0.5202950239181519,-0.33170270919799805
167,17,0.05926775932312012,0.5501132011413574,-0.8614498376846313,0.4111386239528656,0.5073177218437195,-0.19022579491138458
167,18,0.6862477660179138,0.31363725662231445,-0.11720500141382217,0.5663633942604065,0.5214268565177917,-0.35893961787223816
167,19,0.05627429485321045,0.6244757175445557,-0.9025548100471497,0.4161778390407562,0.4972193241119385,-0.19693651795387268
167,20,0.6761848330497742,0.3279149532318115,-0.1586041897535324,0.5790385603904724,0.5068192481994629,-0.37426552176475525
167,21,0.08837252855300903,0.5988919734954834,-0.8381563425064087,0.42725637555122375,0.49986639618873596,-0.17278222739696503
167,22,0.6915780901908875,0.3560418486595154,-0.1307358741760254,0.5759363770484924,0.5077367424964905,-0.3429325222969055
167,23,0.30042675137519836,0.2919827401638031,-0.08299867808818817,0.41097205877304077,0.5659272074699402,0.016433285549283028
167,24,0.5398334860801697,0.2508223056793213,0.0840785801410675,0.40845900774002075,0.5207276940345764,-0.016560843214392662
167,25,0.35902178287506104,-0.0010892152786254883,0.5310356616973877,0.2288474440574646,0.631066620349884,-0.13638339936733246
167,26,0.6228526830673218,0.03743767738342285,0.8021003603935242,0.23236961662769318,0.5579360127449036,-0.15069882571697235
167,27,0.44584450125694275,-0.047247111797332764,1.4981322288513184,0.29825955629348755,0.5648024082183838,0.22857524454593658
167,28,0.5543632507324219,-0.03823937475681305,1.551421880722046,0.2862668037414551,0.5548118948936462,0.16080263257026672
167,29,0.4424838721752167,-0.01040533185005188,1.60476815700531,0.3185553252696991,0.555596113204956,0.27183085680007935
167,30,0.5211257934570312,-0.015961110591888428,1.6305115222930908,0.30233728885650635,0.5574911236763,0.2015887051820755
167,31,0.4856242537498474,-0.18662939965724945,1.562084674835205,0.28690028190612793,0.5521427392959595,0.34094902873039246
167,32,0.5541696548461914,-0.17410807311534882,1.5223160982131958,0.2722432613372803,0.5746362209320068,0.2763272523880005
168,0,0.6400063037872314,0.5808632373809814,-0.879013180732727,0.6904376745223999,0.5310506820678711,-0.16847768425941467
168,1,0.6573993563652039,0.6116939783096313,-0.9777401685714722,0.7071508169174194,0.5398438572883606,-0.18066629767417908
168,2,0.6505975127220154,0.6252539157867432,-0.9776760339736938,0.7081530690193176,0.5453681945800781,-0.1808195263147354
168,3,0.6437146663665771,0.6385652422904968,-0.9783116579055786,0.709043025970459,0.5508726835250854,-0.18100105226039886
168,4,0.6710647344589233,0.5920037031173706,-0.9325389266014099,0.7059694528579712,0.5293057560920715,-0.16060510277748108
168,5,0.6734743118286133,0.5902859568595886,-0.9323393106460571,0.7060721516609192,0.5265269875526428,-0.16056278347969055
168,6,0.6759663820266724,0.5885680913925171,-0.9326801300048828,0.7061809301376343,0.5237785577774048,-0.16068843007087708
168,7,0.6207934617996216,0.7414918541908264,-1.1257600784301758,0.7007315158843994,0.5617147088050842,-0.16398589313030243
168,8,0.6729362607002258,0.6800932288169861,-0.9174312949180603,0.7043458223342896,0.5428913831710815,-0.07556798309087753
168,9,0.5933626294136047,0.6253411173820496,-0.8961618542671204,0.6719590425491333,0.5473699569702148,-0.15485119819641113
168,10,0.6046613454818726,0.6005845665931702,-0.8370853066444397,0.6715440154075623,0.5420286655426025,-0.12877391278743744
168,11,0.3731481432914734,0.77597576379776,-0.9027345776557922,0.6474547386169434,0.6171894669532776,-0.1577124446630478
168,12,0.6328854560852051,0.6658423542976379,-0.7780333757400513,0.6294368505477905,0.5029398798942566,-0.009722293354570866
168,13,0.2310650497674942,0.4470919370651245,-0.9689738154411316,0.5209153890609741,0.6327407360076904,-0.18860027194023132
168,14,0.6351271867752075,0.39917421340942383,-0.588598370552063,0.4952680468559265,0.5205868482589722,0.029281625524163246
168,15,0.2787191867828369,0.6589491367340088,-1.1465498208999634,0.43162792921066284,0.5307105183601379,-0.23438134789466858
168,16,0.5564447641372681,0.46213316917419434,-0.6247127652168274,0.4315706193447113,0.5124810934066772,-0.033709410578012466
168,17,0.29502275586128235,0.7381787896156311,-1.2207907438278198,0.3998851776123047,0.5137221217155457,-0.25444504618644714
168,18,0.5460296869277954,0.47909975051879883,-0.678657591342926,0.40593191981315613,0.4961445927619934,-0.04148535802960396
168,19,0.27089715003967285,0.7742304801940918,-1.233641266822815,0.4047083854675293,0.501166045665741,-0.26178646087646484
168,20,0.5479357242584229,0.5091230273246765,-0.7002958059310913,0.4134863018989563,0.4815175235271454,-0.07837283611297607
168,21,0.28446418046951294,0.7421333193778992,-1.1558029651641846,0.4148898720741272,0.5047114491462708,-0.23194624483585358
168,22,0.5403631329536438,0.5083217024803162,-0.638310432434082,0.42240339517593384,0.48806333541870117,-0.04903131350874901
168,23,0.342205286026001,0.2958747148513794,-0.0835036039352417,0.4259833097457886,0.5835911631584167,0.018978135660290718
168,24,0.49045222997665405,0.24844393134117126,0.08473622798919678,0.43265849351882935,0.5171188116073608,-0.0190422460436821
168,25,0.47476568818092346,0.203159898519516,0.6599226593971252,0.26943841576576233,0.6283485293388367,-0.02787211164832115
168,26,0.5835908055305481,0.23421820998191833,0.8267256617546082,0.3975408971309662,0.5483845472335815,-0.3593151867389679
168,27,0.6220885515213013,0.18390506505966187,1.5452762842178345,0.24903476238250732,0.5603348612785339,0.2544901371002197
168,28,0.6726568937301636,0.20375463366508484,1.612666130065918,0.41732117533683777,0.5964173674583435,-0.15188643336296082
168,29,0.6250513792037964,0.20470532774925232,1.641302227973938,0.25476017594337463,0.5461572408676147,0.28751352429389954
168,30,0.6615035533905029,0.21491721272468567,1.694186806678772,0.4199477434158325,0.6028534173965454,-0.1210676059126854
168,31,0.7013838887214661,0.13286522030830383,1.582614779472351,0.21457989513874054,0.5618026256561279,0.3183571994304657
168,32,0.7274912595748901,0.1514972746372223,1.6077227592468262,0.420059472322464,0.6240428686141968,-0.07325860112905502
169,0,0.707286536693573,0.7115445137023926,-0.8513226509094238,0.6247631311416626,0.5514471530914307,-0.37125980854034424
169,1,0.7127354741096497,0.7567294239997864,-0.9244300723075867,0.6431741714477539,0.5611680150032043,-0.37842684984207153
169,2,0.7094829678535461,0.765950083732605,-0.9246453046798706,0.6460380554199219,0.5704649090766907,-0.3784547746181488
169,3,0.6933087706565857,0.7770678400993347,-0.9256402850151062,0.6485240459442139,0.5746710300445557,-0.3785814940929413
169,4,0.7413095235824585,0.7438538074493408,-0.8592827320098877,0.6412079334259033,0.5459108352661133,-0.375171035528183
169,5,0.745312511920929,0.745277464389801,-0.8590610027313232,0.6429619789123535,0.5439870357513428,-0.37524092197418213
169,6,0.7498475313186646,0.7477413415908813,-0.8595574498176575,0.6436697244644165,0.5335603356361389,-0.37537169456481934
169,7,0.6782513856887817,0.8202713131904602,-1.0005673170089722,0.66224205493927,0.5759949684143066,-0.3023611307144165
169,8,0.7367085218429565,0.7908136248588562,-0.6975409984588623,0.6534198522567749,0.5325935482978821,-0.2858864665031433
169,9,0.6704261302947998,0.7231754660606384,-0.8468008041381836,0.6191766262054443,0.561621367931366,-0.3301447629928589
169,10,0.6845539212226868,0.7103684544563293,-0.7602558732032776,0.6138055920600891,0.5416917204856873,-0.32565027475357056
169,11,0.3769280016422272,0.7804985046386719,-0.7382082939147949,0.6150195598602295,0.6132489442825317,-0.21472713351249695
169,12,0.6890314221382141,0.7512842416763306,-0.49365559220314026,0.604631245136261,0.49281665682792664,-0.2095208466053009
169,13,0.21018004417419434,0.3623996376991272,-0.7871132493019104,0.49676549434661865,0.6179673671722412,-0.2043713927268982
169,14,0.6711099147796631,0.4232839345932007,-0.049646440893411636,0.47021448612213135,0.5061355233192444,-0.18187052011489868
169,15,0.29988399147987366,0.6100946068763733,-0.9405112266540527,0.40954408049583435,0.5274651646614075,-0.25116416811943054
169,16,0.679149866104126,0.47005635499954224,0.21493932604789734,0.42333871126174927,0.5185040831565857,-0.21824605762958527
169,17,0.32785534858703613,0.68216472864151,-0.9728288054466248,0.38297128677368164,0.5145895481109619,-0.2590975761413574
169,18,0.671161949634552,0.48233944177627563,0.24820268154144287,0.40413984656333923,0.5177602171897888,-0.22889411449432373
169,19,0.3127143979072571,0.7492511868476868,-0.9729424715042114,0.3867329955101013,0.5092410445213318,-0.27089962363243103
169,20,0.6892025470733643,0.5194265842437744,0.22616010904312134,0.4115441143512726,0.5093425512313843,-0.25088027119636536
169,21,0.32314762473106384,0.7203831672668457,-0.9379032850265503,0.3994203507900238,0.5119703412055969,-0.25186628103256226
169,22,0.6808950901031494,0.5128097534179688,0.21014799177646637,0.418910950422287,0.5112972259521484,-0.22620877623558044
169,23,0.3108389675617218,0.2782624363899231,-0.10491608083248138,0.3933623135089874,0.5714534521102905,0.046518828719854355
169,24,0.5156652331352234,0.2679508328437805,0.10654307156801224,0.38528916239738464,0.5089806914329529,-0.04670386761426926
169,25,0.39360731840133667,-0.10987836122512817,0.057235632091760635,0.22932204604148865,0.6180843710899353,-0.0739668533205986
169,26,0.5814176797866821,-0.008550241589546204,0.5088949799537659,0.26551929116249084,0.543928325176239,-0.2220221906900406
169,27,0.40469861030578613,-0.26587873697280884,1.0699771642684937,0.2823098599910736,0.566180408000946,0.22385390102863312
169,28,0.48182445764541626,-0.31481239199638367,1.162553071975708,0.3295290768146515,0.5542358756065369,0.013259781524538994
169,29,0.38626959919929504,-0.2590053379535675,1.1835191249847412,0.29884031414985657,0.5592231750488281,0.26163622736930847
169,30,0.4446342885494232,-0.3291277289390564,1.2360751628875732,0.3412754535675049,0.5497968196868896,0.04805830121040344
169,31,0.4494248330593109,-0.4038086533546448,1.1870588064193726,0.26494690775871277,0.5639463067054749,0.33926865458488464
169,32,0.4774441719055176,-0.50127774477005,1.1588846445083618,0.3315320611000061,0.586068868637085,0.13207194209098816
170,0,0.7202911376953125,0.6752262115478516,-0.4610132873058319,0.6649487018585205,0.5709014534950256,-0.22220198810100555
170,1,0.7245471477508545,0.7247413992881775,-0.5282569527626038,0.6798012256622314,0.5758805871009827,-0.22001715004444122
170,2,0.7095789909362793,0.7366780638694763,-0.5285676121711731,0.6793239116668701,0.5827355980873108,-0.2200431525707245
170,3,0.705511212348938,0.7489441633224487,-0.5295307636260986,0.6796485185623169,0.5843970775604248,-0.2201748490333557
170,4,0.740397572517395,0.7135748267173767,-0.45971593260765076,0.6797994375228882,0.5697837471961975,-0.22182559967041016
170,5,0.745144248008728,0.7155722975730896,-0.45930683612823486,0.6811491250991821,0.5593546628952026,-0.22187381982803345
170,6,0.7503752708435059,0.7189980149269104,-0.45976272225379944,0.6817252039909363,0.556765079498291,-0.22198832035064697
170,7,0.6913298964500427,0.8079108595848083,-0.6269884705543518,0.6771635413169861,0.5799524784088135,-0.13786746561527252
170,8,0.7518078088760376,0.768546998500824,-0.2983587682247162,0.6769963502883911,0.5507155060768127,-0.14623859524726868
170,9,0.6710505485534668,0.6924830675125122,-0.47410282492637634,0.6498854160308838,0.5786970853805542,-0.18369711935520172
170,10,0.6971102356910706,0.6767942905426025,-0.37957054376602173,0.648759126663208,0.5623489618301392,-0.18607768416404724
170,11,0.3730338513851166,0.8019652962684631,-0.4397282898426056,0.613071620464325,0.6124857068061829,-0.07570330053567886
170,12,0.6841237545013428,0.7505285143852234,-0.22007690370082855,0.6005430221557617,0.502244770526886,-0.11125108599662781
170,13,0.17926228046417236,0.3543187975883484,-0.4537335932254791,0.4953489899635315,0.6046605706214905,-0.06728323549032211
170,14,0.6759783029556274,0.4276890158653259,-0.07706055045127869,0.4798727333545685,0.5078030228614807,-0.11228397488594055
170,15,0.13868853449821472,0.5747619271278381,-0.5710799694061279,0.4176885187625885,0.5304213166236877,-0.11547698080539703
170,16,0.6754476428031921,0.5065257549285889,-0.17035147547721863,0.39904123544692993,0.51896733045578,-0.12256816774606705
170,17,0.15563465654850006,0.6355679035186768,-0.5951917171478271,0.38392987847328186,0.5136232376098633,-0.11432646960020065
170,18,0.6711156964302063,0.5255069732666016,-0.191024050116539,0.3701747953891754,0.5108862519264221,-0.1322246491909027
170,19,0.13111987709999084,0.685086190700531,-0.6436030268669128,0.38607096672058105,0.5028060078620911,-0.13058312237262726
170,20,0.6853644847869873,0.5729148387908936,-0.20791120827198029,0.3733145296573639,0.5113131999969482,-0.13745872676372528
170,21,0.17047251760959625,0.6658415794372559,-0.5929443836212158,0.3987659513950348,0.5121685266494751,-0.11776167899370193
170,22,0.6733881831169128,0.5647832155227661,-0.1862368881702423,0.38282597064971924,0.5148969292640686,-0.12349313497543335
170,23,0.2856101989746094,0.24480043351650238,-0.14078311622142792,0.40220728516578674,0.5768120288848877,0.058381762355566025
170,24,0.49175772070884705,0.24485336244106293,0.1424034684896469,0.3961259126663208,0.5095807313919067,-0.058500874787569046
170,25,0.42473104596138,0.06583957374095917,-0.18331322073936462,0.29404228925704956,0.5985444188117981,-0.06516873091459274
170,26,0.7352335453033447,0.3399008512496948,0.5479373931884766,0.3260834813117981,0.5216498970985413,-0.2274957001209259
170,27,0.5093461275100708,-0.01597180962562561,0.5242723822593689,0.3182562291622162,0.5695143342018127,0.09424395859241486
170,28,0.588649570941925,0.09789226949214935,0.7275177240371704,0.44250938296318054,0.5993869304656982,-0.1281890869140625
170,29,0.4884611964225769,0.009465187788009644,0.6118242740631104,0.327654093503952,0.5670700669288635,0.11662325263023376
170,30,0.5313312411308289,0.08371655642986298,0.7520192861557007,0.45907914638519287,0.6000528931617737,-0.106565922498703
170,31,0.6234860420227051,-0.12625400722026825,0.6908434629440308,0.3042730689048767,0.5573368072509766,0.16127271950244904
170,32,0.6148169040679932,-0.027735814452171326,0.7483716011047363,0.475922554731369,0.6418948769569397,-0.07313361763954163
171,0,0.7175382971763611,0.7078732848167419,-0.48710134625434875,0.6620502471923828,0.5419133901596069,-0.21952500939369202
171,1,0.719645619392395,0.7534052729606628,-0.5590716600418091,0.6788982152938843,0.548665463924408,-0.22861488163471222
171,2,0.7112628221511841,0.7627349495887756,-0.5595580339431763,0.6774710416793823,0.5571064949035645,-0.22868730127811432
171,3,0.6983058452606201,0.7745020985603333,-0.5606796741485596,0.6769793629646301,0.5588251352310181,-0.22879764437675476
171,4,0.7381656169891357,0.723108172416687,-0.483467698097229,0.6801677942276001,0.5447755455970764,-0.21268779039382935
171,5,0.7515406608581543,0.7413745522499084,-0.48305273056030273,0.6818307638168335,0.5344916582107544,-0.2126881182193756
171,6,0.7568452954292297,0.7432995438575745,-0.48363161087036133,0.6820436716079712,0.533379316329956,-0.21279452741146088
171,7,0.6775559186935425,0.8237938284873962,-0.6539649963378906,0.6742990612983704,0.566038966178894,-0.1855362057685852
171,8,0.7443907260894775,0.7681501507759094,-0.2969552278518677,0.676449179649353,0.5333385467529297,-0.11582361161708832
171,9,0.6739931106567383,0.7231386303901672,-0.49324172735214233,0.64548659324646,0.5522598028182983,-0.19533567130565643
171,10,0.6962407231330872,0.7072893977165222,-0.3905946612358093,0.6444889307022095,0.5387534499168396,-0.1748836636543274
171,11,0.38048887252807617,0.8194789290428162,-0.4366747736930847,0.617942214012146,0.6187075972557068,-0.15132291615009308
171,12,0.7132542133331299,0.7546934485435486,-0.16429924964904785,0.6059713363647461,0.4952402710914612,-0.06739110499620438
171,13,0.11524859070777893,0.28799962997436523,-0.42758506536483765,0.5032878518104553,0.5972839593887329,-0.17373411357402802
171,14,0.6849570274353027,0.3815547823905945,0.10967172682285309,0.494151771068573,0.49300387501716614,-0.0428619384765625
171,15,0.12616609036922455,0.5540053844451904,-0.5436224937438965,0.4039332866668701,0.5167275071144104,-0.23363499343395233
171,16,0.6981425285339355,0.4898175597190857,0.16094447672367096,0.4008759558200836,0.49770036339759827,-0.1052929013967514
171,17,0.10386505722999573,0.6328285336494446,-0.5564101338386536,0.3713330328464508,0.5044866800308228,-0.24632960557937622
171,18,0.6948421001434326,0.5177831053733826,0.1715635508298874,0.371097207069397,0.4865737557411194,-0.12102831155061722
171,19,0.08605657517910004,0.6810060739517212,-0.5984464287757874,0.37615442276000977,0.4948635399341583,-0.2677844762802124
171,20,0.7125614881515503,0.5641630291938782,0.1573135107755661,0.3793143928050995,0.4754827618598938,-0.1432926058769226
171,21,0.11241886019706726,0.6311233043670654,-0.5594916343688965,0.3827606439590454,0.49726206064224243,-0.23724371194839478
171,22,0.7001751661300659,0.5513966679573059,0.15034396946430206,0.38989952206611633,0.48265963792800903,-0.1146131306886673
171,23,0.2632492780685425,0.2203432023525238,-0.1206318736076355,0.39638203382492065,0.5778564810752869,0.03485705703496933
171,24,0.5060542225837708,0.21811285614967346,0.12237735837697983,0.402383029460907,0.5034780502319336,-0.034913916140794754
171,25,0.2886046767234802,-0.1958787441253662,-0.11876652389764786,0.24127855896949768,0.6051127314567566,-0.021110443398356438
171,26,0.6074734926223755,-0.07125097513198853,0.4036976099014282,0.3144240379333496,0.5043289661407471,-0.2842640280723572
171,27,0.3284344971179962,-0.39336735010147095,0.878294825553894,0.24321891367435455,0.5579288601875305,0.1987103670835495
171,28,0.45948266983032227,-0.46206921339035034,0.938315212726593,0.396074503660202,0.5817258358001709,-0.10775689780712128
171,29,0.31597986817359924,-0.37559598684310913,0.9928804636001587,0.25121474266052246,0.5507998466491699,0.22576028108596802
171,30,0.4116608202457428,-0.4798281490802765,0.9957884550094604,0.40965935587882996,0.5901040434837341,-0.07975362986326218
171,31,0.3673715889453888,-0.5619862079620361,1.003551721572876,0.2137969732284546,0.552230179309845,0.2491222620010376
171,32,0.43747538328170776,-0.6699031591415405,0.8922522664070129,0.4107288420200348,0.6133653521537781,-0.05565914139151573
172,0,0.7266302108764648,0.7380404472351074,-0.030009055510163307,0.6735439300537109,0.5645501017570496,-0.20562119781970978
172,1,0.741057813167572,0.7769153118133545,-0.07305219769477844,0.6870287656784058,0.5668654441833496,-0.21422721445560455
172,2,0.7413887977600098,0.7810673713684082,-0.07300771027803421,0.6855894327163696,0.5744563341140747,-0.21428896486759186
172,3,0.7425447702407837,0.7845768928527832,-0.07325803488492966,0.6854254603385925,0.5757312774658203,-0.2144036889076233
172,4,0.7396074533462524,0.7707293033599854,-0.009434880688786507,0.6830650568008423,0.5639646053314209,-0.20715682208538055
172,5,0.7390251755714417,0.7707862854003906,-0.009433022700250149,0.682996928691864,0.5622180104255676,-0.2071785032749176
172,6,0.7521568536758423,0.7570197582244873,-0.009807968512177467,0.6841349601745605,0.552262008190155,-0.20735500752925873
172,7,0.7250485420227051,0.8076815605163574,-0.22643132507801056,0.6761658787727356,0.5720285773277283,-0.1832859069108963
172,8,0.7268533706665039,0.8003988265991211,0.06575367599725723,0.6780778765678406,0.5492263436317444,-0.15252356231212616
172,9,0.6991106271743774,0.7333439588546753,-0.09103252738714218,0.6562330722808838,0.5765095949172974,-0.187106192111969
172,10,0.7060546278953552,0.7434622049331665,-0.006107663735747337,0.6549941897392273,0.562251627445221,-0.17750591039657593
172,11,0.5616932511329651,0.763347864151001,-0.40281397104263306,0.6155501008033752,0.6187486052513123,-0.1246030330657959
172,12,0.5928540825843811,0.8371387720108032,0.15176092088222504,0.5963272452354431,0.4972597360610962,-0.11118589341640472
172,13,0.6686913371086121,0.49848347902297974,-0.3239121437072754,0.48530125617980957,0.5610643625259399,-0.08979090303182602
172,14,0.6912893652915955,0.5985352993011475,0.13615858554840088,0.4652102291584015,0.4991888403892517,-0.07441520690917969
172,15,0.7415974140167236,0.5592473745346069,0.07492461055517197,0.43153828382492065,0.5006738305091858,-0.12129873037338257
172,16,0.7060472369194031,0.5336260795593262,-0.06315844506025314,0.3968639373779297,0.48773878812789917,-0.10037737339735031
172,17,0.7562050223350525,0.5658423900604248,0.07373455911874771,0.40340664982795715,0.5030305981636047,-0.12304061651229858
172,18,0.7021788954734802,0.5049494504928589,-0.05186386778950691,0.3778277039527893,0.4750806987285614,-0.10876936465501785
172,19,0.7547822594642639,0.5925789475440979,0.07254093140363693,0.41770827770233154,0.4963267147541046,-0.1517065018415451
172,20,0.6967787742614746,0.5320048928260803,-0.08492189645767212,0.3811534345149994,0.47485435009002686,-0.13242262601852417
172,21,0.7455990314483643,0.5910356044769287,0.08600674569606781,0.4230407476425171,0.505153238773346,-0.12888361513614655
172,22,0.6940286159515381,0.54252028465271,-0.08043920248746872,0.38982826471328735,0.4836775064468384,-0.10912760347127914
172,23,0.29919785261154175,0.3582795262336731,-0.19453065097332,0.4084695279598236,0.572067141532898,0.04529409483075142
172,24,0.3389662206172943,0.429951936006546,0.1932191550731659,0.42253273725509644,0.5184799432754517,-0.04531716927886009
172,25,0.5424728989601135,0.3230750262737274,-0.4972551465034485,0.2314012497663498,0.5964288711547852,0.028411025181412697
172,26,0.6176272630691528,0.5829756259918213,0.3658212423324585,0.4268159866333008,0.5183112025260925,-0.1590901017189026
172,27,0.5461354851722717,0.35041719675064087,-0.52860426902771,0.30238237977027893,0.5630940794944763,0.17550349235534668
172,28,0.5869868993759155,0.5144200325012207,0.01473620068281889,0.568821907043457,0.5741941928863525,-0.0856185182929039
172,29,0.5096024870872498,0.36461275815963745,-0.5152426362037659,0.3167555034160614,0.555202841758728,0.19857347011566162
172,30,0.5571047067642212,0.49772632122039795,-0.01736651360988617,0.5791377425193787,0.5819498896598816,-0.0639302134513855
172,31,0.678506076335907,0.3444426655769348,-0.3762124180793762,0.30699658393859863,0.560636579990387,0.28491878509521484
172,32,0.6551224589347839,0.5258459448814392,0.06420642882585526,0.6291559934616089,0.5974080562591553,0.01682964339852333
173,0,0.7328268885612488,0.7357120513916016,0.017979394644498825,0.6508744955062866,0.5716082453727722,-0.2557581067085266
173,1,0.7482746243476868,0.7741010785102844,-0.019035883247852325,0.6698229312896729,0.5700621604919434,-0.2500345706939697
173,2,0.7361106872558594,0.7851792573928833,-0.019031215459108353,0.6704411506652832,0.577555775642395,-0.2501542866230011
173,3,0.7369085550308228,0.7900382876396179,-0.019361188635230064,0.6757615804672241,0.5808596611022949,-0.2503616213798523
173,4,0.7486158609390259,0.7668676972389221,0.04237689450383186,0.6687835454940796,0.5603358745574951,-0.2550235986709595
173,5,0.7487152814865112,0.7665382027626038,0.042510442435741425,0.6692569255828857,0.5513303279876709,-0.25501731038093567
173,6,0.7395204305648804,0.7723460793495178,0.04226990416646004,0.6697829961776733,0.5477991104125977,-0.2551128566265106
173,7,0.7218043804168701,0.8097214698791504,-0.13181686401367188,0.6701841354370117,0.573800802230835,-0.15796324610710144
173,8,0.7268848419189453,0.7921046018600464,0.1515752226114273,0.666290283203125,0.5322226285934448,-0.18067476153373718
173,9,0.7063074707984924,0.7445923089981079,-0.02729341946542263,0.6415672302246094,0.5773484110832214,-0.21455040574073792
173,10,0.7074719667434692,0.7379806041717529,0.055439505726099014,0.6344103813171387,0.5579956769943237,-0.22074249386787415
173,11,0.5775940418243408,0.774139404296875,-0.2669495940208435,0.6098912358283997,0.6076796054840088,-0.07780355215072632
173,12,0.5965868830680847,0.7589432001113892,0.24500933289527893,0.5842493772506714,0.4881362318992615,-0.14197887480258942
173,13,0.6753308773040771,0.4756004810333252,-0.24435672163963318,0.48997431993484497,0.6079167127609253,-0.06781133264303207
173,14,0.6833171844482422,0.5104342103004456,0.21503666043281555,0.44805189967155457,0.5078831911087036,-0.13471217453479767
173,15,0.7722585201263428,0.6759365797042847,0.0332023911178112,0.440616250038147,0.5391364693641663,-0.14390353858470917
173,16,0.7366368770599365,0.7131010293960571,-0.05271915718913078,0.3857825696468353,0.5191823840141296,-0.1533612608909607
173,17,0.8078231811523438,0.7604185938835144,0.043547019362449646,0.4135723114013672,0.5207024812698364,-0.15775729715824127
173,18,0.7584728002548218,0.717926561832428,-0.06597035378217697,0.364435613155365,0.5152693390846252,-0.1672402024269104
173,19,0.783552348613739,0.7474825382232666,0.0242757610976696,0.41450101137161255,0.5142433643341064,-0.1661132127046585
173,20,0.7654534578323364,0.742012083530426,-0.055240895599126816,0.36977261304855347,0.5122184157371521,-0.17744861543178558
173,21,0.7718607783317566,0.730591893196106,0.03686249256134033,0.43504321575164795,0.5197123289108276,-0.14581219851970673
173,22,0.754515528678894,0.7328556180000305,-0.05657392367720604,0.37921956181526184,0.5159094333648682,-0.15702375769615173
173,23,0.33609089255332947,0.2863011658191681,-0.18814688920974731,0.3873908519744873,0.566615104675293,0.05045931413769722
173,24,0.35531869530677795,0.31787562370300293,0.18677560985088348,0.39150434732437134,0.4962635934352875,-0.050731200724840164
173,25,0.6795672178268433,0.4448964595794678,-0.44703614711761475,0.21305881440639496,0.5730196833610535,0.04322901740670204
173,26,0.6994327306747437,0.6240258812904358,0.4358953535556793,0.2997386157512665,0.5295519232749939,-0.23195873200893402
173,27,0.5520802140235901,0.28694772720336914,-0.3994888663291931,0.18069541454315186,0.5269585847854614,0.2729671001434326
173,28,0.5648336410522461,0.4196566641330719,0.11959438025951385,0.3346708416938782,0.5902672410011292,-0.014522955752909184
173,29,0.481797456741333,0.26985403895378113,-0.3847336173057556,0.1857396513223648,0.5161260962486267,0.3001730144023895
173,30,0.5064183473587036,0.39508432149887085,0.08469711989164352,0.3431454300880432,0.5971277952194214,0.017810843884944916
173,31,0.6541637182235718,0.24844327569007874,-0.26803210377693176,0.1296803057193756,0.5355000495910645,0.3268863558769226
173,32,0.6324019432067871,0.3514786958694458,0.17519398033618927,0.31947940587997437,0.6197007298469543,0.06525633484125137
174,0,0.698203444480896,0.6949234008789062,0.07289565354585648,0.6720196008682251,0.5860652327537537,-0.1893320530653
174,1,0.7160135507583618,0.7013813257217407,-0.0012073216494172812,0.6844520568847656,0.5715461373329163,-0.1835930347442627
174,2,0.7353469729423523,0.7378758192062378,-0.0013523251982405782,0.682422399520874,0.5823910236358643,-0.18369431793689728
174,3,0.7393761873245239,0.744788646697998,-0.001740147010423243,0.6823833584785461,0.583591639995575,-0.18389426171779633
174,4,0.7015454769134521,0.7026588916778564,0.07400752604007721,0.6793457865715027,0.5694221258163452,-0.20128150284290314
174,5,0.7008762955665588,0.7053918242454529,0.07450222223997116,0.6811395883560181,0.5589832067489624,-0.20128928124904633
174,6,0.7053638100624084,0.7155328392982483,0.07415901124477386,0.6815444231033325,0.5574963092803955,-0.20137739181518555
174,7,0.7268308997154236,0.7850522994995117,-0.29859286546707153,0.6745792031288147,0.5721766352653503,-0.10056401044130325
174,8,0.7164541482925415,0.773019015789032,0.049240175634622574,0.6797357797622681,0.5447117686271667,-0.17885686457157135
174,9,0.6885875463485718,0.7092098593711853,-0.04308328405022621,0.6523001194000244,0.5842036604881287,-0.14966189861297607
174,10,0.6663286685943604,0.7053365707397461,0.058995701372623444,0.6525735855102539,0.5695187449455261,-0.1719575673341751
174,11,0.6420654654502869,0.7542692422866821,-0.44193217158317566,0.6138648986816406,0.5865731835365295,0.013181790709495544
174,12,0.436460018157959,0.822139322757721,0.055555395781993866,0.6051202416419983,0.5090624094009399,-0.18950609862804413
174,13,0.6501929759979248,0.46637481451034546,-0.5414983630180359,0.49554091691970825,0.5441291332244873,0.05580022558569908
174,14,0.3312893211841583,0.547609806060791,0.04702068492770195,0.4762979745864868,0.5003802180290222,-0.18026183545589447
174,15,0.7641589641571045,0.6678552031517029,-0.5361528992652893,0.4392028748989105,0.5188969373703003,0.02472936362028122
174,16,0.2860315442085266,0.577971875667572,-0.07045020908117294,0.3997797966003418,0.5068695545196533,-0.16549888253211975
174,17,0.8076988458633423,0.7890229821205139,-0.5631664395332336,0.43199947476387024,0.5053508877754211,0.03168334811925888
174,18,0.25153088569641113,0.5983668565750122,-0.07288213074207306,0.36300572752952576,0.4955247938632965,-0.17450885474681854
174,19,0.7783927917480469,0.8063486814498901,-0.5545139908790588,0.43237462639808655,0.509311854839325,0.008200674317777157
174,20,0.2898416519165039,0.6214032769203186,-0.08399281650781631,0.36201009154319763,0.5029846429824829,-0.1724460870027542
174,21,0.7598259449005127,0.7663797736167908,-0.528130292892456,0.42239388823509216,0.507022500038147,0.017090944573283195
174,22,0.30640649795532227,0.6110212206840515,-0.08188038319349289,0.37175893783569336,0.506784200668335,-0.16171060502529144
174,23,0.3798973560333252,0.3253357410430908,-0.1774594932794571,0.38389912247657776,0.5558640956878662,0.08930176496505737
174,24,0.30947405099868774,0.3824610710144043,0.1771853268146515,0.40117043256759644,0.5013660192489624,-0.08941087871789932
174,25,0.6263500452041626,0.3394395112991333,-0.5677375197410583,0.19600681960582733,0.5888521671295166,0.062225036323070526
174,26,0.6600819230079651,0.5049212574958801,0.5438958406448364,0.3983578383922577,0.5336132645606995,-0.1797814965248108
174,27,0.5323582887649536,0.10706320405006409,-0.6183926463127136,0.23403777182102203,0.5631858110427856,0.2974768280982971
174,28,0.4772964119911194,0.2465725541114807,0.20940148830413818,0.5313550233840942,0.5862748622894287,-0.08731357753276825
174,29,0.4606897234916687,0.07763999700546265,-0.6073477864265442,0.24813993275165558,0.553630530834198,0.3268873989582062
174,30,0.41849976778030396,0.2179950773715973,0.17350725829601288,0.5373043417930603,0.5946943759918213,-0.06896492093801498
174,31,0.6669517159461975,0.06219517067074776,-0.5237202048301697,0.21984685957431793,0.5710318088531494,0.40260064601898193
174,32,0.5162450075149536,0.1789100468158722,0.29287660121917725,0.5922738909721375,0.609073281288147,-0.02410273067653179
175,0,0.662603497505188,0.8154085278511047,-0.4827307164669037,0.6620701551437378,0.5795415639877319,-0.3530544936656952
175,1,0.6634835004806519,0.8553177714347839,-0.5110458731651306,0.6704699993133545,0.5891292691230774,-0.34660547971725464
175,2,0.6627653241157532,0.8601154685020447,-0.5113076567649841,0.668696403503418,0.5979025363922119,-0.3464258909225464
175,3,0.6643785238265991,0.8666724562644958,-0.5119319558143616,0.6682701110839844,0.6015963554382324,-0.3464648425579071
175,4,0.6910815834999084,0.8407275676727295,-0.4707409143447876,0.6727348566055298,0.5782414674758911,-0.348291277885437
175,5,0.6958079934120178,0.8409901261329651,-0.47051161527633667,0.6742515563964844,0.5687963962554932,-0.34843528270721436
175,6,0.7026281356811523,0.843009352684021,-0.4711768925189972,0.6754226684570312,0.5655127167701721,-0.34857192635536194
175,7,0.6546758413314819,0.8856948018074036,-0.47604861855506897,0.6576588153839111,0.6031205654144287,-0.24892392754554749
175,8,0.716591477394104,0.8479989171028137,-0.2931913733482361,0.6690614223480225,0.5594565272331238,-0.2579321563243866
175,9,0.6071221828460693,0.7964057326316833,-0.45529529452323914,0.6442483067512512,0.5827084183692932,-0.31150051951408386
175,10,0.6268407106399536,0.8043761253356934,-0.40120938420295715,0.6463225483894348,0.5603632926940918,-0.3137530982494354
175,11,0.3451730012893677,0.8621917963027954,-0.3730488419532776,0.586371123790741,0.6399065256118774,-0.2135135978460312
175,12,0.6853176951408386,0.735393226146698,-0.17841485142707825,0.6345386505126953,0.49355190992355347,-0.16179049015045166
175,13,0.1689831018447876,0.47771579027175903,-0.3767862021923065,0.5378034114837646,0.6232144236564636,-0.1865716129541397
175,14,0.6709876656532288,0.5098440647125244,-0.36774489283561707,0.7514538764953613,0.45722365379333496,-0.15374888479709625
175,15,0.03083185851573944,0.5323534607887268,-0.5821916460990906,0.45516568422317505,0.5605722069740295,-0.15619099140167236
175,16,0.7523255348205566,0.7374798059463501,-0.8846524953842163,0.6904047727584839,0.5159603953361511,-0.025185605511069298
175,17,-0.01332169771194458,0.5582290887832642,-0.6182566285133362,0.4345773756504059,0.5540238618850708,-0.14952127635478973
175,18,0.8001392483711243,0.7841941118240356,-0.9600661993026733,0.6719241738319397,0.5267149209976196,-0.00953066535294056
175,19,0.027030572295188904,0.6820328235626221,-0.7213524580001831,0.4306904971599579,0.5451777577400208,-0.1628575325012207
175,20,0.8185520172119141,0.7778986692428589,-0.9698053002357483,0.657472550868988,0.5399321913719177,0.004032967146486044
175,21,0.058643266558647156,0.6561341285705566,-0.6284263730049133,0.43790075182914734,0.5465366840362549,-0.15769976377487183
175,22,0.777612566947937,0.8056897521018982,-0.9121105074882507,0.659510612487793,0.5328279137611389,-0.018032347783446312
175,23,0.2366637885570526,0.36812150478363037,-0.06986237317323685,0.36973124742507935,0.5744816064834595,-0.012856514193117619
175,24,0.4551469683647156,0.2959100306034088,0.07039222866296768,0.4175425171852112,0.4852381944656372,0.01246078684926033
175,25,0.196084126830101,0.10331717878580093,0.15193617343902588,0.23363572359085083,0.5883395671844482,-0.2005927711725235
175,26,0.5701643228530884,0.16777914762496948,0.356951504945755,0.5610788464546204,0.4673030972480774,-0.012470018118619919
175,27,0.36257249116897583,0.10544199496507645,0.6519306898117065,0.2955482304096222,0.5550975203514099,-0.02609662525355816
175,28,0.4479784369468689,0.09348780661821365,0.6811933517456055,0.6583960652351379,0.5353529453277588,-0.032244741916656494
175,29,0.3801567554473877,0.14601102471351624,0.7153786420822144,0.3135983943939209,0.5475528836250305,0.0011997359106317163
175,30,0.4189422130584717,0.11368190497159958,0.7273472547531128,0.651333212852478,0.5241243243217468,-0.02252163365483284
175,31,0.4218081831932068,-0.018833264708518982,0.765681266784668,0.2951251268386841,0.5415421724319458,0.03603733330965042
175,32,0.41819190979003906,-0.03507474437355995,0.7672858238220215,0.7187522053718567,0.568941593170166,-0.008058538660407066
176,0,0.6992579698562622,0.822424054145813,0.08397321403026581,0.673896312713623,0.5508522987365723,-0.22037845849990845
176,1,0.7325083017349243,0.8232899904251099,0.11599992215633392,0.6755936145782471,0.566226065158844,-0.21387411653995514
176,2,0.7260135412216187,0.8291792273521423,0.1158134937286377,0.6746865510940552,0.5685411095619202,-0.21393100917339325
176,3,0.7268165349960327,0.8333691954612732,0.1156131774187088,0.6742237210273743,0.5706530809402466,-0.21397681534290314
176,4,0.7322447299957275,0.8117376565933228,0.06317590177059174,0.6783620715141296,0.5519086718559265,-0.21109138429164886
176,5,0.7337548732757568,0.8049736618995667,0.06303074955940247,0.6782803535461426,0.5504987239837646,-0.21109482645988464
176,6,0.7352269887924194,0.7984158396720886,0.06251034140586853,0.6786415576934814,0.5489343404769897,-0.2112109214067459
176,7,0.7389540672302246,0.8268924355506897,0.2343633472919464,0.6666726469993591,0.5811960101127625,-0.13322103023529053
176,8,0.734971284866333,0.7927297949790955,0.0020241050515323877,0.6773039102554321,0.5357272624969482,-0.1226491928100586
176,9,0.693893313407898,0.7921634912490845,0.1299135684967041,0.6539144515991211,0.5638704895973206,-0.1861605942249298
176,10,0.7015349864959717,0.7842245697975159,0.06238694116473198,0.6537997126579285,0.5484588146209717,-0.18252897262573242
176,11,0.6240587830543518,0.7007445693016052,0.23962654173374176,0.5992216467857361,0.6281529068946838,-0.10818662494421005
176,12,0.6823345422744751,0.6457782983779907,-0.06990295648574829,0.6023456454277039,0.5114902257919312,-0.06635114550590515
176,13,0.5728793144226074,0.5572954416275024,0.2627735435962677,0.5142297744750977,0.5901370048522949,-0.13108648359775543
176,14,0.6833713054656982,0.46698033809661865,-0.20952047407627106,0.5265741944313049,0.4576943814754486,-0.07857242226600647
176,15,0.5596306920051575,0.6035451889038086,0.14281481504440308,0.43198689818382263,0.5225530862808228,-0.16061224043369293
176,16,0.6775418519973755,0.6417614221572876,-0.3081933856010437,0.4221872091293335,0.46452465653419495,-0.12301028519868851
176,17,0.5557379126548767,0.6181727647781372,0.13439024984836578,0.40223976969718933,0.5093352794647217,-0.16317272186279297
176,18,0.6746002435684204,0.6803884506225586,-0.3351518213748932,0.3953660726547241,0.45407748222351074,-0.1269979625940323
176,19,0.570733904838562,0.6404935717582703,0.09115967154502869,0.4065147936344147,0.5116276741027832,-0.1832418292760849
176,20,0.7001783847808838,0.70897376537323,-0.3153541684150696,0.3909400701522827,0.4651186466217041,-0.1427442729473114
176,21,0.5714172720909119,0.6413354277610779,0.12189788371324539,0.41590616106987,0.5028567314147949,-0.16575384140014648
176,22,0.7030244469642639,0.6948283910751343,-0.2987682521343231,0.4005236327648163,0.47090208530426025,-0.1268383264541626
176,23,0.350440114736557,0.29344090819358826,0.07259742170572281,0.37312355637550354,0.5775958895683289,0.01518971286714077
176,24,0.3913213014602661,0.2915761470794678,-0.07279328256845474,0.41524913907051086,0.5042094588279724,-0.015475021675229073
176,25,0.5551504492759705,0.606673538684845,-0.06419337540864944,0.20695514976978302,0.5881856679916382,0.0054239132441580296
176,26,0.6084768772125244,0.5601439476013184,0.0026308698579669,0.5516466498374939,0.5021751523017883,-0.23029544949531555
176,27,0.6100289225578308,0.5902195572853088,-0.07422509789466858,0.13791784644126892,0.6011345982551575,0.14388464391231537
176,28,0.6144678592681885,0.7591903209686279,-0.2177833765745163,0.6544169187545776,0.5994704365730286,-0.2891925573348999
176,29,0.601877748966217,0.5884332656860352,-0.07252597063779831,0.1302679181098938,0.5890183448791504,0.1618994176387787
176,30,0.6070630550384521,0.7671745419502258,-0.22301721572875977,0.6422412991523743,0.6160887479782104,-0.28397756814956665
176,31,0.7067732810974121,0.5886614322662354,-0.09284137189388275,0.11042866110801697,0.6143805384635925,0.14755722880363464
176,32,0.6533118486404419,0.8728370070457458,-0.2714425325393677,0.7390720844268799,0.6236873865127563,-0.2961542308330536
177,0,0.7072762250900269,0.7895087003707886,-0.5687884092330933,0.67677903175354,0.580327033996582,-0.15685789287090302
177,1,0.6912092566490173,0.8240148425102234,-0.6102932691574097,0.6910507082939148,0.5776539444923401,-0.15140120685100555
177,2,0.6842193007469177,0.829028308391571,-0.6101047396659851,0.6915166974067688,0.5808610320091248,-0.15148913860321045
177,3,0.6789736747741699,0.8342421650886536,-0.6102721095085144,0.6918845772743225,0.583984375,-0.1516326367855072
177,4,0.7199150323867798,0.8240573406219482,-0.5581708550453186,0.6894112825393677,0.5652866363525391,-0.16546513140201569
177,5,0.7226294875144958,0.824242889881134,-0.5583336353302002,0.6888111233711243,0.5600932836532593,-0.16548143327236176
177,6,0.7266278266906738,0.82493656873703,-0.5585551857948303,0.6882008910179138,0.55498206615448,-0.1656438410282135
177,7,0.6494181156158447,0.8547998070716858,-0.6354881525039673,0.6840455532073975,0.5795953869819641,-0.07626552879810333
177,8,0.7034898996353149,0.8324995636940002,-0.40037766098976135,0.6779183745384216,0.5401935577392578,-0.13720427453517914
177,9,0.6654706597328186,0.7740929126739502,-0.5723955631256104,0.660435676574707,0.5736505389213562,-0.12197303771972656
177,10,0.6841234564781189,0.7657909393310547,-0.5036987066268921,0.6588248014450073,0.5696055889129639,-0.13900485634803772
177,11,0.511272132396698,0.8113681674003601,-0.6609721183776855,0.61224764585495,0.5956282615661621,0.014356332831084728
177,12,0.6109678745269775,0.8207687139511108,-0.16839194297790527,0.6077386736869812,0.5199180245399475,-0.14703698456287384
177,13,0.6235973834991455,0.4486073851585388,-0.5642269253730774,0.5324856042861938,0.572698712348938,0.02323031798005104
177,14,0.6737637519836426,0.526010274887085,-0.2432226687669754,0.5107995271682739,0.48173439502716064,-0.15009137988090515
177,15,0.7422616481781006,0.6096705198287964,-0.18761765956878662,0.498189240694046,0.5572879314422607,-0.0457928404211998
177,16,0.7213541865348816,0.6502337455749512,-0.5629419684410095,0.4071592092514038,0.4934721291065216,-0.14073775708675385
177,17,0.7665815353393555,0.604675829410553,-0.17762000858783722,0.4907912611961365,0.5539833307266235,-0.049504511058330536
177,18,0.7195286154747009,0.6161644458770752,-0.5715625286102295,0.3785320520401001,0.4831508696079254,-0.14528021216392517
177,19,0.7592334747314453,0.6409293413162231,-0.19788891077041626,0.4903656542301178,0.5521368980407715,-0.06822788715362549
177,20,0.7187533378601074,0.6500504016876221,-0.5691378712654114,0.3734162747859955,0.4943022131919861,-0.15518726408481598
177,21,0.7479935884475708,0.6303969621658325,-0.1827157437801361,0.49253126978874207,0.5518089532852173,-0.053303997963666916
177,22,0.7062605023384094,0.6503553986549377,-0.5652303695678711,0.38345539569854736,0.5005439519882202,-0.14072567224502563
177,23,0.2425881326198578,0.4530096650123596,-0.1566150188446045,0.38034167885780334,0.5517485737800598,0.08938805013895035
177,24,0.33469706773757935,0.5036981701850891,0.15588203072547913,0.40627557039260864,0.511310875415802,-0.0897088348865509
177,25,0.5477060675621033,0.32213759422302246,-0.4327298402786255,0.2039775252342224,0.5895185470581055,0.07204388827085495
177,26,0.7377229332923889,0.5797150135040283,0.4319022297859192,0.4613449275493622,0.5528523325920105,-0.20651988685131073
177,27,0.45554834604263306,0.2885921895503998,-0.34098803997039795,0.2583191990852356,0.5415515899658203,0.26813188195228577
177,28,0.5391530990600586,0.43172597885131836,0.12786303460597992,0.5891543030738831,0.5855135321617126,-0.14374111592769623
177,29,0.4133775234222412,0.31434690952301025,-0.31952083110809326,0.27011728286743164,0.5272234678268433,0.2934354543685913
177,30,0.472432017326355,0.4248175621032715,0.09827916324138641,0.5891284346580505,0.5900573134422302,-0.12825758755207062
177,31,0.518421471118927,0.19107545912265778,-0.1958356648683548,0.25388985872268677,0.5439867973327637,0.3561564087867737
177,32,0.5716835260391235,0.31483450531959534,0.19817030429840088,0.6631696224212646,0.6046144366264343,-0.09327615797519684
178,0,0.6974166631698608,0.7681576013565063,-0.29594096541404724,0.675981342792511,0.520903468132019,0.018529068678617477
178,1,0.7039559483528137,0.8098674416542053,-0.34407350420951843,0.6915957927703857,0.5210463404655457,0.005527770612388849
178,2,0.6995410323143005,0.814530074596405,-0.3439962565898895,0.6918097734451294,0.5207869410514832,0.005469111725687981
178,3,0.6903396248817444,0.8252556920051575,-0.34400123357772827,0.692162275314331,0.5202941298484802,0.005311971064656973
178,4,0.7151549458503723,0.8045064806938171,-0.2783353626728058,0.6903595924377441,0.5207064747810364,0.0044678677804768085
178,5,0.717469334602356,0.8057985305786133,-0.27831774950027466,0.6898592710494995,0.5204781293869019,0.004420196637511253
178,6,0.7208176851272583,0.8073827028274536,-0.2786223292350769,0.689327597618103,0.5209352970123291,0.00419238256290555
178,7,0.668013870716095,0.8469187021255493,-0.43039077520370483,0.6819678544998169,0.5389651656150818,0.0094984145835042
178,8,0.7120108604431152,0.8360156416893005,-0.13472557067871094,0.6810774803161621,0.523354172706604,0.005746403709053993
178,9,0.6556272506713867,0.7608343958854675,-0.3268008530139923,0.6582614183425903,0.52308589220047,0.027979964390397072
178,10,0.6859273910522461,0.7586550712585449,-0.2400362491607666,0.6551873683929443,0.5224580764770508,0.02708415873348713
178,11,0.5283753871917725,0.8530056476593018,-0.5484349131584167,0.6109663248062134,0.5529420971870422,0.03161071613430977
178,12,0.6467294096946716,0.819808304309845,0.05657581612467766,0.6229287981987,0.5158265233039856,-0.008887733332812786
178,13,0.6154764294624329,0.4735664129257202,-0.4102529287338257,0.5344477891921997,0.5210387706756592,-0.042252715677022934
178,14,0.6578691601753235,0.5175307393074036,0.08089181780815125,0.5577335953712463,0.4967794120311737,-0.08730825781822205
178,15,0.6992039084434509,0.5119529962539673,-0.04195556789636612,0.5070288181304932,0.5424739718437195,-0.16551873087882996
178,16,0.6673352718353271,0.4388599991798401,-0.22070027887821198,0.5197317600250244,0.5023581385612488,-0.15004684031009674
178,17,0.7220583558082581,0.5007812976837158,-0.04656994342803955,0.5021194815635681,0.5525797009468079,-0.17613135278224945
178,18,0.6758082509040833,0.403683066368103,-0.22579705715179443,0.5092841386795044,0.49837198853492737,-0.15601906180381775
178,19,0.7291972637176514,0.5306963920593262,-0.08740732073783875,0.5012600421905518,0.5548306107521057,-0.18843738734722137
178,20,0.6647249460220337,0.43064361810684204,-0.25795644521713257,0.5090999603271484,0.4970965087413788,-0.16235698759555817
178,21,0.7229023575782776,0.5325389504432678,-0.0453060083091259,0.5030214190483093,0.5518677830696106,-0.1731555461883545
178,22,0.664690375328064,0.43982183933258057,-0.23707260191440582,0.5114972591400146,0.49853596091270447,-0.15307897329330444
178,23,0.22707460820674896,0.46717244386672974,-0.17456117272377014,0.35911718010902405,0.5073684453964233,0.048258863389492035
178,24,0.3206957280635834,0.48672330379486084,0.17362579703330994,0.39524415135383606,0.5085503458976746,-0.048766784369945526
178,25,0.5295778512954712,0.3233083188533783,-0.5093752145767212,0.1986764669418335,0.5680646896362305,0.07733184844255447
178,26,0.7439696788787842,0.5820991396903992,0.4205348789691925,0.46871474385261536,0.5949575304985046,-0.1429261863231659
178,27,0.35350215435028076,0.31805095076560974,-0.41483762860298157,0.29742929339408875,0.5335493087768555,0.24460619688034058
178,28,0.4496753215789795,0.3714759647846222,0.1171342059969902,0.6390652656555176,0.6402370929718018,-0.1326211839914322
178,29,0.3053436875343323,0.3552434742450714,-0.3927774131298065,0.31963688135147095,0.5234858989715576,0.2667692005634308
178,30,0.3732292652130127,0.3721737265586853,0.08339609205722809,0.6544614434242249,0.6429526805877686,-0.12249980866909027
178,31,0.3461344242095947,0.2211967557668686,-0.2270156741142273,0.3120763897895813,0.5262321829795837,0.3101448714733124
178,32,0.4470204710960388,0.18516841530799866,0.20726588368415833,0.7127600312232971,0.6567386388778687,-0.10168436914682388
179,0,0.37032943964004517,0.20174065232276917,0.648116409778595,0.7471976280212402,0.4990677535533905,0.06398378312587738
179,1,0.3763561248779297,0.18159008026123047,0.6540153622627258,0.766029417514801,0.4826394021511078,0.05062141269445419
179,2,0.3837341368198395,0.18124717473983765,0.653854489326477,0.7708415389060974,0.4828350841999054,0.05047797039151192
179,3,0.4017622172832489,0.18501871824264526,0.6531907916069031,0.7709875106811523,0.48324111104011536,0.0502944141626358
179,4,0.3537197709083557,0.18514186143875122,0.6522636413574219,0.7649623155593872,0.48112571239471436,0.05039490759372711
179,5,0.346637099981308,0.18696415424346924,0.6522917747497559,0.7581062316894531,0.491584450006485,0.05039747431874275
179,6,0.339726984500885,0.18893957138061523,0.6519051194190979,0.757541298866272,0.4901595711708069,0.05011643469333649
179,7,0.40828248858451843,0.19816935062408447,0.6329578757286072,0.7620627880096436,0.4930914640426636,0.0434662289917469
179,8,0.3313034176826477,0.20846617221832275,0.6293711066246033,0.7522794008255005,0.49334821105003357,0.04495598375797272
179,9,0.3921956419944763,0.22653570771217346,0.6304354071617126,0.7422635555267334,0.49597442150115967,0.06942884624004364
179,10,0.36375585198402405,0.23164135217666626,0.6276869773864746,0.7336167097091675,0.502860426902771,0.06970365345478058
179,11,0.5068004131317139,0.2883971333503723,0.42902716994285583,0.6993820667266846,0.539594829082489,0.07795516401529312
179,12,0.25463542342185974,0.3116973042488098,0.4218948185443878,0.6808735132217407,0.49936410784721375,-0.005780776962637901
179,13,0.6468774080276489,0.4884703457355499,0.08666661381721497,0.5427068471908569,0.5561961531639099,0.06744477897882462
179,14,0.17869962751865387,0.4812406897544861,0.0017612805822864175,0.5570917129516602,0.5417623519897461,-0.011501196771860123
179,15,0.6779043674468994,0.426583468914032,-0.3220056891441345,0.49872761964797974,0.5104512572288513,-0.05321435257792473
179,16,0.2495490461587906,0.37768620252609253,-0.5568629503250122,0.544645369052887,0.5802894830703735,-0.06273262947797775
179,17,0.6966818571090698,0.43731141090393066,-0.39096778631210327,0.49913835525512695,0.550062894821167,-0.06771489232778549
179,18,0.2577178478240967,0.36693742871284485,-0.628100574016571,0.5360680818557739,0.59331876039505,-0.07632307708263397
179,19,0.6313689351081848,0.33747398853302,-0.3969937562942505,0.5082305669784546,0.5484225153923035,-0.08414167165756226
179,20,0.2836282551288605,0.3372228145599365,-0.6278707981109619,0.5481318831443787,0.5792640447616577,-0.09978411346673965
179,21,0.6301883459091187,0.3438414931297302,-0.333642840385437,0.5132073163986206,0.5465037822723389,-0.05996807664632797
179,22,0.28996968269348145,0.33996522426605225,-0.5684502720832825,0.5510052442550659,0.5749922394752502,-0.07175527513027191
179,23,0.45561444759368896,0.6220647692680359,0.02395528182387352,0.46636199951171875,0.5432785749435425,0.07752672582864761
179,24,0.3019753098487854,0.6406203508377075,-0.02388017252087593,0.4763982594013214,0.49714815616607666,-0.07769833505153656
179,25,0.6341960430145264,0.34531065821647644,-0.36534756422042847,0.3035848140716553,0.6170332431793213,-0.0373368114233017
179,26,0.09883922338485718,0.2619098722934723,-0.37995773553848267,0.3211873173713684,0.509833812713623,-0.24555593729019165
179,27,0.6971402764320374,0.7642223834991455,-0.7912085652351379,0.37328699231147766,0.5648473501205444,0.15966296195983887
179,28,0.40733256936073303,0.6904323101043701,-0.7156519889831543,0.3640907108783722,0.5449886918067932,-0.1652011126279831
179,29,0.6842379570007324,0.8655316829681396,-0.8313531279563904,0.38933131098747253,0.5559713840484619,0.18657083809375763
179,30,0.4671402871608734,0.7811301350593567,-0.7392665147781372,0.36993926763534546,0.5356380939483643,-0.1471565216779709
179,31,0.8063125610351562,0.8425292372703552,-0.9966331720352173,0.3843732476234436,0.5672180652618408,0.2598954439163208
179,32,0.425100177526474,0.7637278437614441,-0.8936078548431396,0.38395819067955017,0.6087367534637451,-0.12429271638393402
