frame,keypoint_group,angle_student,angle_master
0,0,158.45668721599128,0.0
0,1,151.31246852861165,0.0
0,2,74.32850645074002,0.0
0,3,87.96010155366483,0.0
0,4,49.06312794125409,0.0
0,5,51.74017860794531,0.0
0,6,67.42311410670686,0.0
0,7,88.98051653697748,0.0
0,8,166.949972167825,0.0
0,9,120.94716862323855,0.0
0,10,1.8694921448212456,0.0
0,11,26.820910609178753,0.0
0,12,157.96901073492884,0.0
0,13,107.13644048509344,0.0
0,14,20.161497120249912,0.0
0,15,46.04264890572779,0.0
0,16,148.62993209151736,0.0
0,17,145.86970894844734,0.0
0,18,33.299639533615164,0.0
0,19,28.812475721537066,0.0
0,20,18.990631568914498,0.0
0,21,11.616582604739243,0.0
0,22,77.92509882731184,0.0
0,23,177.67735333620453,0.0
0,24,126.1588974528976,0.0
0,25,134.94435234728348,0.0
0,26,16.897855004956725,0.0
0,27,35.43654010090785,0.0
1,0,103.25296335831962,81.90905575237683
1,1,154.28572579745543,67.50471975335444
1,2,30.7872150943208,5.114389575059846
1,3,96.23580317114693,55.179616553606806
1,4,49.22452974807272,52.9187798021031
1,5,27.514028914339974,89.31052878025552
1,6,84.2934198628657,178.54137416183912
1,7,118.28421128210739,109.6532172699547
1,8,143.15039120690938,123.79161246963905
1,9,117.79993510760919,158.16032809735182
1,10,36.705980962420924,46.82385759734454
1,11,31.648760613419928,29.545222725109554
1,12,74.0260335257778,114.62943117157903
1,13,91.43195328132472,61.51344486800143
1,14,69.26798551180129,18.546711231076472
1,15,56.91928610525531,88.94133240688899
1,16,161.06468994817624,159.828104736768
1,17,62.05551863672497,148.23378369636617
1,18,55.401627426328034,33.46224336263697
1,19,41.950654336870635,61.13931190888119
1,20,35.70538180011652,17.055962820865062
1,21,1.026752665671705,14.949160750815945
1,22,130.4093259804102,164.52305424797555
1,23,175.96438938114417,5.832015585928727
1,24,165.6145999217335,115.60725170898468
1,25,135.46485827482533,85.13038122099209
1,26,14.089725523314723,4.911197117170407
1,27,25.26734507934923,32.77262346150411
2,0,153.66289387648385,101.5507766751276
2,1,152.7347693968946,105.20167091807842
2,2,68.35625537640594,4.899123864291327
2,3,90.46056286082681,60.99942533028888
2,4,36.294361117201404,124.2697753386514
2,5,49.76773616799091,124.81617060811188
2,6,72.88772671229228,167.93376050833245
2,7,92.43891098289123,150.26887939109392
2,8,161.31414993049626,93.10284909441933
2,9,121.67137800202872,159.31449764656426
2,10,5.444506891557075,168.22712324450669
2,11,26.913906905986654,13.412269337119206
2,12,127.29696864818054,9.81610278704158
2,13,93.23363513899291,95.5000484393755
2,14,47.25852446026238,1.9567739684517194
2,15,59.85245795502044,71.08768222350528
2,16,149.53747175408535,89.0733360501108
2,17,155.97062040626818,153.5099517653624
2,18,41.612467990964205,20.868688441266876
2,19,45.06778654501647,74.04067654159206
2,20,29.533141509575106,3.752738376531386
2,21,10.699770502217895,15.664619424893054
2,22,133.40244391660326,173.08640340153696
2,23,176.71054093370577,35.895242596078106
2,24,168.11671988230742,134.4656344227656
2,25,133.90070247511355,106.69720020863294
2,26,13.623546485571257,17.034847677559927
2,27,19.758371939627693,29.13384196264975
3,0,159.34915543504533,64.69863663480693
3,1,159.4677420345892,88.75800324627502
3,2,69.24543875960634,13.323591201268059
3,3,88.5753303913951,56.743463690606056
3,4,40.94823485508496,69.54380694383521
3,5,96.40207494118994,61.235695466718234
3,6,71.77300977041638,154.213281926199
3,7,98.35773845337684,124.54398580501864
3,8,168.55382570124542,142.63105881083328
3,9,122.97385145247507,154.02684639345938
3,10,5.363259272233251,17.48466440139365
3,11,25.927313909366827,18.54824363625784
3,12,104.81261157416688,33.797664866283085
3,13,99.00868589889976,79.82593153459477
3,14,69.82412915359987,128.71767073232326
3,15,55.064000191733385,81.62582482914746
3,16,149.77699831838632,131.75679993299119
3,17,104.02117402893299,167.34192481832864
3,18,48.00401409765321,30.072319692366953
3,19,39.91128178010741,55.3045472755552
3,20,29.86052220928147,14.622754064369957
3,21,8.500615685424503,20.778916819049574
3,22,131.22646271209348,164.9997154272817
3,23,173.87359085997258,144.0518649786959
3,24,164.53315301624735,135.31522303186506
3,25,134.63514727693834,142.95949513924407
3,26,13.572692429155007,8.945356182128961
3,27,18.044407875130787,17.970239331978465
4,0,152.75449633367523,76.62141069696244
4,1,155.7765336487788,108.67738113267445
4,2,61.118557524393275,5.3659108144518965
4,3,94.54091057548578,70.5366416444364
4,4,105.52986277508788,57.5079508687357
4,5,42.90040302696497,104.80425081727086
4,6,57.08769417816751,175.48033580631886
4,7,81.51684011446831,123.26820210995723
4,8,170.98946628048895,144.1001572788629
4,9,125.12637772476891,115.7170321171253
4,10,2.7450537135142006,23.306730226608632
4,11,28.15692162953009,66.11848335969593
4,12,167.7939500762112,120.74292021718283
4,13,93.99661458924753,59.889438596845004
4,14,9.460996210274603,35.950349556208565
4,15,57.84646378122238,53.9920780434591
4,16,134.39104145530035,122.73421078669864
4,17,147.08459948409276,142.653699644621
4,18,53.86930793891471,36.09689373238503
4,19,38.8910279714163,74.005147234725
4,20,16.89462004256149,10.707683002083263
4,21,15.311183081227542,13.010716463735157
4,22,141.33669601967154,175.40678442032123
4,23,171.1709401055756,33.68550970767532
4,24,159.45841457647705,133.47969799001365
4,25,129.82329019607238,110.40157389300923
4,26,9.116967894524908,25.215780444599503
4,27,15.267533993326317,32.5606218516499
5,0,149.35540966306107,147.21424081351654
5,1,157.3869671760366,108.48285994534163
5,2,60.37745605003193,11.240234641525689
5,3,94.07126334443507,53.50626797173739
5,4,98.70345363193411,57.37636304553623
5,5,45.540995134049176,144.30385347209017
5,6,57.205740292318715,155.47889320604133
5,7,85.65403404313173,117.33838286415873
5,8,171.63907597484348,126.08839915486271
5,9,114.81577204428727,161.05832493556693
5,10,7.362146968772116,58.86314893752359
5,11,34.5775727971625,5.105370714780354
5,12,139.4463254024049,54.16392865158353
5,13,86.88152303329672,143.32620485536754
5,14,33.19152762882302,66.97292241089285
5,15,58.540904169540795,31.56842442985212
5,16,131.01419449946783,148.60414672066076
5,17,148.2240285523045,109.48920771998921
5,18,50.020108329428616,34.87460464167312
5,19,42.72390946689273,67.05270986661753
5,20,15.88187229110116,11.105997791464683
5,21,11.260395225288907,11.98083893900616
5,22,128.58041963501785,170.85241434911512
5,23,174.14884877679322,59.25512709816698
5,24,164.43379947951848,134.08110791771463
5,25,128.62429053925587,133.4444259861595
5,26,12.618189463790525,16.304890585548133
5,27,16.040175953381095,22.98286590280309
6,0,158.01221399723872,172.50364433856268
6,1,159.83630993829624,77.66174924305373
6,2,50.780218469385055,19.429075284723808
6,3,90.56334148639237,54.309244022136376
6,4,44.75503364797886,62.29115851981525
6,5,137.46408793915546,56.90253934698059
6,6,79.7049357064915,156.03644702421903
6,7,104.22328618150966,142.80198653282838
6,8,96.59342440567374,147.51103164871776
6,9,121.5507004977701,175.58154572886707
6,10,49.64289822214219,32.19876807098382
6,11,36.15485548852717,15.645352133735773
6,12,108.99250926298102,66.75530969851106
6,13,82.91981927553313,124.95013202307635
6,14,21.3645925148768,81.0459222305051
6,15,60.92532523593968,39.4045158431879
6,16,151.72353550416588,130.07230314260465
6,17,70.25389767827158,149.70234513032165
6,18,50.26983736646097,26.99819270011278
6,19,38.811259371348726,47.58401881453529
6,20,32.08213050011584,8.04226017892715
6,21,7.625494067354966,20.299232172290207
6,22,137.47172669843468,161.12936272415973
6,23,173.69876091160194,47.67485832418818
6,24,159.10240980951875,139.80260927534474
6,25,132.73758533212168,16.75953386423959
6,26,12.126033356371558,9.22261336864312
6,27,17.766030405816196,27.186613912235828
7,0,157.5515126357452,177.65222425259674
7,1,141.89145826764545,109.57429459029842
7,2,67.61398092914918,75.69926304004066
7,3,82.12187607470375,44.62136823868459
7,4,47.936797798325294,59.810565313846034
7,5,75.24405824230277,123.9628223081092
7,6,76.51195481462106,151.53964200998954
7,7,146.31395941846833,101.16964459320616
7,8,157.71963787442743,91.47073969051905
7,9,131.72203905042468,111.70735031379422
7,10,11.622346957370977,26.509449406439792
7,11,30.587475126953102,54.264740975181724
7,12,108.0742788633357,87.76281438637474
7,13,99.10893067808745,65.63050255867762
7,14,60.303374179293314,65.72773620718549
7,15,50.30359419495943,60.104756466140714
7,16,152.23039077352416,161.31911400579236
7,17,7.1978615531811405,106.02053679509778
7,18,62.95497161527687,23.560527809500016
7,19,18.61167403618282,76.73918488081625
7,20,31.72429532498817,7.242639371265547
7,21,1.338602160395652,26.893816401756776
7,22,121.58983155931989,166.6581932579107
7,23,175.06580663263992,176.23505509082122
7,24,173.67304831097283,111.54797546508372
7,25,135.0045203887942,125.93652802518645
7,26,16.52936447791986,45.50856574867069
7,27,21.7340142020268,77.34562177211166
8,0,152.19959625640567,144.79442785542193
8,1,155.25351944367682,108.5364439122589
8,2,68.22878551884389,74.44263598150722
8,3,92.02714396837786,50.26730030037639
8,4,42.03459182840845,161.24220033780068
8,5,27.885890047736147,119.39288949289762
8,6,83.55540289926077,103.74253077950365
8,7,112.86828940105356,90.01641997267147
8,8,152.6350611952448,113.6678560460553
8,9,121.40150353761337,110.9237695255088
8,10,7.115483341798644,31.3229296743289
8,11,27.63780749326655,38.491682001874615
8,12,134.20935583226847,83.54454877462487
8,13,91.73872627885396,87.46246408436161
8,14,38.67516082593289,65.13252155104624
8,15,60.623466227879476,54.04585391376378
8,16,153.3355731505311,67.83352806530002
8,17,149.5513519706718,139.19864673709733
8,18,47.32292092462144,43.49328076574886
8,19,126.14084383411608,80.99498230562878
8,20,27.18410420868893,7.882235966060891
8,21,3.5382604133374302,19.088525904993844
8,22,124.6336620910339,72.76494610977437
8,23,166.5024474092178,169.77539742714234
8,24,172.6753234112327,124.33172867993792
8,25,135.23502993813466,160.06335416889743
8,26,13.01650986819576,48.949367923398455
8,27,20.202229018273812,56.0599150324834
9,0,145.87519299637162,178.89434007085782
9,1,154.09687096021278,101.2658550531491
9,2,63.3599565298535,73.37961033575287
9,3,91.8293937193564,48.73403943567502
9,4,27.759882374980318,175.335233971326
9,5,72.28533296436326,157.45392412098397
9,6,73.56956893972854,105.63065348163214
9,7,150.84333019391073,111.43018349702214
9,8,142.08458246817077,97.64341735656615
9,9,122.5826565109789,119.3249079686363
9,10,13.219187695731682,28.940157272431343
9,11,31.64313243856071,40.79873155287814
9,12,122.7080529766095,93.66643833439133
9,13,85.83957416878266,84.56741728240189
9,14,44.07275932765879,57.393404393177285
9,15,62.517293392656654,54.63385116471994
9,16,159.5227972366772,60.690941879100706
9,17,25.68739825349335,126.30402632374798
9,18,40.58522426158402,64.2139354733768
9,19,40.404308287832535,85.25831003906639
9,20,50.64303647565483,8.484568127472741
9,21,2.4140756607228027,27.89790297406325
9,22,109.92141096385313,155.10512201045236
9,23,168.44070973537592,157.57327327713529
9,24,176.99927174620237,111.04433636837834
9,25,132.5926077421087,126.37945727784435
9,26,14.061392451814736,50.859052554589574
9,27,19.61026791955804,65.27087259451241
10,0,157.5005204827548,169.97634386395004
10,1,162.47231068890784,77.20319408036765
10,2,66.96440707581165,14.074975797678526
10,3,93.97800172117356,48.4234879596546
10,4,44.67488376039828,80.96248433874335
10,5,176.37354729351134,2.9449679772827633
10,6,77.1051052609376,164.259923701005
10,7,129.0820269238205,141.31748594092662
10,8,155.61136777152066,146.70511629551552
10,9,118.40184924486525,156.55308130610618
10,10,5.316986463455801,34.92730369214303
10,11,32.88136881921087,41.889400727347905
10,12,136.82963033291577,76.10940536961367
10,13,97.81230933561669,107.66332520903819
10,14,37.85338320362837,68.96329093824335
10,15,49.30632184517242,30.447274063613893
10,16,153.68661701524908,138.9812504074724
10,17,61.782588165550926,167.12244663635897
10,18,50.54926452185474,40.177880654427156
10,19,56.83360581070793,7.94138704968986
10,20,35.4572181744609,14.751751888482596
10,21,3.7376463153321136,19.073174819556428
10,22,131.4987304874385,153.5142848081411
10,23,171.92289585865706,37.07130758332249
10,24,167.53169607009082,131.15202734942025
10,25,135.81725754316233,74.79545626940559
10,26,12.887670268349122,25.126375129044682
10,27,19.719530058516625,45.54843323356624
11,0,178.32430476048324,172.4235104294975
11,1,159.55754024385348,45.825071435847214
11,2,41.910411759265735,5.020289150547247
11,3,96.40753294645504,40.15227676713858
11,4,50.213832009176734,52.3217954947723
11,5,127.39531576805526,76.65728872484664
11,6,72.71796479045442,163.5896072027173
11,7,157.08137726367966,124.08017857288604
11,8,5.116224496488929,153.450452606555
11,9,112.01230078709942,145.71159323123774
11,10,56.98665153511059,32.33162783579479
11,11,33.728408970969035,48.32188911463678
11,12,91.46096954333414,77.15574049296612
11,13,78.99145505602363,97.420586721071
11,14,31.552378921555245,70.5126316712391
11,15,67.2801359730073,34.25752416429225
11,16,157.02698301127774,97.76994520376509
11,17,44.88090708325167,114.67674042224975
11,18,43.53135761256661,15.369735658431923
11,19,73.32417649890743,42.52680553788641
11,20,29.300648694117324,4.502998362559695
11,21,6.0987082275685935,13.586737946722055
11,22,139.48330473606896,155.4515029952988
11,23,176.26925753354175,24.97895973125711
11,24,160.85546004090438,129.38005169145393
11,25,136.54963191395095,83.1153593804911
11,26,9.827746751759383,23.86684267881178
11,27,17.62592270216743,38.847925168863185
12,0,159.73401694458315,174.76672572382958
12,1,161.89832301854625,19.365011241630583
12,2,62.70986734237459,9.47708017175372
12,3,95.35368620230287,40.29403127097071
12,4,41.929442344474374,68.36637816189003
12,5,173.58254340315509,94.30155221712747
12,6,75.84423299595673,160.7073563842497
12,7,118.46120472016315,153.5377677811605
12,8,108.99381021103599,142.85996752813307
12,9,118.18305939447268,175.94118663416754
12,10,29.232986948586568,24.922333870566604
12,11,28.667863654738017,20.31049152605684
12,12,121.10070907596082,50.553933250251994
12,13,90.66384599247452,123.8682528350606
12,14,29.666303975452593,104.5237328791814
12,15,60.66829035278744,35.821255638882576
12,16,154.9833616236247,108.00612462634706
12,17,49.908786605644856,148.08199361652825
12,18,46.17223449718692,18.052133535998866
12,19,40.38613247236545,60.606178700758775
12,20,32.85930128828782,5.073296153903973
12,21,7.594926643896423,17.513259133282173
12,22,138.52096406884706,157.9367887118327
12,23,173.27677071705463,35.24696800758999
12,24,161.090773484102,133.30899812677276
12,25,136.6577484588798,72.77454054554036
12,26,12.563221189065295,24.806156676257945
12,27,21.23681907846145,47.99673311298437
13,0,155.35080476992368,178.2351705471798
13,1,159.7216619908397,14.598359644967639
13,2,59.35989658092599,13.398823829839905
13,3,96.45359486787072,35.16479340699988
13,4,41.663584007121926,53.98587394907208
13,5,103.78683898980778,16.603756307861246
13,6,75.40984389695537,155.86679635119225
13,7,176.15746869422478,133.3542241869647
13,8,109.34611667916458,154.52117263342066
13,9,119.79037552628715,162.60564202835843
13,10,26.340906884493574,30.244499264959074
13,11,35.14529851620229,37.709095810626856
13,12,125.40506688367691,71.09819837470347
13,13,71.4967566558093,102.15044763909175
13,14,28.254026231829524,78.65730236033744
13,15,73.35794482798838,40.140456550281385
13,16,158.22095141167117,88.64855430935373
13,17,27.51119602091028,175.66190555909267
13,18,43.15019305618411,16.791701873366833
13,19,54.66314170040988,14.192391111077944
13,20,33.91078933037866,4.188352894624414
13,21,2.3437728516367766,13.709685355453013
13,22,136.1927283442072,156.62173387318174
13,23,173.54406533543536,41.19746435134084
13,24,164.82628928523235,133.3346756332532
13,25,132.2073455324547,80.08331684972362
13,26,10.22598053580634,29.708790596484274
13,27,19.025411531185387,55.388738851967275
14,0,178.13492916583266,179.87353216122438
14,1,148.48861264563885,117.98312583948406
14,2,55.663549442751886,8.433224068320945
14,3,86.52437139621063,32.8411685343166
14,4,104.8892461430492,43.71101499449458
14,5,133.5040069629656,99.74834209482941
14,6,63.15214697072099,152.35502952713554
14,7,110.62733161892578,115.08796242399319
14,8,124.9319200179431,118.4119720545717
14,9,120.83074211176573,52.70108473271137
14,10,146.49783029383272,64.46865045955485
14,11,35.623048970350276,134.7609643537944
14,12,12.211932072072248,78.11775415250645
14,13,86.22790573183121,22.390541817180736
14,14,21.290237634094993,37.413595387938706
14,15,58.149045297818475,22.848493829024882
14,16,134.14764415455318,115.76307537304999
14,17,58.67979585229137,159.26550255611477
14,18,56.23111520552898,2.0178100429939936
14,19,21.722684523666295,133.89525978222645
14,20,18.417025201778554,0.6264045615313124
14,21,2.6230671519686757,6.754194527893257
14,22,133.48718214155562,160.35675565932885
14,23,165.23289263675252,22.492212479461056
14,24,168.3357026146459,127.30885387172003
14,25,133.47276539625182,83.14238239123516
14,26,10.870848764738527,24.978370674826042
14,27,19.541087096504384,39.15199148480724
15,0,103.03611516471905,174.4253257262144
15,1,162.87959081062567,124.94241194784378
15,2,30.466999298833954,1.2452964439173946
15,3,99.98067100766951,49.1442979116622
15,4,56.793193262871256,39.11614539277439
15,5,98.67734131987613,30.986091749817223
15,6,76.61677700939399,156.47818439961267
15,7,170.53979273905912,138.53216279874428
15,8,162.60232608313768,146.96400993369352
15,9,118.39587419188805,171.15101237494616
15,10,25.0402296399442,28.720226276347205
15,11,40.07690236682279,14.788529911732399
15,12,71.17329326282263,47.950350934148645
15,13,78.69197071314849,150.4362089233456
15,14,83.7864770972332,103.3294227895041
15,15,61.231126920028714,14.775261164922027
15,16,152.50184157497546,137.25074193310041
15,17,125.45727283650895,159.21127375694422
15,18,48.83625060859135,26.316289983144213
15,19,95.95822337160132,37.57046735549235
15,20,24.52730881132809,11.409898848851052
15,21,4.248168278386596,26.772233245897212
15,22,107.36148142561814,148.0376814095136
15,23,175.07664636760543,58.339688720343716
15,24,168.05474901940985,138.83657885977235
15,25,140.1965233793898,44.12151540285161
15,26,12.254291861551511,17.27968122869202
15,27,23.781824713912442,38.23657026907267
16,0,122.95395427002984,129.204352599209
16,1,154.99471176723478,16.904569842939093
16,2,42.85847202891841,4.629315801856084
16,3,93.79668966449583,32.05765563966657
16,4,124.75698705299612,28.217764166429223
16,5,68.75904516378888,174.19273609996912
16,6,67.38280466061659,159.47773474690123
16,7,158.69323059336776,93.2177894754303
16,8,137.5294235261116,131.97860579957688
16,9,116.57177462630474,159.79295271151904
16,10,29.662126259659694,54.69195292855561
16,11,37.465079720264804,33.59616121214646
16,12,51.54839906369032,80.34781280926649
16,13,81.95273238841375,109.05037719540103
16,14,98.78947467665,44.96023426217795
16,15,60.582187891321496,37.353461592452504
16,16,137.40807997779606,151.11181797127975
16,17,113.28892977603948,132.62647544688988
16,18,69.47230816799711,22.954277406979774
16,19,83.93439503787255,87.97830369263531
16,20,20.512554345703922,17.56137669339027
16,21,4.143455918648903,14.1835419987151
16,22,144.1156468806013,165.79771347897318
16,23,165.25431378489037,56.65636712090998
16,24,155.51773223213587,111.01022235339809
16,25,128.5572517847413,137.68678976848022
16,26,7.964224067185642,6.830248094239151
16,27,23.8997610539829,4.305908142796691
17,0,97.79379491510473,176.3571142262951
17,1,148.145002576313,106.63231901912502
17,2,37.60194347690247,11.741069958940834
17,3,91.27108238915685,39.3880575432344
17,4,104.38547612715672,31.653080062875766
17,5,92.51266277478071,10.21121873200674
17,6,71.23137801249818,154.18266351491366
17,7,179.3229249341382,134.26012559366205
17,8,155.38461837174236,125.53608100729168
17,9,112.15094641056298,170.0303367311485
17,10,25.0728893148418,45.0305757238491
17,11,69.89026064490399,26.744551614746705
17,12,61.71003534120664,78.86002950777113
17,13,52.84136098861338,135.46106981567416
17,14,93.21707534395156,56.109394768379744
17,15,57.26837836648264,17.794378569579134
17,16,136.57746657480465,143.26160278117746
17,17,176.9562626961526,178.93835600652744
17,18,56.01456813786209,17.968198157161716
17,19,121.70605147116248,1.9142027863909317
17,20,19.06167677467457,8.959101653553343
17,21,4.947185192485648,3.233209204827805
17,22,143.69011257060458,167.75920376156532
17,23,169.49395908022015,9.654526660899613
17,24,154.7370276179283,129.15183710809816
17,25,134.9275655184604,92.94002021307963
17,26,8.655508097393845,18.659408950811827
17,27,16.053889819337144,31.249019897036952
18,0,173.26422686682042,174.61812624803795
18,1,148.4119240128931,148.1449996157735
18,2,62.51842013296091,20.775086401776562
18,3,87.33476901346677,56.65865156982832
18,4,70.43846965856869,21.003550572918748
18,5,73.84908129546689,140.5429884305515
18,6,68.88427588726087,164.6866728489013
18,7,152.10209437081116,104.47854185799658
18,8,53.17422804808262,124.15813854679253
18,9,125.2814258762348,106.80208632145255
18,10,153.4574877087797,40.36624980960191
18,11,54.10561631621279,32.52836390173702
18,12,18.780583878007832,90.07913471235797
18,13,67.2321905245942,77.42828273192997
18,14,7.761928413212465,49.55461547804014
18,15,58.66219315919301,70.04335336633301
18,16,146.07257141735724,143.33258771173644
18,17,32.09236015947816,43.45550013709037
18,18,56.101230932657785,20.661407022655276
18,19,11.402256292600107,56.874600852729706
18,20,20.358051378054327,16.737044098571864
18,21,0.9461549306679453,5.138870032173418
18,22,130.15464256688102,177.63303399379663
18,23,172.402454357168,18.33874148151294
18,24,167.391474771856,125.50088348676954
18,25,137.97589121919734,97.40060627742596
18,26,14.859040790591557,23.351374111076343
18,27,24.690544555839097,42.43104191212524
19,0,113.60105181671788,176.768576655784
19,1,146.42865971243396,28.780077365523685
19,2,33.76888002954184,14.982798147480707
19,3,93.04116757452556,65.52055824843067
19,4,58.70957447489946,89.85971319650571
19,5,135.80907904112647,14.362083572447544
19,6,78.03236142581339,142.1213657613576
19,7,160.39465458785997,102.0476090409547
19,8,163.33060706085251,149.78210318087838
19,9,120.20432377617566,158.36899364711837
19,10,18.3508871731081,35.48732465874019
19,11,67.61265241977696,19.919561363457927
19,12,81.1937939083335,64.33151935782931
19,13,49.12313054162968,103.0391142492655
19,14,80.4553189185584,80.1811559834305
19,15,63.26421703859336,57.041324387276575
19,16,155.703128811946,107.11083304531888
19,17,7.975271605764193,149.54847605700476
19,18,46.180799683445926,49.06557912475666
19,19,1.7167827620857539,5.288931938636213
19,20,22.032827287826546,10.3280180487667
19,21,0.14941780503756252,2.2835175440122875
19,22,138.93946987503918,160.18521171597882
19,23,172.64027647781506,83.61650877697254
19,24,177.89084673729658,116.26390086813606
19,25,138.10296117353252,133.54521737348364
19,26,10.16507657679569,24.575947973460394
19,27,21.606519543619342,33.488303627909715
20,0,156.15341583351332,165.9095511791468
20,1,157.5362737800441,52.676090352053
20,2,68.60669220473534,18.943911229985336
20,3,93.60453264755887,46.98080357555147
20,4,39.65581414364978,26.393081520346044
20,5,50.20050137589041,94.90152632104076
20,6,74.78797586529772,160.6546365203573
20,7,130.53038190818205,71.46925774374495
20,8,156.55596130664836,141.82250033063713
20,9,117.95021805235992,40.30962154337129
20,10,17.459028606734424,22.29659060481134
20,11,27.72144985286101,12.754633770816943
20,12,110.53425556086412,94.2349749932669
20,13,93.24585146154732,151.71898682215783
20,14,52.006715832401426,63.46843440192176
20,15,59.0326986855917,15.52637940702516
20,16,156.87403192980437,144.06220911067933
20,17,144.48227266813555,139.03725997181127
20,18,55.252907278062345,34.82252896773139
20,19,124.48907879489201,55.41621585098551
20,20,37.97195758339874,18.454625544020686
20,21,2.630980963230943,16.1664840911232
20,22,131.77961637056333,157.10913577123378
20,23,174.23468290500608,22.340280869146856
20,24,167.27385650421024,131.20188868554212
20,25,136.9505041236714,14.678861466062074
20,26,11.559712650157742,24.79119029058291
20,27,19.864177838110493,39.156333725762806
21,0,162.92040748384608,169.91604877241352
21,1,145.88952738890555,118.38702293274157
21,2,71.44480224786048,30.940133041681275
21,3,88.4613779533862,11.09013521928311
21,4,31.00142387066216,32.77571590431213
21,5,24.32548009777248,102.99971333545744
21,6,79.17741637994138,176.98867997320394
21,7,113.60480780532113,86.29959782375744
21,8,152.24581382259217,132.85650507393072
21,9,123.4324522334741,161.53196896350403
21,10,0.2718875570557708,45.44973450273562
21,11,28.45967267720639,24.865196855915194
21,12,177.3910964787259,58.371337326922465
21,13,90.92010841741917,19.524402519761892
21,14,2.3370159642183417,76.1789281703419
21,15,60.620218905374486,135.61040062432292
21,16,156.97759803636444,130.0227570848145
21,17,158.1230474744546,158.9397701558349
21,18,40.931328271224224,52.541898340044554
21,19,138.39077739450892,129.02958789047906
21,20,42.77387773964303,18.877200541833812
21,21,2.456603808000874,15.993262853560964
21,22,139.88596810081776,161.6628083006728
21,23,174.434865768475,13.236344784517922
21,24,167.25322074463892,126.6553616579505
21,25,140.43009039351637,129.10000004343746
21,26,12.600996180626169,22.927095720184987
21,27,24.851980548574943,20.82613961456489
22,0,123.42244542596649,179.77609574120208
22,1,143.46175428379323,97.60426199585639
22,2,49.29574526561881,11.538412685316644
22,3,97.72871701877875,94.36520273230849
22,4,137.0495825590986,82.19032048237935
22,5,94.85212431987058,83.36047179525242
22,6,68.65444808708581,172.79622615866535
22,7,175.39579287053127,86.8568330379258
22,8,145.21777188085116,157.1736356264383
22,9,132.0700406264093,101.41158949082185
22,10,28.440195411142536,31.98085913420784
22,11,33.894134756499,52.360370525765575
22,12,63.085556713251975,61.34686999868103
22,13,82.34886440137763,50.294549801202514
22,14,88.47424787560551,86.67227086711117
22,15,63.757000842123375,77.34507967303193
22,16,125.3141786465518,96.40942398375022
22,17,174.82166738415495,155.99630748840133
22,18,59.08399815932425,40.732125082649645
22,19,150.8581693181194,81.82340153982894
22,20,15.541618641613256,9.316429178265587
22,21,2.2960082228778598,35.47991647972907
22,22,129.28171834387604,169.7721437589254
22,23,171.50118152714128,65.06979806912184
22,24,172.3267778312304,124.59909973400818
22,25,129.83096594577253,110.41467810828988
22,26,11.366392086143277,35.52168450200533
22,27,18.092783271090923,60.3289286496944
23,0,122.96209099635908,171.86481767987192
23,1,149.61719870213506,151.83813772449042
23,2,2.8640073540060587,34.51786291250196
23,3,92.81219926550165,38.9991972892294
23,4,57.948011895938365,48.25219823491488
23,5,26.100061307758462,61.33978124327757
23,6,89.3119334660753,165.5067205410251
23,7,117.7668592026265,76.01114687430884
23,8,170.5670165635943,112.88575636104912
23,9,120.63626331642168,148.4433528956796
23,10,20.398205519832153,57.04670428291655
23,11,64.1820355637621,16.239502173243388
23,12,91.58771732186631,88.35308491378457
23,13,48.48455694905932,20.1740222421417
23,14,68.01407715830156,34.600210803298886
23,15,67.33340748717859,143.5864755846149
23,16,158.38369606861983,114.87462328672413
23,17,142.26405430891117,159.71257870330302
23,18,56.71594188713403,26.25572676826323
23,19,112.10180298925255,52.8298751216146
23,20,29.863586657893773,10.514064516222739
23,21,5.350197078895644,19.619546318373118
23,22,59.14972621984373,83.6624072316446
23,23,175.3161656663501,10.085948789616202
23,24,128.66016660919095,177.9484976903009
23,25,133.87725055757858,75.60223313823974
23,26,18.26370664245984,19.283246877692616
23,27,31.081296590964428,64.12859982673132
24,0,124.91530634191322,179.44601415642552
24,1,144.1906227116814,144.8662520823989
24,2,18.58230957234314,22.108482945466367
24,3,88.31645271543209,18.78458109786915
24,4,75.65416317870483,26.40730512864235
24,5,82.91676481836151,87.71740406874494
24,6,78.1752852972192,170.0976062042862
24,7,156.63114313769145,77.71494680942281
24,8,178.25720296936072,112.7291202163941
24,9,114.51750474160663,155.89321712385032
24,10,3.475385790964926,41.99133146870781
24,11,62.54175358017708,18.345907163570473
24,12,63.150990677804515,32.42850432074981
24,13,65.84872065598456,32.57614728711761
24,14,113.37362353123055,105.58016421054239
24,15,51.60952576383835,129.07794554931195
24,16,150.6392504312562,147.64296881402475
24,17,177.2991231323545,139.76867991920324
24,18,48.620118382440324,42.08023110038499
24,19,170.73264429386475,65.71722275935691
24,20,21.50757525127129,20.894230871945723
24,21,0.6298748934865706,15.460967565793414
24,22,120.42725451374665,166.67591307044714
24,23,172.8747863356336,68.31695529026659
24,24,176.1626061485611,113.77723769176248
24,25,139.69032938605912,103.85461573520551
24,26,16.226665193903536,5.544847422152921
24,27,30.046310572574328,27.696564566484824
25,0,115.31759048088104,164.7333001831494
25,1,157.46893378079758,53.670587088989485
25,2,23.61072248499071,29.119775803438312
25,3,98.21809621961785,23.159315069167548
25,4,59.45616674128754,7.461293087410483
25,5,164.21397557739127,71.10847775664342
25,6,81.4539299479947,178.12370551283732
25,7,117.67395195337606,87.21322558466433
25,8,164.86678494345597,143.43157931019152
25,9,116.82413121566566,125.96176851450713
25,10,17.69867664303429,34.00425020551836
25,11,67.55780024070845,14.912549717106272
25,12,87.43982100284686,61.10362787524714
25,13,43.78728762920157,23.485696703723516
25,14,74.86150235411884,84.89212191923446
25,15,68.65491213009,141.60175357917018
25,16,152.40514749365187,153.04407383732286
25,17,60.56138984130496,145.94179532532786
25,18,42.85014803423426,17.682436087066776
25,19,37.41598821568826,58.15527190394019
25,20,21.81805768619898,39.96876660982254
25,21,2.786424918009884,14.654947113913169
25,22,102.6383332899573,179.14587391282666
25,23,170.48577006527677,81.50534192957454
25,24,155.06308002284797,127.61342720811999
25,25,139.16455006520752,127.73808014570545
25,26,17.20451685257008,18.037261325856033
25,27,27.321920166223492,35.08709660703456
26,0,157.36758225607383,176.4424819193211
26,1,146.04559688966248,179.03474336137074
26,2,50.76506886305982,22.45271552416035
26,3,90.26294980383949,54.526701118392815
26,4,148.44470042087056,55.83061038292321
26,5,55.372783933643724,43.113593109804796
26,6,63.6006673643227,152.58358484623136
26,7,88.53255945160186,104.30723941725333
26,8,140.6765353191504,114.9381883455359
26,9,130.28438917582076,165.43633781708735
26,10,33.745902803660805,47.084832091126884
26,11,59.306526148934545,28.282815635615158
26,12,55.594364000457865,68.61667862960472
26,13,65.5116069396896,58.71266997156177
26,14,90.65973319588133,64.29848927926838
26,15,55.181866911375835,93.00451439282301
26,16,131.216958130613,155.60903052354888
26,17,138.1756969009586,156.33351191025912
26,18,64.32175572378321,61.82835970321733
26,19,64.00061436128794,32.692814973868146
26,20,16.495834059210562,23.324458026282226
26,21,16.418605371369992,16.15233560006904
26,22,135.94967716659266,45.5557048485476
26,23,172.94372528594394,18.738698654907058
26,24,163.42570677775447,149.18336396615751
26,25,136.55747843307833,45.660294584303124
26,26,10.764717799719017,6.831386874185281
26,27,14.56381414312466,26.741500310844916
27,0,134.71291220168982,171.79508578078182
27,1,150.1320875112076,32.03431399404019
27,2,12.361346455520083,16.158353333950675
27,3,93.20744139191731,33.22062084565596
27,4,132.4724566885202,29.165339891937087
27,5,67.25629522156953,61.609391087099986
27,6,71.41044576224925,167.92603770092938
27,7,100.09677262387567,104.84941942968013
27,8,178.05462547843084,88.57831311854564
27,9,115.56468194898363,175.4053294780168
27,10,7.968913095062445,82.73640630581826
27,11,66.64014648900452,28.223584005754773
27,12,39.212703122874835,39.738447706620526
27,13,53.708768274416194,111.80014843170656
27,14,132.8183837820627,57.52514598756121
27,15,59.65108523657926,39.976267562538624
27,16,130.02176464023495,156.2260214639606
27,17,138.53234082368283,151.76443830270563
27,18,59.35035983600733,31.744960471618352
27,19,61.254080668796206,46.17087946073231
27,20,18.834522446454326,24.939180938655806
27,21,16.435198163876628,14.459795732475097
27,22,118.88082045505541,173.87322356301422
27,23,176.1854741389052,52.70291545760968
27,24,177.41880339463378,131.54406173320635
27,25,132.93548692337458,124.2455999725761
27,26,13.716781878054185,14.81949320343339
27,27,25.940724063321568,22.615189887631516
28,0,124.18777431489715,178.69317399399304
28,1,151.0428419646935,13.37988741459756
28,2,44.9586193023069,24.82347079052609
28,3,92.9709239483575,47.50482370707208
28,4,86.06768585365961,52.39770715921843
28,5,70.4721372155161,43.291650179715006
28,6,81.42794812707831,176.58284818362262
28,7,153.91661063312725,129.93773226081373
28,8,140.98194937666472,150.319244033848
28,9,111.22153359200134,166.26764664751727
28,10,30.886776500098215,28.872430732053715
28,11,69.13744776321172,13.752891295556532
28,12,62.696347104477915,61.93727143959582
28,13,53.6350151012548,127.02650850470393
28,14,86.4168763954239,89.1902978283505
28,15,57.22753713553345,39.22060019973957
28,16,140.50313891399486,132.20699388476274
28,17,132.16235485499485,157.50475942322367
28,18,45.38979419950763,43.31308882436048
28,19,109.1766049481173,68.02322674684936
28,20,15.11616958170109,16.099198018293027
28,21,4.8804496848498795,35.10115025207449
28,22,113.71155884286503,138.11854498424205
28,23,175.72492602058466,57.470537353601614
28,24,165.60648395705923,59.6690057621247
28,25,133.5583342459085,137.730539408242
28,26,16.466668088103628,21.071146079649658
28,27,30.080266099953008,38.74504944693746
29,0,148.63402389639197,174.6101518740603
29,1,161.06461052852214,6.558198703287036
29,2,42.18780181041521,23.376095708917447
29,3,97.67137104652357,43.70656860809739
29,4,140.4120465715728,16.74469945709294
29,5,110.50936832671641,54.27591767851646
29,6,68.35581687129792,175.6245407068086
29,7,106.47329163358619,145.51290622666068
29,8,145.70049130298074,122.36408772772438
29,9,115.21180967875911,160.36532157444677
29,10,20.503410491367706,42.40054714276687
29,11,32.752669238784705,36.60849857889105
29,12,35.57808391579188,59.03183814187405
29,13,83.83544583257029,86.47952881927426
29,14,123.91850559284045,78.56761471535907
29,15,63.41188492864495,56.91197260183472
29,16,135.74019589619118,151.316330344076
29,17,101.63934975777792,150.0146042254637
29,18,61.54212524042401,25.429740549210916
29,19,37.673002543117356,65.49228222818189
29,20,18.843878086107402,24.13007993496446
29,21,5.734878527639965,28.2154592958589
29,22,120.01320309434948,109.4424228114549
29,23,178.94478233203372,27.022816904955924
29,24,177.7722994372351,126.58019779653944
29,25,130.51081511397325,119.06602723562355
29,26,14.97090805079748,20.63520361923525
29,27,25.47547362273781,69.45808451720103
30,0,162.17962218031192,168.88151174190168
30,1,139.6190601367613,17.207154813385312
30,2,75.7508537330642,26.97659511885168
30,3,81.43531684354164,32.839709239784675
30,4,38.969255283499976,54.737797611450475
30,5,169.3458494571093,39.223727358210745
30,6,84.70095628073084,165.59994980566003
30,7,120.24997244266447,83.525151468561
30,8,175.16135977114854,138.2916879673973
30,9,129.9610597897959,164.44005707266572
30,10,8.299155806918806,23.63924714162614
30,11,53.56535861131704,32.666494036029334
30,12,112.26335970998107,79.15200537454875
30,13,75.04330058264095,133.95705936979945
30,14,59.43748448310008,77.2087474838251
30,15,51.391340806042024,13.376446594171226
30,16,154.88245380734836,137.18581061750552
30,17,37.18762218563112,161.280024338495
30,18,45.31269891641545,58.01204975656833
30,19,18.737816938087818,55.097297109339365
30,20,33.84292371965736,15.621368534878181
30,21,1.2489185458531633,24.714169756097235
30,22,126.37277004207016,151.52879944366407
30,23,172.82747414523436,15.399727426528411
30,24,178.56907408857685,103.69892977613245
30,25,138.1101189165669,114.36427595291669
30,26,17.737160587333946,13.806604995803953
30,27,26.7560940548517,77.37888417385841
31,0,166.21201806358414,154.46881385310468
31,1,140.35781997808425,5.525648389698078
31,2,73.11430592467316,2.3731641304265043
31,3,80.37109457265232,46.938751030484546
31,4,41.97442241825671,52.72158317335292
31,5,141.2046936860032,58.59956390969894
31,6,77.81401503818901,170.60477081520642
31,7,164.74735732951663,125.53207586072045
31,8,174.9719160485849,103.35975874213315
31,9,121.25451000578137,173.7328151385761
31,10,3.893678298515394,60.84028848161707
31,11,65.07047540587583,22.800776575336613
31,12,109.43943590420562,17.616611592637824
31,13,68.7115299251368,148.40886722049942
31,14,66.66688579727898,101.54309992574511
31,15,46.21799466898739,8.790356204163974
31,16,154.97187983194328,145.5167420476654
31,17,123.29033131392515,154.092632577594
31,18,40.60150749709678,36.918765103806045
31,19,105.54607894776677,59.165866904814806
31,20,23.452308888875553,15.735448250447641
31,21,9.351882391972955,27.41751839254864
31,22,108.15279877866377,165.7024406591888
31,23,175.8886275568517,16.156749953134117
31,24,166.62888333642326,136.38083985972915
31,25,136.16981602082197,79.98562023467144
31,26,19.755417901136724,30.384450445379684
31,27,32.56008747199144,50.876871296363504
32,0,164.3682799913735,136.41642212823936
32,1,142.12634015966455,52.87946023574915
32,2,72.98133560047647,12.69386105627872
32,3,83.41809117119723,55.2530573658467
32,4,44.79603481563301,58.99628051765892
32,5,137.97931652232808,70.44798800340101
32,6,74.54522770248299,175.3613127590347
32,7,113.99683552994095,153.76763576158666
32,8,172.65990552015896,140.2631950938444
32,9,124.13746827627247,147.12660640090127
32,10,2.7593643537578156,45.614089076144516
32,11,61.90981991311948,109.10259334534275
32,12,149.31314927234956,33.2039740080998
32,13,63.42321744841018,37.56952674027807
32,14,27.927486373892588,101.1819369157557
32,15,54.666962638470295,33.32787991437922
32,16,155.66855962923097,138.71552381974115
32,17,17.054328497106045,152.41291078961584
32,18,34.91379528365494,49.73376054336755
32,19,19.791208702836006,66.6856735343624
32,20,22.22017013674884,17.467529675701858
32,21,1.7025820099048727,24.894114530508393
32,22,128.79118770475029,159.1780612344992
32,23,174.37997084110634,25.37015090825569
32,24,176.34624291128378,139.3079136621885
32,25,135.56320829251095,68.50625553390144
32,26,16.65011100785363,23.155010988737963
32,27,26.70557432348403,46.940459808175206
33,0,126.44188411501213,49.29326899397647
33,1,160.5556493555839,66.51034974369793
33,2,24.085411376488416,15.24052219194632
33,3,98.32433835485932,53.90455077459783
33,4,45.05073585382184,88.11973691393833
33,5,79.62147328955972,120.76082260785104
33,6,91.06105057695406,176.99347827919402
33,7,164.59093017525169,172.9050284133875
33,8,157.17254323520834,159.92337402966052
33,9,111.93898670199303,90.71346497075217
33,10,21.789613253126188,39.56407114456997
33,11,63.862590877547134,132.0369433216532
33,12,63.205012204157796,102.60189081287673
33,13,52.86522562628201,36.37141439498588
33,14,95.00537454271601,37.8340380425533
33,15,63.27218349617084,11.591642283360878
33,16,158.80849867201002,136.793246024315
33,17,5.029206045754972,144.10594300867893
33,18,48.93320895977132,78.4395743247336
33,19,15.54433023724252,68.50029607511365
33,20,29.204619651890223,11.204148756640327
33,21,0.8285044479766231,17.813293098780697
33,22,127.19020620286798,161.50967028149176
33,23,177.07563159085942,25.976353114224246
33,24,174.48827293351047,140.02148696716225
33,25,130.08200650874892,71.06845654214511
33,26,14.413821414443682,28.059082299075584
33,27,23.509841410721208,51.28978613015818
34,0,159.17877318542304,0.0
34,1,141.37868763487654,0.0
34,2,67.34348632782563,0.0
34,3,85.25445571012949,0.0
34,4,45.71494751092983,0.0
34,5,60.56830028729263,0.0
34,6,85.89214157301369,0.0
34,7,139.10649813526618,0.0
34,8,153.52514698150512,0.0
34,9,121.00134873183215,0.0
34,10,4.740881102849837,0.0
34,11,61.26226103788387,0.0
34,12,161.30746001881357,0.0
34,13,60.65615798191029,0.0
34,14,13.9516588783366,0.0
34,15,58.081580980205786,0.0
34,16,153.68686449618005,0.0
34,17,61.50464329115085,0.0
34,18,48.08836345955872,0.0
34,19,46.04458658249358,0.0
34,20,29.432822039240953,0.0
34,21,3.132145692252743,0.0
34,22,143.71174556173895,0.0
34,23,174.16092938020176,0.0
34,24,161.55149009836413,0.0
34,25,136.56195830705033,0.0
34,26,10.53616431050294,0.0
34,27,17.758441451071064,0.0
35,0,161.5132776094646,0.0
35,1,140.71617782922544,0.0
35,2,59.00057954327662,0.0
35,3,87.34092984830454,0.0
35,4,68.5497316338218,0.0
35,5,176.64161854825537,0.0
35,6,69.85856317812386,0.0
35,7,130.53501506010446,0.0
35,8,151.85867513920337,0.0
35,9,127.76622267574314,0.0
35,10,25.606918690359283,0.0
35,11,62.34714423346306,0.0
35,12,117.14775576689854,0.0
35,13,55.636488513089006,0.0
35,14,37.24532554274214,0.0
35,15,62.016367253447925,0.0
35,16,149.10932989616597,0.0
35,17,2.3868309114054256,0.0
35,18,37.88801439510551,0.0
35,19,18.676696401141857,0.0
35,20,15.162648370998154,0.0
35,21,1.2280107352294944,0.0
35,22,143.24417089547256,0.0
35,23,172.33963254188714,0.0
35,24,158.57176083880742,0.0
35,25,138.32167959371048,0.0
35,26,11.286510638526925,0.0
35,27,16.999900996713563,0.0
36,0,165.7768886226248,168.64434675461612
36,1,160.17214429712075,161.2257818436472
36,2,56.65240256442832,15.954695957755993
36,3,102.39059947885937,16.721653779122747
36,4,31.17768662788725,74.56790814760474
36,5,55.15039049993176,175.1125677532167
36,6,80.31537703547382,173.753374342135
36,7,141.61181204985408,50.81805616739392
36,8,149.9412155693244,149.11616531076828
36,9,121.11676992477167,152.45497463798213
36,10,50.93106415129631,32.371012772736606
36,11,58.61512014028363,7.881246255033754
36,12,22.028042253765364,58.20767351582967
36,13,53.59122484100826,12.517318457920165
36,14,107.04089359493832,89.42131371143373
36,15,67.79365501870814,159.60143528704612
36,16,163.5486387809732,110.28427006976884
36,17,90.95970099366541,52.26713205328929
36,18,34.87103033170467,36.43423121257887
36,19,79.40206475663246,0.32003722361071213
36,20,26.9536785094246,9.316182862953138
36,21,3.189666357210229,171.09653532695245
36,22,131.1874198529472,127.99164470752052
36,23,170.97520753459006,109.7411161744374
36,24,175.36909159691302,162.07895716787263
36,25,138.6974158099134,69.29510084444739
36,26,15.724289707446951,39.19226655542799
36,27,27.588995888569457,25.84921264788602
37,0,161.25767619004387,161.63372383107216
37,1,145.9063280852458,179.12148613799823
37,2,66.08651675193146,7.047870841132616
37,3,87.95265318103702,26.204909930869324
37,4,38.20358565136388,91.41267990457271
37,5,55.66095731438934,93.39123017693647
37,6,78.93273988440033,165.76020476754792
37,7,135.03036510452162,144.58084575376853
37,8,133.81550073151195,138.03871632578708
37,9,124.01464209177544,4.511820119197585
37,10,29.44974585155825,37.0112311482484
37,11,51.32847657133923,125.94558651008327
37,12,115.43963226771747,67.30189781542393
37,13,60.59955849318781,8.794035135892873
37,14,35.110621880724295,75.68687103632764
37,15,68.07196493547292,45.26037835402386
37,16,157.96922466403282,98.25713543305987
37,17,64.0771968017529,143.12113397333349
37,18,30.815750442392567,29.57600082043426
37,19,37.99738050180652,52.905230927717355
37,20,22.814518590444198,8.34749383563634
37,21,2.5177511478015555,12.837320386783583
37,22,123.78841856418202,163.65421066540821
37,23,172.3364440807987,26.433021182364516
37,24,171.88826826717573,135.26087679514552
37,25,141.42726361262498,64.82217327087574
37,26,15.130642057980616,21.90913445479627
37,27,32.04666802131436,45.34337711373496
38,0,166.44981924731334,0.0
38,1,160.79507820699425,0.0
38,2,72.28706171237666,0.0
38,3,99.38149345583713,0.0
38,4,101.655499242362,0.0
38,5,81.86357864740782,0.0
38,6,70.90890846869121,0.0
38,7,162.1270421169609,0.0
38,8,178.61661293896788,0.0
38,9,117.54664237188656,0.0
38,10,3.2971708158073945,0.0
38,11,32.700598496201756,0.0
38,12,158.66736254018193,0.0
38,13,88.99858778657126,0.0
38,14,18.03546664401068,0.0
38,15,58.30081371722696,0.0
38,16,127.49379254693095,0.0
38,17,20.7451319358877,0.0
38,18,37.707039928346276,0.0
38,19,33.669205788247865,0.0
38,20,11.381346257301844,0.0
38,21,0.7198797863636965,0.0
38,22,137.50223530614323,0.0
38,23,169.76182941001127,0.0
38,24,168.93167475133583,0.0
38,25,133.66378901156443,0.0
38,26,13.96733755399474,0.0
38,27,23.661045549297057,0.0
39,0,164.20082823073912,167.82740633850247
39,1,146.07362446852437,138.48243534306891
39,2,63.0098867073371,18.246409055658393
39,3,93.15594439938286,12.454905934864962
39,4,150.06745018275342,115.18970058480605
39,5,176.26349329008184,119.0641401860972
39,6,72.1908589105201,141.54350023552155
39,7,133.67030534478837,115.48043067690911
39,8,175.0124153148978,147.1445737591053
39,9,119.40165229540396,133.15157964243508
39,10,2.5302951480463767,34.77795597807852
39,11,37.76221774182804,15.943792055195532
39,12,171.96862308762007,71.93114007558246
39,13,73.544406958485,15.469912349130922
39,14,5.501081764333511,73.29090394633899
39,15,68.69337529968692,148.58629559567356
39,16,125.04097227140574,118.61792211323582
39,17,163.36663178532262,132.6517385654558
39,18,54.464034962674994,68.6565982040066
39,19,168.60065840918182,71.72322152844248
39,20,13.463420798568189,12.611652669383702
39,21,0.038222639961910054,16.14357352558304
39,22,126.90556835837057,155.83771439295032
39,23,170.52621286264676,35.47076467839485
39,24,178.28408644571627,131.44277018633474
39,25,129.60787420387948,64.99475235854028
39,26,14.400163250669848,19.289318541576485
39,27,22.04452750274197,38.53448605060095
40,0,143.0502086455986,0.0
40,1,150.2704445485301,0.0
40,2,61.19863868017187,0.0
40,3,89.75440947976813,0.0
40,4,72.96889478885538,0.0
40,5,28.217268157012036,0.0
40,6,74.42914075156668,0.0
40,7,116.41584354643813,0.0
40,8,100.11501446258919,0.0
40,9,123.26869465630907,0.0
40,10,17.599204438942735,0.0
40,11,55.34133050445678,0.0
40,12,141.23969948780322,0.0
40,13,55.273390005192574,0.0
40,14,21.161096073254043,0.0
40,15,69.38527949035063,0.0
40,16,140.2874122726983,0.0
40,17,142.86945857347226,0.0
40,18,34.40689234649456,0.0
40,19,97.87168126078217,0.0
40,20,14.845913799943638,0.0
40,21,6.613544228825224,0.0
40,22,154.80511992295374,0.0
40,23,172.3951741843277,0.0
40,24,163.66350079007736,0.0
40,25,139.72022709197697,0.0
40,26,12.966265118313986,0.0
40,27,26.029460909189936,0.0
41,0,95.8714777618316,164.11589995212012
41,1,161.1483073866301,51.35485942417791
41,2,31.35267322440288,19.98791982140129
41,3,98.81954226628534,17.877272005739332
41,4,43.407526665557725,81.60377865806889
41,5,52.47631388619426,111.25289922240009
41,6,77.87610437850901,158.41454870035034
41,7,141.67924499543753,109.28311440225976
41,8,161.37119936011155,154.05493067498807
41,9,104.33679221175365,119.5218895308527
41,10,22.274715362624217,31.551442494527294
41,11,24.61897082890077,129.0896717727217
41,12,58.587553602149654,70.37266171762373
41,13,84.67860912183059,22.70335502680052
41,14,99.13773103522612,78.07589578784902
41,15,70.70242004926865,28.206973200477783
41,16,161.18443794755012,155.4842884210742
41,17,150.81756040491382,136.49788148050646
41,18,34.24558389224158,85.00532113530767
41,19,124.44440239359042,76.18965895383405
41,20,22.57698205834469,15.415659889412646
41,21,4.280132316082272,17.43129177236068
41,22,136.6298207970999,165.01522966168028
41,23,171.62126736798754,3.852732273248606
41,24,170.43152803154354,135.8048598411892
41,25,135.53415567308195,77.32879312722257
41,26,14.14562235135495,18.589163916573483
41,27,25.13672080058177,37.49733560061151
42,0,162.6498707772515,152.23727924883872
42,1,138.51272857666763,24.217504541761432
42,2,77.80637174141351,13.926362072731568
42,3,87.48015513628843,21.598866329014133
42,4,44.68026501484998,73.76701110450047
42,5,163.34891396832887,130.3249593312739
42,6,66.05764563509516,154.20186739633604
42,7,130.85559618078426,120.86687473209587
42,8,179.5459424769349,149.34351771431193
42,9,133.88622079998854,142.59783017331853
42,10,3.4796242157947654,36.08734201013706
42,11,52.225877518156764,118.88027041554771
42,12,131.9070510281482,63.19817147586171
42,13,65.82655032199271,35.40780839049328
42,14,44.61332475605697,80.71448651400124
42,15,61.94757215985055,25.711921193958993
42,16,157.7516617492347,129.42290619012493
42,17,7.301401763053536,129.4510059088155
42,18,28.977035755032755,37.810509883096394
42,19,4.178023145941916,77.86230364905428
42,20,16.939599046367356,7.1373336913506416
42,21,0.4259413902672826,15.896166700667312
42,22,117.89703421093441,135.64872560847388
42,23,170.71664701459312,14.686583780702772
42,24,173.51278630385127,106.66778743954964
42,25,137.19865440169332,113.60505182080695
42,26,14.955570905095026,10.616938708616434
42,27,22.025624968925854,45.31815169237922
43,0,152.86351135744243,156.335574800348
43,1,157.749202826037,155.7647246092262
43,2,62.958687248732915,20.69254974482679
43,3,95.0039860856009,20.637364896004414
43,4,37.97873842283059,123.8128913972584
43,5,38.60221919490422,139.53112782498198
43,6,87.10124661980907,161.43993746786404
43,7,116.89879657119086,153.64583573754808
43,8,148.69876223453676,153.23535269364777
43,9,123.05397238771003,16.052237367022276
43,10,6.252044363862869,26.811398199656196
43,11,53.14646721904205,170.95380007626045
43,12,154.05628825885813,63.581725924436846
43,13,64.33209675628304,2.270647617476763
43,14,19.69166737727902,89.60687587590697
43,15,62.52143602467487,6.775552306262791
43,16,157.49709548835352,159.36223928658626
43,17,14.711188987077223,143.80940669013052
43,18,45.77854917881228,86.3725665311856
43,19,21.41404068303978,65.89099963356428
43,20,41.979163759263706,16.822648215758015
43,21,1.3666210050741314,18.51213399144936
43,22,143.67252445927986,155.90104090764126
43,23,171.33210480613639,50.704160217753454
43,24,161.10522861225544,131.78822252418666
43,25,137.62052111097987,33.84230317445669
43,26,12.236694471829175,10.152380358523027
43,27,24.174771424880703,27.219574562487594
44,0,158.2166070926365,169.31158833537415
44,1,149.24049328427458,170.84356035308397
44,2,67.37379438617761,14.633649528614887
44,3,87.50832885708166,14.367339289045868
44,4,34.78889488378893,68.67763237109605
44,5,22.805312795586243,111.12759240941952
44,6,91.76265496970338,144.8090785179703
44,7,108.82000191171942,120.13221947983712
44,8,149.3264127012373,146.22354216623611
44,9,120.39552158963053,167.15788834114886
44,10,6.935358017910566,32.49129866754771
44,11,26.926587981715336,38.544187655121405
44,12,155.92647661115763,58.86163708548582
44,13,79.00750828005552,17.36362520909114
44,14,17.13816537093181,88.6470642469665
44,15,74.06590373822917,124.09218713578747
44,16,153.641635969981,128.21326862975087
44,17,137.02934185428933,143.78144595569108
44,18,65.7043309379313,27.71179056567676
44,19,115.60708953286203,73.21455704455805
44,20,46.34338601119082,8.592363975907448
44,21,4.211662434487229,15.52180958614767
44,22,135.01044277967836,171.08886737135185
44,23,170.49144942689637,10.929362001828263
44,24,179.6036328030909,159.51021082411248
44,25,143.63017267240866,91.76260689769306
44,26,16.329720235775905,24.73277541455661
44,27,34.861558340210195,56.66056279031335
45,0,143.65377675553358,158.24740116472162
45,1,144.71145174267167,4.112810886148839
45,2,41.569327342555376,15.278515884446735
45,3,92.26037891167522,24.511548834611204
45,4,44.64721988931807,66.20328895280925
45,5,48.15982190039277,101.05539146959404
45,6,79.50391054910668,156.5453410907131
45,7,134.13190598966122,113.09139122004723
45,8,126.92183230339559,156.07608707849093
45,9,126.39883583384902,165.65951856397575
45,10,44.738511113638225,32.339717864132965
45,11,43.189755826561,8.246612031399149
45,12,48.582178951811805,79.23674795518069
45,13,71.93601464654998,155.750428245371
45,14,86.67930993454999,68.42353418068636
45,15,64.87422952688905,16.002959723229832
45,16,172.22960676050909,140.65910080140105
45,17,60.88582122530049,140.24561253879264
45,18,23.47168044505473,60.000475088111145
45,19,44.144640203846485,74.0084899003801
45,20,16.88414425802547,20.263409793498855
45,21,1.9557132858863335,18.09276456783006
45,22,122.90734204460895,179.0094367773561
45,23,176.5296145819394,15.085243910829156
45,24,176.76826999243667,160.10041761032312
45,25,132.87658944970124,70.01663193943796
45,26,18.268262339966228,15.12153645884426
45,27,34.03702924425306,29.97537353418018
46,0,162.10041139505233,153.1737073484758
46,1,145.7603480349323,11.46313814952279
46,2,74.21782873689806,3.584538066551413
46,3,87.56698847019987,17.939795296799474
46,4,37.28821563201709,105.60710164917643
46,5,30.66701315341656,116.95229490393615
46,6,84.65103591490087,171.25542636852697
46,7,119.78890240931499,136.24331876745097
46,8,173.96857713903603,161.06191197111517
46,9,133.64334710962507,159.86715621597833
46,10,1.1687335351483055,29.375497952045826
46,11,46.7267301424916,82.10911773298353
46,12,170.67009090654028,56.316081473460265
46,13,70.20717740778812,81.30245640776393
46,14,8.161175558311404,94.30842057449395
46,15,63.06609244972026,16.58842585925254
46,16,151.8441378270526,157.13673551958718
46,17,159.3872133225935,136.66678487417158
46,18,52.52357641869954,110.194594122981
46,19,138.56774136783844,72.18570502217615
46,20,37.29575558651523,12.559523649724257
46,21,3.9840164246731025,19.766641126706116
46,22,145.8975825646806,110.01682813489057
46,23,168.29392571816257,5.926258181013001
46,24,159.52855947352626,164.3248054120849
46,25,137.02105807127725,21.720285289048537
46,26,10.306058833174065,7.385573077878553
46,27,13.205350162313323,20.53997292936475
47,0,161.74660920397582,92.68967394892
47,1,148.29118197761065,22.866281437678467
47,2,20.741015272376877,7.667076107768614
47,3,89.68377622631618,23.943302722749618
47,4,135.79312367572436,104.35920271448605
47,5,66.91444572999437,148.29765853431448
47,6,68.282603361219,170.199142133006
47,7,87.92196426882366,141.01178856852366
47,8,169.9676430437966,174.47438225202424
47,9,179.00703543870054,171.67084590338834
47,10,4.906410593056,31.468286451030202
47,11,58.25200614990787,5.206712655819729
47,12,35.83205837303144,123.05176733935266
47,13,46.944950941163455,172.84271232163923
47,14,139.26153103391258,25.479946209617136
47,15,74.8030429089286,1.9505750225410639
47,16,127.84823305048852,167.1881052966945
47,17,119.16660722920881,132.25169858287853
47,18,71.7246686451524,133.64145477437268
47,19,37.067669938731036,86.73108256260575
47,20,16.91422957779709,11.468936664582055
47,21,20.94661010419029,17.939858747949547
47,22,131.83292457747666,179.61376485874047
47,23,173.364857418066,15.50839199227449
47,24,170.37127577441723,141.85870138690294
47,25,134.51390418904336,57.26033545143682
47,26,14.954048608308716,12.625816786365466
47,27,23.700576055897898,76.04964629302629
48,0,166.65209198535783,156.96270112136816
48,1,140.14229119264448,97.15582796175516
48,2,73.21509673734245,17.62834596891089
48,3,82.37453594608269,15.954894053262931
48,4,43.50388739597007,81.88792971349189
48,5,65.17425087891348,101.39936899287807
48,6,67.55981784473383,121.54364715803689
48,7,82.73176147326612,100.73619252630647
48,8,175.09393284971702,144.54350526270812
48,9,125.4464895478834,175.94515675353944
48,10,8.380581130646089,40.88827669644133
48,11,59.63164757721101,43.43183236620439
48,12,118.2967301725931,77.20116873235703
48,13,51.70123079605196,132.18108237956758
48,14,53.32268869676082,61.91055457120161
48,15,68.66712162673707,4.387085254228028
48,16,152.38742633302735,142.69826593769307
48,17,126.33843092952928,114.24919727123437
48,18,31.138076436632755,58.160880604265735
48,19,48.15488706089693,46.7170377495189
48,20,19.667376194654363,20.288279024832715
48,21,13.271933487895051,31.09826630957401
48,22,119.91709432670265,163.94928049915757
48,23,175.7191087519449,1.9853642379286627
48,24,175.3311684905564,135.3975580431425
48,25,136.42907858004853,141.36258749716347
48,26,13.704723065505087,19.961589301500673
48,27,31.20426404154182,24.857654519177345
49,0,168.12498472861924,177.77509389794125
49,1,140.59277104738706,133.28672257807906
49,2,64.99961575062122,9.936005189322946
49,3,82.94019734403383,29.742036057685713
49,4,93.50258650124209,58.81935835555038
49,5,138.81492602285783,96.50359892046333
49,6,65.2223463208961,156.29237656710959
49,7,109.68581259534238,114.07986388185371
49,8,176.6912235414811,148.1754686252943
49,9,128.1334354137945,154.6812321950949
49,10,3.5004088707882106,33.33075910864841
49,11,61.826994474798674,61.20310916588903
49,12,157.2489235862581,64.32035195528596
49,13,50.796860620957844,79.05390117365337
49,14,19.250667542953714,82.34888893606555
49,15,67.37614490424352,39.7429896604576
49,16,132.90132726724792,135.2849555757375
49,17,116.81380697758571,138.18180229002616
49,18,43.89865370018558,27.769322187911236
49,19,90.10382653081335,74.67112773060553
49,20,13.493371843846928,9.45242444355535
49,21,4.669033770446385,17.05573138017205
49,22,102.87477335794966,148.87109337755842
49,23,168.37794907067826,0.6770522037359573
49,24,153.66356001484672,104.19581033288475
49,25,140.99108505135536,152.9976509881693
49,26,15.250672528370783,3.02559793093986
49,27,29.822292074331017,36.79565361796347
50,0,169.63902018846474,162.84734539560236
50,1,147.86471702776845,87.78573727073324
50,2,64.67670196454421,23.760408756922356
50,3,80.46570751917852,26.42067764575315
50,4,36.36892877653552,91.63415366748944
50,5,45.76935300597593,91.96630879561951
50,6,71.22875078100188,151.39816845756883
50,7,88.085981444218,102.49990962086585
50,8,162.9703703530503,141.9606080985372
50,9,130.51243086468915,176.43163768192883
50,10,53.102813027537955,39.860703903805856
50,11,25.218136448332885,2.0276560337981016
50,12,52.15637850107464,63.52329768487578
50,13,94.81428475860183,177.0441669449404
50,14,74.74080847138735,76.6159984113184
50,15,59.967578793065286,0.9281770212615357
50,16,150.41949759381907,124.50649600340729
50,17,158.56464690923417,140.7592900699002
50,18,26.900809505221982,43.59835705039102
50,19,42.0334710048334,74.41772759133674
50,20,19.936834672731532,10.59885068564649
50,21,50.390051746128215,16.371245288652386
50,22,134.6927493323625,168.0897627517353
50,23,175.07186223869846,74.51791185008716
50,24,167.92184118484036,131.63371168257555
50,25,135.21552049381955,92.23170494493122
50,26,14.449796579517901,11.909173548062023
50,27,22.089350239288706,40.95113667778429
51,0,171.86519657532,169.27052431314922
51,1,145.37626269060863,6.274186343363064
51,2,56.23316784635351,17.600982061012875
51,3,79.62801764131325,22.140779962844558
51,4,98.47754667478716,108.61540639277554
51,5,52.35992737740423,149.47239024510083
51,6,56.535988567510756,171.22012989828312
51,7,85.2138281709172,145.99923408346157
51,8,174.64923729381982,134.70110933869677
51,9,133.13694454282464,145.88610303426975
51,10,12.87032080273514,37.1507105754111
51,11,26.91798811915964,39.70629968223644
51,12,25.543118137332094,51.58739646710684
51,13,69.53949810691832,119.13825768950632
51,14,141.58656105993276,91.26189295748206
51,15,83.54251377392205,21.15544262825723
51,16,126.88198875797175,150.67456186841164
51,17,156.49807794702573,128.03675532405364
51,18,51.39880223953859,71.02181148669361
51,19,53.068642206931585,75.49878619130901
51,20,16.006864585344058,15.31782211495465
51,21,16.46842523229787,12.698755017033905
51,22,136.4368925637278,175.48083963043186
51,23,174.44345812551657,18.782939419125757
51,24,160.32919412524348,140.41396823417023
51,25,128.79223610257594,117.90814802917355
51,26,13.343055997458222,34.187313425132466
51,27,23.661847549240406,36.928258358942
52,0,168.8957477580831,170.1341687124724
52,1,154.6775080575941,43.71051423974797
52,2,54.10297424591268,21.22336812528949
52,3,74.04080199652311,23.330499642912123
52,4,52.87951839560367,77.04351056952825
52,5,46.95541451530166,119.62052710559213
52,6,62.94857363594921,163.9527290432207
52,7,93.4214776346211,138.85282676728275
52,8,174.35968410798353,149.288725735079
52,9,115.87589486038749,172.03262789953573
52,10,4.570743807195996,27.57589642890821
52,11,29.623579024702003,137.0184613072306
52,12,153.52341516013797,71.07419158816967
52,13,85.67293055004998,25.980257868541983
52,14,21.905841032666032,81.34991198292217
52,15,64.70349042524805,17.001280824227422
52,16,139.7270660243521,143.49982546942627
52,17,163.62546795156035,137.2433310541227
52,18,35.295078548948496,67.7396777569809
52,19,49.257223080229394,74.19247631246462
52,20,17.565142303322556,19.252614285775483
52,21,21.181517913805845,15.377421319008963
52,22,120.77359224334879,160.63043946498348
52,23,176.64273031385338,6.320156484934231
52,24,176.03577473416863,149.2506002678731
52,25,129.7960731808742,106.98325419663324
52,26,15.85329008833646,38.35733066488636
52,27,24.519969444588526,50.70009649325789
53,0,178.87882337013394,169.84076827577144
53,1,172.69943980111142,40.38440939458407
53,2,67.92111338828036,11.057444748542292
53,3,85.51649229892625,20.63809205169338
53,4,47.69337199416938,102.08733254518089
53,5,47.12503171025798,123.30752522359933
53,6,79.48321638140226,148.88412198116384
53,7,86.6565939421464,129.41500004774045
53,8,138.81137712657068,151.74341697136364
53,9,172.79664590738122,171.902777874652
53,10,9.279028612364273,30.541647665029473
53,11,59.36315241813511,9.025406428855927
53,12,86.43159075743365,56.82977501853391
53,13,29.517489992029155,167.10417832104326
53,14,84.28938063020206,92.62857731643662
53,15,91.11935758983577,3.8704152501008315
53,16,142.93822395637287,141.8116835788109
53,17,151.70879884042103,140.29801691344508
53,18,38.1674104423335,56.68510271108496
53,19,40.62250042998434,79.85454791290339
53,20,21.71568488034986,16.988080093466742
53,21,14.951601689655199,15.5433560678079
53,22,146.9079282074723,134.3342374979455
53,23,172.1775881667278,26.0289832605882
53,24,149.87124852886058,121.38068412357319
53,25,132.60827710590314,77.1477280599491
53,26,12.154217105548765,8.443882458296617
53,27,18.578190643536672,17.629112222058836
54,0,178.86713799333884,160.79343152980226
54,1,162.12413994469014,25.871714732425527
54,2,62.442223932421015,25.978432276358493
54,3,81.33355965063586,28.532466863334356
54,4,55.44498841850714,79.75446361323861
54,5,44.192008883239616,127.8971321584012
54,6,65.62591200438597,160.12562546803613
54,7,95.4870352975909,133.3650195989138
54,8,161.2313047483809,166.67501254010293
54,9,157.0313717450639,171.91184106411689
54,10,10.173044210589046,20.95718692531102
54,11,17.716482845439383,22.31755114953014
54,12,122.9589000528559,63.04141660130353
54,13,43.11147799028404,129.81740417960248
54,14,46.86805573655504,96.00139647338547
54,15,119.17203916427658,27.865044670867405
54,16,137.04995695808734,169.33868885882535
54,17,167.6392600873001,133.37160036161245
54,18,40.248434272152885,111.4458332564799
54,19,51.98324257501992,73.41946528629191
54,20,18.70413152136134,13.992857061706273
54,21,19.925023211297308,16.812963861068447
54,22,143.8938108502983,149.44563642127247
54,23,171.44271253945803,55.52299017310071
54,24,151.05809730149994,133.05938609281884
54,25,134.28439924638826,45.902338603337036
54,26,14.194484383527303,12.211026831280186
54,27,19.610067205185658,32.66217929377211
55,0,172.68658543727162,157.73430988336443
55,1,169.41585780404876,9.495021523113756
55,2,70.09717889467862,27.637039865502317
55,3,83.3726071922332,19.09625064523515
55,4,48.66697643792954,99.36131025182534
55,5,50.738604083146186,122.34454169246837
55,6,77.12316647590212,172.3703866359261
55,7,95.68510138014842,142.31008978069346
55,8,152.28190477564195,178.48907567011045
55,9,172.46080999685,177.20674766969887
55,10,6.281689864561493,11.000645989279178
55,11,20.76631528821954,47.902688494668446
55,12,109.48926282178485,59.855491251711065
55,13,50.89455740122728,40.05602071595835
55,14,64.22904731365368,109.14386275900975
55,15,108.33912731055312,92.0412907893732
55,16,142.69592181958782,137.87526304958132
55,17,158.94533670382657,138.70162807086746
55,18,37.27606200443049,65.5121317367634
55,19,46.25276037233003,68.92577138983421
55,20,19.628241108136713,23.26584114807829
55,21,13.884224843710255,18.117035981756505
55,22,151.17316695145442,178.84464692940048
55,23,174.1401249561478,32.368040471887674
55,24,144.32092101283803,138.01477041569808
55,25,129.4271658992551,44.538618392588745
55,26,14.533596025383543,4.5697124459703184
55,27,22.26801756915414,29.745870353130556
56,0,176.5704411575608,156.25191076802756
56,1,168.21644054859235,16.603089140896014
56,2,56.11213237734115,31.827096051304967
56,3,82.27971888280234,26.081576847934176
56,4,76.91438541147511,178.86522162529303
56,5,51.525029717931986,120.75353042924164
56,6,64.56762522689563,174.20482048165033
56,7,99.23031708879327,165.86884442450298
56,8,174.2528219653357,142.6707963057638
56,9,168.0850556171485,147.684912323459
56,10,6.299470958349399,15.026750587122487
56,11,17.371867410058016,29.356463039137083
56,12,128.00186444723536,21.05127283287358
56,13,55.43741969032359,102.01406202097455
56,14,45.698664594415234,143.92197658000396
56,15,107.19071289961838,48.62947493988838
56,16,126.66519447533621,122.9101663740438
56,17,155.24043880089275,148.2033261189639
56,18,45.6987726557494,91.33246879992129
56,19,44.139977425646805,72.69208186612866
56,20,16.5693636184943,8.700957726869762
56,21,17.279606724540102,23.719982353730515
56,22,140.89887936918197,77.50896109697084
56,23,179.38390413852125,10.021973935285718
56,24,145.7764975543961,179.2197241890636
56,25,128.35848935524436,100.89420300118022
56,26,16.144211402939153,11.08921957436539
56,27,16.1218770441271,39.900638321399185
57,0,176.10385626904252,91.16269033749883
57,1,170.0839897053531,88.81927091656965
57,2,61.04582054701501,20.223867146402217
57,3,85.34118173398414,41.11764729945844
57,4,88.05356038857781,123.92496961339342
57,5,96.21238351697622,109.13402103079773
57,6,66.97328720563611,166.3373307182603
57,7,116.92771589628636,177.45861267408813
57,8,163.1166757396494,174.31644999236
57,9,169.70983343556634,148.89161927113744
57,10,28.336002936484746,20.833681773993437
57,11,19.763570349041704,2.0238239762102874
57,12,81.26972502693015,83.85115770008807
57,13,52.505948606207795,3.5645075428248267
57,14,70.3942720365851,75.31516052591849
57,15,107.73048104475049,174.4116684809649
57,16,125.72314539089608,134.41914891470898
57,17,129.00788462932397,153.05179112993923
57,18,46.956420754044004,76.25837511419621
57,19,42.57064266348301,66.05661535776895
57,20,16.1428052658545,15.294653148341055
57,21,13.414362961889937,24.103237358091523
57,22,146.90600733977044,113.6432249945357
57,23,179.95716537371504,13.99736365288798
57,24,151.52490480394803,130.33349213570565
57,25,128.77178224393242,118.00170635839132
57,26,13.387291010844535,14.339015978124628
57,27,17.12250906788482,23.964215762191145
58,0,178.23766457741996,0.0
58,1,175.51988375985547,0.0
58,2,69.13553354547405,0.0
58,3,83.89265481382259,0.0
58,4,48.60192896895903,0.0
58,5,40.6287900853336,0.0
58,6,67.77045448217382,0.0
58,7,86.32139889968953,0.0
58,8,166.16895613701416,0.0
58,9,170.7118367422848,0.0
58,10,1.2664145446494846,0.0
58,11,13.510258269573995,0.0
58,12,1.333188776700261,0.0
58,13,33.4892880323426,0.0
58,14,177.40039667865028,0.0
58,15,133.00045369808336,0.0
58,16,138.08178863944326,0.0
58,17,175.584414043585,0.0
58,18,45.12820550658892,0.0
58,19,50.578135111978554,0.0
58,20,22.111091257242233,0.0
58,21,26.16174412028958,0.0
58,22,166.52652017508493,0.0
58,23,172.81127220233796,0.0
58,24,137.10179787415868,0.0
58,25,135.8368268335504,0.0
58,26,8.086476438167255,0.0
58,27,13.467360602253597,0.0
59,0,175.21824848969555,136.57825317353334
59,1,167.4178740490651,24.44625697878229
59,2,67.70005372038781,67.76404391585069
59,3,76.30594306975976,26.544096162872712
59,4,54.83252676937006,92.02121993554861
59,5,40.16252606165429,108.11493928460598
59,6,76.85204081934629,161.42597972219068
59,7,87.2096848192266,136.679062392577
59,8,178.56026870526316,143.29088591864263
59,9,178.30445273486615,178.69491493907532
59,10,4.138964754438337,7.5978405786447
59,11,19.60363491161582,2.742974936130861
59,12,143.98772493467837,8.581528205614195
59,13,42.39654315936487,173.07076478126828
59,14,31.873310310883276,163.82063121574112
59,15,117.99982192901925,4.1862602826008475
59,16,137.42442240543562,141.35922555209456
59,17,150.82899678298116,132.21272464210864
59,18,43.10345800177003,81.1915080669557
59,19,35.61949436740198,74.55222078091374
59,20,23.072720495557586,16.27095144795815
59,21,18.577619473604415,15.446361285653696
59,22,165.3412782377136,102.53846187534515
59,23,174.1200016301686,64.06606588197539
59,24,133.2022515568437,130.58011146057538
59,25,132.3700111843214,52.00587062115511
59,26,9.180159994263002,16.859803579403255
59,27,13.095030405916805,32.31730659393719
60,0,169.4930829837566,158.41141016361425
60,1,162.53577164194405,33.21347187242133
60,2,46.06050412938007,27.212485960232577
60,3,75.40310815182569,38.191663444012335
60,4,79.96068868349255,52.25177429435054
60,5,138.79937402405812,89.16431858589884
60,6,73.5359918556717,157.07636003826937
60,7,86.84332351873417,110.49080729601816
60,8,179.58113925591016,146.77105203323447
60,9,169.66624138629132,166.31190182191054
60,10,3.708568995794303,33.26422028341318
60,11,18.02929890369031,4.877604808468789
60,12,119.9452116181891,68.6983655883708
60,13,65.71099794269885,173.43372002244146
60,14,56.34621938601657,78.03741412821607
60,15,96.25970315361081,1.688675169089787
60,16,135.11306388357266,154.69046596551914
60,17,58.20518460271282,134.00348601002563
60,18,39.43907532306087,41.35495470082366
60,19,12.183220747664569,61.12281293606033
60,20,16.440644574024166,15.267986466734095
60,21,2.3632148893873777,15.369757030585376
60,22,169.86937410548234,175.74107064835687
60,23,163.29676584663864,141.6335508727333
60,24,131.84147071380403,141.90142770026537
60,25,129.10799799691102,52.26882890974382
60,26,2.551562972935087,10.494338562085394
60,27,5.415285951251593,41.85103986850896
61,0,173.17354096410943,41.84866902984671
61,1,168.11086925911133,51.525740670364556
61,2,55.51951943672905,24.553793205150036
61,3,77.89197498726615,51.593615313507016
61,4,75.76980864175653,78.19671111388787
61,5,128.43368813212663,56.58038062445638
61,6,64.21324647806672,159.30269759241835
61,7,87.45564501830694,133.9608244124515
61,8,172.9689572771345,163.68429846483232
61,9,166.01819520615348,160.9930318937812
61,10,0.6998781967463984,26.801810694048534
61,11,16.354048007212178,5.904272649204336
61,12,168.0910046013811,128.10069110328416
61,13,59.37636969406464,163.15336939103184
61,14,11.209117201872527,25.097498202667282
61,15,104.26958229872315,10.942357959763813
61,16,128.25878283458508,115.56564692519505
61,17,70.65078498603484,151.01528423055183
61,18,39.167365564079084,51.12167405856432
61,19,11.00828715017364,66.13343122095921
61,20,14.13229173395551,11.290815545069611
61,21,2.960138718911594,23.728673200274915
61,22,174.14414841616443,159.40846202172102
61,23,168.69665509082984,24.47969229899654
61,24,128.29425815509993,133.27030546329814
61,25,137.41582305810405,75.10584091910503
61,26,3.7861055209919865,23.762895496059663
61,27,8.577547549169758,42.813438733442354
62,0,164.07473495898984,0.0
62,1,153.29858799740833,0.0
62,2,48.41978948606218,0.0
62,3,73.24619691750944,0.0
62,4,63.7420370550371,0.0
62,5,122.82951690607715,0.0
62,6,73.53921282269494,0.0
62,7,79.74796814392755,0.0
62,8,176.80345452370128,0.0
62,9,178.787015350911,0.0
62,10,8.572114583792288,0.0
62,11,24.186673583754423,0.0
62,12,160.9928979258919,0.0
62,13,49.58047351644808,0.0
62,14,10.434987490315823,0.0
62,15,106.23285289979748,0.0
62,16,136.4505309937161,0.0
62,17,70.38491124211816,0.0
62,18,38.16322151451716,0.0
62,19,13.419432457574251,0.0
62,20,17.599346780633518,0.0
62,21,3.2969245159831146,0.0
62,22,165.8478241654878,0.0
62,23,172.16108283723474,0.0
62,24,124.36582612144537,0.0
62,25,133.53114254029856,0.0
62,26,11.084849462124524,0.0
62,27,13.227269973656748,0.0
63,0,168.48587088640875,0.0
63,1,176.65897981564626,0.0
63,2,44.70216941201625,0.0
63,3,76.80486933646131,0.0
63,4,45.61692242507226,0.0
63,5,74.66213877688182,0.0
63,6,67.91699683153304,0.0
63,7,65.5126808046821,0.0
63,8,136.2155966395183,0.0
63,9,170.31449415899846,0.0
63,10,3.1021958624089034,0.0
63,11,13.154193843808788,0.0
63,12,157.59819964284364,0.0
63,13,103.58614867361919,0.0
63,14,19.299604494747474,0.0
63,15,63.25965748257203,0.0
63,16,144.83724424194,0.0
63,17,92.21723606328433,0.0
63,18,26.469007836515562,0.0
63,19,10.355353167760356,0.0
63,20,17.94927271411451,0.0
63,21,3.374552649551124,0.0
63,22,179.69846580062256,0.0
63,23,171.2784177895598,0.0
63,24,118.61177416623252,0.0
63,25,136.72749703577733,0.0
63,26,4.79074198989351,0.0
63,27,11.153843203178107,0.0
64,0,161.3704591672146,176.78625046638263
64,1,162.94884076126644,16.63858016635577
64,2,51.237522668544386,36.68988956274712
64,3,72.14551012021849,4.134111710445124
64,4,64.09746142541661,16.270406765750177
64,5,71.25166440013078,96.49876022338442
64,6,66.80897058511587,131.99711626434916
64,7,63.572170183084104,106.45565457896079
64,8,167.44017806836536,149.56525548958427
64,9,166.28431449399005,133.54279473561823
64,10,4.959265212365907,25.4972857052785
64,11,10.461402699931828,65.63324754028032
64,12,77.96052691790902,73.98853852416384
64,13,72.23609642526252,73.24816282374627
64,14,97.08020786972509,80.51417577055767
64,15,97.30250087480567,41.11858963597342
64,16,125.79919287980279,159.61672972091816
64,17,101.61606397455121,157.56714392204162
64,18,31.134438418659936,58.44431069859469
64,19,16.481690191334355,132.9859832392101
64,20,15.927982671735247,42.56823943418651
64,21,6.1608026623455405,8.742370541054003
64,22,176.41488832908942,45.47855115203718
64,23,168.26454067399877,50.51751731984565
64,24,114.98353517366078,134.7045602528194
64,25,136.91423901535006,93.53404585343107
64,26,5.896326597773686,10.119567972456915
64,27,11.612327864820788,38.84452739259641
65,0,149.32171047912973,164.16538171106325
65,1,152.13391018725042,41.31969856153363
65,2,38.84391391471107,25.82853631589517
65,3,67.6768159554315,39.19867165511879
65,4,53.148571948443596,16.679799498552224
65,5,51.4099373312199,60.932874373867094
65,6,76.1334555368602,154.54411348859017
65,7,72.07558755942192,148.66300083712164
65,8,157.297028387881,83.65104571767984
65,9,152.4781503969369,124.91645491439772
65,10,17.165603153093475,11.821136213398214
65,11,10.976293868653721,11.376633446030944
65,12,128.6254797861481,3.745617183898849
65,13,26.04887211015247,121.48687521031127
65,14,34.208917060758445,164.43324660270292
65,15,142.9748340211938,47.13649134365778
65,16,132.678618011783,168.09045778433708
65,17,130.90069702309214,174.82536532682423
65,18,42.88001714579639,28.089313251183583
65,19,36.106464064946195,29.059543583022695
65,20,19.918620930274,17.613483262012917
65,21,15.93069946025442,5.649783535840666
65,22,172.24934551752654,176.2238392142293
65,23,168.26618511947646,113.1683158261581
65,24,117.79869548057039,153.36450515871311
65,25,135.79529679659097,74.62853398695087
65,26,11.44210038246956,41.74837269970551
65,27,22.337364679697377,49.606280876668905
66,0,148.7332454120632,176.5841589373441
66,1,155.51409670111303,32.79120560854737
66,2,43.1458779873175,32.514901450353136
66,3,68.51631884064878,48.98314701743988
66,4,64.47262387564234,63.484008361259654
66,5,51.29125206337324,45.60287057230862
66,6,77.26664246925522,168.92192337430748
66,7,71.30788008387461,138.6446319868836
66,8,143.64562182771883,154.3801214756075
66,9,148.0284034904298,141.42279803336416
66,10,21.464188792036676,22.07812240895919
66,11,18.15619171836674,91.99721879545028
66,12,131.10184740294852,74.4131526871696
66,13,36.79069600257203,76.03847198848118
66,14,27.4339638050148,83.50872490387121
66,15,125.05311227906128,11.964309216068575
66,16,128.79728058461046,132.97585484056708
66,17,131.86667813899504,164.344806714445
66,18,39.814004366323914,57.57198159699584
66,19,34.00531198419927,60.89092553411293
66,20,16.41686487125171,23.111512143224132
66,21,15.634918665767765,25.70059497825775
66,22,179.48752462989398,175.14704799664477
66,23,165.93174733185216,39.204986648581865
66,24,113.65433936920874,140.91996215374348
66,25,144.4074906684311,88.31265184271727
66,26,11.171268288620166,33.81927644363119
66,27,26.866512439135533,69.9898304132048
67,0,166.71958125067377,171.67826889242065
67,1,176.4103554037388,12.928794746345378
67,2,63.57204603428105,27.796064858170126
67,3,86.56016872969025,34.43808187973323
67,4,166.22054477096083,40.16856172027367
67,5,6.65761764848875,163.33895565521894
67,6,89.47560302104952,152.73263864028272
67,7,105.36834399178663,139.89593309703474
67,8,170.03064079595026,150.4659562878625
67,9,178.19678292175206,131.32850981349551
67,10,8.232750145400692,29.181824222624186
67,11,10.858961460155921,114.76598307738439
67,12,134.34665119496805,60.11325253647575
67,13,125.62169183654352,46.345034352686625
67,14,37.42059865963124,90.70492324090004
67,15,43.519346703300556,18.88898256992899
67,16,152.51860449765493,139.24913441304477
67,17,152.1468566520702,103.42440009874707
67,18,77.7676665753225,27.2343903337798
67,19,103.924646349493,82.01843198612832
67,20,49.48664692360393,23.132669869464106
67,21,39.76940157943524,10.690647682478408
67,22,167.08158536149978,157.2756444347149
67,23,157.49517995572378,19.44697755814313
67,24,109.5667729992546,149.48975195834103
67,25,140.39914786425683,67.4188823227207
67,26,3.326155422674887,26.485190532402083
67,27,10.869900496501783,66.49935068036842
68,0,172.25553180153034,0.0
68,1,169.92041933010546,0.0
68,2,51.2005788301942,0.0
68,3,76.87637176598311,0.0
68,4,62.21954932835655,0.0
68,5,98.99359835977054,0.0
68,6,72.27354833194536,0.0
68,7,88.03682896143809,0.0
68,8,179.09719884692277,0.0
68,9,165.52658249472051,0.0
68,10,3.508172878066694,0.0
68,11,1.7374436062296479,0.0
68,12,158.79031332471632,0.0
68,13,143.86788097044703,0.0
68,14,17.701513797216943,0.0
68,15,34.39467542332334,0.0
68,16,148.85066945098745,0.0
68,17,71.59070459775234,0.0
68,18,72.22516715609936,0.0
68,19,35.29047434403955,0.0
68,20,27.35309574367736,0.0
68,21,5.121416222131155,0.0
68,22,158.2951236782586,0.0
68,23,164.05901318398702,0.0
68,24,80.1500561432332,0.0
68,25,138.50722467199785,0.0
68,26,9.500224379649481,0.0
68,27,19.076070546782944,0.0
69,0,173.94918269371524,171.79975592933533
69,1,179.34121898302718,60.91621197880166
69,2,55.795728701404464,33.94494510249425
69,3,77.52205196366921,32.27937490716548
69,4,35.75454706678256,21.45019927640527
69,5,33.86097723227677,45.72455675700818
69,6,106.77361622867727,162.4973448175262
69,7,124.19608173924867,150.2030083436849
69,8,175.54679832249872,159.9427170249658
69,9,174.07051794856758,133.52370779761938
69,10,6.619664680974266,16.79764560378416
69,11,11.50215571904201,69.28266935002398
69,12,151.77668622344524,70.0016026834379
69,13,93.95877773138858,5.5628260398700915
69,14,21.603649095580497,93.20075171277794
69,15,74.53906654956941,105.15450461010593
69,16,159.73513417713394,154.6917764362036
69,17,136.87385931840726,155.82473520846466
69,18,104.32969331931932,22.227833771072657
69,19,136.83089208682676,57.968803614061365
69,20,42.370250484265185,35.247706389418816
69,21,5.463361300476401,27.81664925008204
69,22,178.68087804362477,146.75595768734814
69,23,158.0499483439413,55.308180079694125
69,24,129.10788499573093,127.1631530024969
69,25,140.73833988779552,74.88091388034891
69,26,6.429984623351207,21.132436561609293
69,27,10.33878452815395,42.397532579754426
70,0,176.60241175317296,176.3309898254933
70,1,168.20491220755233,163.61253312351775
70,2,51.59981093968634,41.87205124935458
70,3,70.54415060352497,20.882399926166855
70,4,7.279698539662976,15.689111852313763
70,5,34.78368056871029,4.039332584559344
70,6,76.44451872844986,156.59881897311692
70,7,25.096773908350222,138.1372486940401
70,8,163.00964217130755,162.1292269851901
70,9,160.1343779051115,165.0638787652912
70,10,9.33513731333845,19.370555007710273
70,11,5.210713730400924,1.1882618353940566
70,12,149.71570206726722,90.68276433739233
70,13,26.72148867357989,6.438371524220838
70,14,20.94916061939432,69.9466806548974
70,15,148.06779759601918,172.3733666403851
70,16,176.5551417705927,167.99454553510634
70,17,162.8411472638174,140.1964393704144
70,18,166.67799475303005,16.971418113365345
70,19,123.46773827982875,7.013418604400857
70,20,8.52346103655797,26.33782072785683
70,21,14.754937671332478,2.69079804115859
70,22,177.7563146431757,145.2743312086543
70,23,164.7884218406062,104.29921576608255
70,24,131.22732429169452,59.0286793802062
70,25,144.23091097398245,21.85742485172629
70,26,1.626620554876676,0.7692843187209446
70,27,10.757817652358597,28.078470429276603
71,0,173.44243580231594,177.73342200120737
71,1,165.91932798407916,42.27129707673506
71,2,43.6116218139821,16.453063737531846
71,3,65.69327832650089,51.364696221274734
71,4,8.916030642558589,5.310437777828665
71,5,60.05671706869066,72.49235775306539
71,6,47.391800034554116,167.62115668001059
71,7,40.64172675033611,89.49591037476856
71,8,166.9281305639266,152.3245232178213
71,9,151.09784032857846,86.95134353316496
71,10,2.99370555206736,28.04225858233906
71,11,0.8363391954486101,24.721794219711416
71,12,173.78703943338127,64.64062373798525
71,13,4.373212513088492,95.66853216690953
71,14,3.2192550145513907,87.31711767967568
71,15,174.7904482914629,59.60967361337908
71,16,146.6241612079368,169.08804540389042
71,17,125.04093412101157,144.1485492256048
71,18,112.20983415992384,5.014891094959017
71,19,44.699291116805604,65.12060114195566
71,20,9.863169369969267,4.723007117192925
71,21,13.410674723325855,16.51213640252982
71,22,174.75960327879895,170.6182688434278
71,23,167.62485197257752,8.585320230102845
71,24,135.88749194982893,125.00685003504074
71,25,141.03312567124263,92.85828815668535
71,26,3.3736386529774456,20.319265562644286
71,27,9.446170014703284,49.002263603758934
72,0,168.9518919637718,179.43762625491198
72,1,170.81266926257123,74.88164326289186
72,2,45.64083731608586,16.674644370950098
72,3,59.50464124843841,38.160994604568465
72,4,93.07998107256157,23.758715103253323
72,5,50.60778544945475,111.40139244983038
72,6,45.576583352409,174.5035274626945
72,7,48.318103342551304,88.65777862727576
72,8,161.17994016024699,155.71381010824882
72,9,165.0072843234401,134.84069763515333
72,10,22.652483464140676,25.36471490477311
72,11,1.281826241159786,0.07658701833566066
72,12,132.3254706742813,55.791951616019055
72,13,7.750870597788758,1.6859621588037816
72,14,25.022045861578047,98.84333347920784
72,15,170.96730316105143,178.23745082286055
72,16,140.55236341051216,157.03264196080232
72,17,140.9082412934025,142.0734739418507
72,18,96.52791931764004,15.428167007419304
72,19,50.21372884466862,84.66140530964637
72,20,14.073398466793257,18.066006743749174
72,21,21.00870371467921,17.070824331894666
72,22,176.8801667978802,175.71369391629383
72,23,149.43526394434733,39.326805646738144
72,24,120.99875736390533,139.71050306234406
72,25,154.21478001639792,52.73869578523005
72,26,0.6652214952023571,16.78549310334955
72,27,11.028168119123816,35.450924244768714
73,0,177.68094575437246,0.0
73,1,169.287878058297,0.0
73,2,40.80353390214846,0.0
73,3,61.52115488212456,0.0
73,4,7.614462396470982,0.0
73,5,30.353636993928625,0.0
73,6,66.10798514381982,0.0
73,7,15.941229415180157,0.0
73,8,156.83099879913811,0.0
73,9,157.06845209793167,0.0
73,10,20.667828258110408,0.0
73,11,18.466918113792126,0.0
73,12,109.0177183472655,0.0
73,13,51.26573874739944,0.0
73,14,50.31445339462409,0.0
73,15,110.26734313880843,0.0
73,16,179.8789250260794,0.0
73,17,147.19997775518178,0.0
73,18,164.04369680319647,0.0
73,19,64.8480519758088,0.0
73,20,7.2156974638368325,0.0
73,21,24.54465669673764,0.0
73,22,177.83670651309214,0.0
73,23,168.770609358137,0.0
73,24,129.91137480369864,0.0
73,25,141.31453307674298,0.0
73,26,6.195993548923323,0.0
73,27,14.53316216238386,0.0
74,0,173.84919959529228,179.15195557271068
74,1,168.11296560435912,157.52949486519685
74,2,41.5983708832185,99.72274332875078
74,3,62.83970055265422,78.24764142319513
74,4,24.240408430543347,138.72286210227685
74,5,18.464452917076574,162.14223673248512
74,6,86.97366870726509,37.349545136312344
74,7,61.002981874248356,27.0697873391531
74,8,163.62999578728113,174.5480551696643
74,9,163.7223892481632,142.71898077327498
74,10,12.685126552055099,6.440894353301126
74,11,18.9857902428856,31.783386778189154
74,12,114.43991325489388,49.97158563351682
74,13,60.3260249051738,67.65888184276912
74,14,52.87496019305107,123.587520013182
74,15,100.6881848519406,80.55773137904168
74,16,162.1171803610289,135.8352989269177
74,17,176.14368878693435,107.52631133619896
74,18,124.81621558870984,64.33138540162145
74,19,175.61462498699515,64.66788082841197
74,20,19.821714673719313,18.027851364636586
74,21,1.0134112152819525,4.547493756841276
74,22,175.9939788595895,139.45703556037205
74,23,164.0390721596603,62.24349735054005
74,24,129.6070045061118,118.09982860305905
74,25,143.31181966846523,91.56236285478816
74,26,6.008954056985127,28.998453654054245
74,27,17.174194623451076,31.10198154962257
75,0,178.16244296943952,0.0
75,1,169.2841483304723,0.0
75,2,34.1350980111096,0.0
75,3,71.3260203209314,0.0
75,4,5.0689937980843505,0.0
75,5,29.854712303857063,0.0
75,6,114.84180681316874,0.0
75,7,102.95696233278503,0.0
75,8,130.09108639565864,0.0
75,9,148.704176006137,0.0
75,10,63.40130166458109,0.0
75,11,20.403250165422484,0.0
75,12,57.3702656784617,0.0
75,13,48.762126153463036,0.0
75,14,59.22843265695721,0.0
75,15,110.83462368111446,0.0
75,16,159.47739795615476,0.0
75,17,150.99971326782747,0.0
75,18,171.0480809524084,0.0
75,19,106.28555339051232,0.0
75,20,2.5201351104177094,0.0
75,21,30.482636036525378,0.0
75,22,178.66888160814293,0.0
75,23,161.0974483128141,0.0
75,24,127.49258566720775,0.0
75,25,145.491600506509,0.0
75,26,5.5756937144458885,0.0
75,27,23.067389232571976,0.0
76,0,170.90204497865133,0.0
76,1,165.81889870952168,0.0
76,2,30.129384893309382,0.0
76,3,65.1054865592323,0.0
76,4,50.37853997508985,0.0
76,5,19.539833757285205,0.0
76,6,94.92395654123908,0.0
76,7,66.48002642106327,0.0
76,8,149.9332778627837,0.0
76,9,148.62212893712385,0.0
76,10,20.0344253259934,0.0
76,11,21.716348057761156,0.0
76,12,130.85788309722884,0.0
76,13,73.77540464198256,0.0
76,14,29.107691576777768,0.0
76,15,84.5082473002563,0.0
76,16,146.22525121158966,0.0
76,17,156.31703965857224,0.0
76,18,106.6730862446513,0.0
76,19,141.07034625760605,0.0
76,20,21.31882059385176,0.0
76,21,11.397812458115242,0.0
76,22,163.21870638191842,0.0
76,23,163.44186117997205,0.0
76,24,144.0617916458066,0.0
76,25,146.51659033733736,0.0
76,26,2.9851897024256173,0.0
76,27,10.275668214469121,0.0
77,0,177.0801076843439,52.81702374420628
77,1,168.6813934435852,13.797163256094507
77,2,35.78274515701767,85.65908584863125
77,3,64.90356073353732,9.078553761107566
77,4,58.81667429025311,76.137993986591
77,5,35.21346221468655,58.21221091401696
77,6,95.86174701742901,53.16334000192874
77,7,77.28533986094547,49.02198179635866
77,8,130.3907156076714,174.1672297555413
77,9,144.29844406031074,140.16376745221203
77,10,54.91105493493107,5.206443276456319
77,11,22.931056689032765,70.03971712629561
77,12,87.00123461273485,170.63432320408936
77,13,67.52660541720975,72.72722934564376
77,14,38.08771045233406,4.1592335194543075
77,15,89.54233789375746,37.233053528060616
77,16,138.41992352960466,143.60572982230434
77,17,152.0277075767556,145.52839805762778
77,18,103.2000934276968,120.50638241220327
77,19,141.79728207823612,74.20429846662795
77,20,19.3352307646363,12.988340470691643
77,21,9.121710992424443,21.31792205789925
77,22,159.89305834806171,48.33283052336187
77,23,156.82973129120384,158.0936737790489
77,24,144.98299393982634,91.73221953969231
77,25,149.42044479700212,118.28693359677186
77,26,3.7697442807496104,45.736521453220234
77,27,18.081926703652105,27.833149223906855
78,0,163.39313421146727,69.75034586969845
78,1,162.04458873049876,111.36701863320852
78,2,40.95553679990507,76.87997815523325
78,3,47.41385148644787,27.937062175912033
78,4,27.132316354801258,89.52245564526595
78,5,29.98776283627301,150.623001223926
78,6,82.18404293134178,155.15187252131994
78,7,55.88170402041878,168.0399671282634
78,8,150.79998639414,177.17170734178384
78,9,162.4385643164662,105.44456573757442
78,10,27.06201916335165,23.056823193000547
78,11,16.178680753090575,63.74670254506242
78,12,128.10192784451624,71.41834959614619
78,13,73.0835772919062,49.65727181889555
78,14,24.83605299213212,85.52482721085323
78,15,90.73774195500323,66.59602563604199
78,16,155.0327088295885,176.11113629945166
78,17,161.23960309759923,149.95404149962877
78,18,64.54237819315443,66.35656652070914
78,19,137.8189204015318,92.08240828152265
78,20,35.173443354312965,33.24969043066631
78,21,7.916524121521596,23.709411397497163
78,22,162.03366826994062,126.29735501196953
78,23,94.11872304847276,142.36300794923352
78,24,151.49326253535457,105.47968086071263
78,25,165.681238671569,105.10711854616534
78,26,15.969518042103536,27.75540016327137
78,27,36.37933667864718,45.17623406024147
79,0,164.7213749054246,131.38593191773487
79,1,161.31011080954644,148.75265332595612
79,2,20.813653009971034,55.22451558346995
79,3,58.01515937436936,26.831610930004917
79,4,131.2089048220009,123.46429067625887
79,5,32.40461204235226,178.42270899415533
79,6,159.7540243870443,178.1290726475519
79,7,93.40709796903427,152.907931316866
79,8,173.68772745885602,159.5913331157775
79,9,168.57025442766388,171.59916390662178
79,10,3.4665818910751205,30.904904704477474
79,11,16.708116106285154,7.499054872850681
79,12,107.17860311460154,113.44478120102575
79,13,84.81018430696989,50.7450118737663
79,14,69.35481499432333,35.650314094496814
79,15,78.48169958674498,121.75593325338302
79,16,114.28436650114317,169.35693460135988
79,17,136.21934933264356,175.05568486129965
79,18,69.88376150606996,158.43537946743788
79,19,113.09943065665226,94.25131160445838
79,20,11.775250030185495,9.912020812964691
79,21,13.490417720901695,70.24091921523828
79,22,59.96332250248191,178.95671670044464
79,23,158.58101881716385,172.44728094521597
79,24,164.60558142014236,106.59894180305703
79,25,155.1054642102791,156.9094599552152
79,26,6.381789565215124,88.38635967657075
79,27,26.183921876068222,167.5710497918595
80,0,166.9020018850683,124.9939406220643
80,1,167.23884432743336,133.24248124629867
80,2,28.370562822462727,54.88114127412649
80,3,59.795664211696725,7.8917695272635155
80,4,87.91539859612502,108.03378150006928
80,5,24.78697484261503,179.5520110051091
80,6,108.7918253086972,179.14991618082067
80,7,84.60822606060677,171.30848693306407
80,8,161.6544154627473,130.73077600281005
80,9,160.61764558141599,169.9249911587099
80,10,12.777384634999798,80.71017922683184
80,11,19.63402520910656,25.356464999211163
80,12,120.22796701857818,17.530590737035695
80,13,88.24839302942196,91.1560975571279
80,14,46.99464834642201,81.75923003613248
80,15,72.11758176147151,63.48743744366096
80,16,134.86578223842739,152.22920727651203
80,17,147.61479548415105,177.81272133418938
80,18,96.5200913305132,150.86534450113516
80,19,107.88946190943142,113.91216734784425
80,20,17.925200905459693,6.420819433379367
80,21,23.648854949758473,62.79520868604556
80,22,83.84799870553364,165.4805033807598
80,23,162.60067766211776,113.60550862699526
80,24,166.05020195566092,179.4348764057563
80,25,149.29142040033508,177.50755800276372
80,26,7.782254144761082,175.58639441572495
80,27,23.54947461674522,113.54171072850284
81,0,168.93020726083418,92.56768734446428
81,1,169.07870668847204,168.89534695330602
81,2,32.55189426536021,83.09192500601307
81,3,59.51098174039282,34.56850707477546
81,4,146.610041715968,96.06538875513098
81,5,21.1932513565709,160.54244388366033
81,6,155.08453016823208,97.29209991344015
81,7,89.76248908436654,134.9500230932696
81,8,165.06031605282143,172.64372264666318
81,9,168.16559954775795,60.83597820575593
81,10,8.947969722566567,49.414830198035986
81,11,14.075084643283919,34.91796524928016
81,12,140.02721376694998,62.03884474700258
81,13,88.73929870377141,36.3892287050373
81,14,31.024816510483483,68.54632505496144
81,15,77.1856166529447,108.69280604568254
81,16,178.15476701568505,173.0880241373527
81,17,171.38657886751255,172.21009635204143
81,18,136.11494471457942,38.93577849170892
81,19,167.72155579267235,65.14224299830087
81,20,8.43504361463858,95.08224235024646
81,21,5.588864120852601,107.79381082805756
81,22,90.90190619501054,177.978929747503
81,23,156.7265785903552,165.4020165224108
81,24,56.72528499014102,152.71291107449284
81,25,156.77242553375297,158.4175060795488
81,26,4.863705557835841,134.48986935486886
81,27,22.788688051361543,171.48331518025728
82,0,165.37711869123763,75.87938461977838
82,1,172.24977975616181,104.42181419088494
82,2,26.268987758423286,53.586095090881685
82,3,55.698293528927465,42.52077503338235
82,4,31.884356232079835,115.1589637494327
82,5,31.84504562435304,162.81131672850614
82,6,77.90903047556446,162.12285199350305
82,7,58.972133535070036,170.7692249967074
82,8,165.93641764272903,173.68250544441133
82,9,165.73068526951815,159.57337340334684
82,10,2.182496750530972,69.23793640333207
82,11,9.587348669052982,15.084742117501268
82,12,173.56280987945797,52.08413889795095
82,13,74.61847889754742,85.78612748756083
82,14,4.254693370011047,58.677924698716986
82,15,95.79417243339958,79.1291303949379
82,16,119.81624467642564,156.6368522120302
82,17,13.393451515856588,170.6546484820068
82,18,60.86048468015139,124.12946560103441
82,19,6.300101405578233,100.21637736754936
82,20,28.23848291747938,19.80280567121711
82,21,1.0345721730772799,44.8337333023094
82,22,151.8804245594899,140.78250790889325
82,23,15.689197740146367,102.18873323921339
82,24,147.494611233007,146.39097019024808
82,25,105.18052529861656,169.10725654433472
82,26,12.321114782190556,133.95820129949138
82,27,37.52379345867837,125.3079754697981
83,0,174.93925091200688,0.0
83,1,176.95809637714046,0.0
83,2,40.16331608319389,0.0
83,3,57.55969214682717,0.0
83,4,34.18745522480153,0.0
83,5,18.572840016129227,0.0
83,6,89.3345165920459,0.0
83,7,31.498600529539637,0.0
83,8,162.7643699832535,0.0
83,9,177.6217694886455,0.0
83,10,16.4683681800595,0.0
83,11,8.899035858318005,0.0
83,12,137.75210704889295,0.0
83,13,98.0277770058607,0.0
83,14,25.77952477104756,0.0
83,15,73.07318713582133,0.0
83,16,163.7037341396135,0.0
83,17,170.55500309164378,0.0
83,18,118.35610162296317,0.0
83,19,164.24315803269565,0.0
83,20,25.07562897154351,0.0
83,21,3.1887559587975143,0.0
83,22,120.78944036333506,0.0
83,23,83.15739041741318,0.0
83,24,130.4596752510978,0.0
83,25,52.925610552497155,0.0
83,26,17.356874973936943,0.0
83,27,25.5829872317778,0.0
84,0,0.0,112.77815136990569
84,1,0.0,113.07395935591215
84,2,0.0,68.35124215099978
84,3,0.0,38.401298674654115
84,4,0.0,98.23032309312298
84,5,0.0,154.69992815709486
84,6,0.0,153.93402791835143
84,7,0.0,165.83629748025186
84,8,0.0,157.44347854000986
84,9,0.0,165.2483954913911
84,10,0.0,14.79651298055396
84,11,0.0,7.640160784411606
84,12,0.0,70.7104903603269
84,13,0.0,60.31081686039472
84,14,0.0,94.49299665911916
84,15,0.0,112.04902235519367
84,16,0.0,176.42124603127957
84,17,0.0,168.52991108048886
84,18,0.0,128.08200339215045
84,19,0.0,49.57903063393241
84,20,0.0,25.052847018402986
84,21,0.0,83.26869969853571
84,22,0.0,165.37874981918412
84,23,0.0,179.03092284512073
84,24,0.0,145.3191024614923
84,25,0.0,169.8940352927366
84,26,0.0,38.64705931197001
84,27,0.0,21.587443263149765
85,0,0.0,126.33824667140576
85,1,0.0,150.82127830332217
85,2,0.0,56.898629622455815
85,3,0.0,0.3160643767190582
85,4,0.0,77.6535515616015
85,5,0.0,150.6842091795258
85,6,0.0,104.48232401501295
85,7,0.0,176.16025567764638
85,8,0.0,153.5959243676446
85,9,0.0,144.55445933425952
85,10,0.0,27.251121873458715
85,11,0.0,5.602318682337512
85,12,0.0,82.66758386230417
85,13,0.0,32.811123941220266
85,14,0.0,70.08129426423704
85,15,0.0,141.5865573764422
85,16,0.0,176.78327102460887
85,17,0.0,164.65240329990115
85,18,0.0,68.58979389310825
85,19,0.0,11.811975122824219
85,20,0.0,59.49072558770324
85,21,0.0,152.9826012926438
85,22,0.0,126.04859490745233
85,23,0.0,107.72746359065809
85,24,0.0,77.4272534727138
85,25,0.0,150.28847515812726
85,26,0.0,107.24244585048993
85,27,0.0,69.9819742586483
86,0,0.0,150.95707664166918
86,1,0.0,130.97148218997935
86,2,0.0,31.60338259213222
86,3,0.0,6.481328579311688
86,4,0.0,127.49957895475796
86,5,0.0,153.89640313954808
86,6,0.0,164.84296769971178
86,7,0.0,161.96008131220793
86,8,0.0,169.90825634252417
86,9,0.0,161.68777645264043
86,10,0.0,4.065359196652115
86,11,0.0,12.274404260623744
86,12,0.0,14.772537945992132
86,13,0.0,34.78424745125778
86,14,0.0,161.16210285735576
86,15,0.0,132.94134828811846
86,16,0.0,140.60646267644006
86,17,0.0,133.29819725402672
86,18,0.0,68.45170996243515
86,19,0.0,94.48694042801164
86,20,0.0,24.393697350765628
86,21,0.0,10.781250783198054
86,22,0.0,82.64475239209112
86,23,0.0,154.48595152431722
86,24,0.0,165.89460522289974
86,25,0.0,105.45174493699074
86,26,0.0,33.61279698061623
86,27,0.0,4.758830054918193
87,0,0.0,112.62957751631835
87,1,0.0,148.72010152740737
87,2,0.0,55.88948353342744
87,3,0.0,19.956294266285358
87,4,0.0,146.58253580751673
87,5,0.0,144.70739440344994
87,6,0.0,172.50207491152244
87,7,0.0,145.70548256400588
87,8,0.0,128.08347149226793
87,9,0.0,152.61531789369474
87,10,0.0,57.857520585745476
87,11,0.0,4.853264859675467
87,12,0.0,87.99332819744484
87,13,0.0,8.1296383073454
87,14,0.0,34.14915121680966
87,15,0.0,167.01709683297912
87,16,0.0,162.71907181433494
87,17,0.0,178.91658294105972
87,18,0.0,116.26541980556767
87,19,0.0,176.22379627471335
87,20,0.0,15.20515958237766
87,21,0.0,1.1632380513311207
87,22,0.0,139.1940415563265
87,23,0.0,144.83233224670175
87,24,0.0,170.50040992852212
87,25,0.0,175.55543501739544
87,26,0.0,168.4237704818998
87,27,0.0,107.4230312600368
88,0,0.0,176.01600911675848
88,1,0.0,115.59859572488892
88,2,0.0,3.5793525859247235
88,3,0.0,67.84799839764219
88,4,0.0,146.30188226953945
88,5,0.0,151.87246705696953
88,6,0.0,153.17593995059963
88,7,0.0,175.41197213922644
88,8,0.0,155.13114326386207
88,9,0.0,151.18381954716895
88,10,0.0,16.88779040310043
88,11,0.0,35.084078914066936
88,12,0.0,52.654368332979416
88,13,0.0,113.44445144417325
88,14,0.0,110.45784126392017
88,15,0.0,31.471469641759814
88,16,0.0,153.7492017274673
88,17,0.0,179.92518928310963
88,18,0.0,103.34009659917047
88,19,0.0,173.38220138471462
88,20,0.0,23.819156352552564
88,21,0.0,3.1479391457708967
88,22,0.0,169.04812505264962
88,23,0.0,142.11081498000289
88,24,0.0,113.3930906970575
88,25,0.0,114.59742734211531
88,26,0.0,17.02125631221634
88,27,0.0,25.996026000070316
89,0,0.0,128.32940031238695
89,1,0.0,142.22690220348383
89,2,0.0,52.50130804324277
89,3,0.0,1.6164479066095527
89,4,0.0,126.10663863159716
89,5,0.0,151.82554575461134
89,6,0.0,158.0814946973072
89,7,0.0,157.98373358364378
89,8,0.0,168.07328630582325
89,9,0.0,174.47711261376378
89,10,0.0,0.327533240095514
89,11,0.0,3.3261136039829533
89,12,0.0,19.206409552395705
89,13,0.0,155.61665080680547
89,14,0.0,160.46605720750878
89,15,0.0,21.05723558921157
89,16,0.0,142.72344289057355
89,17,0.0,179.2380874745768
89,18,0.0,82.95340102185177
89,19,0.0,170.67689007364606
89,20,0.0,20.375818817265884
89,21,0.0,5.941337314251989
89,22,0.0,168.48455374587184
89,23,0.0,49.33988864391255
89,24,0.0,112.224254983831
89,25,0.0,148.77449193546317
89,26,0.0,62.53892247709082
89,27,0.0,117.39282349046522
90,0,0.0,171.1398022087635
90,1,0.0,153.2738158457175
90,2,0.0,19.672323963113225
90,3,0.0,22.85178348160494
90,4,0.0,132.55349334437304
90,5,0.0,133.04089089663364
90,6,0.0,152.90240052955227
90,7,0.0,152.61211860984886
90,8,0.0,121.18277299041426
90,9,0.0,168.57324411419413
90,10,0.0,21.306099885906633
90,11,0.0,5.574664159845369
90,12,0.0,32.49147925974643
90,13,0.0,94.6344900215758
90,14,0.0,126.20242085434694
90,15,0.0,79.79084581857883
90,16,0.0,154.3018357649086
90,17,0.0,179.62774361342883
90,18,0.0,112.3937127440778
90,19,0.0,173.587619057415
90,20,0.0,18.541095366489706
90,21,0.0,2.659367239611034
90,22,0.0,174.5113728887343
90,23,0.0,56.238618654299344
90,24,0.0,128.94718371503572
90,25,0.0,142.53439999743338
90,26,0.0,67.40682328940714
90,27,0.0,13.755959231652339
91,0,167.09284403853468,157.51281648058472
91,1,178.52356111253565,170.73150910687377
91,2,87.95106529364568,35.21568062161481
91,3,88.42150265458179,24.369656154786924
91,4,40.34746712015048,100.63330691708471
91,5,25.88562682305997,147.76652495652164
91,6,119.67406085347153,153.47929393795388
91,7,116.13087071423672,163.02463875816537
91,8,151.55323503569232,89.86357053584271
91,9,153.7567889821226,128.30126554222014
91,10,13.908042545169945,146.83898515276277
91,11,19.911582326427443,10.704340813980538
91,12,134.79099854106553,16.232494322188202
91,13,13.331403880988761,34.44280492943676
91,14,31.30095891376454,16.928520525049024
91,15,146.7570137925838,134.85285425658265
91,16,155.42575496584928,38.374075005683565
91,17,153.5513278468194,173.78427242971898
91,18,61.33565687125276,31.284078965993675
91,19,41.04796509306598,178.90468455938813
91,20,42.184548592312936,1.5334490165387884
91,21,44.56095752626243,0.4043304164206836
91,22,166.7996203075112,161.19766774026618
91,23,148.40324500265683,137.93492499192752
91,24,51.84210599399402,121.77601150010057
91,25,4.252265483613278,160.16250749122108
91,26,6.582698536075676,99.49605918379469
91,27,6.099178755106717,100.45458004221302
92,0,171.83030649889807,0.0
92,1,166.77746402540393,0.0
92,2,90.80253467604888,0.0
92,3,84.73949978432995,0.0
92,4,42.64283574820634,0.0
92,5,30.631549865765617,0.0
92,6,124.43750879860444,0.0
92,7,120.14176948675826,0.0
92,8,170.4915804267652,0.0
92,9,144.13808960662936,0.0
92,10,1.9062384661487728,0.0
92,11,8.946323901525547,0.0
92,12,21.09367778488784,0.0
92,13,5.1128184551020945,0.0
92,14,157.00008374896336,0.0
92,15,165.9408576433723,0.0
92,16,153.28767472347607,0.0
92,17,152.10875083373082,0.0
92,18,72.74169217460704,0.0
92,19,54.79540322314199,0.0
92,20,41.726448962195356,0.0
92,21,47.128307533691846,0.0
92,22,163.90167686155218,0.0
92,23,6.845484658179851,0.0
92,24,97.22504231337253,0.0
92,25,148.49185980607004,0.0
92,26,15.640578582824048,0.0
92,27,166.42586582323347,0.0
93,0,0.0,174.54823342128861
93,1,0.0,148.60957809327917
93,2,0.0,23.267329999508718
93,3,0.0,5.62577565040999
93,4,0.0,83.24334998993979
93,5,0.0,157.3726832480137
93,6,0.0,162.38516614179056
93,7,0.0,175.54301608593903
93,8,0.0,110.33628932470859
93,9,0.0,177.74885961539073
93,10,0.0,55.51191596187584
93,11,0.0,4.653079964846328
93,12,0.0,60.385180521675785
93,13,0.0,149.39710392450445
93,14,0.0,64.1029035164484
93,15,0.0,25.949816110649255
93,16,0.0,107.51600616360776
93,17,0.0,172.11136811786275
93,18,0.0,53.472628434228625
93,19,0.0,148.9506408849135
93,20,0.0,15.2259525313394
93,21,0.0,11.157752990162082
93,22,0.0,177.70915840747796
93,23,0.0,2.7668079307319386
93,24,0.0,110.38149294569675
93,25,0.0,123.06772153058688
93,26,0.0,35.36335926354456
93,27,0.0,58.700092337207465
94,0,0.0,148.655976115527
94,1,0.0,150.87139691675227
94,2,0.0,16.718270916119877
94,3,0.0,12.000681302988786
94,4,0.0,76.72114851698653
94,5,0.0,129.41137239186554
94,6,0.0,152.88410392159776
94,7,0.0,153.2091802298207
94,8,0.0,152.26310308204435
94,9,0.0,170.27750774188513
94,10,0.0,23.801173637934287
94,11,0.0,6.093611358361398
94,12,0.0,120.66444504832336
94,13,0.0,33.9855640819915
94,14,0.0,35.534381313742365
94,15,0.0,139.9208245596471
94,16,0.0,116.63132075226989
94,17,0.0,162.35920745368477
94,18,0.0,75.70151003173214
94,19,0.0,128.32910296721494
94,20,0.0,15.145882902488346
94,21,0.0,20.15957785293899
94,22,0.0,178.27295891687643
94,23,0.0,3.510658949653469
94,24,0.0,104.2789259325151
94,25,0.0,127.51004437488945
94,26,0.0,35.62462488810682
94,27,0.0,42.21722015010554
95,0,178.4233711668166,128.86862002913395
95,1,175.96258840890528,178.87069085134968
95,2,82.50564113716254,56.390693368195116
95,3,78.75802021263817,30.952321707511373
95,4,61.07369458007569,142.8441128251981
95,5,56.52262187891801,137.955139856232
95,6,130.63576907099562,164.86785617546425
95,7,112.60767709696827,169.51027774700714
95,8,176.03611204315712,117.00459998977736
95,9,178.7302345460593,127.61368089896834
95,10,11.464759097095667,28.20984456405179
95,11,26.341527230216077,6.277487305974427
95,12,91.59857688323274,141.84425610477405
95,13,56.65675219775295,13.449853926989602
95,14,76.93666401967161,9.945899331174147
95,15,97.00172057203098,160.27265876703598
95,16,166.09545294661893,174.06105975847808
95,17,157.1132443765757,168.96348834590404
95,18,36.17790826509492,8.032691933438274
95,19,28.7344354944008,36.16918778350881
95,20,58.232072737765414,5.092067918665785
95,21,15.829780511307234,20.91946607367987
95,22,145.75368475115596,173.79273616401835
95,23,169.4188523136801,130.32578268967052
95,24,131.1483701134286,167.43928617596788
95,25,101.79446678763736,171.69501493826792
95,26,0.48308127531853573,166.65777436572498
95,27,0.2415777617758852,106.4547320507798
96,0,0.0,130.8297307693612
96,1,0.0,179.76483212101542
96,2,0.0,50.5535608939565
96,3,0.0,17.655593976551785
96,4,0.0,144.0786424339264
96,5,0.0,120.59103814580097
96,6,0.0,170.11053400512463
96,7,0.0,147.068403359213
96,8,0.0,113.75573475979373
96,9,0.0,156.29246462718805
96,10,0.0,37.9305483750112
96,11,0.0,10.579937302079713
96,12,0.0,113.48752647435258
96,13,0.0,50.222866438153616
96,14,0.0,28.58192515063623
96,15,0.0,119.19719625976668
96,16,0.0,175.04426696140686
96,17,0.0,171.89925840106812
96,18,0.0,89.87939886602267
96,19,0.0,19.014719418833177
96,20,0.0,71.03997800765451
96,21,0.0,153.45023866960318
96,22,0.0,175.16427001788776
96,23,0.0,123.05307607501771
96,24,0.0,154.5004168719267
96,25,0.0,152.93876847360994
96,26,0.0,121.2592039956265
96,27,0.0,74.76657928977124
97,0,172.11095836773782,145.18133832782922
97,1,162.54742260829647,149.16362465720937
97,2,94.87869359715222,2.615613889038539
97,3,80.01190937465928,15.934940807049145
97,4,41.522020284922206,109.40008706643599
97,5,62.47146869012704,122.79302225083255
97,6,150.65379866179538,162.08284421239676
97,7,136.9371206693184,160.32889671234682
97,8,171.23716321721292,149.80789330680187
97,9,173.2375691661904,150.56550830448782
97,10,12.600455963910425,29.72216414537037
97,11,15.324428537195244,3.2886765589905056
97,12,78.26024905524787,120.53543671507663
97,13,31.09106043923929,20.915654616708345
97,14,89.1392949808417,29.742399139552994
97,15,133.58451102356545,155.79566882430115
97,16,165.39971879304017,99.2877909090211
97,17,148.9428273933793,176.75383785993242
97,18,7.376772626895401,74.50019267061481
97,19,19.096346047399944,173.64898204825627
97,20,9.706714659520038,9.564991813570964
97,21,13.49787986676733,2.3635079351548987
97,22,168.00717516047496,157.86573259637902
97,23,5.807001767431491,177.19579560771348
97,24,115.46896203765957,174.0704108011968
97,25,119.28330155228099,128.04016356000125
97,26,35.72895615583929,14.038579176688499
97,27,27.059899745302346,3.6422668710097397
98,0,161.18884243821034,73.02377941864377
98,1,154.6448871256257,173.36618640832378
98,2,25.79688995755086,34.30201646980328
98,3,50.959722641034766,25.30046965960895
98,4,21.437175270445557,178.34106283145886
98,5,14.035917201597155,161.07987351127446
98,6,138.22485288629582,174.67011478116746
98,7,87.83162140913414,167.22830783856364
98,8,128.20362294071205,171.7576793289059
98,9,144.51631974206987,157.95058146941156
98,10,11.888804526568746,51.87273883115351
98,11,37.395792825196644,0.01678088899871099
98,12,150.9654426750756,117.59075974420475
98,13,48.56082482357426,0.05782721219417045
98,14,17.145752798355684,10.536501424641695
98,15,94.04338235122913,179.9253918988071
98,16,154.49224497902716,174.31501615778714
98,17,124.24711047461201,166.09924136073377
98,18,176.14533007669803,36.90288438186877
98,19,128.0572244680208,16.069354057391056
98,20,1.110637982061161,98.33363067517182
98,21,10.452122134536221,107.05488118752766
98,22,117.92686967496608,169.1289340362119
98,23,165.47379496558196,71.92319753585079
98,24,61.73018130671415,109.92827320773759
98,25,139.95882487758774,150.68528137820687
98,26,3.7171011624336097,83.61813155178879
98,27,12.088889975967014,67.5666900005678
99,0,159.91291370516254,123.65399865677753
99,1,167.2763423862385,54.94220815105596
99,2,97.41459619435511,41.61539610779539
99,3,76.1539296631128,42.51192736862845
99,4,52.30520762770475,110.82090450744698
99,5,80.99656038642057,125.60499372288758
99,6,168.2933939969774,155.46175677286985
99,7,168.7869975441505,157.59019557271563
99,8,178.09547141758281,122.03414424931866
99,9,179.89786321499327,175.12342239134662
99,10,5.24755637455861,101.95289923483097
99,11,11.500010426918143,98.63337120464541
99,12,57.679814302007685,48.934049287691025
99,13,26.632324399735296,77.66152453242303
99,14,117.07262932343369,29.11305147747797
99,15,141.86766517334655,3.7051042629315476
99,16,153.84715376590682,169.73535253900874
99,17,151.3371616976531,169.10153700535722
99,18,87.7102860454558,66.67580416013249
99,19,58.65886271818497,4.023596338568061
99,20,37.097192067070175,26.998386769857618
99,21,36.509979363904364,174.48046267188226
99,22,174.729919869864,171.88689706781156
99,23,52.52169004729382,51.624971949371734
99,24,123.61364871877063,132.00049274353515
99,25,127.63570686106232,141.37547861167124
99,26,41.41321005949336,93.09460300748282
99,27,38.921232922712036,51.89312944980026
100,0,159.28205739071785,43.76017884205783
100,1,146.54855250678852,136.70623855493977
100,2,18.508373833493067,37.23704005210868
100,3,41.82586873936728,37.12214660540491
100,4,20.100774361632276,135.69217898084415
100,5,83.47396036027133,112.38634655876348
100,6,114.34714217794058,175.22306093282376
100,7,48.88309682655432,135.1899582824891
100,8,151.2461191862063,167.24714470556853
100,9,150.63945999275427,6.98705320308026
100,10,14.470645861800827,66.87596357596449
100,11,17.602385811292145,20.807458329112965
100,12,140.25128784400482,85.17534728861506
100,13,80.98560085287791,15.33670707430258
100,14,25.278066294194353,27.948689135420477
100,15,81.41201333582995,143.85583459658446
100,16,171.32176338504624,151.3326767339948
100,17,143.7633368985335,159.11163812526945
100,18,34.37633711121329,94.80853234493848
100,19,29.08185291485142,112.79234740837151
100,20,27.467150768358806,18.919464276188332
100,21,15.025705645370442,29.404559373882616
100,22,170.47872983689513,137.87034304542348
100,23,150.5658921490296,82.20831593662275
100,24,138.89432323138652,95.15292239690415
100,25,143.2948733482331,139.85208423011755
100,26,0.14514534276690677,64.17611444041505
100,27,2.3283083731204464,123.09255200113756
101,0,146.18345124915223,25.723507411371894
101,1,153.5293930547065,138.7419818948217
101,2,27.81160569118874,46.142138077752236
101,3,43.07890951466557,31.231003573612725
101,4,16.4787850038603,159.8038164234694
101,5,2.989052412125866,172.4479556614062
101,6,44.60797284233702,175.1922822211917
101,7,47.2061855483009,167.95141810181389
101,8,147.5086556525019,155.10408211670568
101,9,130.9597819927763,59.24690097563035
101,10,4.023490203244206,77.87908148793957
101,11,27.1041973402061,62.325000138625086
101,12,173.35227375848328,73.72858329407445
101,13,33.10250875887786,67.35173440712057
101,14,2.6242360382725014,28.39233521798598
101,15,119.79329390091604,50.32326545425434
101,16,172.1423307564661,167.93928119971784
101,17,176.39780672750675,166.28198803444306
101,18,69.57146253925545,24.601382886983135
101,19,153.90403857288246,20.62867014231765
101,20,93.67575132502249,32.61838904005322
101,21,11.837619217348308,26.863007046128313
101,22,172.2046325491881,150.40681663969494
101,23,130.43788610710686,147.59350910351108
101,24,130.8275283305241,142.33718653902923
101,25,144.47676858547234,139.38571726728318
101,26,1.3463155603929229,96.07985844267903
101,27,5.256213415688463,50.931731997486594
102,0,139.80369735124523,0.0
102,1,145.72792034959159,0.0
102,2,25.662178676749207,0.0
102,3,46.149637227172015,0.0
102,4,14.922302121274392,0.0
102,5,24.23249194229829,0.0
102,6,35.476201577245924,0.0
102,7,53.42622201872009,0.0
102,8,149.26269030607173,0.0
102,9,79.08204366400425,0.0
102,10,27.869988648334544,0.0
102,11,34.45518224790159,0.0
102,12,131.08600867582777,0.0
102,13,46.02859748241442,0.0
102,14,21.04400267583768,0.0
102,15,99.516220269684,0.0
102,16,173.25927112081848,0.0
102,17,179.3137331329252,0.0
102,18,8.096886256777713,0.0
102,19,50.500870005203346,0.0
102,20,15.216878943463396,0.0
102,21,103.01811535759492,0.0
102,22,163.63547144164036,0.0
102,23,178.7524848453884,0.0
102,24,47.73316305414239,0.0
102,25,81.64032793601211,0.0
102,26,3.0237902482421037,0.0
102,27,30.020846689561104,0.0
103,0,3.692741759976135,125.44346951779927
103,1,125.65005695540167,146.18473607414117
103,2,78.02453972607333,8.665899993528399
103,3,78.12668910988538,32.144312859051354
103,4,154.37781358576967,162.58890247856093
103,5,28.48825598647616,143.14030314756738
103,6,38.89227186007506,175.1122817136331
103,7,114.24211269625935,140.92668857205157
103,8,172.80156918538978,127.43385454205988
103,9,131.03490213730242,76.70225390811012
103,10,14.446659030628588,40.294577600537316
103,11,10.794590145543383,47.63879221442142
103,12,119.76195592796437,109.21550033968069
103,13,13.725403764004858,57.52412331898302
103,14,45.79138504140707,30.489922059781996
103,15,155.48000609045178,74.83708446659551
103,16,150.33129021755354,151.08413984623698
103,17,140.00603865493673,174.17367919477095
103,18,149.66304172764657,124.54926536261654
103,19,85.50537752254633,172.20084423476857
103,20,2.2275617459348416,15.46017270706758
103,21,26.41515794283831,2.1433336903701075
103,22,175.89040996951064,156.14812707431966
103,23,177.9308530095945,12.902143253077945
103,24,126.15379535641705,172.64318730826017
103,25,115.2033540068939,105.16635173742662
103,26,54.347045555229016,12.076221659170981
103,27,102.39427100821013,30.77000062847167
104,0,68.89346647425559,128.04434250263083
104,1,56.79796772595177,139.05179498827246
104,2,144.34264286839698,4.19827793037507
104,3,82.65005806484962,38.9726677032794
104,4,163.82720732093946,125.09404842071498
104,5,41.77709228036928,170.09969334837803
104,6,27.732769965691542,173.54961582961053
104,7,117.6784499691709,159.6282262843709
104,8,164.44820160069781,144.75082113183583
104,9,138.86013723052724,71.93676970141841
104,10,8.202344440879195,32.15532769861796
104,11,13.168633830274949,49.926522688043
104,12,119.93825860990592,117.43713675526861
104,13,96.11707090349142,58.52353541311876
104,14,51.85939694921486,30.40753554611344
104,15,70.71429526623356,71.54994189883826
104,16,108.73750281584947,120.16596754330082
104,17,103.57166748792264,23.418903944365344
104,18,95.519962575315,54.59778464442034
104,19,3.526542606483052,35.15336996616628
104,20,8.907117298294509,13.39562299458529
104,21,1.1429805524514274,7.007552430121609
104,22,176.29055856664502,109.35753247760644
104,23,176.36207914220518,42.16104000099367
104,24,128.97179580846608,147.67222332674703
104,25,100.75629499627277,107.46004291246282
104,26,39.910740125211596,54.69026630526082
104,27,73.35626288336374,10.740760109930678
105,0,38.039439623272315,0.0
105,1,158.8876304272896,0.0
105,2,114.06436147258304,0.0
105,3,155.3585914117848,0.0
105,4,100.31559092625244,0.0
105,5,11.456080438721955,0.0
105,6,85.1566166387511,0.0
105,7,107.74321209145849,0.0
105,8,166.0009591727169,0.0
105,9,140.23296025264457,0.0
105,10,2.1364991492469487,0.0
105,11,4.794252104563688,0.0
105,12,112.30987429887324,0.0
105,13,9.474320416024113,0.0
105,14,65.55362655187977,0.0
105,15,165.7314274794122,0.0
105,16,87.76059925037538,0.0
105,17,176.9782971653488,0.0
105,18,54.15238958647604,0.0
105,19,42.902466453802425,0.0
105,20,6.482119118806858,0.0
105,21,106.07349520386565,0.0
105,22,169.184806637359,0.0
105,23,44.99348125093314,0.0
105,24,133.6272798715236,0.0
105,25,108.1053588051548,0.0
105,26,55.99960911675361,0.0
105,27,85.90455969434134,0.0
106,0,105.32314902971959,52.086424043682015
106,1,14.102413461688869,127.34948998753087
106,2,76.38773552709392,15.331403311943632
106,3,13.020203064310579,38.828921179167025
106,4,44.14027799539359,144.32746414450648
106,5,124.3353172295915,167.85151572203128
106,6,106.31603379107386,172.24714411692926
106,7,89.64588668389342,154.17110927718417
106,8,163.21265310751758,177.1396513472721
106,9,174.03698380818864,90.64430416716263
106,10,15.958542675330602,16.783590784395273
106,11,18.552630480994704,39.31075681014904
106,12,40.68012436134972,126.50163622726541
106,13,146.7279192380844,77.09214954446915
106,14,123.3613329633196,36.71477298833931
106,15,14.719450280920853,63.59709364538185
106,16,134.16474490810168,67.22164402760336
106,17,84.40773614765598,140.85319697032583
106,18,40.41560120543953,21.786762353859086
106,19,51.43827445381787,125.94223199707253
106,20,18.02421761251606,25.18347312915585
106,21,7.301924978279084,3.64261041535594
106,22,104.66392075622659,98.32628908380497
106,23,132.2667775076091,116.2689801963592
106,24,56.860077172062915,122.3764459197549
106,25,114.8230427389731,15.72330872333194
106,26,24.485042897879623,3.126751058493342
106,27,25.92207109169469,31.295386557621548
107,0,78.46699891290726,90.4098940329111
107,1,39.20230840938903,132.0295765522192
107,2,53.37179076263017,22.723526109590466
107,3,44.00857576585378,18.393999276220654
107,4,16.76751363986721,52.07858721301412
107,5,111.42328375975352,160.62429595845936
107,6,133.4698686943831,155.8666033431602
107,7,89.39868230077533,173.72824283332756
107,8,137.4759514320582,92.76130339241533
107,9,152.64836613927312,98.41854165240159
107,10,50.04233946803612,51.070684182560285
107,11,7.968848603096375,65.50748276983641
107,12,77.34503021083117,85.24174088155358
107,13,56.234323380707835,17.77896858922907
107,14,52.61263032113272,43.68757493588612
107,15,115.7968280161958,96.7135486409345
107,16,163.38563499728028,155.48002370534792
107,17,81.67112908792967,121.91454575441122
107,18,27.67787213915645,54.819194902500044
107,19,14.420144106534718,117.09309357139936
107,20,46.81135533167997,39.66586897124581
107,21,3.6845491072344343,5.462904957059912
107,22,163.05512947046282,65.27952793970793
107,23,5.152174838067819,170.57131657684914
107,24,73.29936034302884,132.30046890956604
107,25,135.33475338525596,132.16124599601642
107,26,18.521146049730056,30.318705933410385
107,27,12.441230929611981,30.024841689776512
108,0,95.87274742878431,122.75116665585305
108,1,118.80606907586399,126.84598090398916
108,2,44.65459228988199,7.949013046578614
108,3,45.29378709006612,33.73983220192082
108,4,102.76673537845862,148.79469734936055
108,5,157.26062754186677,131.70281662004894
108,6,84.04710148492984,173.59696225310114
108,7,33.88666321550766,153.29171232355068
108,8,150.1133626507158,133.0302091489315
108,9,71.45750399241572,87.10309417513
108,10,33.00342218799096,2.302428101879812
108,11,163.53510363199905,55.747146014533115
108,12,75.27679307017289,3.3122564710561653
108,13,3.5780775380355663,71.35476872782937
108,14,71.71978474183618,174.38531542706403
108,15,12.886818829965351,52.89808525763755
108,16,158.21213669595255,78.87661804793589
108,17,138.14484845606117,130.41329751812438
108,18,96.19269040314222,27.81192652370475
108,19,94.34849635862248,94.74642384657349
108,20,24.892912786816225,26.39057268518388
108,21,14.454299381700777,7.281179349736278
108,22,161.19076539679034,34.44155708999068
108,23,79.06381384547721,157.25985780612075
108,24,69.08154816878202,158.92195555164133
108,25,97.05767680897651,16.166295028294286
108,26,29.339323806747814,57.862790135551926
108,27,19.379621874580852,9.451618324798202
109,0,92.5683379958166,121.02945711235122
109,1,144.3734917024959,137.9385808513682
109,2,37.62939793527927,4.223037416222496
109,3,46.53199960480995,39.07204972700015
109,4,19.32115941678449,118.8695603338145
109,5,13.786742991024758,143.40116780766365
109,6,157.48339362724982,168.2014243562656
109,7,100.98719761275976,155.20528786662183
109,8,143.47144919526428,132.43056924491563
109,9,90.8450539057592,92.56323902460943
109,10,43.40999498000549,25.329510904463074
109,11,45.22585433394089,54.195464521911624
109,12,89.45644275418462,111.05790467735851
109,13,50.74328072321493,56.51808500720709
109,14,47.13356226580985,43.61258441817841
109,15,84.03086494284423,69.28645047088122
109,16,166.96188475764484,129.92679366604494
109,17,171.0085028525233,105.78962347166453
109,18,39.774500539329814,59.18464647338084
109,19,18.101487224348485,74.82123534017637
109,20,25.952846037574826,16.496060310554324
109,21,7.328839099648996,5.14801284012085
109,22,171.86162194690232,151.13448725156184
109,23,11.432017185104836,176.87901584187776
109,24,116.31366928457027,122.48386384807932
109,25,115.12970273892093,83.01101933062515
109,26,25.951414681865504,6.4726809266385334
109,27,42.59159466760633,0.8286614570579056
110,0,117.88829521207501,48.299196292002314
110,1,2.732636376305685,80.49470882548184
110,2,95.97331577307548,19.355327912907626
110,3,67.36195860108005,30.69985174791463
110,4,21.8695025199258,132.70425246868334
110,5,58.947344637174695,158.7465276921936
110,6,150.82319128533675,164.89721562423773
110,7,71.1395002985185,165.08995438307545
110,8,176.92672404293438,158.47248386163298
110,9,168.6355228372882,136.701877602595
110,10,8.730751940045545,21.353794298320764
110,11,25.67006968692357,48.57204579586869
110,12,159.402309421308,124.75159482240514
110,13,144.1195424223398,83.73589363609379
110,14,11.866938638646428,33.89461087927407
110,15,10.210387890736646,47.692060568037505
110,16,161.6294550720546,125.54983704336841
110,17,152.1925954091574,179.16613289148697
110,18,39.28688141355529,69.58506338514752
110,19,7.357002770623454,162.94968327734892
110,20,27.006561999797093,13.88176661838408
110,21,3.5191416495420347,2.1011047830858374
110,22,164.36387124083052,22.974461372131696
110,23,30.011407328038395,67.23878698935137
110,24,116.7887170864363,109.37047363129156
110,25,94.8771931624839,103.58295579837909
110,26,33.83350500674439,19.944873928145903
110,27,32.98888297110542,48.6103304255725
111,0,95.99771581840604,105.89881581322364
111,1,31.946305427150865,122.43016556284711
111,2,51.60028228039496,20.67023488712198
111,3,74.7418085931934,19.803492060976712
111,4,7.739064440998807,152.99412058438529
111,5,101.34037494606412,177.67084662090562
111,6,159.35471478034134,166.979887779049
111,7,64.29168516498889,177.9783020945854
111,8,159.61500403402914,87.88041971426135
111,9,158.89034273689452,119.60671195200067
111,10,29.284859453954663,36.25583229894479
111,11,3.8935388540620663,68.19751569862015
111,12,89.47122514037918,49.68518798062316
111,13,174.75922239298734,42.58192429710322
111,14,61.24391540566613,94.05897972043203
111,15,1.3472387529505716,69.22056000427665
111,16,172.98907585845302,122.50501404848613
111,17,129.3199988331533,105.29361621048292
111,18,19.75471375075515,67.17481528418584
111,19,58.438319242349465,83.45444829144124
111,20,90.58118328148113,10.851708212277526
111,21,21.98739342645659,23.750433449893997
111,22,167.63038681710566,8.923467274351351
111,23,29.383972462280873,161.8812375492848
111,24,102.2947077936962,100.00621569054692
111,25,119.18282931212971,114.07555400191254
111,26,43.44308819771379,19.279788457181084
111,27,31.764080193074335,49.411722771077784
112,0,93.99444979342297,0.0
112,1,56.796906533775605,0.0
112,2,36.876094499944735,0.0
112,3,57.731358665739585,0.0
112,4,45.50970544270534,0.0
112,5,126.86613609260998,0.0
112,6,126.42019047659707,0.0
112,7,64.50120022699461,0.0
112,8,158.08173611643,0.0
112,9,119.12134932753139,0.0
112,10,53.46520885335949,0.0
112,11,81.18768848536956,0.0
112,12,90.01918551924834,0.0
112,13,43.2270558859332,0.0
112,14,36.51560562739217,0.0
112,15,55.58525562869725,0.0
112,16,169.53370201635772,0.0
112,17,72.34595559125438,0.0
112,18,145.06149737356174,0.0
112,19,42.15087268376425,0.0
112,20,10.457617928822577,0.0
112,21,6.280789507207642,0.0
112,22,175.84937238430936,0.0
112,23,51.82655080550764,0.0
112,24,137.0447346029071,0.0
112,25,128.7853783420621,0.0
112,26,58.971068285383005,0.0
112,27,45.7454937239479,0.0
113,0,95.27460808307819,75.45144086901021
113,1,38.85406558444527,103.11447736920738
113,2,54.69033528478728,34.365644504178476
113,3,57.71488005008122,3.113278115027121
113,4,78.61592051360759,55.94461374768912
113,5,152.42697259596102,54.422803334169636
113,6,96.93087613069929,163.05410487128776
113,7,36.91356179620591,177.93907310846657
113,8,147.15988190842157,126.2080779808844
113,9,142.89858284138163,74.48243456127877
113,10,38.225261248386346,10.042252821315701
113,11,119.5148901400753,151.40247310161402
113,12,96.5773341449013,137.8657814112852
113,13,58.22002557888301,12.946756351808007
113,14,45.197404606712354,32.09196576739902
113,15,2.265084281041687,15.650770546577977
113,16,159.4871949894027,166.21093080052924
113,17,105.62967961284619,121.55002451343957
113,18,123.00977049323471,18.796485225398655
113,19,82.75532273550276,18.891524832323416
113,20,14.000333451160346,8.643381333589089
113,21,7.945362861952273,3.931213997587264
113,22,170.44411048553397,36.047853683383835
113,23,12.675076322652687,161.76939793160253
113,24,97.0067184367993,50.64727004980456
113,25,136.60857855257154,82.3308576294719
113,26,48.86893502133297,16.729657743188874
113,27,29.18982411723197,52.29911044397742
114,0,92.67448672188598,0.0
114,1,76.66127366235763,0.0
114,2,53.491183608854584,0.0
114,3,17.990710321744032,0.0
114,4,58.06825441041153,0.0
114,5,12.28240031660016,0.0
114,6,151.51596237443005,0.0
114,7,70.5064665085505,0.0
114,8,155.64456501626526,0.0
114,9,154.97523033835347,0.0
114,10,37.950436420157274,0.0
114,11,56.619591558169304,0.0
114,12,96.17008977502508,0.0
114,13,83.05540401173576,0.0
114,14,45.87947380481769,0.0
114,15,40.32500443009495,0.0
114,16,94.95612932168768,0.0
114,17,157.72192716412866,0.0
114,18,57.70320511374934,0.0
114,19,15.23861723626327,0.0
114,20,7.904179141805719,0.0
114,21,9.288102525015951,0.0
114,22,138.12941173245895,0.0
114,23,89.76288314770454,0.0
114,24,114.91226350328216,0.0
114,25,82.76038895804808,0.0
114,26,33.556563298327674,0.0
114,27,34.0065272567785,0.0
115,0,9.991586654271988,0.0
115,1,21.872830587758127,0.0
115,2,8.82551583130047,0.0
115,3,10.580960705470828,0.0
115,4,157.31617914488746,0.0
115,5,92.8664287544162,0.0
115,6,173.5020774808513,0.0
115,7,91.79315745459884,0.0
115,8,165.88200858227427,0.0
115,9,172.405997199023,0.0
115,10,23.84665041119391,0.0
115,11,20.634040793475886,0.0
115,12,129.18059539027348,0.0
115,13,138.36397260287944,0.0
115,14,26.972754198532567,0.0
115,15,21.00198660364468,0.0
115,16,177.0621583440565,0.0
115,17,171.119368169198,0.0
115,18,10.813431291459155,0.0
115,19,43.842010101454356,0.0
115,20,17.543267842129453,0.0
115,21,100.24710290934435,0.0
115,22,119.94038533307378,0.0
115,23,98.34577281095682,0.0
115,24,106.71228234951445,0.0
115,25,100.05458433315403,0.0
115,26,18.39894308955884,0.0
115,27,34.88636173097634,0.0
116,0,26.958482849613247,144.22769363703785
116,1,5.232559340091378,157.51860657922376
116,2,14.933978690347145,16.84483593581109
116,3,11.519655597363963,15.005583849494428
116,4,149.38486831319753,98.06305888285374
116,5,53.41945240549915,93.73765914538093
116,6,108.58966790271595,152.36556929140454
116,7,55.46436672397523,26.33987805603198
116,8,166.28508867826656,177.2689786291267
116,9,177.0470583440191,152.097638976534
116,10,25.422797383897024,3.051449623352401
116,11,15.619537419072133,19.52395247450471
116,12,128.00189373431218,87.9648792035803
116,13,146.8717306865252,57.95607990813072
116,14,26.575308881790804,88.9836711730673
116,15,17.50873189440266,102.51996761736456
116,16,119.61022556143735,157.63540916626678
116,17,124.5714040981446,124.03793693776217
116,18,65.5341495601659,55.44272953175732
116,19,57.64587077010321,94.60439664291124
116,20,12.456292072731799,54.97927661445372
116,21,17.918212257712366,10.77458344471393
116,22,155.49245537859093,44.45803113582272
116,23,95.99785518058911,156.47099343116022
116,24,118.17329721725125,86.85478438258917
116,25,98.51536343153458,130.39465916589268
116,26,35.36291752397152,39.57161746987657
116,27,54.165136193616476,40.961548451785404
117,0,19.627928318650564,115.53228771858467
117,1,37.55891572678412,109.63885936256435
117,2,39.030718905540425,6.126712754515211
117,3,23.03587383622199,40.79803311584948
117,4,84.62975552028692,41.51371234291476
117,5,74.62793488571648,13.667794912083055
117,6,23.42126674986579,164.63061676941385
117,7,87.84642949517307,11.153493663593089
117,8,176.42266279958062,147.70610626642198
117,9,145.36523671350605,175.13018973733435
117,10,7.353064528145893,20.586657079614096
117,11,145.06618936192044,33.14274617679465
117,12,167.12475437527058,125.925238539298
117,13,25.584025038072802,67.62109205107122
117,14,5.5221810965835205,33.48810438108796
117,15,9.349785600006722,79.23616177213415
117,16,156.64372548661206,178.26702686047736
117,17,179.59306423291304,165.21772643315603
117,18,111.85838024617756,19.130706842971335
117,19,152.2656365650676,47.31700097941034
117,20,23.404576293194054,17.8518678372477
117,21,13.758188362462496,56.057547371787855
117,22,163.08283565335643,159.72893605275385
117,23,112.32516895971938,50.000525582422796
117,24,122.69710627645372,120.78615310729955
117,25,121.86702987904586,85.69634491725377
117,26,35.344637000632964,34.26603982857021
117,27,62.42018122023806,24.00645571752007
118,0,32.339973454889765,146.22722794009874
118,1,14.36222230208437,120.20224441573824
118,2,33.48125524878708,8.1395726384124
118,3,13.757815703543628,10.647506218119448
118,4,43.50938028066942,56.477489082344704
118,5,2.1653358979218384,88.47986565675674
118,6,63.548764605190684,139.74451536081946
118,7,176.79147074056425,131.42347931348442
118,8,156.7066890398408,133.61253031222216
118,9,178.5089382982875,144.55524155321547
118,10,3.5908992406100917,0.033388798232342816
118,11,10.158260089567136,42.140315751159754
118,12,166.7195629123442,0.01709849903021555
118,13,156.67318256136872,65.31499808295493
118,14,9.689537847045713,179.94951270273748
118,15,13.168557349064134,72.54468616588532
118,16,147.60878750913142,148.73795142012696
118,17,165.8534179662519,126.2738333701247
118,18,47.933312452566334,32.5846629060256
118,19,29.893004703185344,33.1938309521295
118,20,24.860714933519976,21.687466762556102
118,21,23.134751137118567,11.825342841312251
118,22,178.92054101281695,1.0644068628380894
118,23,64.58692969513976,173.39436111712092
118,24,119.55543038469179,82.83733406056793
118,25,109.16545771891494,130.3273476136204
118,26,27.622724866168518,35.44907452684556
118,27,51.369647706611076,42.240169135190115
119,0,30.577720111821993,0.0
119,1,18.976508056757034,0.0
119,2,42.27765250326713,0.0
119,3,20.38941115869641,0.0
119,4,105.56998482682572,0.0
119,5,112.2533851443371,0.0
119,6,15.800226827801122,0.0
119,7,18.314799480977094,0.0
119,8,177.22238261624804,0.0
119,9,175.6311320532086,0.0
119,10,10.926796497860899,0.0
119,11,8.501758269838536,0.0
119,12,142.9832054423836,0.0
119,13,96.8694782465302,0.0
119,14,26.089998059755537,0.0
119,15,74.62876348363123,0.0
119,16,152.278817209822,0.0
119,17,111.74941897688221,0.0
119,18,79.30616865774613,0.0
119,19,4.51203713750509,0.0
119,20,31.112489733979544,0.0
119,21,1.8452889613166792,0.0
119,22,177.9797194564476,0.0
119,23,52.88600768397151,0.0
119,24,115.87491564147224,0.0
119,25,116.32896601408902,0.0
119,26,28.717726872137952,0.0
119,27,46.95311676505542,0.0
120,0,26.038507793165895,168.0209613610214
120,1,37.376255621915384,101.62366978701962
120,2,42.443409861810274,1.7550837112622937
120,3,29.394484307080212,0.7423302728760011
120,4,128.61454259348054,37.27894205946164
120,5,175.99081890208552,47.02075238823331
120,6,27.108388025377025,160.49413161438926
120,7,34.118067676320926,157.0448026836296
120,8,158.64029074833195,105.87145278899469
120,9,174.0442934114227,147.5023806305912
120,10,7.490115547023093,26.712990909990253
120,11,14.340480531946435,45.49963874132501
120,12,115.68160735360654,24.842423254576392
120,13,69.53630400944678,71.68710482318815
120,14,56.82827709937038,128.4445858354333
120,15,96.12321545860677,62.81325643548685
120,16,135.7918340084082,175.1692715831008
120,17,137.7928849830257,154.0603746526264
120,18,80.0954997943301,12.815573818890206
120,19,116.27035437490981,16.97864572736433
120,20,24.54565705411485,9.51295929688541
120,21,3.9830519522514405,5.17520429328695
120,22,176.5126448833229,34.7022878067491
120,23,53.40766390485112,153.6862589609186
120,24,115.00576632012383,86.54391896342675
120,25,126.31141673921334,126.03179340625661
120,26,25.186976173492592,31.256012660307015
120,27,29.955609531410392,43.36737663403392
121,0,30.879345430016546,176.43074839969964
121,1,7.159527317807219,166.0696951224437
121,2,29.23802304224257,16.584666259030428
121,3,0.8961880981111535,16.13841205219387
121,4,39.580578584746384,38.1318680445855
121,5,132.3248667755295,86.324500016324
121,6,179.20809641048683,133.26598094109252
121,7,63.307644044891,150.06830806174338
121,8,162.75205757056824,99.21680774791427
121,9,167.10288336801025,153.3700400245832
121,10,8.057897398888755,40.40683984645608
121,11,18.11659684607119,21.408111898805032
121,12,130.66150539214587,70.60881619720509
121,13,138.41576181516828,75.00706843221685
121,14,41.28059720896535,68.98434395633882
121,15,23.467641338760526,83.58481966897811
121,16,145.41086972781594,154.74779354282555
121,17,136.32280618047557,143.6113372773816
121,18,71.52701997070783,40.35955314773681
121,19,102.42962048610802,51.32221889265592
121,20,27.932534872147528,33.706581385948425
121,21,7.2332363802773765,25.657427527299532
121,22,147.74506094303572,78.4743514944196
121,23,63.05455238024257,162.77165056717809
121,24,111.74395259367208,105.43173793302884
121,25,80.83732910580079,128.01584167016145
121,26,24.150208830383512,49.728519178910226
121,27,103.94275911822069,65.39474499350376
122,0,23.51313686566464,151.47726238116454
122,1,36.976010072103556,155.0025310013563
122,2,36.76171202753432,20.117895924408685
122,3,53.31547286484907,21.98734875465152
122,4,10.36384704574303,54.17428001997859
122,5,9.3778792716104,1.7337638494450138
122,6,167.21279647263802,137.8193335988297
122,7,101.99937199155899,68.04933279925254
122,8,161.10029124271193,4.658150874105644
122,9,136.29567039892106,144.55745775328913
122,10,15.201838978904426,47.32471287436262
122,11,34.750193950817014,32.3715396382122
122,12,152.93684560988572,37.70650035418553
122,13,116.7120905828661,60.2857922336004
122,14,11.86131541120984,94.96878677145185
122,15,28.53771546631692,87.34266812818741
122,16,174.45983171517545,177.96564387193808
122,17,148.89659238961653,112.63691146795952
122,18,50.14835155548018,5.154395886410192
122,19,35.00785494515808,17.25433238592841
122,20,84.89570820483459,4.846516354413883
122,21,18.05026478240832,9.123239583136305
122,22,178.57538660349186,83.22892690640069
122,23,92.30860744441142,161.34424998156766
122,24,131.76294691828693,111.26449927249791
122,25,101.96865179716322,129.69792536988896
122,26,42.552919160531616,58.86582853296794
122,27,76.29243186831775,69.98999837045312
123,0,30.66898838177815,158.96469928212957
123,1,38.82015398819605,137.45991303245705
123,2,21.12269656878686,9.990180310913047
123,3,47.2215088109289,9.396091684017392
123,4,14.218409234119358,107.06322581367395
123,5,1.9654749883517149,117.85580472256187
123,6,166.5154857653959,157.66722471917592
123,7,105.11242984601563,176.74408661953575
123,8,164.9331998479582,115.65284057510048
123,9,130.6937196553195,142.8749053234302
123,10,47.62427204430024,39.249440743322566
123,11,22.19258951355132,35.71862364247001
123,12,123.57915219984433,29.90673602619719
123,13,144.0391281608523,45.1564160927606
123,14,8.796575755855416,110.84382323048025
123,15,13.768282325596383,99.12496026476938
123,16,175.588729416482,133.51164229102775
123,17,167.9677899420584,75.67116036031075
123,18,30.94570583169037,34.7123304860783
123,19,21.016248257404406,32.76782927995555
123,20,35.43053872302924,10.066885183090877
123,21,18.026365187159946,4.959600498010211
123,22,168.07479596588243,33.24430108859178
123,23,82.43697186082511,164.04582796762205
123,24,131.99928540420524,101.35176840411265
123,25,94.45125505469211,131.70000166745854
123,26,39.98021369493305,45.780460557364286
123,27,70.28343022642231,71.54169038887483
124,0,48.49347712520582,173.47799867930388
124,1,38.7668069157508,138.34026710031085
124,2,53.82544001223095,0.9739031887286842
124,3,23.50452867164369,1.528153197161522
124,4,164.4105954908065,49.04787720792171
124,5,156.29440157495063,27.886901573626616
124,6,67.47068664274967,146.10119628369125
124,7,29.82430207293347,174.42896882666858
124,8,169.75132842149634,121.10378575277655
124,9,169.02194764653802,122.56986089501446
124,10,29.12147823231648,16.053001892549062
124,11,4.67721765213615,41.35520465207998
124,12,114.2154639719286,16.960022108712593
124,13,163.6563692596009,26.346447064290555
124,14,36.663057795754945,146.98697599873833
124,15,11.666413088262939,112.29834828362945
124,16,161.1358807777224,158.69769957218276
124,17,175.53818406320215,121.10598363882923
124,18,73.30133276908744,22.19025096456215
124,19,178.86160334565912,36.83336586149903
124,20,59.24354996537436,16.94884212269362
124,21,0.1733639310890423,10.723213483647093
124,22,172.25225552541144,72.52321204993412
124,23,86.0922623289523,176.7608081687268
124,24,130.29492687423098,106.96546450789025
124,25,115.39008238193244,129.01652668800799
124,26,42.72231282227749,26.960717760714427
124,27,62.89386234831675,51.44271082503633
125,0,31.267069534838374,165.79419643016868
125,1,67.25143816061977,161.44053885581934
125,2,25.00688907214139,11.831422018824526
125,3,54.61818818731808,4.737150837101777
125,4,46.77461787237392,50.10698146333558
125,5,161.25009604456392,10.028671506593758
125,6,99.60757662418143,150.84307854543377
125,7,31.36122900535408,172.39456224434142
125,8,176.02903385333542,101.78566094283927
125,9,150.34104447351817,152.50530395803852
125,10,19.968382761705527,0.5748969878234014
125,11,31.449665078026033,23.59320275483931
125,12,138.22044897720312,0.3119075388830387
125,13,124.87664262050154,47.20384529033212
125,14,21.811168261091332,179.11319547329356
125,15,23.67369230147245,109.20295195482855
125,16,144.43135594321473,163.1264202400338
125,17,115.88160775413485,157.15809437469542
125,18,48.11226446343536,21.665351484698583
125,19,98.94499888036306,19.086576710299006
125,20,36.73547368860193,19.670637254761694
125,21,8.795343452723355,12.999957559806363
125,22,158.7111502198192,90.3713072452251
125,23,114.68432813926826,135.01647887866878
125,24,129.75822862548867,113.1308368313747
125,25,18.288875784239632,124.93848513773384
125,26,5.070711984912346,24.59224795197789
125,27,13.159341738522976,46.651041242319025
126,0,24.037511977610272,163.61411636290663
126,1,6.685813258551667,176.48961215612135
126,2,39.699046546742736,6.721799159294278
126,3,0.023461419356930704,2.1145243564600515
126,4,99.50192372499835,21.602476623687874
126,5,34.823984937756876,5.67191680272944
126,6,15.021423337010757,149.28523754437984
126,7,2.388242935532806,170.201458434696
126,8,165.51205451213463,155.8460875959181
126,9,172.26573053901987,175.37803737828176
126,10,7.916524989540609,11.42358943992844
126,11,11.562308582490699,11.755542484230912
126,12,155.75496812789177,40.675820338277305
126,13,151.73398487144837,52.34678079340882
126,14,16.328506882567627,127.90059022179427
126,15,16.70370654606094,115.89767672236029
126,16,120.21230992619306,156.01360152749817
126,17,151.68133170305356,173.11781564942504
126,18,91.7380501834274,32.51046954426204
126,19,1.6359370678318008,36.60537517337363
126,20,17.03377889347497,37.74901925052004
126,21,0.8819038582746546,54.24142295598537
126,22,161.95210053465223,9.413840026041573
126,23,115.32604667556456,25.034284850497066
126,24,115.14758415425044,141.5501551258879
126,25,154.3230459246883,118.20071197469983
126,26,27.180188391438005,3.6857056420098746
126,27,34.28912193411936,53.22624877356998
127,0,11.075188328203094,149.82783402243197
127,1,134.729579433299,167.10325819646022
127,2,48.37405256476716,4.0515694880988855
127,3,4.871327034311755,5.3016546031277585
127,4,159.38693482819554,32.287139448359575
127,5,133.16023451201568,5.377984991586964
127,6,44.83384772489352,146.17002269113684
127,7,18.965681597474536,170.33697773548386
127,8,154.3666852323567,147.26355439158135
127,9,5.367183409257546,170.30698778411875
127,10,1.3299694249208442,25.103628804399513
127,11,53.833524537817254,6.889353103840317
127,12,176.2129798442972,45.651867379515274
127,13,67.64450955600319,41.90430291088148
127,14,2.457050730781929,109.24450381608523
127,15,58.52196590617956,131.2063439852782
127,16,143.27605994131082,160.62101097913296
127,17,19.427253241559352,173.12108714319254
127,18,77.09376100510903,20.259000631937162
127,19,19.418733703915162,13.818887501850927
127,20,32.43621569133859,17.110174952783783
127,21,1.0395549554186307,13.739246121308302
127,22,162.9269200079445,20.372889033366363
127,23,94.43076498525744,16.168568837057297
127,24,129.12887207420886,71.64385091780417
127,25,135.700327244528,80.59971821973261
127,26,44.573711162965914,29.740977178438367
127,27,26.815429626362718,141.3903313372816
128,0,168.5406627954266,150.34006491526148
128,1,80.6115836097456,177.09716813984704
128,2,38.01920376529517,7.894310129260816
128,3,2.040348006000653,3.866058949000521
128,4,179.8943497785277,44.89210674285761
128,5,133.36238228502836,12.907012687745347
128,6,50.53787954726031,146.07850647260733
128,7,24.703878875375093,176.39206701877376
128,8,176.2874729257745,146.24127162483947
128,9,123.43324850924782,174.7907043088359
128,10,7.6875175197571455,27.84733840167185
128,11,45.03207389725586,2.4221074104978015
128,12,43.46386277904231,59.12644451559936
128,13,108.37970408014434,8.546833998561423
128,14,128.84861970120053,93.02621708272882
128,15,26.588222022599783,169.03105859094077
128,16,138.28811930049832,158.41187930345694
128,17,122.4579032120695,139.5268549760185
128,18,125.23809650931321,47.196141819121785
128,19,68.89806235689184,44.38467095428101
128,20,5.611410035192758,40.39110728526156
128,21,13.490519389957699,21.893416435939088
128,22,169.25386810710754,106.77431911207889
128,23,117.48438307529358,172.45942206261935
128,24,133.70015480176775,115.05357505284107
128,25,172.77740509282526,119.4203599686268
128,26,4.498218919920191,44.298690236603115
128,27,6.5799053374742345,80.2858184653465
129,0,15.169711840660945,141.47895698346642
129,1,45.96037556515667,178.25054341200567
129,2,6.614151799275958,0.521586935261523
129,3,39.49009478883033,8.491721416160814
129,4,58.86672506915017,44.487026504918525
129,5,10.209256024110905,20.029792879186044
129,6,154.3927283498044,149.51435852340035
129,7,11.972333015861496,174.6411490183279
129,8,174.86157194107759,143.03435593795763
129,9,115.1450837693018,166.17104988364602
129,10,13.546724557051311,52.351143662890635
129,11,9.915506334252427,4.479071456704974
129,12,154.0939079571852,43.92991333057987
129,13,149.39863219794594,14.55716935957133
129,14,12.359367485763507,83.71894300652947
129,15,20.685861467801637,160.96375918372365
129,16,76.71957319523949,155.58174770124978
129,17,149.30360389276788,141.94943609167635
129,18,47.16274277626492,31.804872114391507
129,19,137.34739488614733,35.038661763724186
129,20,4.117685936893732,23.147942707921736
129,21,10.55433762943203,15.092289928955122
129,22,173.68424050975952,75.1899632120856
129,23,3.2849333746140905,176.57688021802497
129,24,134.27455419746423,119.79655745816595
129,25,91.25868797146465,120.28864510108542
129,26,34.60311177785553,49.51097233269445
129,27,65.6917059480881,86.35441402896237
130,0,39.64682014291854,146.87131958379052
130,1,36.23535728346112,166.27062484656906
130,2,33.493398913140666,0.19485107931688558
130,3,37.364089008560875,7.217846850780916
130,4,118.9354580517485,48.5932381466323
130,5,177.07235847773683,106.24490126189605
130,6,37.56330307255212,135.35987562528095
130,7,29.885030601104457,169.6642340484527
130,8,160.0611038799088,138.85296511339945
130,9,167.5762854693666,162.41202251761723
130,10,42.45736337346173,25.69022931460283
130,11,3.5341789256924407,26.35884294154613
130,12,111.67330079060633,77.24770440711058
130,13,173.241804149023,98.84541461269683
130,14,25.869335835931917,77.06206627828662
130,15,3.2240169252845305,54.79574244575701
130,16,102.14567009212526,154.755271132475
130,17,49.53333253757963,29.907362586085092
130,18,45.53573558271542,37.806676981967556
130,19,24.273189205065812,4.987816192523031
130,20,9.772326571750595,23.882054744283828
130,21,2.2653521128737424,1.116341165518169
130,22,158.17710007960173,98.56308611743253
130,23,102.10879993607045,159.30728432720963
130,24,126.45477715114956,166.48483274774736
130,25,132.85510735753655,30.87069141993487
130,26,46.97938499783191,99.97588450441688
130,27,55.985341244094165,41.744070295234316
131,0,19.686573677119593,133.3343310697147
131,1,14.006455179193376,175.60426080148156
131,2,34.19786071026322,3.5618671585630532
131,3,43.355125885522106,0.033789391415311176
131,4,117.5140510635454,43.96795590014425
131,5,15.409959408674458,26.066742780335797
131,6,95.17579745036453,133.6051183506926
131,7,28.001296678477647,168.6769850116616
131,8,167.9346073044209,154.3371110105139
131,9,168.62375820419015,175.27592427119458
131,10,20.206517353440745,24.29459916085142
131,11,3.7371342942648935,3.93127480428995
131,12,145.3365720189881,47.63551228895
131,13,172.532513365588,17.04144078467337
131,14,14.45691062757112,108.06988855019861
131,15,3.7303523401470815,159.02728441103667
131,16,152.1670711270251,158.73954934545975
131,17,110.20522329260143,134.90339582842148
131,18,121.2158586974498,34.63603006020923
131,19,25.96481283217889,29.463003030086895
131,20,4.695743505673742,28.037689501411467
131,21,11.82951179560614,11.85243524909384
131,22,168.4357881209535,120.60587582388038
131,23,111.70943378596452,160.04544325089938
131,24,132.07375166622973,108.42049855900845
131,25,113.00579783161902,67.00126319771721
131,26,50.52408443555611,48.82056233176928
131,27,84.66495439206021,41.72123290404244
132,0,108.02725737759305,138.58965478158484
132,1,125.396197980484,176.78459887178377
132,2,48.57996680484555,3.834086617986039
132,3,59.401129954678275,2.702947315416111
132,4,3.6865619642298846,30.668323576339926
132,5,57.127213874469646,58.616710828634986
132,6,166.0731381524158,132.96630514167634
132,7,101.08093746217028,167.1913258812746
132,8,152.32075983475747,178.17451929292977
132,9,16.889457734960065,178.3978745375145
132,10,36.091049777145,28.021030011686605
132,11,40.17841765739311,36.35178369364662
132,12,96.90496387813995,37.70742823166556
132,13,11.332978675675536,59.370084048504744
132,14,47.00398634471504,114.2715417566478
132,15,128.48860366693137,84.27813225784865
132,16,158.47918592282235,154.30387656804783
132,17,140.46905770898852,106.81696814356266
132,18,30.784769541912,49.3167704138458
132,19,41.86084967989955,46.31454839145885
132,20,14.743056059827502,42.2177329409964
132,21,16.28041138967641,11.26950234733862
132,22,175.63699234304465,75.43432012932526
132,23,86.13754111596467,7.138452084124297
132,24,133.65173248836365,141.84968884873314
132,25,112.85650312186498,104.3006780130435
132,26,49.06748276480023,60.190397426732694
132,27,73.20125266508995,37.61965488304401
133,0,74.64296456821239,126.0818503339751
133,1,52.80618220110379,175.76857900396308
133,2,133.81237930354612,10.621198694179157
133,3,83.08735284575543,2.4189320032658985
133,4,25.18006264316517,32.46252843284917
133,5,27.416370352868327,57.034846043050266
133,6,137.07606071946074,141.01478242154081
133,7,105.394127593297,175.16799416082168
133,8,147.6238124596038,158.9202963766185
133,9,128.83015442663384,167.29244604544084
133,10,1.8383614876942656,26.56318344281267
133,11,44.55208497240769,15.979960175544079
133,12,174.27126520982935,82.36194102433588
133,13,106.54687895514283,54.70204252806089
133,14,3.890373302476334,71.07487553285142
133,15,28.901036072449468,109.31799729639503
133,16,171.2004983878934,152.91961577586065
133,17,169.67185017786483,99.37114760734053
133,18,87.98818475346712,46.44659089670131
133,19,8.137179570719068,43.55778351147203
133,20,37.315605364026624,31.687445896244686
133,21,3.701722141871989,10.376713799485035
133,22,166.0145303828075,81.76010907539275
133,23,24.807280763223485,9.946834907389203
133,24,122.89593109901676,110.20470441796127
133,25,103.46002371971298,125.70380240917177
133,26,41.139526973963775,50.742867815209344
133,27,46.94994869947036,70.97850969184452
134,0,138.9200703065342,148.73451502932397
134,1,22.45077332225481,179.9622347688509
134,2,69.42937136820557,0.12018090536376166
134,3,51.80671586881646,8.474011544080213
134,4,24.79051324533098,38.888818721297504
134,5,35.73471719171487,43.58590848696573
134,6,132.1401619701597,154.29784499848017
134,7,85.68916823432735,167.92313149793776
134,8,154.41864742342796,140.0021624482024
134,9,142.7441362769819,177.86179975259427
134,10,12.968366592200983,19.324316410088112
134,11,10.698706789737333,3.1546047848647345
134,12,9.720650422543896,55.651278863944995
134,13,163.187863736842,10.478773703144292
134,14,157.3109829852551,105.02440472596689
134,15,6.1134294734206645,166.36662151199099
134,16,178.092007702251,149.52320609457738
134,17,150.948295212868,159.50879182206444
134,18,66.71328738359887,33.571512429860206
134,19,35.16242405987289,41.27680754666687
134,20,33.846808460560155,18.079980540551258
134,21,16.408910587558395,29.432673067200877
134,22,84.53437879021152,128.5329680217253
134,23,14.720266933961431,16.75983682376907
134,24,123.30485194888814,102.21598562754298
134,25,102.80065744102569,119.940362243321
134,26,67.87880328489108,31.01987280397461
134,27,52.68660395427946,53.54826214118327
135,0,177.9316642538084,130.03082499788061
135,1,105.01074352211197,165.79877901069628
135,2,121.08254758495036,6.779043812018071
135,3,61.630051760802274,3.920251749959996
135,4,13.098132713939762,39.10830410892323
135,5,43.81987045974634,54.51522537711207
135,6,166.5864849111521,149.83267015290747
135,7,139.9048058223045,178.71952636353222
135,8,156.75376235605026,149.61915540719562
135,9,102.90015453847187,176.15659753580445
135,10,3.3920996601213385,32.30806252347416
135,11,114.4025559619204,13.44668342123624
135,12,29.27068500555157,71.67671792073213
135,13,32.78335214835306,116.58162259332136
135,14,147.33721533432708,76.01521955579372
135,15,32.81409188972649,49.97169398544243
135,16,179.1083804708028,148.12827209757452
135,17,158.7154753572852,144.28027288630815
135,18,5.24397139197322,45.8708061222606
135,19,29.176631229047903,61.10986862803537
135,20,7.043422325399104,25.139271580579685
135,21,13.441163348603254,20.655599400860382
135,22,170.69069389689062,155.2586295705251
135,23,10.720518859373287,36.610560070465965
135,24,122.06318957381197,122.9750360274611
135,25,100.89605685154453,27.991192971108372
135,26,38.24018556503813,37.899626319988805
135,27,39.241988379901684,41.44233382442394
136,0,119.37523520898327,127.21395894727665
136,1,54.31358022186434,175.89017712956357
136,2,159.1543608006037,9.439353333121588
136,3,114.37245168661237,0.4544224982210177
136,4,110.69421022072842,37.878584317420895
136,5,179.25421686223916,55.918640797541855
136,6,54.90114046304273,145.89332551254736
136,7,0.23071979322777514,178.2894391684527
136,8,150.76464887356323,153.71181981048025
136,9,148.51602495383534,176.10253446878934
136,10,23.796130933531035,32.86233934031475
136,11,60.8595214103236,3.1055396581234325
136,12,97.48005765661786,80.48592707407037
136,13,87.27245067723214,19.198604203075817
136,14,58.723811409851116,66.65173358561488
136,15,31.868027912444244,157.69585613880074
136,16,121.79116820207147,152.5848231129624
136,17,76.08969424832168,109.88906737106934
136,18,67.21727191365325,44.59918672586059
136,19,29.632435243435875,50.4641102654443
136,20,8.865853879104122,28.830577896481834
136,21,7.771007994650426,11.223311891070308
136,22,168.20904066175945,99.06867055472486
136,23,136.96981000665673,17.30249743412114
136,24,128.17809601446075,135.82843256163207
136,25,133.2193636957566,58.24484616398644
136,26,77.18704217113552,57.127695970754566
136,27,82.50113563312851,59.63431562207296
137,0,142.04260448239526,134.74446133183042
137,1,17.74672595397606,166.03051806696536
137,2,126.22581720834756,8.12357200056449
137,3,55.381670830956644,4.451766593479076
137,4,29.414834884712157,39.50243523912423
137,5,25.158780597218186,69.58311000272778
137,6,119.85285863124274,138.6877801417621
137,7,91.6940543545585,171.1918340137661
137,8,131.1219969611745,147.91421437085197
137,9,164.9708672110467,175.53138808511954
137,10,6.144030982629015,36.03919935920911
137,11,55.347643983087664,3.0843965683694115
137,12,51.661598605093126,45.959222004515716
137,13,119.50443214270535,7.065464149555977
137,14,122.19437041227789,98.00157863627517
137,15,5.14792387420697,169.85013928207462
137,16,166.69054593511018,160.56478589596517
137,17,158.41950834447948,73.79698947348756
137,18,54.83255558241049,26.360524080401497
137,19,35.27759061222002,24.739733933587285
137,20,27.333194068257868,24.093065941785746
137,21,18.365565434699686,5.418670153934344
137,22,102.38027011562588,99.98342377945937
137,23,76.4837705815991,23.44544483314316
137,24,123.05899667715056,173.74529300249773
137,25,55.72146235574281,123.06049377359821
137,26,9.652691213693622,54.87647468865541
137,27,50.94752058406192,75.68166709733237
138,0,0.0,117.61692520597272
138,1,0.0,172.91949182502253
138,2,0.0,14.802199559737744
138,3,0.0,1.5689537364941089
138,4,0.0,53.88218085782994
138,5,0.0,65.91976089581303
138,6,0.0,145.3472807448482
138,7,0.0,177.2990107449237
138,8,0.0,169.17814979638885
138,9,0.0,173.49060877188427
138,10,0.0,31.242557478947667
138,11,0.0,0.5041770138696324
138,12,0.0,86.98479642072306
138,13,0.0,2.157161850339507
138,14,0.0,61.77264610032926
138,15,0.0,177.33866113579086
138,16,0.0,148.84541382574702
138,17,0.0,133.20138720944936
138,18,0.0,38.11829147412275
138,19,0.0,69.02294048379287
138,20,0.0,18.271752535155255
138,21,0.0,14.64084871252784
138,22,0.0,162.30371617031707
138,23,0.0,106.75940215462913
138,24,0.0,137.96968934151147
138,25,0.0,87.40045085284035
138,26,0.0,29.0420477267043
138,27,0.0,38.56160384593619
139,0,0.0,122.8524217359891
139,1,0.0,167.02842488237326
139,2,0.0,6.70954738627
139,3,0.0,0.7773308142221812
139,4,0.0,40.101125046851536
139,5,0.0,36.53792566491523
139,6,0.0,145.37112288541502
139,7,0.0,179.39562022831134
139,8,0.0,157.47729256324595
139,9,0.0,155.85797098512305
139,10,0.0,29.403919786577102
139,11,0.0,18.27759146203602
139,12,0.0,89.03308803376176
139,13,0.0,72.76519288042414
139,14,0.0,61.56299217966115
139,15,0.0,88.95721565753983
139,16,0.0,155.3487199904436
139,17,0.0,128.39651787667438
139,18,0.0,36.11292111997654
139,19,0.0,47.65070728190518
139,20,0.0,28.37261982596572
139,21,0.0,14.890606430744754
139,22,0.0,146.26373835569305
139,23,0.0,11.499060983963872
139,24,0.0,133.37770349160675
139,25,0.0,103.96343628819358
139,26,0.0,47.87676486899494
139,27,0.0,53.74159326777374
140,0,144.616851673533,119.48245711158981
140,1,96.52680222681177,171.1710368946207
140,2,52.18265984675534,13.094271398995943
140,3,60.79188818973622,118.30418700254029
140,4,132.69772763924834,50.214327707854885
140,5,134.87785195722475,61.69397385853269
140,6,79.54018258725543,121.99190102363497
140,7,8.278955050212316,173.22247193852073
140,8,110.65754304225592,161.55720004093877
140,9,130.21981797183116,175.12858968004898
140,10,7.314413701152209,23.56944054151032
140,11,5.811574792259032,7.49373459483357
140,12,143.49410695175092,92.05135935498812
140,13,160.55345322892185,12.37436022868082
140,14,29.191479347096877,64.37920010350157
140,15,13.63497197881908,160.13190517648562
140,16,172.9103687632674,149.71116902805133
140,17,67.41587104447638,98.12829001202351
140,18,172.83820438196508,49.070166581867014
140,19,59.96728580784147,29.381073112072823
140,20,1.5217821737485804,26.51265320148048
140,21,3.434160064144767,8.178828022692047
140,22,133.1559494692375,162.17954320798327
140,23,120.04276406760364,62.31469565475703
140,24,112.70952267846081,127.37745378053992
140,25,103.24804943549913,112.85828237205823
140,26,31.15649858396305,52.7639108996116
140,27,41.782618279745336,117.3662651373707
141,0,1.2416474795612973,112.11658721536075
141,1,127.96104256763698,173.8335297224911
141,2,38.82376759954716,15.53291292481623
141,3,54.92851176791637,20.32425926525275
141,4,55.13062434319385,26.458288680914304
141,5,59.71619823812399,60.89111380736238
141,6,151.98990133924215,114.55890980938847
141,7,82.14268486849863,179.97659647931093
141,8,177.87769816898324,155.29006735422024
141,9,78.70860295573674,150.7923040059382
141,10,7.092700152504448,21.25382005884168
141,11,79.91628684297521,24.36683577016021
141,12,163.0873559304121,100.0090649250857
141,13,47.58345545371442,33.95011548923287
141,14,9.819943917083457,58.737115016072636
141,15,52.500257703310375,121.68304874060694
141,16,153.4470901714619,151.82676889176082
141,17,122.25188482019095,109.09534532888453
141,18,27.883212956800087,64.94061919767836
141,19,63.582715969015105,44.59202477151304
141,20,11.193799107799302,32.25780020735235
141,21,14.11629911016244,12.159037148027789
141,22,157.73725845903033,159.7097987768926
141,23,168.35601812063356,34.51072028117552
141,24,100.9074464430215,131.85240659221554
141,25,124.61469973729353,102.44727919540418
141,26,33.565616436983255,45.792120241708716
141,27,59.93108499114491,98.23158384666795
142,0,142.07925754791148,111.74921254011741
142,1,61.196099497266765,85.20941610972369
142,2,81.05795403724359,9.766508926640995
142,3,15.324622273910167,7.6139580724705285
142,4,141.6594407373897,17.0067288910156
142,5,161.52825260640682,78.10239331568884
142,6,31.253254224537066,90.99680297616733
142,7,23.81583989900646,172.85239102582076
142,8,159.2864717224214,154.5978453177519
142,9,173.34296282844554,102.70369912508609
142,10,5.44248835951332,25.204913177372863
142,11,7.1550476831916905,93.15839239188989
142,12,150.800416890993,90.5594145582485
142,13,155.112557147255,39.95628780121106
142,14,23.75709474949367,64.23567226437865
142,15,17.732395169553303,46.88531980689902
142,16,154.9272271965778,146.53166773010037
142,17,176.28289289033518,125.8746108605934
142,18,136.75792175199027,96.9143174320825
142,19,163.0254843164489,75.45401014845913
142,20,13.442276694494009,20.926152459856404
142,21,2.597950860396708,16.096488208593215
142,22,113.8307280443784,160.56992040613514
142,23,164.67293231500508,173.3992266261326
142,24,118.93779336510704,134.60712807504657
142,25,97.75724163442246,114.01625612826669
142,26,32.07985298970768,60.730897252848116
142,27,39.581547443479586,86.35250886296524
143,0,47.1636238725051,112.67132772217853
143,1,30.909427949324606,171.08263060905122
143,2,37.296128937406856,10.059851119224618
143,3,19.56994464160071,13.16219257374155
143,4,112.28304716567627,46.39631353284416
143,5,176.09872807762363,65.0547303530128
143,6,70.0317931397699,137.91494204896745
143,7,20.602255273252155,178.75424461705305
143,8,153.87598914652375,172.47693607739313
143,9,144.75589005805543,153.11413640760537
143,10,48.514707202495586,20.70932226990954
143,11,31.774394702343372,38.25310808941161
143,12,93.9347321450229,97.89920251060661
143,13,71.70265322436535,38.170836327594245
143,14,37.550560652481536,61.39147521948385
143,15,76.52295207329131,103.57605558299414
143,16,132.0857370431809,143.43853983875334
143,17,121.58847970751793,119.35703240886134
143,18,121.08856702612354,55.49697520886377
143,19,109.19902124452298,62.50224130606068
143,20,11.029976209243522,24.257574278696858
143,21,4.489336749524576,12.127417545549145
143,22,114.58847519307433,179.3540565745163
143,23,129.10318728516233,31.520463492179754
143,24,129.7969056744872,157.20128983900133
143,25,99.10386938243595,82.8399048486131
143,26,62.92175001537792,45.25975869940762
143,27,41.21512461009274,52.103795632461974
144,0,0.0,115.92804782813184
144,1,0.0,114.7009557537866
144,2,0.0,6.13063087476416
144,3,0.0,2.5828250276066727
144,4,0.0,59.228548838798005
144,5,0.0,78.88087834462485
144,6,0.0,152.94653961327063
144,7,0.0,173.57672542351762
144,8,0.0,169.99460338154339
144,9,0.0,116.8059012992813
144,10,0.0,27.712824381980905
144,11,0.0,99.45301622784856
144,12,0.0,91.82928871225593
144,13,0.0,58.28331876934977
144,14,0.0,60.45788690576318
144,15,0.0,22.26366500280169
144,16,0.0,144.15753324993935
144,17,0.0,125.71254692847259
144,18,0.0,32.61975035284528
144,19,0.0,44.744672010308136
144,20,0.0,15.567420554849669
144,21,0.0,10.653669147047925
144,22,0.0,164.7820932217784
144,23,0.0,25.645768107900704
144,24,0.0,131.60070094552515
144,25,0.0,118.69540190837057
144,26,0.0,56.28258897639319
144,27,0.0,99.90577359094391
145,0,47.72429860049271,127.50602135962443
145,1,113.07620830972854,174.51872831222292
145,2,50.88055484148541,1.394562379712086
145,3,104.53902166626887,15.887264360619838
145,4,151.76304054241447,50.68709999308172
145,5,107.06126355488152,70.11328161005231
145,6,9.842444556476341,82.47543554077376
145,7,25.234003325200725,172.38185522149465
145,8,119.71185381709702,159.94379503362416
145,9,158.7102277126416,131.93353416356518
145,10,26.990490331665846,25.868242446291987
145,11,3.4829332750759274,9.434892258420632
145,12,107.39492314556665,83.45743478561442
145,13,82.12356466526187,12.162369893438253
145,14,45.614586522767475,70.67432276809362
145,15,94.39350205966218,158.40273784814107
145,16,89.81977145748489,161.4733764006964
145,17,92.02482643187638,145.39394644237723
145,18,63.09131702420635,98.5022931707889
145,19,34.81464275332289,87.46199650769239
145,20,6.817992103738034,26.138721900191094
145,21,10.411828480573153,27.9510930982259
145,22,155.8236053092048,144.99494172081782
145,23,120.38649913145358,8.714841759760114
145,24,6.997959213021739,132.2834219342649
145,25,119.40643817075778,102.86025380642661
145,26,8.405576691600851,51.00225881566015
145,27,12.122288350663364,63.58116384278219
146,0,29.93581750824397,142.94868369172505
146,1,41.93798962477911,171.95951134659398
146,2,29.539024756721044,3.1862120483883625
146,3,3.59774538738317,11.866279231770704
146,4,66.58431699209515,51.063794563928184
146,5,140.3959589113026,97.85213656445575
146,6,42.19953285872144,149.94808446360236
146,7,19.751130360250688,179.3712033259638
146,8,177.51952751479277,154.9642077862855
146,9,148.34462495788728,154.30550936741434
146,10,11.042263502200887,29.58580472339756
146,11,31.320545848680222,5.246498879949684
146,12,125.89095802003071,89.42673185953707
146,13,142.61924848889774,155.82159443238797
146,14,43.06677847776841,60.98746341706535
146,15,6.06020566242205,18.931906687662334
146,16,175.39633985451712,146.18756901107392
146,17,58.06623269796294,128.92519177650897
146,18,176.47511318561197,39.901895074861955
146,19,13.07795529389205,93.68126107560033
146,20,0.6770520462656263,18.81413726707788
146,21,3.258390208827303,9.185093352364328
146,22,169.4923059730358,145.32301862341737
146,23,85.84158040611743,12.805817648122318
146,24,124.05662374607562,126.43830927575178
146,25,105.22476057972382,133.3385315081225
146,26,33.665539823160316,74.53605856065356
146,27,36.861136635886055,88.05174247154042
147,0,0.028735990864836393,127.08520346514159
147,1,46.130514043121885,166.62507788426188
147,2,20.396775004599668,11.858054344515356
147,3,26.14443965695808,12.085550001974816
147,4,150.1740393613079,19.183560354192867
147,5,87.79294519618668,40.9411938204855
147,6,22.649499947625944,150.76386035150054
147,7,27.02265811095881,172.64060348835883
147,8,162.4271348872221,171.46056009728113
147,9,140.99915963721924,156.14442002108675
147,10,22.673814199166582,24.771111961469725
147,11,30.85942913334638,10.230035695420506
147,12,129.68391137890396,15.990369210547223
147,13,94.7428182094112,34.427759229195146
147,14,27.64227442192943,139.23851882798309
147,15,54.39775265724242,135.34220507538436
147,16,68.7159102053822,159.43302949194197
147,17,113.98099531442207,149.21836104737287
147,18,34.25312142578674,39.02607674258144
147,19,3.9524924828680357,75.37940731370225
147,20,5.612272383122769,32.14084291329724
147,21,1.507503172137466,24.416109292891342
147,22,28.725651447718587,139.62180042172096
147,23,141.13672509304106,134.2884644272563
147,24,121.19297560474453,151.34022122869212
147,25,95.97738385780418,43.45947878162947
147,26,19.5476938823239,74.78005159605812
147,27,15.224914590478091,65.67156556645108
148,0,22.586007803457598,133.9109825193409
148,1,137.12332815303793,169.33740455199995
148,2,36.39861113774469,2.446710362844542
148,3,18.433867046688835,1.3726697528742489
148,4,46.22233786706678,34.14833890675861
148,5,142.68192957020065,53.63757475169695
148,6,132.03479426774075,151.07467826095663
148,7,124.95454304603251,178.4342441417866
148,8,176.67661343749973,172.2033986330291
148,9,122.25526074801815,175.41058263213552
148,10,13.907815216226561,31.793985309569482
148,11,92.27575433552562,4.078286499028843
148,12,155.21249683620263,71.36427944429187
148,13,18.54836347564949,22.447753460782053
148,14,10.879687947570782,76.84173524613865
148,15,69.1758821888249,153.47396004018913
148,16,95.97319837578658,154.38872535635892
148,17,92.43550920092017,139.55063142405592
148,18,46.05532988878514,31.054342885023004
148,19,42.884826811875655,75.93520283600373
148,20,17.14096750116866,19.830503290752745
148,21,12.819486719511437,15.473657653863658
148,22,159.80730641847975,168.68310030179103
148,23,97.11343133031477,145.8939850342982
148,24,115.54568315592437,107.99079610836608
148,25,124.48358846289238,129.18826184747508
148,26,26.77193144454607,47.71672946881527
148,27,48.409233165065174,110.05487600490346
149,0,19.547586317192625,139.28233729640377
149,1,97.81908415940023,178.4115454607612
149,2,37.61823818319204,5.610666304007792
149,3,55.63992692092902,3.3468925473263336
149,4,112.89305674977962,30.908936534475565
149,5,156.1505434380909,44.51548432649727
149,6,66.56493139149688,152.98187190784412
149,7,26.43513151189648,176.96508307671695
149,8,155.92393121558038,168.89225140555155
149,9,128.0143774158521,174.31966165473003
149,10,31.90645289526886,17.789501672618307
149,11,33.594695555742135,3.4067387964978044
149,12,92.30295259203399,67.05821687990958
149,13,92.922051245188,27.473824716329794
149,14,55.79059451269714,95.15228144747213
149,15,53.48325319906986,149.11943648717244
149,16,139.77453500355588,152.2637083445966
149,17,149.79221476345924,149.8527811495563
149,18,82.75272523521826,48.84179677729469
149,19,142.49506188800788,80.55226457147683
149,20,32.87271326037433,32.796633036935255
149,21,6.436891864399399,19.172903207726318
149,22,122.23838130555127,145.6829408890958
149,23,141.18844312328304,119.44011084635487
149,24,160.3408937847479,132.36841086910945
149,25,135.00504202013283,114.5474951980452
149,26,111.70412269021601,53.99199485426236
149,27,80.25195708660128,91.19242540698633
150,0,26.8770052586702,147.4040928028529
150,1,174.03517508238053,167.57639746819612
150,2,35.56512105422696,2.0506054341041633
150,3,31.793213829055865,0.15352986824321163
150,4,166.55907287797717,51.53429110996921
150,5,165.1592842475744,92.08654929249992
150,6,157.95057930444648,150.8009247473668
150,7,151.98803462259087,165.60386481746858
150,8,156.3214814199807,177.62765418355514
150,9,10.14196645647983,174.4921352198682
150,10,15.090137844005714,0.17421742340340066
150,11,111.71316173574793,2.5426462281320013
150,12,87.09957106681226,0.2090960609913409
150,13,46.421380100275286,12.41160745753085
150,14,77.810291089182,179.61668651560527
150,15,21.8654581639768,165.04574631433715
150,16,9.477447057582737,152.2361196694026
150,17,86.10057583131511,87.0497710650407
150,18,46.69984185451541,33.07849435900631
150,19,36.30793893305839,40.61269775507663
150,20,16.321598036729185,19.888290324940538
150,21,15.288796842933909,6.210498732457894
150,22,142.48931113983815,120.4162626702974
150,23,128.77596882704657,170.02560998430013
150,24,137.54029990595123,116.30499935282305
150,25,141.43721826694156,156.8906531045651
150,26,40.83165699015687,31.03587486283108
150,27,60.2375904524292,45.70327403794573
151,0,29.592718211165167,157.65479608088867
151,1,26.753036593502518,176.4482088171838
151,2,32.481800276025794,6.741101210980431
151,3,22.582013487294834,6.383212007018756
151,4,8.839331529201216,35.673089106311245
151,5,76.42068526666154,178.82414126732297
151,6,78.57942337471673,159.70217032850925
151,7,53.767558331403784,50.64313629338787
151,8,171.09991521003855,143.52016982152603
151,9,176.87290022101945,159.56303117971328
151,10,14.382276099054701,23.308478449772885
151,11,9.51528269064941,3.5875583642326627
151,12,118.34409685103134,53.308267931001225
151,13,65.11011397170262,97.04706521805956
151,14,47.27362704991399,103.3832536192259
151,15,105.37460333764798,79.3653764177078
151,16,93.40738736306196,161.36722004283536
151,17,109.25911995948735,144.7010386154408
151,18,34.110524856438374,17.146771506983605
151,19,39.61408771078971,141.3131068009054
151,20,9.905120792100718,41.96972056514634
151,21,12.081892456913817,7.857944842184247
151,22,149.09414051893646,38.24413464889196
151,23,123.80023028961213,13.98993085117957
151,24,125.71143649968656,133.27632771087931
151,25,125.44461312517633,104.3882817171561
151,26,27.191744185417267,37.260503887834005
151,27,63.681588785613144,39.80904360556889
152,0,34.23888158434074,138.33491262432779
152,1,32.273590626428245,179.68140322949336
152,2,34.74093312201631,3.9368094332636954
152,3,27.61755821710166,2.0237741068550226
152,4,40.42384971176471,29.362283592190145
152,5,129.09753870521786,79.99917640734505
152,6,121.6238730763178,154.0915242830817
152,7,111.48712291224581,36.48826198527141
152,8,162.22850898285333,151.25134596691845
152,9,174.66304866577454,171.57649210457728
152,10,15.292949950567795,32.90509657227577
152,11,3.4205042155272207,0.5829727062766804
152,12,128.27410067809137,67.17321531803748
152,13,167.66595564544494,2.439843152727957
152,14,36.43294937134083,79.92168810968677
152,15,8.913540139027855,176.97718414099538
152,16,91.89216236437937,165.45063625469834
152,17,97.41893753302652,82.84235292994089
152,18,43.39791048822097,54.43424227224199
152,19,56.636475200961414,76.55574294679312
152,20,13.03180884726743,52.63747191916339
152,21,7.519029028473247,1.7161008510870888
152,22,166.38497684584354,101.36759141600163
152,23,102.99123635690836,59.6252720118426
152,24,121.30596097651645,140.9228710268559
152,25,113.29420221426984,38.24750174930411
152,26,26.606294065952973,2.6793305316809493
152,27,51.64673989603302,21.060747524664034
153,0,5.348463501525944,10.811549903212482
153,1,23.085326113339022,170.43014739163175
153,2,22.5119727147458,15.392178751835559
153,3,19.03261397345578,6.144962916319994
153,4,151.50580153815162,47.88408895905096
153,5,114.56994866372261,165.815400048997
153,6,139.78468700015338,164.12416462337114
153,7,103.93671902817783,47.23424111642568
153,8,171.27990891037172,147.62899585692605
153,9,165.43162894791905,179.83203277033604
153,10,15.536103769069074,16.760485895167704
153,11,21.12589342952432,13.125352897776356
153,12,135.5076939783787,156.72398144855163
153,13,131.03763632897537,14.531424051201501
153,14,28.956202252552213,6.515532656280641
153,15,27.836470241500315,152.34322305102214
153,16,88.7112137485228,178.00715169754744
153,17,171.6849965974202,175.7082436019938
153,18,42.55788840538793,19.12907374517567
153,19,140.6922660668051,172.13392175481349
153,20,4.988826342822304,18.76674896631392
153,21,20.15633252648805,1.588329090161154
153,22,161.83185305187786,80.65011890102858
153,23,130.2133249766602,80.93727439773957
153,24,131.62618762327406,136.30917950635862
153,25,135.59542792696467,105.8919045736294
153,26,15.811196972411686,55.84793324425171
153,27,32.48176004812075,42.02988459088135
154,0,39.342000536664585,170.27852389564865
154,1,58.11648576811369,90.4884181201691
154,2,31.92126831813334,12.72615325474429
154,3,52.45329332537283,9.987969820711271
154,4,112.16293686420195,69.27214479290136
154,5,29.75905248110973,155.8750056207502
154,6,8.700603716267183,157.37540765378301
154,7,12.678505750651977,151.75662801585605
154,8,149.91217720428236,160.8832839469268
154,9,172.44899030381325,67.30066861411782
154,10,29.45637829102653,20.13709451430323
154,11,14.221692049652942,120.37690345910356
154,12,86.3950379371376,55.94420407545599
154,13,94.78727836366986,25.099816360888642
154,14,64.14858377183592,103.9187014102408
154,15,70.9910295866772,34.523280180007774
154,16,86.23921388255502,144.57842275329187
154,17,143.38597198536164,73.41804166372344
154,18,34.30398894573563,30.131301905986053
154,19,21.84984697291293,25.067036119387467
154,20,10.699841056794304,14.67453093059475
154,21,11.320281457877886,4.6081910065190455
154,22,122.34634481623849,160.1209384749834
154,23,128.47037803080525,25.942512336136655
154,24,125.35120964766494,122.5077789996825
154,25,116.76361220442499,105.03563195697132
154,26,106.34607650374866,31.494195752756074
154,27,28.603227988164793,11.667995677241382
155,0,5.645571395025615,140.3384701951838
155,1,29.280382363885007,160.61904894182882
155,2,13.21837521324252,0.5966887550072929
155,3,37.35340849312681,4.616281910827576
155,4,5.855652693125482,11.568966964489963
155,5,15.422973042827067,95.70753754210432
155,6,5.482927382031905,150.6687074188194
155,7,1.9250296476985316,120.07854057766235
155,8,158.60979774472483,147.57116733616894
155,9,154.7123173484864,84.62960357410977
155,10,25.85716649303138,6.744770753315491
155,11,29.398316447722443,47.81178814970792
155,12,100.81354705284787,91.01909266450082
155,13,102.00736004979632,27.87781085584805
155,14,53.32928645412075,82.23613658218372
155,15,48.59432350248126,104.31040099444398
155,16,165.73052546181782,165.83934901757192
155,17,165.40466146692873,142.88534945705
155,18,10.82248952115645,24.724141970094422
155,19,28.732658869763807,92.04948884084254
155,20,6.823644926245539,138.9209954447285
155,21,26.54142213815111,18.05614149617146
155,22,114.24009657873765,126.9421723587009
155,23,123.49183605056996,157.513052374896
155,24,81.0740496028815,177.72248836076474
155,25,122.55975267497114,79.69146949608574
155,26,47.87905100928272,13.666729614898985
155,27,31.179169316818225,40.973837403981925
156,0,26.825651664064427,139.6328088860834
156,1,57.36401080493549,127.40001800007899
156,2,47.98542191293139,4.886818298859283
156,3,37.82657932436899,0.9472281118889091
156,4,159.15705064756185,12.303835575315718
156,5,126.37571674738436,16.73940564047299
156,6,165.17050010290302,152.44097861916404
156,7,149.94841711136863,151.646161297617
156,8,169.84660759125526,172.3519492882297
156,9,151.65028196059097,40.264146339100115
156,10,7.9522898971604015,27.71770539887536
156,11,3.1952156877857414,29.358830474449686
156,12,137.60476752575136,47.68266840190553
156,13,169.58317615229723,7.484442455850086
156,14,34.44294257708821,104.5996261992191
156,15,7.221608159917011,143.15672706970022
156,16,38.386336362850116,160.51539678892192
156,17,108.97758776187678,179.63980008112017
156,18,0.0014731935303123952,42.003444323427345
156,19,47.86497005388661,49.490714237458405
156,20,0.0002202855914749492,62.80735155254455
156,21,9.639481592657583,36.8445137639555
156,22,171.80484046004386,154.92658357708245
156,23,103.15477075184089,40.77678275331394
156,24,119.77271291653283,127.3526204419037
156,25,107.78062588165682,63.79157955347706
156,26,29.486688584897323,17.908853427168605
156,27,59.00926364575676,26.922565165149535
157,0,25.38025355563932,157.61011866824077
157,1,67.21551824322844,127.47056216286884
157,2,44.11193402483584,12.36571605090029
157,3,36.4568200600342,79.31955728527
157,4,179.51299236946213,0.7134915661263357
157,5,172.93724867240527,22.70436958312406
157,6,166.5036984419802,140.2704866101814
157,7,177.37327012863165,162.74995603909807
157,8,172.90012237572793,152.27678316418383
157,9,147.29373122170696,151.96693542231526
157,10,4.808174857309813,17.642117148070543
157,11,2.839222850530286,21.372674036637243
157,12,154.5871386947984,82.64584454405225
157,13,171.8219341741214,78.88158087092357
157,14,20.604686447891787,79.71203830787721
157,15,5.338842975348325,79.74574509243917
157,16,120.60038332084218,171.89210356968618
157,17,130.99312730114994,134.7820321493783
157,18,104.8700901606974,29.598921156611883
157,19,98.34706481335377,20.659849544161
157,20,2.6039734339485205,73.39359789202028
157,21,8.718963443219863,10.575085090543531
157,22,172.61598295025578,100.02842756081003
157,23,69.07157758538051,131.2668743462529
157,24,120.95452169089705,107.70697529407727
157,25,107.07193971462513,113.75355216487532
157,26,28.750793723634647,30.60128620511783
157,27,60.978413914784795,41.18768117610807
158,0,39.61593818880185,97.76934374741099
158,1,43.49510862914578,105.81439302521255
158,2,44.02561423959758,55.330993079055474
158,3,37.51766204170991,55.418475371992216
158,4,148.95047685991864,16.97127181327357
158,5,125.22401838309776,24.77698153872068
158,6,14.448644894425321,98.99210274018641
158,7,6.79771426275158,148.57474293560253
158,8,171.57124336717885,169.2823159081262
158,9,154.46596770521296,129.88031945415673
158,10,4.7091321362391385,28.5312521106216
158,11,3.016199105495079,35.581373869643755
158,12,167.57877106113358,114.1247011248584
158,13,163.00675058952015,81.04278181862108
158,14,7.712096802627271,37.344046764519966
158,15,13.977050304984799,63.375844311735136
158,16,121.89509421093861,164.8418066103468
158,17,57.979572620709625,179.74656487615312
158,18,114.66748494605449,67.93289119304615
158,19,33.83078342042727,3.6385082116893037
158,20,7.189100224815538,84.88499552741425
158,21,6.6987227345444476,1.7282552110105316
158,22,159.518250313209,43.92862966319668
158,23,46.721975854073506,176.98102026074326
158,24,110.89337148567094,128.9797901554662
158,25,102.54006852237659,123.21189938829215
158,26,27.635922991176805,34.382217635998344
158,27,33.888278962210066,29.10562021020014
159,0,34.083761873627395,4.538536469304032
159,1,45.316688946069696,39.65360107183914
159,2,39.61217912316781,18.811623109316088
159,3,32.57089499449129,16.280239812971104
159,4,116.7523826461178,23.21302434108073
159,5,86.38404535150269,35.68528769247663
159,6,25.641938161693254,155.2987251525941
159,7,13.480140078135205,162.2499000202169
159,8,173.87580671612443,168.4172955225678
159,9,165.69968159789423,152.63674557333863
159,10,7.844176321255367,19.181406604490608
159,11,1.8920997046107222,41.769783409111106
159,12,168.6279255716451,135.81802664901252
159,13,171.7215834834578,75.16171436230489
159,14,3.5278981070995488,25.00056674649687
159,15,6.386316811931487,63.06850222858401
159,16,112.48431873119995,174.05566537903286
159,17,90.2615721330016,117.94528787739257
159,18,38.68002733376479,41.91024369907785
159,19,20.18180963004812,21.424361046559753
159,20,19.105950942128764,51.838410201339364
159,21,10.329110621693737,7.836132194858305
159,22,169.5114021114917,104.41703552691195
159,23,8.580133081455015,159.85785146930908
159,24,113.1937177886972,112.46025094631145
159,25,101.7646100606125,124.6455121643618
159,26,27.131110827027896,48.673339422047576
159,27,40.021032743827405,63.81187817348143
160,0,52.252252076350516,37.9970695879355
160,1,14.659859130120608,68.66384692883145
160,2,30.619334928268298,11.027343669099139
160,3,29.610679368024897,18.437291137447872
160,4,149.5345340324709,0.8482894359835349
160,5,140.55034987925202,1.4063638368819873
160,6,169.59554089554234,146.45440783002005
160,7,156.9396906367959,159.72919963646174
160,8,159.01976354252116,175.40412963718228
160,9,169.598029945474,143.40346052412622
160,10,1.9371563050087006,13.30025193607146
160,11,1.2456283879006538,30.66416404724211
160,12,174.5073057776819,141.3786937420526
160,13,176.39840318550657,89.32168249938567
160,14,3.555537917309405,25.321054321875895
160,15,2.3559684265927534,60.01415345337222
160,16,33.27265585919154,179.54625101306988
160,17,84.97388185892727,146.97218043714074
160,18,7.632203494060919,8.109846782533783
160,19,45.34465343103821,17.89572493038099
160,20,1.3705078689136574,161.89780108308258
160,21,8.208878638600282,10.961115400987998
160,22,161.03276138722387,59.44942328197066
160,23,83.20050671306308,177.19800726042078
160,24,129.1201801770993,133.62377223004844
160,25,116.67115321393892,116.37963519403775
160,26,30.625268635242268,31.58555977399329
160,27,155.53187794006334,36.03066277762946
161,0,19.209988429802685,131.75150229771268
161,1,14.892353751707565,111.33128064025477
161,2,25.852987872861934,19.066943546978678
161,3,19.628763170737727,65.14920572038193
161,4,102.36213828788924,51.85755368040386
161,5,97.63463797416574,51.389818693525164
161,6,169.17484105552668,164.05871179570534
161,7,152.46378185771894,142.19674450267064
161,8,169.03128169987787,142.77282183490894
161,9,167.63392752737755,125.60964640072989
161,10,13.393952170659885,40.03457361854376
161,11,0.46923748178087593,32.970669566276776
161,12,134.70922761044,113.1043419035715
161,13,178.56473284705996,57.962350790675
161,14,31.8968202189001,26.861084477884745
161,15,0.9660296711591615,89.06697964304817
161,16,86.87485608151496,145.71696491758877
161,17,119.4692031761043,147.48528810158894
161,18,26.024455031228587,5.062647810143636
161,19,33.13989822384516,111.51723905958322
161,20,6.82728224289817,3.50240349183554
161,21,9.269768921698024,17.79738282252456
161,22,148.48554993392224,128.38142919980632
161,23,144.48098347721623,112.91627476925123
161,24,127.65241325872447,115.2910576746863
161,25,131.1678015486552,72.39551527190704
161,26,60.68900527649992,21.966054324869138
161,27,121.52298193678735,62.7611871095433
162,0,31.364621393092893,141.46743167894195
162,1,141.71425841846673,100.1346745591759
162,2,26.817285861419485,25.453613105265106
162,3,34.296206313604095,68.088681468461
162,4,164.25727110485394,112.41755606946684
162,5,147.54812320503677,136.98808555865358
162,6,166.9014463274191,163.19452268857108
162,7,150.1328863443775,51.71840485823761
162,8,154.54384862997165,137.17087201825555
162,9,26.54136241182883,136.12345769100136
162,10,5.549251197883452,5.405729597969241
162,11,108.65608029177791,24.998312571162632
162,12,163.31624944775183,13.291382442882421
162,13,60.60912172126329,81.6584374774702
162,14,11.134499354364717,161.3028879591484
162,15,10.734797986958819,73.34324995136711
162,16,7.552830501183062,125.21152295455619
162,17,90.24583225452133,116.53736510753211
162,18,6.17237666886466,82.12830336398122
162,19,56.065832351554846,104.62575285536082
162,20,0.8380932072992695,17.64737002872855
162,21,11.173095751072164,3.4921014169033153
162,22,130.20682462675248,129.33662012109656
162,23,99.89601702395879,106.75693906761998
162,24,122.28948169518605,135.8052781567301
162,25,140.2216709107639,82.62201182779148
162,26,29.906326607587417,51.46219223269167
162,27,136.1591765019032,56.325368634492975
163,0,34.36723761888233,91.63429885287366
163,1,6.842664361882768,77.42677784866432
163,2,26.127982861795463,24.903397518947713
163,3,25.223347704823816,57.45348918324504
163,4,112.24160150559706,43.318688716047085
163,5,169.80902089389585,29.726741002369547
163,6,112.3426827738667,170.8131241254641
163,7,27.362403101240492,174.06647089440227
163,8,174.60393566117818,148.0691992809527
163,9,166.09130826705209,156.0983926596784
163,10,7.9199809130707886,45.991951278917156
163,11,18.8206446889966,43.840393698994944
163,12,156.53544671147873,122.73062283608519
163,13,148.75857361589246,39.11327800286787
163,14,15.544572375450473,11.27742588499763
163,15,12.420781695110962,97.04632829813715
163,16,176.98170987205,156.44489915502015
163,17,178.54121786466067,91.91501095163271
163,18,161.78429165882258,32.24725363427767
163,19,149.2846914634026,41.78539234764968
163,20,8.414717876426483,62.723675927363814
163,21,4.904258908576186,11.718636478907756
163,22,125.4854734383182,95.59612037993787
163,23,46.72501373459907,129.70249861564363
163,24,116.71891764456808,115.16788097554817
163,25,111.06049870956704,101.11452071656703
163,26,14.081224680745276,52.837707935334976
163,27,124.99968225020041,37.563247022395046
164,0,40.08709571374535,170.48803687164673
164,1,10.011735571114613,66.592280407348
164,2,21.862594618416676,40.97230482658716
164,3,27.97374094626004,9.767742992097055
164,4,96.04859470131947,75.92832808012452
164,5,142.49756931958922,152.0646911627685
164,6,124.32569844569878,163.23934463384018
164,7,42.663728120768134,164.05044169257937
164,8,166.57738125214854,60.208067935119864
164,9,170.5924609862034,105.45364655868156
164,10,4.659796487722054,115.04398294053388
164,11,0.20284787090585488,53.397217713119794
164,12,169.25614604710216,32.35434672026082
164,13,179.1967541529805,65.13169478855245
164,14,6.084057465175805,32.6016703392053
164,15,0.6003979761136496,61.471087498327734
164,16,168.24773360299992,135.18556251389415
164,17,150.55611755883524,100.50991622368461
164,18,130.25715271092233,45.01687775104248
164,19,56.00210767668206,55.5598002562608
164,20,22.213797650611436,21.050713949515377
164,21,37.04372087856272,17.78951346475056
164,22,163.30817383131702,96.48560312142993
164,23,31.936251806196147,144.67475788675392
164,24,122.7832896490687,98.773270422226
164,25,91.56425138496837,117.42264953308165
164,26,31.762871738243568,35.06608601533115
164,27,118.8937374942652,35.14288082581236
165,0,11.975495613538799,172.13369663571274
165,1,13.79648994944354,68.5057190208719
165,2,23.02175608939252,15.257856386836465
165,3,19.165996988229825,6.651754013732218
165,4,138.97202859288066,80.15106342645662
165,5,108.84100168193243,162.13620043822826
165,6,170.36040646622297,164.5040254186861
165,7,146.50611111882793,179.22706282704667
165,8,162.96093841518191,156.65642828952417
165,9,165.11892717288276,53.13397755897835
165,10,4.471191699531709,3.3855519218943755
165,11,4.549678911109832,150.43742642982403
165,12,166.85402710495782,31.73636937912662
165,13,13.364618621279755,10.923130772813687
165,14,8.674781195510484,144.87807869897895
165,15,162.08570246761045,18.639442797362303
165,16,44.3950489815226,140.6648946224446
165,17,94.23323803446446,176.2792024394053
165,18,14.294512704555514,32.746067402703844
165,19,32.46996079658707,163.63442542093526
165,20,2.7387869733354204,15.265110119278592
165,21,8.76299822734947,0.8236458230144236
165,22,149.3485765802879,34.35685135248975
165,23,114.94779117241814,147.44709223204825
165,24,128.7964600077072,104.1564708145977
165,25,140.11134838359993,101.7505370195916
165,26,39.22394805371063,20.39188968720807
165,27,44.46674854662295,8.330493234361722
166,0,26.809657585619647,121.30504112918078
166,1,162.329830249338,29.783994527245476
166,2,21.699224377262816,2.101893753401677
166,3,26.946889657818417,7.618952945038148
166,4,102.16166541770536,43.925931618098595
166,5,123.94910886970223,14.243520840092925
166,6,145.88330486526095,157.96819114226759
166,7,119.99964651938404,157.77303062885923
166,8,165.2432377308832,137.4645229316374
166,9,79.03782869306183,141.54637337761227
166,10,9.320287175327168,3.404259294191042
166,11,10.054732358113277,37.962567733898226
166,12,147.55402004043168,171.89782974260174
166,13,79.82310236337145,109.76030121989056
166,14,23.125692784241174,4.6979109632072005
166,15,90.12216527851528,32.277131046211224
166,16,108.46457817181602,155.8872662633872
166,17,70.68011001272625,161.90812440731676
166,18,29.456739818091812,7.6468583926172125
166,19,34.52151834491885,23.47793160533589
166,20,11.460066487633743,4.607133870347442
166,21,10.396603071375418,19.585944837875193
166,22,137.3636526947956,145.57551755188763
166,23,114.88119738509107,158.29011216490045
166,24,145.6792342379339,140.94153630526094
166,25,170.60306475351953,128.2553633008976
166,26,48.14605319562441,63.45369990960369
166,27,1.569628191618836,60.57728418179772
167,0,37.217565510260066,139.2644990324547
167,1,153.6318613604554,6.159339962505786
167,2,21.813751247712876,1.2888685806178124
167,3,27.530488089823177,7.665566429160315
167,4,129.30291727365739,23.990588211523576
167,5,116.59522895396665,8.613892086500423
167,6,168.3840410390225,152.51957834373385
167,7,140.72721892259776,170.28539712221945
167,8,165.12814002577935,166.25462125359954
167,9,87.72350326432698,158.37839359352637
167,10,20.03003933176936,23.537162513970625
167,11,23.61126065436152,44.41581396304336
167,12,146.5548887204042,83.5183028628581
167,13,70.35755966820808,121.35598655329939
167,14,13.415071947826483,72.94453462317128
167,15,86.0311796774304,14.228199483657264
167,16,56.79140016883118,160.72847028246534
167,17,98.31281160273902,167.21744886514094
167,18,8.543738031705741,30.62535982360049
167,19,44.36518989690274,39.13607433911045
167,20,2.173050607825148,41.87298771535338
167,21,11.88345813808281,25.053843316537886
167,22,166.44085622908835,163.64361273739283
167,23,133.7750932741623,18.154400136606043
167,24,118.96905500057457,106.28609470948324
167,25,177.53442941737578,124.20302557394339
167,26,15.315778145813583,11.809050369610068
167,27,7.9039821486661355,38.711981279420456
168,0,10.688271300314442,124.18309986002514
168,1,50.85276973865385,165.25486505839257
168,2,19.677465980339214,15.63260624691452
168,3,19.323359482482097,3.371649914220801
168,4,152.47670516413964,90.7432661600375
168,5,169.80167946965767,109.29692952465828
168,6,121.2818889604433,155.41809101502798
168,7,79.84236323851965,142.44218051846687
168,8,171.27392719164447,171.58378117818827
168,9,147.86235970475144,117.82991701475007
168,10,15.509460920369836,19.506445046826414
168,11,21.279992378669075,27.20834777434595
168,12,134.5819719283791,97.14178611592322
168,13,144.8234044482056,95.18971640374806
168,14,29.908567151251113,63.351768837250376
168,15,13.89660317312533,57.60193582190597
168,16,90.66053393243047,141.31054087836333
168,17,26.141319412910804,179.8182600064202
168,18,54.843383721632144,46.73451209920231
168,19,1.1604612374731014,158.10161540968713
168,20,10.495324076219363,18.83562371794036
168,21,0.24173271951155723,5.358675887343498
168,22,165.212610368345,133.34216425779528
168,23,53.524036475584,3.2179191328260384
168,24,123.9316896620075,128.03293796516934
168,25,124.78298870818381,98.52664334347162
168,26,40.83804260627346,34.15995482755931
168,27,14.478353084204514,11.290780198166713
169,0,1.8352085529620854,131.6575055393963
169,1,6.62608862157473,170.8776739259572
169,2,14.246854537316668,12.963196437614101
169,3,16.6048754200863,1.4440640667352638
169,4,172.02913313266325,28.539381928265357
169,5,148.6094363033316,25.414566395896962
169,6,160.46591276846857,153.4531350054666
169,7,146.89108332263876,167.94798512941927
169,8,172.0029338477539,169.21664065403797
169,9,172.5840112359339,106.78471783397877
169,10,15.944037269305717,12.769779898108148
169,11,44.54581890208256,35.61967982078888
169,12,146.06993969655076,80.73262443451078
169,13,121.02326100425996,50.88363350803781
169,14,17.986023034143535,86.4975956673811
169,15,14.430920093657493,93.49668667117332
169,16,65.4794187795973,158.41696257377416
169,17,129.06682282834416,150.15013693105297
169,18,45.98200311103839,14.891721557850845
169,19,100.2623139447937,54.26214788911005
169,20,5.597973072458654,15.265218229996902
169,21,12.136226117386482,18.63624418195637
169,22,143.7183000987836,126.09743241422001
169,23,101.55114970687828,99.54590901993323
169,24,153.69394917113362,134.9549590176175
169,25,156.05776127838752,150.96369495906208
169,26,39.60369906299921,46.44000092405347
169,27,20.47412281031592,102.90797296625783
170,0,33.83509097258344,140.09315814081003
170,1,1.8309627094131806,174.7734232347606
170,2,14.488752436454597,5.799372614183512
170,3,19.38222477275066,0.5819604899180676
170,4,171.89569078351644,38.808030563650455
170,5,37.47226257369654,43.507606629445036
170,6,133.2217085655207,159.03716969507798
170,7,47.847915959426494,172.2785496241833
170,8,150.33371346125995,179.7419223640598
170,9,178.36103918889063,158.04477360549225
170,10,19.497269089207702,14.679878839628223
170,11,21.35173312220073,0.9291925038913894
170,12,138.08887738997623,105.25861820257589
170,13,150.41544089150736,7.895729200317127
170,14,22.413853520816033,60.06150295779591
170,15,8.232825986291912,171.1750782957915
170,16,6.57758912328538,144.41033619914117
170,17,135.0945724943847,148.57070899225414
170,18,5.465508607256634,37.1803304463794
170,19,67.05559935075908,114.22871495204578
170,20,1.1317324118645133,18.450240406375443
170,21,25.06976884338147,16.241797661333408
170,22,175.1757056820421,18.154822194826455
170,23,124.87622838905116,129.44404221765552
170,24,123.65862443188144,104.55004742837997
170,25,140.49039648262084,101.6781097268738
170,26,22.755617042736727,22.837240082964488
170,27,15.443627236315184,55.208927760176664
171,0,24.171733739739366,151.54884126222828
171,1,2.607190422509539,175.97179503056006
171,2,15.450163780272492,0.13707167258404884
171,3,16.777254011864876,3.462856320345736
171,4,172.08348900062848,77.67834379840089
171,5,139.9447891081255,44.02229704357061
171,6,165.44216102572358,159.58637726638415
171,7,139.57091011156632,178.2371714480775
171,8,167.5422507193648,176.4406267313739
171,9,174.94661666221802,123.23881318299863
171,10,1.7296931992616633,17.625012716513268
171,11,17.706765361180228,25.37069557423854
171,12,175.5110589714942,83.96847604248036
171,13,152.3599297098153,73.95351967790486
171,14,2.759247829244133,78.40651124100634
171,15,9.933304929004443,80.67578474785662
171,16,23.621214839900155,134.07478877158314
171,17,131.11291894955278,168.19541198577366
171,18,19.60910436705673,39.53080211626433
171,19,102.63862372743395,124.29588309435707
171,20,2.4119591734393118,13.150904638662015
171,21,13.778619935317096,22.219516959317986
171,22,155.07403886189533,175.58250918086037
171,23,83.32625295547854,79.58189024696566
171,24,135.41013849768086,102.24260964836736
171,25,162.66117106968295,90.20835177083477
171,26,50.90134928512319,12.861954388779413
171,27,20.889203583138794,42.19128463745682
172,0,72.18771620298185,155.56469423806539
172,1,170.39063762390245,169.6466346149069
172,2,54.94172782729157,11.183815890000787
172,3,54.362712035940206,6.1184005894870435
172,4,89.39541506135791,17.32231801083976
172,5,37.145221423877445,156.263054123531
172,6,65.28980693718297,159.46256581894713
172,7,29.282852308585852,4.705294470545396
172,8,136.9845265463766,103.8816359191508
172,9,40.6881336868359,159.51511994396355
172,10,44.11978584332733,22.238086310262815
172,11,72.39596428943979,5.733926650596941
172,12,111.25206212580323,20.32596677307983
172,13,18.97015264053857,37.51534330642824
172,14,24.628152030869447,137.43594691665737
172,15,88.63388307002164,136.75073004297482
172,16,103.60497680303905,176.3881183081221
172,17,143.27181090618222,164.5441782594228
172,18,14.424657299365252,0.3409448493397715
172,19,13.182660914426444,160.2370530184854
172,20,4.225601852604654,178.930582595876
172,21,6.48770998822025,3.8707059694354866
172,22,124.63388726745097,75.53329701882878
172,23,13.392483325218768,110.09797387290087
172,24,164.19637197793543,89.00609373924851
172,25,73.9364772790264,91.28518024760689
172,26,1.2913573557789642,13.26161075176494
172,27,24.446918160358564,41.70274240055471
173,0,43.946478044477466,125.55068492036227
173,1,33.979069333828676,177.9648953659296
173,2,44.46521379794638,10.570086680461372
173,3,47.91820538536596,5.835171398144005
173,4,26.307096920618104,122.98862782423082
173,5,14.97205557539404,80.02467653419234
173,6,38.877941548955725,167.43922628434854
173,7,19.662172046015947,162.47611429599382
173,8,153.76418540367118,160.34488871917762
173,9,152.5936562470509,143.20991500989615
173,10,13.859427398371194,9.347928473722149
173,11,32.63222563369258,13.120554437982557
173,12,39.113145583522986,116.09757209199006
173,13,118.62460691567358,40.14205960710525
173,14,127.02742701810585,54.554499434287784
173,15,28.743167450633795,126.73738595491221
173,16,142.57812241272538,119.93797057928371
173,17,146.18321208196014,158.90543603490204
173,18,20.750498426320448,45.96556741653385
173,19,41.90584872381171,82.63748045151345
173,20,13.584943633606237,9.560130423652092
173,21,26.16549137199677,19.05471354192511
173,22,133.17371859648298,19.84704167906063
173,23,154.87727006523724,158.88818125905271
173,24,110.40552226452246,90.05151478607172
173,25,43.665339874632245,125.19626738730202
173,26,4.95501126885061,27.522584607161505
173,27,13.400822063388608,71.24783082338229
174,0,31.111450841192713,175.6072002764672
174,1,77.10509059391838,171.29675823618032
174,2,33.05073834192048,12.127296671069256
174,3,4.852006276718928,1.6945862065230213
174,4,64.7023145127822,24.05677705374191
174,5,35.46676321166117,106.6168919348386
174,6,55.29104354688512,162.4359780179886
174,7,54.63718612060066,92.82357722215833
174,8,147.98743686822496,168.88756326052683
174,9,92.20258857025844,174.97794474612465
174,10,13.897126460557711,7.46265764607558
174,11,64.4241992419291,11.272268255134298
174,12,100.82635849235993,22.59229661413632
174,13,61.60801912977365,80.45717197449022
174,14,65.27651504708238,149.9450457397881
174,15,53.96778162829723,88.27055977037548
174,16,134.3427681872164,179.89404541207963
174,17,151.20153983432718,146.8470326641476
174,18,26.602677524585804,2.5275680510878984
174,19,47.71637792893324,139.90438610250246
174,20,14.154015402602738,2.6553222719441756
174,21,38.279154398811045,5.859026530896847
174,22,132.45786832899628,36.221906111683616
174,23,167.0495206545372,156.71710893928378
174,24,137.84356361704891,29.97241542727166
174,25,142.87513659781106,165.99158231808877
174,26,46.70319179238558,16.814108179760137
174,27,37.9646819177664,35.00134980816933
175,0,93.04169718444133,161.8038219653831
175,1,16.027275403067225,26.632867612994577
175,2,12.233268132293059,2.1629530329540225
175,3,24.0070784861771,160.54469082438055
175,4,80.55634598385512,22.418110910930686
175,5,79.3874951972532,137.91423342904633
175,6,176.32563838892392,157.381644280615
175,7,110.44467918216834,9.316372068955712
175,8,98.91529289253347,178.05399050552876
175,9,179.321687927994,164.73945820457533
175,10,58.173327231292454,14.525293153138595
175,11,12.937404864185877,5.854698483754473
175,12,102.31916340809155,131.36400143250373
175,13,116.79046430298222,167.7510262581309
175,14,19.50750936061599,34.110705414357675
175,15,50.27213083283186,6.394275258114594
175,16,114.16506712520439,174.45180203219516
175,17,113.88178219101036,22.866445763381638
175,18,37.6140724777382,40.70754447267046
175,19,55.47116634360063,24.215661117151477
175,20,11.304555867308935,70.18869162961461
175,21,12.755652587114076,4.517995883012037
175,22,139.15351534680974,104.75728113386342
175,23,176.8288496526048,113.96412286108136
175,24,170.2233266318879,127.34937794501894
175,25,141.54022308305852,106.07316988932428
175,26,47.0974598662009,55.72864339318994
175,27,1.7623592945719389,60.68600009799792
176,0,35.620071311843425,164.68642452847243
176,1,1.578044554886737,140.88254122970577
176,2,14.257163679402566,11.494057342692054
176,3,39.73882465748513,33.14529157807299
176,4,106.47617170438589,173.02327083532256
176,5,142.7660651743807,135.713085400592
176,6,0.7261790607473525,163.74914756304645
176,7,0.4486707770043427,3.0829891564783485
176,8,146.69277173010087,168.6413077851678
176,9,152.4395535610632,167.3400248226207
176,10,31.62833735870463,0.7421362636671719
176,11,22.967983463727997,22.37057586741247
176,12,131.20275232936362,4.244089547225738
176,13,133.82291313051772,90.5625123114848
176,14,17.168910311931747,175.01377418910712
176,15,23.209103405754274,67.06691182110272
176,16,29.05078793385178,111.64417617859867
176,17,135.43224969042433,97.20358879598706
176,18,12.23607328219526,70.3012357115172
176,19,113.51709528922524,58.25814906183399
176,20,1.0473309777315762,26.238592633396188
176,21,4.768920636263692,11.477017983650386
176,22,72.76398843786563,156.74968029353022
176,23,164.7729666885102,161.21534226579809
176,24,43.692528248953465,152.30404807549778
176,25,120.53582971759013,73.37429657980202
176,26,19.44207391397975,70.39126111816337
176,27,13.46434905935944,39.876135218406546
177,0,53.5857786006941,171.8422273726584
177,1,32.98860576674978,152.0394044589106
177,2,54.06582812490629,5.3241358652590005
177,3,53.09298041474962,19.052750563691735
177,4,43.217104211665855,29.346768145342985
177,5,26.014849262090248,157.3059301725031
177,6,76.3543899920322,157.19772836822796
177,7,38.252244594092076,34.582630261372046
177,8,159.07773047335547,160.11714086788186
177,9,69.49977992141515,169.8494665690145
177,10,73.10619497524881,9.291005641630457
177,11,82.9004627753505,21.235509910838744
177,12,66.93646567326496,127.04991489034842
177,13,4.377849480911573,94.81740355661735
177,14,39.95733935148624,43.65907946802111
177,15,92.72168774373793,63.94708653254389
177,16,128.58509677481703,170.903359683051
177,17,149.21521573037356,104.0087421795358
177,18,18.15111265269345,4.600587709907259
177,19,53.84754167199283,100.79677382681179
177,20,7.623914032599047,17.12907848817916
177,21,26.512226491490456,3.347458871377375
177,22,169.99492808948364,54.03841303564487
177,23,27.943169003649075,151.99729883265206
177,24,150.6174764285929,87.65860668202936
177,25,114.00428414627694,133.3814723121269
177,26,45.061784416266875,39.36489813634453
177,27,25.449193344662422,8.622997723418985
178,0,78.2983227368037,119.3499276422054
178,1,175.24938132915173,155.36255304630345
178,2,50.91499658351493,12.37597997112947
178,3,46.4976174958547,14.455599498645677
178,4,27.145031006269903,1.4569297097174785
178,5,22.892557739126392,145.25913241379175
178,6,77.44815692661076,149.0208649597515
178,7,32.91461623615437,47.79564564437418
178,8,163.6504396149968,151.1201546701887
178,9,63.15458420514614,146.74940670236808
178,10,58.05230036381983,0.8845397086404884
178,11,31.167655452101165,5.446916741570533
178,12,77.37169292752533,174.9874302515749
178,13,8.804520432676027,119.10035784542505
178,14,44.57600670865484,4.1280300397846235
178,15,140.0278241152228,55.45272541300443
178,16,140.61102331306074,174.88743089817555
178,17,143.8861727859251,175.11781022473883
178,18,35.39615470142299,4.41462518229181
178,19,67.9431438379396,176.69855461390287
178,20,21.27526093042743,173.41817087184802
178,21,22.350302892539872,0.6830924045003701
178,22,174.762821236495,6.941056474624484
178,23,98.22309900682711,155.64966185731961
178,24,127.65283267431306,128.9952554996703
178,25,145.1856521271311,25.316782257935927
178,26,17.102091726183282,1.3091903984026405
178,27,29.65379388076228,2.745693950101375
179,0,61.623846014446755,127.82413183906804
179,1,10.252117161817777,126.81082392818608
179,2,43.71838367650238,5.142801375659402
179,3,32.31684283861443,19.528470570775028
179,4,41.378149531173584,12.446755216366515
179,5,7.541503692684618,44.00355834317091
179,6,24.111592887495235,156.53032144521686
179,7,20.018622292794838,174.7065983840456
179,8,123.40173638136085,21.990863229512854
179,9,167.4002849955239,32.30527563510548
179,10,147.314968005265,13.456550477490808
179,11,2.8709312285759094,139.7466937955271
179,12,27.06741685743368,80.36702960145402
179,13,176.14631198353663,7.283732537172586
179,14,5.617615137301336,86.17641992105524
179,15,0.9827567878874607,32.969573667300324
179,16,164.19698451272265,172.12991886658634
179,17,177.65143286515593,82.69385082308479
179,18,72.07103635780952,37.25782058070378
179,19,34.111587188676616,42.88132744794459
179,20,46.3221228193533,101.71964182458413
179,21,126.11311458470222,6.453555193322985
179,22,128.18895254083552,118.04830317476592
179,23,129.28866671311954,80.41192373806473
179,24,109.31201123609392,136.570806550623
179,25,120.59014497048261,11.469114270774163
179,26,61.66977630399773,4.184005386123464
179,27,53.80741909762994,47.68813075965846
